	Conclusion	Stance	Premise	Achievement	Benevolence	Conformity	Hedonism	Power	Security	Self-direction	Stimulation	Tradition	Universalism	Score
3424	We should legalize prostitution	in favor of	the legalization of prostitution would allow the people involved to be much safer since they would be able to rely on the protection of the police	0	0	0	0	0	1	0	0	0	0	3.5
1681	We should ban human cloning	against	human cloning could help humanity by creating being with similar organ types that could be donated to the sick	0	1	0	0	0	1	1	0	0	0	3.0
189	We should adopt an austerity regime	in favor of	an austerity regime would eliminate the national debt by directing money to where it really needs to go.	0	1	0	0	1	1	0	0	0	0	3.0
6222	Intelligence tests bring more harm than good	in favor of	they can lead to a feeling of insecurity	0	0	0	0	0	1	0	0	0	0	3.5
4655	Social media is making us less social	against	During the covid pandemic time, social media helped people in maintaining their social life.Social media made it possible to stay connected with friends and loved ones all the time. We can easily know what is happening in their lives. It allowed us to communicate with multiple people at the same time by sharing posts.	0	1	0	1	0	1	0	1	0	0	3.0
2031	We should abandon the use of school uniform	in favor of	the school uniform gives no individuality to students	0	0	0	0	0	0	1	0	0	0	3.0
4656	Social media is making us less social	against	Due to social media, now we have the opportunity to connect with many people, even if they do not live in our area. Before social media, we could interact with people from either our locality or the places we go.	0	1	0	1	0	1	0	0	0	0	3.0
2994	We should oppose collectivism	in favor of	as individuals we have a right to not be grouped into one thought process.	0	0	0	0	0	0	1	0	0	0	3.0
1263	We should ban the use of child actors	in favor of	child actors grow up to be disfunctional adults because they are missing out on all of the social interaction children need with each other to learn the process of interaction with people their own age.	0	1	0	0	0	1	0	0	0	0	3.5
783	We should legalize sex selection	in favor of	sex selection should be allowed to those who want a certain gender.	0	1	0	0	1	0	1	0	0	0	3.0
6669	We should abandon television	in favor of	Television is harmful to health and family relationships, so we must abandon it	0	1	0	0	0	1	0	0	0	0	3.5
4425	We should ban telemarketing	in favor of	telemarketers exist only to scam people out of their money. they lie and use dishonest marketing tactics to get consumers to bend to their will.	0	1	0	0	1	1	1	0	0	0	3.0
2646	We should ban cosmetic surgery	in favor of	we should ban cosmetic surgery because the patients might get cancer when it is done over and over again	0	1	0	0	0	1	0	0	0	0	3.5
3101	We should subsidize Wikipedia	against	we should not subsidize wikipedia because the government should spend the money for more useful things	0	0	0	0	1	1	1	0	0	0	3.0
4356	We should abolish safe spaces	against	we should not abolish safe spaces because they help many people	0	1	0	0	0	0	0	0	0	0	5.0
3306	We should adopt a multi-party system	against	a multiparty system would be too decentralized	0	0	0	0	1	1	0	0	0	0	3.0
5051	The EU should synchronize national elections 	in favor of	Synchronizing national elections would allow European citizens to engage in major pan-European campaigns.	0	0	0	0	1	0	0	0	0	0	3.0
3490	We should abolish capital punishment	against	capital punishment is good at keeping dangerous criminals off of the streets.	0	0	0	0	0	1	0	0	0	0	3.5
4633	Artificial intelligence brings more harm than good	in favor of	After a daily 10-hour shift from Monday to Friday most of us prefer to stay at home on the holidays. We surround ourselves with laptops, TV, and mobile and use them in cycles for Netflix, sports, social media, etc. (thinking that we are relaxing) rather than going out. We prefer and are more comfortable with online chatting instead of talking to people for real. There are fewer meaningful relationships nowadays because of all the above factors. We have started preferring isolation.	0	1	0	1	0	1	1	0	0	0	3.0
2742	We should oppose collectivism	against	collectivism is necessary for people to help one another and endure.	0	1	0	0	0	0	0	0	0	0	5.0
2492	We should abolish safe spaces	against	people with mental illnesses should have a safe place to get away from potential triggers.	0	1	0	0	0	1	0	0	0	0	3.5
6004	Homeopathy brings more harm than good	against	homeopathy is better than the alternative prescribed medications that have serious side effects.	0	0	0	0	0	1	1	0	0	0	3.0
6821	Foster care brings more harm than good	against	foster care gives children a safer place to go than with abusive family members.	0	0	0	0	0	1	0	0	0	0	3.5
2345	We should ban human cloning	against	human cloning can aid in research for medical issues as well as preserving the continuation of humankind.	0	1	0	0	1	1	0	0	0	0	3.0
1977	We should stop the development of autonomous cars	in favor of	they will lead to more deaths on the roads	0	0	0	0	0	1	0	0	0	0	3.5
6328	Foster care brings more harm than good	against	foster care can help the child find the loving home they need	0	1	0	0	0	1	0	0	0	0	3.5
2752	We should ban fast food	against	fast food is necessary in our modern world and help people have a cheap meal	0	0	0	0	0	1	0	0	0	0	3.5
6125	Holocaust denial should be a criminal offence	against	while i believe that holocaust denial is about fostering antisemitism today. i still think that type of speech as long as it's not a direct call to action should be protected, even if it is detestable.	0	0	0	0	0	0	1	0	0	0	3.0
2182	We should abandon the use of school uniform	in favor of	mandatory uniform policies denying parents rights to raise children without government intervention	0	0	0	0	0	0	1	0	0	0	3.0
7315	We should restrict minors from playing online games.	against	Ban them from playing games and they may indulge in short videos on Douyin.	0	0	0	0	0	0	1	0	0	0	3.0
3393	We should stop the development of autonomous cars	in favor of	automated cars will displace a lot of people working today and a lot of people will need to be retrained for other jobs. (if they exist.)	0	0	0	0	1	1	0	0	0	0	3.0
535	We should subsidize space exploration	against	space exploration doesn't have any immediate benefits for the general public	0	1	0	0	0	1	0	0	0	0	3.5
2457	We should ban the use of child actors	in favor of	we should ban the use of child actors because it strips them of childhood, let them be children and play and mess around	0	0	0	1	0	0	1	0	0	0	3.0
3801	We should introduce compulsory voting	against	people have self ownership and can choose to not vote	0	0	0	0	0	0	1	0	0	0	3.0
5617	We should abandon television	in favor of	television should be abandoned because of all the violence, crime, and sex that's on them now	0	0	0	0	0	0	1	0	0	0	3.0
382	We should adopt an austerity regime	in favor of	It would help people spend less money, which would be good for the economy.	0	0	0	0	1	1	0	0	0	0	3.0
6795	Foster care brings more harm than good	in favor of	being placed with strangers can be traumatic	0	0	0	0	0	1	0	0	0	0	3.5
3848	We should legalize organ trade	in favor of	we should legalise organ trade because it could save so many lives.	0	0	0	0	0	1	0	0	0	0	3.5
375	We should adopt libertarianism	in favor of	libertarianism removes the big brother tyranny of big government and allows more freedom for the people	0	0	0	0	1	1	1	0	0	0	3.0
4779	Censorship of movies is an outdated concept	in favor of	Censorship causes imposition of majoritarian ideals on others.	0	0	0	0	0	0	1	0	0	0	3.0
198	We should ban human cloning	against	though it may sound awful, human cloning can provide perfect matches for organ transplants and prolong the lives of people.	0	1	0	0	0	1	0	0	0	0	3.5
3979	We should legalize prostitution	in favor of	a man or woman has the right to do what they wish with their body, and if they choose to sell it for sex, the government should not interfere.	0	0	0	0	0	0	1	0	0	0	3.0
6033	Surrogacy should be banned	against	surrogacy is the only way some people can have children	0	1	0	0	0	0	0	0	0	0	5.0
559	We should subsidize space exploration	against	Space travel has health dangers. Astronauts and space tourists face risks from radiation, which can cause illness and injure organs.	0	0	0	0	0	1	0	0	0	0	3.5
2818	We should legalize cannabis	in favor of	legal marijuana can add millions of dollars in federal taxes paid by cannabis businesses	0	0	0	0	1	1	0	0	0	0	3.0
1740	We should ban missionary work	against	missionary work can provide assistance to people who need it.	0	1	0	0	0	1	0	0	0	0	3.5
3620	We should end the use of economic sanctions	in favor of	ending these sanctions will boost the target country's economy	0	0	0	0	1	1	0	0	0	0	3.0
6514	Homeopathy brings more harm than good	in favor of	to rely on what is mostly water to bring health benefits is not benefiting anyone except the seller of the homeopathic 'medicine'.	0	1	0	0	0	1	0	0	0	0	3.5
6537	Assisted suicide should be a criminal offence	against	people should have the right to decide how and when they want to die, particularly if they are suffering from a terminal illness	0	0	0	0	0	0	1	1	0	0	3.0
6464	Social media brings more harm than good	in favor of	social media causes people to feel sad about their own lives.	0	0	0	1	0	1	0	0	0	0	3.0
3057	We should oppose collectivism	against	We should support collectivism because it encourages people to take responsibility for their community, which eases the burden on the state.	0	1	0	0	0	1	0	0	0	0	3.5
1521	We should adopt libertarianism	in favor of	libertarianism maximizes personal freedom and frees people from the inherent debt and tyranny of big government.	0	0	0	0	0	1	1	0	0	0	3.0
1073	We should ban algorithmic trading	in favor of	algorithmic trading can cause rapid fluctuations in the stock market that are far beyond human control and no safeguards are implemented to stop them as well as giving unfair advantage to large-scale traders.	0	1	0	0	1	1	0	0	0	0	3.0
2700	We should ban cosmetic surgery for minors	against	parents of minors should be the people making the determination as they know the needs of their own children over government enforcing bans that impede on such.	0	1	0	0	0	0	1	0	0	0	3.0
4944	Asylum seekers should only be able to file asylum applications from their home or neighboring country.	in favor of	If asylum applications are filed from abroad the costs for EU taxpayers to handle asylum seekers are reduced. 	0	0	0	0	0	1	0	0	0	0	3.5
5564	Foster care brings more harm than good	against	foster care provides temporary shelter for children who would otherwise be on the streets.	0	1	0	0	0	1	0	0	0	0	3.5
1976	We should subsidize student loans	in favor of	Student loan costs are becoming outrageous putting people in debt for life.	0	0	0	0	0	1	0	0	0	0	3.5
5455	The vow of celibacy should be abandoned	in favor of	clergy should have the option to marry and have a family like everyone else	0	1	0	1	0	0	1	1	0	0	3.0
3726	We should ban cosmetic surgery	in favor of	cosmetic surgery can cause medical problems in the long run	0	0	0	0	0	1	0	0	0	0	3.5
397	We should subsidize student loans	in favor of	too many students have defaulted on loans or are paying them for many years.  by subsidizing these students we can assist in stopping this.	0	0	0	0	0	1	0	0	0	0	3.5
6877	We should abandon television	in favor of	too many people sit in front of the television instead of doing physical activity, which is a factor in the increase of obesity	0	0	0	0	0	1	0	0	0	0	3.5
4593	India should store the data within the territorial boundaries of the country	in favor of	While investigating crimes, there will be a need to access the payment data. If the data is stored abroad, it is very difficult to take permission from that country for access to the data. This causes delays in solving crimes. If the data is stored here within our country, this problem will be avoided.	0	0	0	0	0	1	1	0	0	0	3.0
219	We should legalize cannabis	in favor of	as a non-addictive natural substance that is less harmful than currently legal ones such as tobacco and alcohol, it seems that cannabis is still illegal simply due to old prejudices.	0	0	0	1	0	0	1	1	0	0	3.0
2329	We should legalize sex selection	in favor of	we should be able to choose the sex we wish to have.	0	0	0	0	0	0	1	0	0	0	3.0
4220	We should ban missionary work	against	missionaries are just trying to spread positivity into the world.	0	0	0	1	0	0	0	0	0	0	3.0
2647	We should legalize prostitution	in favor of	legitimate prostitutes as in those not forced into the trade are hurting no one and simply providing pleasure at a cost.  pleasure that some people can't get obtain any other way.	0	1	0	1	1	1	1	1	0	0	3.0
5621	Surrogacy should be banned	against	having a child that is genetically connected to you is very important to many people	0	1	0	0	0	1	1	1	0	0	3.0
7302	We should ban the trading of virtual currencies.	against	The trading of virtual currency is secretly named, so as to ensure the privacy protection of his own information content and data information, prevent the leakage of his own data, and improve the safety factor of the system software.	0	0	0	0	0	0	1	0	0	0	3.0
5822	Surrogacy should be banned	against	surrogacy is the answer to prayers for many couples who cannot have their own child, the gift of a baby by the surrogate is the ultimate gift, the chance of a family.	0	1	0	0	0	0	0	0	0	0	5.0
6124	Homeschooling should be banned	in favor of	home-schooled children aren't socialized properly and may have difficulty adapting to the general populace	0	0	0	0	0	1	0	0	0	0	3.5
2406	We should abolish the Olympic Games	in favor of	the olympic games have become prohibitively expensive to host. it is not worth spending billions for an event that is two weeks long.	0	0	0	0	1	1	0	0	0	0	3.0
2291	We should ban fast food	in favor of	Fast food is leading to a major increase in obesity and other health issues in the U.S.	0	0	0	0	0	1	0	0	0	0	3.5
330	We should abandon the use of school uniform	in favor of	we should abandon the use of school uniform because people need to be free to express their thoughts on clothing	0	0	0	0	0	0	1	0	0	0	3.0
5665	We should abandon television	in favor of	we should abandon television because it can cause a screen addiction	0	0	0	0	0	1	0	1	0	0	3.0
88	We should ban fast food	against	fast food is sometimes the only way poor people can feed their families cheaply. if you ban it then you are taking away someone's only meal.	0	1	0	0	0	1	0	0	0	0	3.5
502	We should abolish the Olympic Games	in favor of	it costs too much to build for the games and never use those buildings again	0	1	0	0	0	1	0	0	0	0	3.5
4403	We should ban cosmetic surgery	against	cosmetic surgery is a choice between a doctor and a patient, and laws should not be made that infringe on those choices.	0	0	0	0	0	0	1	0	0	0	3.0
272	We should ban cosmetic surgery	against	Cosmetic surgery is important to repair damaged skin or member of people involved in an accident. This will help them regain confidence and live their life fully	0	1	0	1	0	1	0	0	0	0	3.0
3984	We should oppose collectivism	in favor of	individuals needs are more important than the group	0	0	0	0	0	1	1	0	0	0	3.0
6724	Foster care brings more harm than good	in favor of	foster care damages a child growing up.   not having the love from the birth mother and father will cause a child to grow up depressed.	0	1	0	0	0	1	0	0	0	0	3.5
6655	We should abandon television	against	we should not abandon television because it is a form of entertainment for a lot of people and the only form of entertainment for many people that are in hospitals	0	0	0	1	0	0	1	1	0	0	3.0
2404	We should cancel pride parades	in favor of	pride parades send the wrong message to young  children.	0	1	0	0	0	0	0	0	0	0	5.0
6864	Social media brings more harm than good	against	it helps to connect people and create relationships	0	0	0	1	0	1	0	0	0	0	3.0
1344	We should stop the development of autonomous cars	in favor of	we should stop the development of autonomous cars because they are too dangerous and unreliable until further safety measures and advancements have been made.	0	1	0	0	0	1	0	0	0	0	3.5
1975	We should adopt an austerity regime	in favor of	to being a country back to a good financial position, austerity is often the only way forward to balance the books.	0	0	0	0	1	1	0	0	0	0	3.0
6009	Surrogacy should be banned	against	when a couple are not blessed with the ability to have their own children surrogacy provides this joy therefore it should not be banned.	0	1	0	1	0	0	1	1	0	0	3.0
3067	We should ban private military companies	against	private military companies protect assests and officials in war torn areas. they're needed. they don't take money from the tax payers to accomplish their missions and act only defensively.	0	1	0	0	0	1	0	0	0	0	3.5
1439	We should adopt a multi-party system	against	multiple parties will just confuse people and cause more divisiveness in society	0	0	0	0	0	1	0	0	0	0	3.5
4751	WikiLeaks is not a bane	against	Leakage of sensitive government information.	0	1	0	0	0	1	1	0	0	0	3.0
5947	We should abandon television	against	television is entertaining and relaxes the population	0	1	0	1	0	0	1	0	0	0	3.0
5616	Holocaust denial should be a criminal offence	against	while it is terrible to deny what happened during the holocaust everyone is entitled to their opinions.	0	0	0	0	0	0	1	0	0	0	3.0
233	We should ban the Church of Scientology	in favor of	the church of scientology encourages the isolation of it's members. this may lead to some members essentially being help against their will.	0	1	0	0	0	1	1	0	0	0	3.0
3669	We should introduce compulsory voting	against	people should be given a choice whether they would like to vote or not, it would be undemocratic to not give the people a choice.	0	0	0	0	0	0	1	0	0	0	3.0
6306	Surrogacy should be banned	in favor of	children born from surrogacy don't have the attachment to the non-birth mother that they would have with their birth mother	0	1	0	0	0	1	0	0	0	0	3.5
3493	We should subsidize space exploration	against	we shouldn't subsidize space exploration because it can be very costly	0	0	0	0	1	1	0	0	0	0	3.0
3077	We should ban factory farming	against	factory farming is needed in our times in order to provide ample food for everyone	0	1	0	0	0	1	0	0	0	0	3.5
6884	Payday loans should be banned	against	for some people, a payday loan is all that keeps them from losing it all.  we cannot remove this vital lifeline.	0	0	0	0	1	1	0	0	0	0	3.0
544	We should subsidize journalism	against	we should not subsidize journalism because it is a poor use of public money when things like healthcare and education are short of funding	0	1	0	0	1	1	0	0	0	0	3.0
3858	We should abolish the Olympic Games	against	it makes income for the local communities	0	0	0	0	1	1	0	0	0	0	3.0
618	We should ban fast food	against	fast food shouldn't be banned because it helps people save times	0	1	0	0	0	1	0	0	0	0	3.5
253	We should adopt a zero-tolerance policy in schools	against	the zero-tolerance policy is not a good thing at all , kids getting punished for their actions and humiliated in front of a audience is really not the great thing to do.	0	1	0	0	0	0	1	0	0	0	3.0
5710	The vow of celibacy should be abandoned	in favor of	normal men and women need the ability to respond to their sexual needs.	0	1	0	1	0	1	0	0	0	0	3.0
4421	We should abolish capital punishment	in favor of	The death penalty leaves everyone involved in the criminal justice system with residual guilt and trauma over sending someone to their death.	0	1	0	0	0	1	0	0	0	0	3.5
635	We should end mandatory retirement	in favor of	As people continue to have children later and later, mandatory retirement prevents people from being able to provide for their family and dependents.	0	1	0	0	0	1	0	0	0	0	3.5
259	We should stop the development of autonomous cars	against	autonomous cars can make trips more relaxing and help the traveler arrive refreshed and happy.  it can also eliminate road rage.	0	1	0	1	0	1	0	1	0	0	3.0
408	We should ban factory farming	against	factory farming has allowed the prices of food to drop drastically.	0	0	0	0	1	1	0	0	0	0	3.0
4456	We should subsidize student loans	against	higher education is not an inherent right. if someone wants to go to college, they should pay for it. the burden shouldn't simply be put on taxpayers instead.	0	1	0	0	0	1	1	0	0	0	3.0
5791	We should abandon television	against	television provides entertainment for all ages and can be very enjoyable.	0	0	0	1	0	1	1	1	0	0	3.0
1835	We should abandon the use of school uniform	in favor of	school uniforms stifle the ability of kids to be creative in how they dress and express themselves.	0	0	0	1	0	0	1	1	0	0	3.0
6987	Adultery should be criminalized	against	Families will be broke if one of the parent sends the other one to jail. It creates a lot of mental trauma to the children involved.	0	1	0	0	0	1	0	0	0	0	3.5
2869	We should subsidize student loans	against	the public should not pay for other peoples lifestyle choices	0	1	0	0	0	1	1	0	0	0	3.0
890	We should subsidize journalism	in favor of	keeping journalist in work helps the nation keep up with the news	0	0	0	0	0	1	1	0	0	0	3.0
5541	Surrogacy should be banned	against	surrogacy can help lgbt couple have children.	0	1	0	0	0	0	0	0	0	0	5.0
5666	Social media brings more harm than good	against	social media gives it users a place to seek support when in need whether emotional or financially, things that would be more difficult if not impossible to do outside of their home.	0	1	0	0	0	1	1	0	0	0	3.0
6770	Blockade of the Gaza Strip should be ended	against	The blockade of the Gaza Strip is necessary for the safety of the Israeli people.	0	0	0	0	0	1	0	0	0	0	3.5
2093	We should ban missionary work	against	we should continue to support missionary work as they do so much good for underdeveloped countries by bring goods, medicine and skills to the people of these countries.	0	1	0	0	0	1	0	0	0	0	3.5
3553	We should abolish the right to keep and bear arms	against	the right to keep and bear arms is fundamental to our freedom.  we give that right up and we are prisoners to the government.	0	1	0	0	1	1	1	0	0	0	3.0
2783	We should ban fast food	in favor of	fast food should be banned because it is nutritionally lacking in many essential nutrients, plus it provides substances that are totally unhealthy to the human diet, such as excess fat and sugar.	0	0	0	0	0	1	0	0	0	0	3.5
2765	We should legalize organ trade	in favor of	we should legalize organ trade because people would benefit by having a better life	0	1	0	0	0	1	0	0	0	0	3.5
3946	We should legalize organ trade	in favor of	organ trade facilitates better health for those who can afford it and better financial outcomes for thouse who provide the organs, hence it should be legalized.	0	0	0	0	0	1	0	0	0	0	3.5
6100	Homeopathy brings more harm than good	in favor of	as homeopathy is unregulated, it can be dangerous because nobody really knows the quality, safety or efficacy of the products that are on sale.	0	0	0	0	0	1	0	0	0	0	3.5
5582	Payday loans should be banned	in favor of	these companies take advantage of needy people with outrageous fees.	0	0	0	0	0	1	0	0	0	0	3.5
4014	We should legalize organ trade	in favor of	Anyone who wants to sell an organ would be made fully aware of the risks involved, in which case they should be allowed to make that choice.	0	1	0	0	0	1	1	0	0	0	3.0
6759	Holocaust denial should be a criminal offence	against	everyone is entitled to the right to believe or disbelieve the  holocaust.	0	0	0	0	0	0	1	0	0	0	3.0
6294	Payday loans should be banned	against	payday loans should not be banned because it can help out in emergency situations	0	1	0	0	0	1	0	0	0	0	3.5
2663	We should adopt libertarianism	against	Libertarianism would lead to crumbling infrastructure without taxes to fund the government.	0	0	0	0	1	1	0	0	0	0	3.0
4568	We should encourage people to take part in Fit India Movement	in favor of	Some parents put too much stress on children to study. They send their children to tuition after school or just make them sit to do homework forgetting the importance of free time to play. This movement has the potential to change their minds and as a result, they may encourage their children to go out and play.	0	1	0	1	0	1	1	1	0	0	3.0
2971	We should ban algorithmic trading	in favor of	algorithms can be hacked and therefore the data isn't safe, and should therefore be banned.	0	1	0	0	0	1	0	0	0	0	3.5
2805	We should ban telemarketing	against	telemarketing provides jobs. the economy is already unstable and lacking jobs. what are these people supposed to do if their job is banned? no one forces you to talk to them. just hang up.	0	1	0	0	1	1	0	0	0	0	3.0
5513	The vow of celibacy should be abandoned	in favor of	with the sexual revolution, the vow of celibacy is outdated and has little value in today's society.	0	0	0	1	0	0	1	1	0	0	3.0
4871	The European Union should support and integrate immigrant people to ensure that they live with dignity and equality with all European citizens	in favor of	As EU citizens we should never forget how privileged we are, and that we bear a human obligation to help others in need. 	0	1	0	0	0	0	0	0	0	0	5.0
2484	We should subsidize embryonic stem cell research	in favor of	embryonic stem cell research is important in finding cures.	0	1	0	0	0	0	1	0	0	0	3.0
1899	We should ban cosmetic surgery	in favor of	some cosmetic surgery can cause infections and produce results that can disfigure a person forever.	0	1	0	0	0	1	0	0	0	0	3.5
5591	Homeopathy brings more harm than good	in favor of	people using a homeopathic approach to treatment can accidentally end up overdosing on their herbal treatment and making themselves more sick.	0	0	0	0	1	0	0	0	0	0	3.0
5522	Homeopathy brings more harm than good	in favor of	homeopathy is unproven and can be harmful	0	1	0	0	0	1	0	0	0	0	3.5
1460	We should abolish the Olympic Games	in favor of	we should abolish the olympic games because the pressure placed on athletes can cause mental health issues	0	1	0	0	0	1	0	0	0	0	3.5
4723	We can rely on Cryptocurrencies like Bitcoins	against	If value of standard currency falls, we can still afford to live in our country, because the fall of currency value impacts all fields. For example, if the prices of groceries rise, so does our salaries. But if the value of cryptocurrencies like bitcoin falls, we will loose our hard earned money.	0	0	0	0	1	1	0	0	0	0	3.0
5079	The EU should develop a European Youth Platform for mental health	in favor of	Such a platform if it provides youngsters with free or at least affordable mental-health assistance, will help them finally able to overcome our society’s barriers to taking care of our mental health and emotional well-being. 	0	0	0	0	0	1	0	0	0	0	3.5
6364	The use of public defenders should be mandatory	against	the use of public defenders shouldn't be mandatory because people should be able to pick their lawyers not have one forced on them	0	0	0	0	0	0	1	0	0	0	3.0
4500	We should stop the development of autonomous cars	in favor of	the technology in autonomous cars is unproven and still unsafe, it has already resulted in multiple deaths. automatic cars should be banned from public roads immediately to stop further casualities.	0	0	0	0	0	1	0	0	0	0	3.5
5615	Surrogacy should be banned	against	women that are capable of giving birth can help those women who are not	0	1	0	0	0	0	0	0	0	0	5.0
5388	Surrogacy should be banned	in favor of	a woman giving birth to someone else's child will cause that child to grow up and not understand who their mother is.   it can lead to major depression and a very unhealthy lifestyle.	0	0	0	0	0	1	0	0	0	0	3.5
6149	Payday loans should be banned	against	payday loans are a life saver for many people who need to make that bill payment on time.	0	1	0	0	0	1	0	0	0	0	3.5
6223	Surrogacy should be banned	against	surrogacy is a beautiful process where women are willing, they choose to participate so let them.	0	1	0	0	0	0	1	0	0	0	3.0
4460	We should ban fast food	against	people have the right to eat anything they would like.	0	0	0	1	0	0	1	0	0	0	3.0
1751	We should legalize organ trade	in favor of	legalizing organ trade would make it safer by moving it out of the hands of unscrupulous people operating in the black market.	0	1	0	0	0	1	0	0	0	0	3.5
1142	We should subsidize student loans	against	we should not pay for other peoples life style choices	0	1	0	0	0	1	0	0	0	0	3.5
938	We should abolish the Olympic Games	in favor of	they are boring and cost too much money	0	0	0	1	1	1	0	1	0	0	3.0
2390	We should legalize sex selection	in favor of	we should legalize sex selection as it is a parents right to choose and many families may want a girl after many boys and so sex selection will help ensure a wanted pregnancy.	0	1	0	0	1	0	1	0	0	0	3.0
724	We should legalize organ trade	in favor of	organ trade between consenting parties should be an option as it can reduce wait times.	0	1	0	0	0	1	0	0	0	0	3.5
6579	The use of public defenders should be mandatory	against	the use of public defenders should not be mandatory because a person should have the right to pay within their means any representative they wish.	0	1	0	0	1	0	1	0	0	0	3.0
5917	Foster care brings more harm than good	against	foster care families become a dynamic support system to children and a safe and stable home where love for a child is demonstrated	0	1	0	0	0	1	0	0	0	0	3.5
2856	We should abandon the use of school uniform	in favor of	the school uniform does not allow for the uniqueness and expression of the individual	0	0	0	0	0	0	1	1	0	0	3.0
4405	We should ban algorithmic trading	in favor of	we should ban algorithmic trading because trading on such a large scale across many markets can increase the financial risk and has been blamed for market crashes.	0	0	0	0	0	1	0	0	0	0	3.5
2598	We should adopt an austerity regime	against	an austerity regime promotes the continuation and growth of a country's debt which allows dependence on others instead of addressing and repairing issues of a particular country preventing self-growth.	0	0	0	0	1	1	1	0	0	0	3.0
4463	We should ban fast food	against	Fast food provides a cheap and consistent meal for many people who see it as an occasional meal or treat and this should not be restricted because others cannot make good dietary choices.	0	0	0	1	0	1	1	0	0	0	3.0
3235	We should subsidize space exploration	against	space exploration need only be done by the private sector.	0	1	0	0	0	0	0	0	0	0	5.0
7073	We should improve migration policies 	in favor of	The only meaningful immigration is when there is a member country with a specific vacancy. That member will also be responsible for the integration (at a cost of Euro 167,000). The EU has only to administer the paperwork and supervise if matters spin out of control. 	0	1	0	0	1	0	0	1	0	0	3.0
2165	We should adopt an austerity regime	against	austerity regimes can cause widespread unemployment	0	0	0	0	1	1	0	0	0	0	3.0
5500	We should abandon television	in favor of	television causes eye problems due to watching a screen	0	0	0	0	0	1	0	0	0	0	3.5
4766	Uniforms should be mandatory in schools	in favor of	It reduces financial burden, because there is no need to buy many clothes.	0	0	0	0	0	1	0	0	0	0	3.5
886	We should legalize organ trade	against	people would sell organs because to them money is more important than health, putting them at risk.	0	1	0	0	1	0	1	0	0	0	3.0
1249	We should ban targeted killing	against	sometimes we need to eliminate threats from afar and not risk putting people in more danger so target killing is necessary.	0	0	0	0	0	1	0	0	0	0	3.5
6575	Payday loans should be banned	against	payday loans shouldn't be banned for our well with society	0	0	0	0	0	1	1	0	0	0	3.0
669	We should stop the development of autonomous cars	against	autonomous cars reduce the risk of human error, thus leading to safer roads.	0	0	0	0	0	1	0	0	0	0	3.5
1016	We should adopt libertarianism	in favor of	libertarianism disavows government control and allows people to have liberties that have been stifled by the governing body.	0	0	0	0	0	1	1	0	0	0	3.0
4475	We should introduce compulsory voting	against	in a democracy people have a right to choose not to vote	0	0	0	0	0	0	1	0	0	0	3.0
2990	We should adopt libertarianism	against	libertarianism promotes self interest and not that of society as a whole	0	0	0	0	1	1	1	0	0	0	3.0
4307	We should ban cosmetic surgery	in favor of	cosmetic surgery is dangerous, too costly and causes a lot of damages to the body and the spirit of the undergoer	0	1	0	0	0	1	0	0	0	0	3.5
819	We should ban fast food	against	people should be able to choose what they want to eat	0	0	0	1	0	0	1	0	0	0	3.0
681	We should ban telemarketing	in favor of	unwanted telemarketing is a form of harassment, it's extremely annoying and it's got so out of hand that people are unable to avoid or opt out of it.	0	1	0	0	0	1	1	0	0	0	3.0
2762	We should abandon the use of school uniform	against	school uniforms keep school from becoming a fashion show.	0	0	0	0	1	1	0	0	0	0	3.0
6146	Foster care brings more harm than good	in favor of	children generally do better when kept in their family home with apropriate help and support rather being placed in foster care	0	1	0	0	0	1	0	0	0	0	3.5
3341	We should ban cosmetic surgery	in favor of	we should ban cosmetic surgery was dangeous inothe paid bad	0	1	0	0	0	1	0	0	0	0	3.5
6810	Foster care brings more harm than good	against	foster care can provide a child with a family dynamic	0	1	0	0	0	1	0	0	0	0	3.5
1586	We should subsidize journalism	in favor of	journalism must be supported by the central government	0	0	0	0	1	1	0	0	0	0	3.0
2494	We should adopt libertarianism	in favor of	We should adopt libertarianism because individuals know their own best interests better than any third party.	0	0	0	0	0	0	1	0	0	0	3.0
7252	We should strengthen Frontex and control immigration.	in favor of	Frontex must be given powers and resources to shut down the migratory routes entirely.	0	0	0	0	1	1	0	0	0	0	3.0
6585	Payday loans should be banned	against	payday loans should not be banned as they are a lifeline to many people and if used properly provided a useful way of ensuring money lasts until the next pay day.	0	1	0	0	1	1	0	0	0	0	3.0
6221	We should abandon television	against	television is part of the entertainment of people and should not be prohibited	0	0	0	1	0	0	1	1	0	0	3.0
6801	Social media brings more harm than good	in favor of	social media has brought down levels of happiness and self-satisfaction by making us constantly compare ourselves to an idealized version of our friends.	0	1	0	0	0	1	0	0	0	0	3.5
2418	We should abolish safe spaces	against	if people need somewhere safe they should be able to have it	0	0	0	0	0	1	1	0	0	0	3.0
1248	We should end the use of economic sanctions	against	we should not end the use of economic sanctions because they help the nations with exports and imports of goods	0	1	0	0	1	1	0	0	0	0	3.0
6108	Assisted suicide should be a criminal offence	against	everyone is entitled to chose how to not just live but also end their life.	0	1	0	0	0	1	1	0	0	0	3.0
5021	The EU should equalize the retirement age for all Europeans. 	against	Retirement is often funded by taxes and taxes are decided by each member state. So each member state should also be the one who decides how those taxes are spent. For some countries, a retirement age of 65 may be unaffordable or undesirable, while for others it may not.	0	0	0	0	1	0	1	0	0	0	3.0
859	We should cancel pride parades	in favor of	pride parades have now grown to the point where they are increasingly difficult to police and the scale of the events now need to be looked at to ensure the safety of all participants.	0	0	0	0	0	1	0	0	0	0	3.5
2719	We should ban missionary work	against	missionaries help feed the hungry, build housing and educate people so we should not stop them even if they are advocating their personal religious beliefs at the same time	0	1	0	0	0	1	0	0	0	0	3.5
6007	We should abandon television	against	people are entitled to leisure time	0	0	0	1	0	0	1	1	0	0	3.0
792	We should ban cosmetic surgery	in favor of	cosmetic surgery can sometimes cause harm and disasterous results.	0	1	0	0	0	1	0	0	0	0	3.5
2173	We should abandon the use of school uniform	in favor of	school uniform requirements curtail any individual creativity and self-expression at an important age of self-discovery and should be abandoned.	0	0	0	0	0	0	1	0	0	0	3.0
7207	We should prevent the surveillance state	in favor of	The number of video surveillance and control and intervention rights for public authorities is steadily increasing (at least according to my subjective feeling). This puts our free way of life at risk. A person who feels monitored will never really act freely. 	0	0	0	0	0	0	1	0	0	0	3.0
1364	We should ban telemarketing	against	let the free market determine whether telemarketing is a viable option	0	0	0	0	1	0	1	0	0	0	3.0
1122	We should adopt libertarianism	in favor of	libertarianism frees citizens and business owners from expensive regulations	0	0	0	0	1	1	1	0	0	0	3.0
6178	Foster care brings more harm than good	against	foster care is a great thing that enables children to have a family when theirs is not able to take care of them.	0	1	0	0	0	1	0	0	0	0	3.5
3374	We should stop the development of autonomous cars	in favor of	autonomous vehicles will lead to an increase in road accidents	0	0	0	0	0	1	0	0	0	0	3.5
1962	We should ban cosmetic surgery	against	cosmetic surgery helps people feel better about their appearance, which can help them create positive changes in other areas of their life.	0	0	0	0	0	1	0	1	0	0	3.0
1129	We should subsidize student loans	against	students loans should not be subsidized as it is a students choosing to continue to go to school on their own accord and whim, not a requirement to be the burden of others.	0	0	0	0	0	1	1	0	0	0	3.0
2436	We should limit executive compensation	against	Executives put more of their time, effort and life to put their company at the top. This effort really merits to be recognized. Only through a high compensation is their efforts be recognized	0	0	0	0	1	0	0	0	0	0	3.0
5881	Foster care brings more harm than good	in favor of	Because foster care is decentralized, it makes oversight for childcare more difficult, and often leads to children living in abusive households or in poor living conditions.	0	1	0	1	0	1	0	0	0	0	3.0
3543	We should adopt libertarianism	in favor of	libertarianism should be adopted as it will give more freedom to people to live their lives as they wish.	0	0	0	0	0	0	1	1	0	0	3.0
4036	We should end mandatory retirement	in favor of	i agree with you, many people do not want to retire, they want to continue trading, and they are forced to retire	0	0	0	0	0	0	1	0	0	0	3.0
4148	We should subsidize student loans	in favor of	we should subsidize student loans because it can help them manage future finances	0	0	0	0	0	1	0	0	0	0	3.5
1922	We should adopt libertarianism	against	We should not adopt libertarianism because the business cycle would destroy the country's economy without regulation.	0	1	0	0	1	1	0	0	0	0	3.0
3905	We should ban fast food	in favor of	fast food is unhealthy for us with its ingredients and the way its made	0	0	0	0	0	1	0	0	0	0	3.5
6127	Foster care brings more harm than good	in favor of	The foster care system is understaffed, and its social workers are overwhelmed and exhausted.	0	1	0	0	1	1	0	0	0	0	3.0
6077	Intelligence tests bring more harm than good	in favor of	intelligence tests bring more harm than good because people can get competitive over them which can lead to isolation.	0	1	0	0	0	1	0	1	0	0	3.0
3406	We should ban the Church of Scientology	in favor of	The Church of Scientology is a cult that destroys families and should be banned.	0	1	0	0	0	1	0	0	0	0	3.5
3335	We should abolish the three-strikes laws	in favor of	Three strikes laws increase violence against law enforcement since an accused criminal facing the potential for a life sentence is more likely to fight back against law enforcement to escape.	0	1	0	0	0	1	0	0	0	0	3.5
474	We should legalize cannabis	in favor of	bannabis should be legalized as it has been proven to have medical benefits that outweigh any negative effects. it will also remove it from the control of criminals and gangsters	0	0	0	0	0	1	0	0	0	0	3.5
2991	We should cancel pride parades	in favor of	pride parades can be a dangerous place	0	1	0	0	0	1	0	0	0	0	3.5
5393	Foster care brings more harm than good	in favor of	foster care can be horrible for the child when moving from home to home and never settling down in one place.	0	1	0	0	0	1	0	0	0	0	3.5
959	We should adopt libertarianism	in favor of	Libertarianism increases individual liberties by preventing the government from controlling every aspect of our lives.	0	0	0	0	0	0	1	1	0	0	3.0
124	We should abolish the right to keep and bear arms	in favor of	it will decrease the number of crimes and violence on the streets	0	0	0	0	0	1	0	0	0	0	3.5
5337	Serbia should join the EU.	in favor of	The EU should continue its enlargement to the Western Balkans to further its own interests, and to bring stability and prosperity to the region. Serbia should have joined long ago. 	0	0	0	0	1	1	0	0	0	0	3.0
5559	Foster care brings more harm than good	in favor of	Foster children do not always get proper medical care. Foster kids are covered medically under Medicaid but each year, fewer and fewer healthcare providers accept Medicaid.	0	0	0	0	0	1	0	0	0	0	3.5
5708	Homeschooling should be banned	in favor of	homeschooling prevents children from socializing with other children which can cause problems for them in the future.	0	0	0	0	0	1	0	0	0	0	3.5
3597	We should subsidize space exploration	in favor of	we need to continue to explore space as it is part of our world.	0	0	0	0	0	0	1	0	0	0	3.0
1560	We should stop the development of autonomous cars	against	autonomous cars are the future and some cities already have them.	0	0	0	0	0	0	1	0	0	0	3.0
2189	We should ban fast food	in favor of	fast food causes obesity and health problems and sets children up with poor eating habits for life.	0	1	0	0	0	1	0	0	0	0	3.5
7208	We should prevent the surveillance state	in favor of	I am not prepared to continue to restrict my freedom on a permanent basis due to the actions of a minority of offenders, as a citizen who is not a victim. The policy has to find a better balance here. 	0	0	0	0	0	0	1	0	0	0	3.0
4632	Artificial intelligence brings more harm than good	in favor of	With all the data and algorithms our apps and gadgets, without our conscious knowledge, are making decisions for us. Decision-making is (was) one of the qualities that made humans different from others	0	0	0	0	0	0	1	0	0	0	3.0
421	We should ban the use of child actors	in favor of	making a child work as an actor deprives them of childhood experiences and interactions.	0	1	0	1	0	0	0	0	0	0	3.0
6180	Homeopathy brings more harm than good	against	many people who believe that homeopathic remedies have worked for them and feel better for using them surely are better using them than prescription medication that may have unwanted side effects.	0	0	0	0	0	1	1	0	0	0	3.0
2503	We should ban the Church of Scientology	in favor of	scientology is a cult that brainwashes people	0	0	0	0	1	0	1	0	0	0	3.0
2427	We should adopt a zero-tolerance policy in schools	in favor of	zero-tolerance policies provide a safe space	0	0	0	0	0	1	0	0	0	0	3.5
6780	Surrogacy should be banned	in favor of	surrogacy should be banned because more often than not, the woman carrying the baby becomes attached and when they give the child up, causes emotional stress on that woman.	0	0	0	0	0	1	0	0	0	0	3.5
6423	Surrogacy should be banned	in favor of	people who are against surrogacy believe that surrogacy forces the surrogate to emotionally detach herself from the baby and therefore she is unable to form a natural bond with the child	0	1	0	0	0	1	0	0	0	0	3.5
3753	We should fight for the abolition of nuclear weapons	in favor of	The material used to build bombs, radioactive and otherwise, could be used for industrial purposes, creating jobs and generally strengthening the economy.	0	1	0	0	1	1	0	0	0	0	3.0
3658	We should adopt a zero-tolerance policy in schools	against	students who are suspended will loose out on classes and might fail exams or even drop out of school as a result.	0	1	0	0	0	0	0	0	0	0	5.0
5256	We do not need immigration from non-European or non-first-world countries. 	in favor of	Immigration is a class issue. At the same time integration is important. Those against this policy should be made to send their children to multicultural schools in order to help with integration.  	0	1	0	0	0	1	0	0	0	0	3.5
3718	We should adopt an austerity regime	in favor of	it is important to be sensible and restrained with public spending and ensure that a country lives within its means and maintains a solid balance of resources.	0	1	0	0	1	1	0	0	0	0	3.0
3343	We should legalize cannabis	against	cannabis has been proven to cause psychiatric problems in users thus it would be to our detriment to legalise it.	0	0	0	0	0	1	0	0	0	0	3.5
6376	We should subsidize vocational education	against	this would be an expensive exercise and probably not affordable for any government.	0	0	0	0	1	1	0	0	0	0	3.0
3460	We should ban fast food	in favor of	we should ban fast food because it is not good for people's health and they are very unhealthy in terms of calories	0	0	0	0	0	1	0	0	0	0	3.5
4182	We should ban cosmetic surgery	against	people have a right to bodily autonomy and should make their own decisions about their bodies	0	0	0	0	0	0	1	0	0	0	3.0
5751	Surrogacy should be banned	in favor of	surrogacy has led to numerous problems in recent times. there's been cases of forced surrogacy. there's been surrogate mothers who refuse to give the child to the parents. it's safer to do away with it.	0	1	0	0	0	1	1	0	0	0	3.0
3396	We should abolish the three-strikes laws	in favor of	Three-strike laws lead to expensive trials. Three-strike offenders will demand a court trial rather than accept a plea bargain (which costs a fraction of the price of a full-blown trial).	0	1	0	0	1	0	0	0	0	0	3.0
36	We should ban fast food	in favor of	fast food is bad for adults and children and causes obesity and the risk of diabetes in many cases.	0	0	0	0	0	1	0	0	0	0	3.5
6566	Payday loans should be banned	against	there are emergency circumstances in which people need money in a hurry and payday loans assist them in acquiring it.	0	1	0	0	0	1	0	0	0	0	3.5
5864	Holocaust denial should be a criminal offence	against	why should anyone be told they cannot deny something even if it happened?  freedom of speech, surely.	0	0	0	0	0	0	1	0	0	0	3.0
1559	We should adopt an austerity regime	in favor of	We should adopt an austerity regime because the debt to gdp ratio threatens the future stability of the country	0	0	0	0	1	1	0	0	0	0	3.0
279	We should ban algorithmic trading	against	algorithmic trading provides people with more opportunities when it comes to trading.	0	1	0	0	0	0	1	0	0	0	3.0
6489	Homeschooling should be banned	against	homeschooling should will  allowed to continue as its important to allow parents to allow their child to be educated at home if they feel that its the best option for their child.	0	1	0	0	0	0	1	0	0	0	3.0
292	We should ban cosmetic surgery for minors	against	minors should be allowed to have cosmetic surgery as long as their parents help make the decision. some cosmetic surgery would make a child with a deformity have better self esteem.	0	0	0	0	0	1	1	0	0	0	3.0
7098	We should promote a plant-based diet	in favor of	While it is only promoted/suggested and not a mandatory, its ok.	0	0	0	0	0	0	1	0	0	0	3.0
1842	We should ban cosmetic surgery for minors	against	children have a right to bodily autonomy just like adults, and banning cosmetic surgery is a violation of this freedom of expression.	0	0	0	0	0	1	1	0	0	0	3.0
4493	We should ban fast food	against	people have the free will to choose what they want to eat regardless of how unhealthy it is	0	0	0	0	0	0	1	1	0	0	3.0
3782	We should end mandatory retirement	in favor of	we should end mandatory retirement because no one has the right to tell another person when they have to stop working. it is an individual's choice and should be left up to them when they wish to call it quits.	0	0	0	0	0	0	1	0	0	0	3.0
4236	We should ban the Church of Scientology	in favor of	the church of scientology is a dangerous sect we shall not allow anymore	0	0	0	0	0	1	0	0	0	0	3.5
6894	Payday loans should be banned	against	payday loans can wire people that need money fast the money they need	0	0	0	0	0	1	1	0	0	0	3.0
2002	We should ban targeted killing	against	targeted killings could allow governments to take out high-profile targets before they can cause mass destruction.	0	0	0	0	0	1	0	0	0	0	3.5
1919	We should abolish zoos	against	zoos are an excellent way to provide entertainment and togetherness for families. they provide activities that no other venue can provide. they should not be abolished.	0	1	0	1	0	1	0	1	0	0	3.0
5116	Germany should start paying reparations share for any damaged countries of Europe up to 100 years after its attack on international society	against	Will Russia also pay their share? Will Austria pay for starting WW1 or will it be Serbia? Will Poland and Hungary pay for occupation of parts of Czechoslovakia in 1938/1939? Will France pay for starting napoleonic wars? It is time to forget what happened almost 100 years ago and focus on the future and I say that as a Czech citizen whose country was occupied by Austria, Germany/Poland/Hungary and then by SSSR and all eastern satelite states.	0	1	0	0	0	0	0	0	0	0	5.0
3751	We should adopt an austerity regime	against	austerity regime will put more pressure on taxpayers	0	0	0	0	0	1	0	0	0	0	3.5
3754	We should ban telemarketing	against	telemarketing employs thousands of people	0	1	0	0	0	1	0	0	0	0	3.5
1801	We should ban the use of child actors	against	we should not ban the use of child actors because then movies and shows wouldn't have any children in them	0	0	0	1	0	0	1	1	0	0	3.0
6194	Holocaust denial should be a criminal offence	against	making this a criminal offence is against freedom of speech, people who are prosecuted and locked up for this offence would then become political prisoners in what would become an oppressive regime.	0	0	0	0	0	1	1	0	0	0	3.0
3488	We should adopt an austerity regime	in favor of	i believe we should adopt an austerity regime because our government has a tremendous debt and has proven over time that they are not capable to reducing the national debt.	0	0	0	0	1	1	0	0	0	0	3.0
2025	We should abolish the right to keep and bear arms	in favor of	if the right to keep and bear arms was abolished, it would decrease the number of weapons that are available and lessen violent crime.	0	0	0	0	0	1	0	0	0	0	3.5
1955	We should ban cosmetic surgery	in favor of	plastic surgery carries risk and when it goes wrong, the nhs have to pay to repair the damage if the patient is suffering or at risk of serious illness.	0	1	0	0	0	1	0	0	0	0	3.5
3323	We should ban cosmetic surgery for minors	in favor of	"minors should not be able to get cosmetic surgery until they are 18.  if there is no medical necessity all it does is send the wrong message that you can ""fix"" what god gave you."	0	0	0	0	0	1	0	0	0	0	3.5
2139	We should oppose collectivism	against	No one individuals life is any more intrinsically important or valuable than any other person's life, and therefore we should build societies that value the collective and general public over the individual.	0	1	0	0	0	1	0	0	0	0	3.5
401	We should legalize sex selection	in favor of	parents have every right to decide whether they give birth to a boy or a girl.	0	1	0	0	0	0	1	0	0	0	3.0
636	We should stop the development of autonomous cars	against	we should not stop the development of autonomous cars because it will help the people more easily on driving and will provide more safety.	0	0	0	0	0	1	0	0	0	0	3.5
6682	Surrogacy should be banned	in favor of	surrogacy should be banned because it doesn't give the actual mother the chance to bond with her baby.	0	1	0	0	0	1	0	0	0	0	3.5
3079	We should ban cosmetic surgery for minors	in favor of	surgery can be dangerous and must never be undertaken without a medical need, minors also do not need to be told there is something wrong about them that needs fixing.	0	1	0	0	0	1	0	0	0	0	3.5
6641	Surrogacy should be banned	against	surrogacy is the only way some couples can have a child of their own.	0	1	0	0	0	0	1	0	0	0	3.0
5895	Homeschooling should be banned	against	home schooling is a good alternative for many. it is economical, safe and and a better environment for some children.  parents have a right to choose what is best for their child.	0	1	0	0	0	1	1	0	0	0	3.0
1688	We should ban the use of child actors	against	if they want to be an actor it is their choice	0	0	0	0	0	0	1	0	0	0	3.0
4755	We should ban alcohol in India	in favor of	Crimes and accidents will be reduced to some extent.	0	0	0	0	0	1	0	0	0	0	3.5
5963	Foster care brings more harm than good	in favor of	children may never have somewhere to call a forever home because they're moved around so much, and therefore can't form attachments to any specific family.	0	1	0	0	0	1	0	0	0	0	3.5
5653	Payday loans should be banned	against	they can be useful in emergency situations	0	1	0	0	0	1	1	0	0	0	3.0
6626	Surrogacy should be banned	in favor of	Surrogacy can put women in danger because pregnancy is unpredictable.	0	0	0	0	0	1	0	0	0	0	3.5
676	We should introduce compulsory voting	against	this is a free country and citizens should have the right to vote or not to vote.	0	0	0	0	0	1	1	0	0	0	3.0
5976	Social media brings more harm than good	against	social media provides ways for people to connect where they might not be able to otherwise. reconnecting with old friends, new colleagues, etc. is great via social media.	0	1	0	0	0	1	0	1	0	0	3.0
684	We should introduce compulsory voting	against	voting should be a choice for every person	0	0	0	0	1	0	1	0	0	0	3.0
4144	We should ban private military companies	in favor of	private military compnaies do not have the dedication to uphold the lives of citizens, resulting in collateral damage of human lives.	0	0	0	0	0	1	0	0	0	0	3.5
5383	Surrogacy should be banned	against	Surrogacy should not be banned as it is the woman's right to choose if she wishes to do this for another couple and be compensated.	0	0	0	0	0	0	1	0	0	0	3.0
2574	We should ban cosmetic surgery for minors	against	minors should have a choice in what to do with their bodies	0	0	0	0	1	0	1	1	0	0	3.0
679	We should abandon the use of school uniform	in favor of	should uniforms are costly and children should be allowed to where their own cheaper clothes	0	0	0	0	0	1	1	0	0	0	3.0
4586	We should strengthen laws to fight against terrorism	in favor of	There is a growing threat of lone-wolf terrorism. Lone wolf terrorists do not have any association with terrorist organizations, but they commit terror attacks alone by themselves. This new amendment to UAPA has the potential to curb lone-wolf terrorism.	0	1	0	0	0	1	0	0	0	0	3.5
5456	Social media brings more harm than good	against	social media has some harms but brings more good. it makes people happy, otherwise they wouldn't use it. also, it allows people to connect from all around the world which increases social awareness.	0	0	0	1	0	1	0	0	0	0	3.0
1397	We should abandon the use of school uniform	in favor of	we should abandon the school uniform because it is just another cost for parents to pay on top of all the other costs of a 'free' education.	0	1	0	0	0	1	0	0	0	0	3.5
3839	We should ban fast food	in favor of	fast food contains ridiculous amounts of harmful ingredients	0	0	0	0	0	1	0	0	0	0	3.5
1823	We should ban cosmetic surgery	in favor of	cosmetic surgery is ruining the confidence of young girls and making them feel like their not good enough without such surgeries.	0	0	0	0	0	1	0	0	0	0	3.5
2368	We should abolish capital punishment	in favor of	Being killed by lethal injection or being electrocuted is not always smooth and painless, sometimes it causes a painful death	0	0	0	0	0	1	0	0	0	0	3.5
5565	The use of public defenders should be mandatory	against	Public defenders cost the state too much money.	0	0	0	0	1	0	0	0	0	0	3.0
3735	We should ban fast food	in favor of	we should ban fast food because obesity the biggest health crisis in the country	0	0	0	0	0	1	0	0	0	0	3.5
4203	We should introduce compulsory voting	against	the penalties on not voting would bring backlash from the society	0	0	0	0	0	1	1	0	0	0	3.0
3717	We should legalize sex selection	in favor of	people should be able to utilize new sciences as they please.	0	0	0	0	0	0	1	0	0	0	3.0
5574	Surrogacy should be banned	against	when a couple is not able to have their own kids by natural way, surrogacy is only the option and knowing that surrogacy should never be banned.	0	1	0	0	0	0	0	1	0	0	3.0
4591	India should store the data within the territorial boundaries of the country	against	Storing data in India means higher operational costs for payment system operators. Because in other countries they have cheaper alternatives. And also for cross-border transactions, they have to store the data in two places, which increases costs. There is a probability that these extra costs may pass on to the consumers.	0	0	0	0	0	1	0	0	0	0	3.5
6363	Blockade of the Gaza Strip should be ended	against	the blockade helps to keep more weapons from entering the area by ship and lessen the ability for violence.	0	1	0	0	0	1	0	0	0	0	3.5
3177	We should abolish the right to keep and bear arms	against	if the right to keep and bear arms was abolished people would be unable to protect themselves and their property.	0	1	0	0	0	1	0	0	0	0	3.5
3748	We should ban fast food	in favor of	fast food is one of the leading causes of obesity.	0	0	0	0	0	1	0	0	0	0	3.5
2026	We should adopt libertarianism	in favor of	libertarianism is the ideal for society. it increases freedom and responsibilities. society would flourish, people would be happier.	0	1	0	1	0	1	1	0	0	0	3.0
4146	We should abolish capital punishment	in favor of	capital punishment is evil in all aspect of kid's life and should be banned by law and government across the world.	0	1	0	0	1	1	0	0	0	0	3.0
6484	Holocaust denial should be a criminal offence	against	holocaust denial should not be a criminal offence because if people don't want to believe something happened they shouldn't be punished because of it.	0	0	0	0	0	0	1	0	0	0	3.0
6908	We should promote Zero Budget Natural Farming all over India	in favor of	With ZBNF, the government does not have to spend crores of rupees on loan waiver schemes.	0	0	0	0	1	1	0	0	0	0	3.0
5854	Homeschooling should be banned	against	homeschooling is best for children where the schools in the area are not conducive to learning	0	1	0	0	0	0	1	0	0	0	3.0
5459	Homeschooling should be banned	in favor of	homeschooling should be banned because an important part of a child's education is social learning and one cannot grow socially without being around their peers.	0	0	0	0	1	1	0	0	0	0	3.0
2649	We should subsidize space exploration	against	we should not subsidize something like space exploration because it would put lives at risk.	0	1	0	0	0	1	0	0	0	0	3.5
156	We should stop the development of autonomous cars	in favor of	they can cause accidents if the equipment fails.	0	0	0	0	0	1	0	0	0	0	3.5
119	We should ban the use of child actors	in favor of	child actors lose the sense of a proper childhood.	0	0	0	1	0	1	0	1	0	0	3.0
1530	We should ban fast food	in favor of	fast food is unhealthy and causes obesity	0	0	0	0	0	1	0	0	0	0	3.5
2975	We should introduce compulsory voting	against	american citizens have the right to choose whether or not they want to vote.	0	0	0	0	0	0	1	0	0	0	3.0
671	We should adopt libertarianism	in favor of	libertarianism allows people to make their own choices without government interference.	0	0	0	0	0	0	1	0	0	0	3.0
6212	Foster care brings more harm than good	in favor of	foster care can be very traumatizing to kids if they get into a bad foster care facility.	0	0	0	0	0	1	0	0	0	0	3.5
5997	Payday loans should be banned	against	payday loans help individuals that need quick infusion of money to pay bills	0	1	0	0	1	1	0	0	0	0	3.0
9	We should adopt an austerity regime	in favor of	we should adopt an austerity regime because it is unfair to expect future generations to settle the debts that we run up	0	1	0	0	0	1	0	0	0	0	3.5
4436	We should legalize sex selection	in favor of	legalized sex selection would help couples prepare for the birth of their baby	0	1	0	0	1	0	1	0	0	0	3.0
6672	Holocaust denial should be a criminal offence	in favor of	The consequences of denying the horrors of the Holocaust are too dangerous to allow.	0	1	0	0	0	1	0	0	0	0	3.5
6400	Payday loans should be banned	against	payday loans are crucial financial crutches for customers which should remain available.	0	1	0	0	0	1	0	0	0	0	3.5
2668	We should prohibit school prayer	against	we shouldn't prohibit school prayer as it's a human right to be able to pray	0	0	0	0	0	0	1	0	0	0	3.0
5391	Social media brings more harm than good	in favor of	social media results in the fomo culture which is unhealthy for individuals.	0	0	0	0	0	1	1	0	0	0	3.0
4753	Betting and gambling should be legalized in India	against	Gambling addiction can lead to increase in crime rates, mental illnesses.	0	0	0	0	0	1	0	0	0	0	3.5
5899	Surrogacy should be banned	against	surrogacy is a way to bring the happiness of parenthood to a couple who would otherwise not have been able to enjoy it	0	1	0	0	0	1	1	0	0	0	3.0
2071	We should legalize sex selection	in favor of	Legalizing sex selection will help parents to have the exact family makeup they have always dreamed of.	0	1	0	1	0	0	1	0	0	0	3.0
3120	We should stop the development of autonomous cars	in favor of	autonomous cars will always have the possibility to glitch out like any other computer, however in this instance the consequences are much more severe.	0	1	0	0	0	1	0	0	0	0	3.5
2086	We should ban cosmetic surgery	against	everyone should have a right to be happy.	0	0	0	1	0	1	1	1	0	0	3.0
7104	We should stop destabilizing developing countries by subsidized agricultural exports	against	It will take years before the local farmers will be able to give well paid jobs to the local workers. In the meantime you'll have a famine and a genocide. And I didn't even mention the effects of a sudden huge inflation wave.	0	0	0	0	1	1	0	0	0	0	3.0
2482	We should ban cosmetic surgery	against	we should not ban cosmetic surgery because some people need it done to improve their health and lifestyle	0	0	0	0	0	1	1	1	0	0	3.0
17	We should subsidize embryonic stem cell research	in favor of	embryonic stem cell research should be subsidized because it may lead to the development of treatments for a number of serious medical conditions.	0	0	0	0	0	1	0	0	0	0	3.5
493	We should ban fast food	against	fast food is good for busy people allowing the to pick up something to eat on the go.	0	0	0	0	0	1	1	1	0	0	3.0
6374	Surrogacy should be banned	against	it allows couples to have children who can't have them on their own.	0	1	0	0	0	1	1	0	0	0	3.0
4940	Migration should not be the solution.	in favor of	The EU should acknowledge the fact that increasing birth rates in Europe, and supporting European families to have (more) children is the most appropriate long-term solution.	0	1	0	0	0	1	0	0	0	0	3.5
3904	We should abolish the right to keep and bear arms	against	even if guns fall into the wrong hands, law abiding citizens should be allowed to protect themselves in whichever manner they feel safest with.	0	1	0	0	0	1	1	0	0	0	3.0
5322	Every young European should be asked to go live in another country for 1 year at least	against	No duck would like to live with eagles or sparrows.  That's nature, not wishful thinking.	0	0	0	0	0	0	1	0	0	0	3.0
7318	We should restrict minors from playing online games.	against	Rather than restricting minors to play games, parents should set a good example and spend more time with their children.	0	1	0	1	0	0	0	0	0	0	3.0
3686	We should subsidize space exploration	against	space exploration is a bottomless money pit that completely fails to justify the enornomous quantity of revenue pumped into it.	0	0	0	0	1	1	0	0	0	0	3.0
2188	We should adopt an austerity regime	against	an austerity regime can prevent people from having the funds they need to live the life they chose.	0	0	0	0	1	1	1	1	0	0	3.0
1424	We should stop the development of autonomous cars	in favor of	the cars can be dangerous and cause accidents if the equipment fails.	0	0	0	0	0	1	0	0	0	0	3.5
2776	We should introduce compulsory voting	against	compulsory voting shouldn't be introduced because it violates freedom of choice.	0	0	0	0	0	0	1	0	0	0	3.0
3437	We should adopt an austerity regime	in favor of	it is a good way to control overspending and accumulating more debt	0	1	0	0	1	1	0	0	0	0	3.0
4076	We should abolish the three-strikes laws	against	not everyone can be reformed.  some people are a danger to society, and two failed attempts at reform is far more than they deserve.	0	0	0	0	0	1	0	0	0	0	3.5
2631	We should ban fast food	against	fast food is a cheap treat and to ban it would be to take the joy out of life for many people.	0	0	0	1	0	1	0	0	0	0	3.0
313	We should subsidize embryonic stem cell research	in favor of	embryonic stem cell research helps to provide innovations in cancer treatment as well as help in the treatment of patient's with diseases such as parkinson's disease, subsidizing would allow for more funding.	0	0	0	0	0	1	1	0	0	0	3.0
316	We should legalize sex selection	in favor of	we should legalize sex selection because the parents are free to decide what gender they want	0	1	0	0	0	0	1	0	0	0	3.0
2274	We should adopt atheism	against	we should not adopt atheism because people have a right to believe what ever they want	0	0	0	0	0	0	1	0	0	0	3.0
1265	We should adopt libertarianism	in favor of	libertarianism give more freedom to the people and cuts out government influence in their lives.	0	0	0	0	0	0	1	0	0	0	3.0
38	We should ban fast food	in favor of	fast food is bad for our health and we really should ban any of it	0	0	0	0	0	1	0	0	0	0	3.5
4311	We should legalize cannabis	in favor of	legalizing cannabis may cause fewer people to drink and smoke cigarettes which will lead to a healthier society	0	0	0	0	0	1	0	0	0	0	3.5
4162	We should abandon the use of school uniform	in favor of	we should not force parents with limited funds to buy a whole separate wardrobe for their children to go to school	0	0	0	0	0	1	0	0	0	0	3.5
1978	We should oppose collectivism	in favor of	no two people are entirely alike.  ignoring individual differences and needs does not best serve the whole	0	0	0	0	0	0	1	0	0	0	3.0
3860	We should oppose collectivism	in favor of	We should oppose collectivism as it forces people to be part of group mentality in order to achieve anything.	0	0	0	0	0	0	1	0	0	0	3.0
4874	The European Union should support and integrate immigrant people to ensure that they live with dignity and equality with all European citizens	against	Successful migration is only possible when there is a vacancy in the host country, and the migrant has the required qualifications. Unlimited mass migration is the greatest existential threat to the EU.  Even more so than the CO2 threat.	0	0	0	0	0	1	0	0	0	0	3.5
6584	Foster care brings more harm than good	against	it is better for a child to be in a home where there is a family	0	1	0	0	0	1	0	0	0	0	3.5
2908	We should adopt an austerity regime	against	Adopting an austerity regime lowers people's confidence in the economy and discourages investment.	0	0	0	0	1	1	0	0	0	0	3.0
5445	We should abandon television	in favor of	people spend too much time watching television at the cost of more active pursuits	0	0	0	0	0	1	0	0	0	0	3.5
6844	Blockade of the Gaza Strip should be ended	against	hamas is too dangerous to allow in & the blockade should continue	0	1	0	0	1	1	0	0	0	0	3.0
5218	There should be no immigration from non-European or non-first-world countries 	in favor of	We need to stop all funding to NGOs and all migration organizations within the EU. Then can we talk about how to help the people already here and how to help real people in need.	0	1	0	0	0	1	0	0	0	0	3.5
3741	We should abandon the use of school uniform	in favor of	school uniforms should not be required to wear in schools because it takes away a kids freedom of expression	0	0	0	0	0	0	1	0	0	0	3.0
3065	We should ban human cloning	in favor of	without knowing the long term effects of cloning, it shouldn't be attempted on humans because it could be medically problematic.	0	0	0	0	0	1	0	0	0	0	3.5
6793	Entrapment should be legalized	in favor of	entrapment can help rid our society of criminals and therefore should be legalized	0	0	0	0	0	1	0	0	0	0	3.5
4024	We should adopt a zero-tolerance policy in schools	against	we should not adopt a zero-tolerance policy because it is too restricting and suppressing.	0	1	0	0	0	0	1	0	0	0	3.0
5875	Homeschooling should be banned	in favor of	homeschooling doesnt get children enough interaction with people so they are more likely to be social outcasts	0	1	0	0	0	1	0	1	0	0	3.0
1821	We should ban cosmetic surgery	against	As long as they use an accredited plastic surgeon, people should be able to do whatever they want with their bodies.	0	0	0	0	0	0	1	0	0	0	3.0
6028	Social media brings more harm than good	against	social media connects people together	0	0	0	0	0	1	0	1	0	0	3.0
1500	We should legalize organ trade	in favor of	legalizing organ trade would alleviate the shortage of organ donations that the medical system constantly faces.	0	1	0	0	0	1	0	0	0	0	3.5
2842	We should ban fast food	against	people are free to eat whatever they choose. it's a cheap and fast way for people to get a meal when they are in a hurry or can't afford the expensive organic and natural foods.	0	0	0	0	0	1	1	0	0	0	3.0
2	We should end the use of economic sanctions	against	sometimes economic sanctions are the only thing that will get the corrupt governments to take action	0	0	0	0	1	1	0	0	0	0	3.0
20	We should legalize cannabis	against	if you start legalizing drugs it could open up the floodgates for more legalization of dangerous drugs.	0	0	0	0	0	1	0	0	0	0	3.5
2035	We should adopt libertarianism	against	libertarianism should not be adopted as it will give too much power to businesses and rich people to do whatever they want.	0	1	0	0	0	1	1	0	0	0	3.0
6377	Payday loans should be banned	against	payday loans may off the only solution for someone that does not have any other means to avoid a monetary emergency.	0	1	0	0	0	1	0	0	0	0	3.5
3692	We should ban cosmetic surgery for minors	against	some children may require cosmetic surgery for health reasons, such as a cleft palate, therefore it should not be banned.	0	0	0	0	0	1	1	0	0	0	3.0
3385	We should ban cosmetic surgery for minors	against	minors still have the ability to make choices, as long as there is informed consent.	0	0	0	0	0	0	1	0	0	0	3.0
3908	We should legalize cannabis	in favor of	cannabis can be used for a number of medical issues so making it legal will help with that	0	1	0	0	0	1	0	0	0	0	3.5
1318	We should introduce compulsory voting	against	no one should be forced to do something they do not want to do	0	0	0	0	0	0	1	0	0	0	3.0
2910	We should adopt an austerity regime	against	to build for the future we need to cut austerity and invest money and resources now.	0	0	0	0	1	1	1	0	0	0	3.0
115	We should abandon the use of school uniform	in favor of	if you are not required to wear a uniform, you are free to choose clothing styles that are more favorable to your body type and coloring, which allows you to look your best	0	0	0	1	0	0	1	1	0	0	3.0
6954	Cattle slaughter should be banned	against	Many people are dying of hunger in India. Hunger and malnutrition are the biggest problems India is facing right now. Beef is a cheap protein available to poor people. With the cattle slaughter ban, the malnutrition problem worsens further.	0	1	0	0	0	1	0	0	0	0	3.5
5009	We do not need immigration from non-European or non-first-world countries. 	in favor of	Immigration is a class issue. At the same time integration is important. Those against this policy should be made to send their children to multicultural schools in order to help with integration. 	0	0	0	0	0	1	0	0	0	0	3.5
2561	We should abolish the right to keep and bear arms	in favor of	Keeping and bearing arms is dangerous because accidents happen and people could die needlessly.	0	1	0	0	0	1	0	0	0	0	3.5
7298	We should ban the trading of virtual currencies.	against	The total production is controllable and the virtual currency prevents hyperinflation.	0	0	0	0	1	1	0	0	0	0	3.0
3089	We should ban fast food	against	people have the right to decide for themselves what they want to eat	0	0	0	0	0	1	1	0	0	0	3.0
6360	Homeopathy brings more harm than good	against	in conjunction with medical care, it can give people hope	0	1	0	0	0	1	0	0	0	0	3.5
4692	College education should be free for everyone	in favor of	Some students are taking education loans to study and then they have to work hard to repay their loans. Many people are forced to take up jobs immediately after college to repay loans. But with free education, they will have the liberty in career choices like choosing a job or becoming entrepreneurs or experimenting with gigs, etc.	0	0	0	0	0	1	1	0	0	0	3.0
3497	We should ban fast food	in favor of	fast food is high fat and unhealthy food	0	1	0	0	0	1	0	0	0	0	3.5
2366	We should stop the development of autonomous cars	in favor of	autonomous cars could easily cause an accident or result in death if there is a system malfunction.	0	1	0	0	0	1	0	0	0	0	3.5
6455	Blockade of the Gaza Strip should be ended	in favor of	blockage of the gaza strip strip should be ended because the people should be able to cross the boarder	0	0	0	0	0	0	1	0	0	0	3.0
7303	We should protect our privacy in the Internet age.	in favor of	In the era of IoT sharing economy, because of linking people and people, people and things, and things and things, the probability of the system being exploited and hacked is also increased.	0	0	0	0	0	1	0	0	0	0	3.5
1654	We should legalize prostitution	in favor of	we should legalize prostitution because it gets prostitutes off the street	0	1	0	0	0	1	0	0	0	0	3.5
1935	We should introduce compulsory voting	against	forcing people to vote or face a penalty is what a dictatorship sounds like.   compulsory voting is a bad idea.   i don't believe it would change the results anyways.	0	0	0	0	1	1	1	0	0	0	3.0
105	We should adopt an austerity regime	in favor of	an austerity regime will help to reduce the deficit of the country	0	1	0	0	0	1	0	0	0	0	3.5
2226	We should ban cosmetic surgery	against	people should be free to choose for themselves	0	0	0	0	0	1	1	0	0	0	3.0
6495	Social media brings more harm than good	against	social media allows people to stay connected with family members who live a long distance apart.	0	1	0	0	0	1	0	0	0	0	3.5
212	We should abolish the right to keep and bear arms	in favor of	Firearms are typically far more dangerous to the owner and his/her family than any intruder, due to misuse, murder, and suicide.	0	1	0	0	0	1	0	0	0	0	3.5
2080	We should introduce compulsory voting	against	people have a right to vote and they also have a right not to vote if they don't like any of the candidates	0	1	0	0	0	0	1	0	0	0	3.0
527	We should ban cosmetic surgery	in favor of	plastic surgery can cause many complications and infections and does not address the underlying self esteem issues of the patient	0	0	0	0	0	1	0	0	0	0	3.5
5265	The EU should immediately end the refugee deal with Turkey.	in favor of	Turkey is an enemy. It uses this deal to make a threat. Stop it now and send patrols to the Greek border or welcome them.	0	0	0	0	0	1	0	0	0	0	3.5
255	We should end the use of economic sanctions	against	economic sanctions can be very effective in bringing about social change	0	1	0	0	1	0	0	0	0	0	3.0
3423	We should subsidize journalism	against	journalism is a dying profession that is increasingly corrupt, so why use tax money towards it?	0	1	0	0	1	0	0	0	0	0	3.0
1289	We should ban the use of child actors	against	it is right and proper that talented children are able to earn money from acting	0	0	0	0	1	0	1	0	0	0	3.0
602	We should adopt gender-neutral language	in favor of	it would make people who are gender challenged feel better.	0	0	0	0	0	1	0	0	0	0	3.5
3685	We should ban fast food	against	you can't govern what an individual chooses to eat	0	0	0	0	0	0	1	0	0	0	3.0
2834	We should abolish safe spaces	against	safe places are good for students to be free from any conflicts	0	1	0	0	0	1	0	0	0	0	3.5
3566	We should oppose collectivism	against	We should support collectivism because people have more freedom when they are supported in their choices than when they have to scramble for everything on their own.	0	1	0	0	1	1	1	1	0	0	3.0
342	We should adopt an austerity regime	in favor of	austerity regimes provide an avenue for the government to balance up financial deficits and save the country from economic collapse	0	0	0	0	1	1	0	0	0	0	3.0
4453	We should abolish the Olympic Games	against	the olympic games inspires people around the world to take up sport and live healthier lives.	0	0	0	0	1	1	0	0	0	0	3.0
4767	Stray animals should be killed	in favor of	Stray dogs are often carriers of diseases because of the lack of care.	0	0	0	0	0	1	0	0	0	0	3.5
3291	We should abandon the use of school uniform	in favor of	school uniform does not allow for individuals to express themselves and grow as a person	0	0	0	0	0	0	1	1	0	0	3.0
6528	Social media brings more harm than good	against	users acan keep in contact easily with distant friends and share information, such as photographs.	0	1	0	1	0	1	0	1	0	0	3.0
5784	Surrogacy should be banned	in favor of	this is too dangerous for the  parents to be. often the surrogate mother changes her mind.	0	1	0	0	0	1	0	0	0	0	3.5
5999	We should abandon television	in favor of	you can get all you need on the internet now	0	0	0	1	0	0	1	1	0	0	3.0
3614	We should legalize cannabis	in favor of	people should be able to decide themselves if they want to use it	0	0	0	0	0	0	1	0	0	0	3.0
3674	We should legalize sex selection	in favor of	sex selection is a safe tool to help parents attain the family they dream of, thus should be legalized	0	1	0	0	0	0	1	0	0	0	3.0
2961	We should prohibit school prayer	in favor of	religion should not be forced on school children. they should be free to believe their own ideals	0	0	0	0	0	0	1	0	0	0	3.0
6784	Assisted suicide should be a criminal offence	against	people who are terminally ill with no hope of survival should be spared the pain and suffering of living.	0	1	0	0	1	1	1	1	0	0	3.0
2161	We should legalize organ trade	in favor of	if someone is willing to sell an organ that should be their right	0	0	0	0	1	0	1	0	0	0	3.0
6185	Social media brings more harm than good	against	Social media makes communication easier, especially for long distance situations, like moving somewhere after finishing school.	0	1	0	0	0	1	0	0	0	0	3.5
6098	We should abandon television	against	television isn't something that needs to be abused. we can watch it and still find time for exercising and a social life.	0	0	0	1	0	1	1	1	0	0	3.0
2076	We should adopt libertarianism	in favor of	The more rights we have as individuals, the happier we are.	0	0	0	0	0	1	1	0	0	0	3.0
6447	Assisted suicide should be a criminal offence	against	assisted suicide is a humane way to end a life as we do with animals in pain and should not be a criminal offence.	0	1	0	0	0	1	1	0	0	0	3.0
5424	Payday loans should be banned	against	sometimes people need these emergency funds when they have no other available options.	0	1	0	0	1	1	1	0	0	0	3.0
4364	We should introduce compulsory voting	against	we should not  introduce compulsory voting because in a democracy people should be free to choose their own actions.	0	0	0	0	0	0	1	0	0	0	3.0
4414	We should abolish intellectual property rights	in favor of	intellectual property rights get in the way of sharing information.	0	1	0	0	0	0	1	0	0	0	3.0
6365	We should abandon television	against	television is an important source of entertainment especially for older people	0	0	0	1	0	0	0	0	0	0	3.0
3397	We should fight for the abolition of nuclear weapons	in favor of	The cost of developing nuclear weapons in developing states drains cash from infrastructure, education, and welfare funds which hurts the population as a whole.	0	0	0	0	1	1	0	0	0	0	3.0
3583	We should abolish the right to keep and bear arms	in favor of	by allowing citizens to own guns, the chances of these weapons being stolen by criminals is increased, allowing guns to fall into the wrong hands would be disastrous	0	1	0	0	0	1	0	0	0	0	3.5
280	We should legalize organ trade	in favor of	legalizing organ trade would being about more healthy organs and tissue for transplanting then currently is available.	0	1	0	0	0	1	0	0	0	0	3.5
4594	India should store the data within the territorial boundaries of the country	in favor of	India is a big consumer market for many foreign companies. So, India and other developing countries are realizing the economic value of the data and the importance of data localization. With data localization, domestic companies and the country’s economy will be benefited. And we can also ensure the security of the data.	0	0	0	0	1	1	1	0	0	0	3.0
456	We should adopt a multi-party system	in favor of	A multi-party system allows for greater choice in whom to vote for.  It allows each citizen to vote for the party that best fits their beliefs and represents their ideology.	0	0	0	0	0	0	1	0	0	0	3.0
5569	We should abandon television	against	television is a healthy means of escape from every day stress for millions of people.	0	0	0	1	0	1	0	0	0	0	3.0
2756	We should legalize cannabis	in favor of	we should legalize cannabis for best healthy of body	0	0	0	0	0	1	0	0	0	0	3.5
2335	We should end the use of economic sanctions	against	you shouldn't have to share what you have with other places who do things that are against your country's beliefs.	0	0	0	0	1	0	0	0	0	0	3.0
6017	Payday loans should be banned	against	payday loans can help those in dire situations such as helping with car repairs, bills and groceries.	0	1	0	0	1	1	1	0	0	0	3.0
1851	We should oppose collectivism	in favor of	this practice does not allow an individual their own thoughts and actions.	0	0	0	0	0	0	1	0	0	0	3.0
4211	We should adopt an austerity regime	in favor of	The governments has a duty to make sure the economy doesn't collapse in times of recession	0	0	0	0	0	1	0	0	0	0	3.5
2778	We should ban cosmetic surgery	against	everyone has a right to make this choice	0	0	0	0	0	0	1	0	0	0	3.0
2391	We should ban human cloning	against	we should not ban human cloning because this will lessen our chances for finding cures to the some of the most deadly diseases such as cancer and dementia	0	1	0	0	0	1	1	0	0	0	3.0
4704	India should accept Rohingya refugees	against	India is the second most populous country in the world. It is already difficult for the Indian government to provide food security and basic necessities to all the people of India. Adding more burden to this will worsen the situation.	0	0	0	0	0	1	0	0	0	0	3.5
3585	We should introduce compulsory voting	in favor of	compulsory voting would ensure that everyone would vote and have a voice in what goes on.	0	0	0	0	1	0	0	0	0	0	3.0
5444	Homeschooling should be banned	against	if the parents can provide a better education than what their local schools offer, they should be allowed to do so.	0	1	0	0	0	0	1	0	0	0	3.0
3444	We should subsidize embryonic stem cell research	in favor of	embryonic stem cell research helps save and improve lives.	0	0	0	0	0	1	0	0	0	0	3.5
3230	We should fight for the abolition of nuclear weapons	against	Fighting for the abolition of nuclear weapons is useless - some of it is in the hands of very dangerous people in totalitarian countries which will not obey that demand	0	1	0	0	0	1	0	0	0	0	3.5
4784	Organ donation should be made compulsory	in favor of	Many people are in need of organ replacement surgeries to survive. There is a shortage of organ donors. Hence compulsory organ donation after death can ensure that no one will die due to the non-availability of healthy organs.	0	0	0	0	0	1	0	0	0	0	3.5
984	We should legalize sex selection	in favor of	We should legalize sex selection because a ban leads to dangerous back alley procedures, and to more abortions and female infanticide	0	1	0	0	0	1	1	1	0	0	3.0
6164	Homeschooling should be banned	in favor of	homeschooling prevent children to socialize and confront with others, therefore it should be banned.	0	0	0	0	0	1	0	0	0	0	3.5
7323	We should open up three-child policy to encourage childbirth.	against	What people want is the right and freedom to be able to plan their own children.	0	1	0	0	0	0	1	0	0	0	3.0
545	We should adopt libertarianism	against	We should not adopt libertarianism because people's lives are better when they know they have a social safety net to fall back on, and that they won't starve if they lose their job.	0	1	0	0	0	1	0	0	0	0	3.5
2446	We should stop the development of autonomous cars	in favor of	autonomous cars are not road worthy will cause more accidents due to the cars programing unable to anticipate human decisions	0	1	0	0	0	1	0	0	0	0	3.5
1518	We should ban cosmetic surgery	in favor of	so many people are getting elective surgery and having complications later.	0	1	0	0	0	1	0	0	0	0	3.5
4552	We should ban cosmetic surgery	against	cosmetic surgery is important for health issues such as people who have been born with a cleft palate.	0	0	0	0	0	1	0	0	0	0	3.5
6862	Foster care brings more harm than good	against	foster care is important to assist families.  they provide resources and support to the children when their parents are unable to care for them.	0	1	0	0	0	1	0	0	0	0	3.5
3841	We should ban fast food	against	people should be able to choose what they put into their bodies.	0	0	0	0	0	0	1	0	0	0	3.0
1204	We should ban the use of child actors	against	and if we forbid it, who will play the role of the children? this is a decision only of parents and children, the government should not get involved	0	1	0	0	0	0	1	0	0	0	3.0
5410	The vow of celibacy should be abandoned	in favor of	we should abandon the vow of celibacy because if people dont have sex they can get frustrated and might take it out on other people	0	0	0	1	0	1	1	1	0	0	3.0
1693	We should legalize cannabis	against	marijuana is damaging mentally and physically	0	0	0	0	0	1	0	0	0	0	3.5
6391	Homeopathy brings more harm than good	in favor of	people believe it is helping when it is not	0	1	0	0	0	1	0	0	0	0	3.5
4176	We should end mandatory retirement	in favor of	we should end mandatory retirement because some people need to work longer to be able to support themselves and/or their families	0	0	0	0	0	1	0	0	0	0	3.5
2249	We should ban cosmetic surgery for minors	against	we should not ban cosmetic surgery for minors because sometimes they need it if they were in accidents or born deformed	0	0	0	0	0	1	1	0	0	0	3.0
4580	Technology is making us feel less human	against	Using technology, people are maintaining and improving relationships with their friends, family, and relatives. Many people are also connecting with each other to help the needy and inspire each other. So, now we have better tools to build human connections.	0	1	0	1	0	1	0	1	0	0	3.0
5315	Asylum seekers should only be able to file asylum applications from their home or neighboring country.	in favor of	If asylum applications are filed from abroad the security risks for asylum seekers are greatly reduced.	0	1	0	0	0	1	0	0	0	0	3.5
3094	We should legalize organ trade	in favor of	Organ sales will allow for more research to be done on living, usable organs.	0	0	0	0	0	0	1	0	0	0	3.0
992	We should introduce compulsory voting	against	some people choose not to vote for ethical reasons.	0	1	0	0	0	0	1	0	0	0	3.0
672	We should ban algorithmic trading	in favor of	algorithmic trading can cause unnatural market movements.	0	0	0	0	1	1	0	0	0	0	3.0
6982	Military training should be made compulsory for all in India	in favor of	Compulsory military training can also make people stronger physically &amp; emotionally.	0	0	0	0	0	1	0	0	0	0	3.5
4548	We should ban fast food	against	in a fast paced society a quick meal is a blessing	0	1	0	1	0	1	0	0	0	0	3.0
4057	We should abandon the use of school uniform	in favor of	we should abandon the use of school uniform since one should be allowed to express their individuality by the clothes they were.	0	0	0	0	0	0	1	0	0	0	3.0
392	We should ban factory farming	against	factory farming reduces the cost of food	0	0	0	0	1	1	0	0	0	0	3.0
3274	We should oppose collectivism	in favor of	opposing collectivism is the right thing to do to stay free.	0	0	0	0	0	1	1	0	0	0	3.0
5183	We do not want immigration from non-European or non-first-world countries 	in favor of	No more non-European immigration. The native Europeans have said NO.	0	0	0	0	1	0	1	0	0	0	3.0
5107	Public transport in EU cities should be free	in favor of	I think the EU should subsidies troubled cash-strapped cities to reduce ticket prices or completely remove any charges so that people are vivisected to hop on the bus rather than in the car. As I student, I would have been in the city center a lot more and spent money around the shops if I could afford the bus fair in the first place. 	0	0	0	0	1	1	1	1	0	0	3.0
118	We should ban the Church of Scientology	in favor of	scientology is actually a wealthy cult and members are abused physically and financially.	0	0	0	0	0	1	1	0	0	0	3.0
3019	We should end mandatory retirement	in favor of	a person needs to be able to choose to work as long as they are well enough to do so.	0	1	0	0	0	1	1	0	0	0	3.0
867	We should ban the use of child actors	in favor of	Child actors are forced to grow up way too fast, they are thrown into a world of drugs and sex at an early age.   Kids should be away from all that until Hollywood is safe for them.	0	1	0	0	0	1	0	0	0	0	3.5
1598	We should adopt a multi-party system	in favor of	in a multi party system the general population have more of a choice in who their leaders are	0	0	0	0	1	0	1	0	0	0	3.0
2017	We should oppose collectivism	against	In a collectivist society, everyone is considerate of each another and provides support to one another.	0	1	0	0	1	1	0	0	0	0	3.0
4941	Migration should not be the solution.	in favor of	For increasing the birthrate and supporting young families, Hungary should be an example. We should not rely on migration for this.	0	1	0	0	0	1	0	0	0	0	3.5
3069	We should cancel pride parades	against	people have the right to express themselves.	0	0	0	0	0	0	1	0	0	0	3.0
2317	We should abolish zoos	against	we should not abolish zoos because it makes it so people can see animals that they may not otherwise be able to see due to their location.	0	0	0	1	0	0	0	1	0	0	3.0
2212	We should ban cosmetic surgery for minors	against	if democrats think minors should be allowed to vote, they should be allowed to get cosmetic surgery if they choose to	0	0	0	0	1	0	1	0	0	0	3.0
1883	We should ban cosmetic surgery for minors	against	cosmetic surgery helps build self esteem	0	1	0	1	0	1	0	1	0	0	3.0
6113	The vow of celibacy should be abandoned	in favor of	the vow of celibacy should be abandoned because it can cause issues in the relationship	0	1	0	1	0	0	0	1	0	0	3.0
480	We should ban cosmetic surgery	in favor of	cosmetic surgery is dangerous and should be banned.	0	0	0	0	0	1	0	0	0	0	3.5
6036	Social media brings more harm than good	against	social media brings long distance family together and keeps them in contact for years to come rather than only through family reunions	0	1	0	0	0	1	0	0	0	0	3.5
6412	Homeschooling should be banned	against	this is a free country, people have the right to homeschool their children	0	0	0	0	1	0	1	0	0	0	3.0
5908	Payday loans should be banned	against	The alternative to having a system of payday loans is that people are unable to pay their bills or get needed immediate assistance, costing both long and short term harms.	0	0	0	0	1	1	1	0	0	0	3.0
3873	We should ban cosmetic surgery	in favor of	cosmetic surgery has been known to lead to deaths due to botched jobs. it should be banned so these deaths do not occur.	0	0	0	0	0	1	0	0	0	0	3.5
4389	We should subsidize journalism	against	subsidizing everything a person does can drain the pocket overtime.	0	0	0	0	0	1	0	0	0	0	3.5
3935	We should ban cosmetic surgery for minors	against	minors should be allowed to have procedures with parental permission	0	1	0	0	1	0	1	0	0	0	3.0
5278	The EU should start accession negotiations with Russia	against	Russia in the EU? No, thanks!	0	1	0	0	0	0	1	0	0	0	3.0
5356	There should be an enlargement of the European Union.	against	It's not a good idea to pursue further enlargement. The greater the territory, the harder it is to control and keep problems from appearing. Every large empire in history fell because it grew to such size that it couldn't be properly managed and ruled over. Examples from history don't become suddenly invalid because we're living in the 21st century.	0	0	0	0	0	1	0	0	0	0	3.5
4431	We should adopt an austerity regime	in favor of	it is important to reduce government spending so that money is available for other vital amenities such as the police force etc.	0	1	0	0	0	1	0	0	0	0	3.5
312	We should introduce compulsory voting	against	not everyone has a strong opinion on every topic.  those who choose not to participate should have the freedom not to.	0	0	0	0	0	1	1	0	0	0	3.0
4065	We should ban cosmetic surgery	against	cosmetic surgery is a fundamental right of a person to be able to  do what they want to their own body and the governmental should not be able to interfere with that right.	0	0	0	0	0	1	1	0	0	0	3.0
4756	Technology is rising Unemployment rates	in favor of	Several kinds of jobs are increasingly getting replaced by technology. As per the reports, there is a significant drop in the typists, weavers, construction workers etc.	0	0	0	0	0	1	0	0	0	0	3.5
3716	We should abolish safe spaces	in favor of	Safe spaces should be abolished because it just means that people can get out of work, classes, etc if they feel unsafe..	0	1	0	0	0	1	0	0	0	0	3.5
6646	We should subsidize vocational education	against	Subsidizing vocational education takes money away from other, more worthy causes that help society at large.	0	1	0	0	0	1	0	0	0	0	3.5
6705	Foster care brings more harm than good	against	children in foster care grow up in loving families that want children	0	1	0	0	0	1	0	0	0	0	3.5
1990	We should adopt libertarianism	in favor of	We should adopt libertarianism because taxation is theft, since it forces people to work for free.	0	0	0	0	1	0	1	0	0	0	3.0
1634	We should adopt libertarianism	in favor of	libertarianism - and the seeking to maximise freedom and personal autonomy - is a key value and it should be central to the constitution.	0	0	0	0	0	0	1	0	0	0	3.0
6150	Assisted suicide should be a criminal offence	against	assisted suicide shouldn't be a criminal offence because it allows the patient to have control over their final decisions	0	0	0	0	0	0	1	0	0	0	3.0
6013	We should subsidize vocational education	against	vocational education should not be subsidized as it would place extra strain on the education budget.	0	0	0	0	0	1	0	0	0	0	3.5
2050	We should ban missionary work	in favor of	missionary work is very dangerous for the people involved and provides little benefit to those being ministered to	0	1	0	0	0	1	0	0	0	0	3.5
3455	We should introduce compulsory voting	against	being forced to do anything inhibits freedom.	0	0	0	0	0	0	1	0	0	0	3.0
1368	We should subsidize space exploration	against	we should be concentrating on and spending money on making our world a better place then out exploring other worlds and space needlessly.	0	1	0	0	0	1	0	0	0	0	3.5
3048	We should ban the use of child actors	in favor of	children should be learning and playing, not working	0	1	0	1	0	0	1	0	0	0	3.0
2548	We should ban the use of child actors	against	i think the we shouldn't ban the use of child actors because is good for thier cultural formation	0	1	0	0	0	1	0	1	0	0	3.0
1479	We should ban the Church of Scientology	in favor of	the church of scientology is nothing more then a cult that brachurch of scientologyinwashes people.	0	1	0	0	0	1	1	0	0	0	3.0
5365	There should be a small council of people from all over the world, and identify the problems of every country and solve them.	against	Europe should represent its own interests.	0	0	0	0	1	0	1	0	0	0	3.0
4462	We should legalize organ trade	in favor of	"organ trade is excellent way to continue the process to help more people who are in need of a new organ, a ""pay it forward"" concept and should be legal"	0	1	0	0	0	1	1	0	0	0	3.0
4563	We should subsidize student loans	against	subsidizing student loans would allow access to funds above the means of the student and the financial consequences in the future, including higher interest rates would be financially detrimental.	0	1	0	0	1	1	0	0	0	0	3.0
2000	We should ban missionary work	in favor of	missionary work puts people into dangerous places where they can be harmed or killed.	0	1	0	0	0	1	0	0	0	0	3.5
6859	The use of public defenders should be mandatory	against	if a person can't afford otherwise, sure, give them a public defender but to require them is insanity.  the cost is just too great.	0	0	0	0	0	1	1	0	0	0	3.0
5395	The use of public defenders should be mandatory	against	a person accused of a crime should have the right to pick their own defense, whether that is to pick the defender they think will be most capable or that they find makes them more comfortable.	0	0	0	0	0	1	1	1	0	0	3.0
4979	Humanitarian organizations should be financially responsible in relation to illegal immigration.	in favor of	A humanitarian association that helps a migrant to enter the EU illegally, should be required to provide financial support in dignified conditions. 	0	1	0	0	1	1	0	0	0	0	3.0
5952	Assisted suicide should be a criminal offence	against	we have the right to make our own medical decisions and should be allowed to end our own lives if we are terminally ill	0	0	0	0	0	1	1	0	0	0	3.0
6847	Blockade of the Gaza Strip should be ended	against	the blockade of the gaza strip keeps more arms from entering through there which in turn saves lives.	0	0	0	0	0	1	0	0	0	0	3.5
1604	We should introduce compulsory voting	against	compulsory voting is an infringement on personal choice	0	0	0	0	0	0	1	0	0	0	3.0
5561	Foster care brings more harm than good	in favor of	foster care tends to move children from home to home and lacks stability.	0	1	0	0	0	1	0	0	0	0	3.5
3845	We should abolish safe spaces	in favor of	safe spaces are an illusion, no place is safe.	0	1	0	0	0	0	0	0	0	0	5.0
332	We should ban factory farming	against	factory farming is efficient and lowers food production costs.	0	1	0	0	1	0	0	0	0	0	3.0
466	We should legalize organ trade	in favor of	we should legalize organ trade because many people who are in need of organs have trouble getting good organs.	0	0	0	0	0	1	0	0	0	0	3.5
3628	We should ban telemarketing	against	telemarketing allows people that cannot find other jobs to be contributer to the economy and tax base along with the fact that these calls can be ignored with an answering machine or simply join a no-call list.	0	0	0	0	1	1	0	0	0	0	3.0
127	We should abandon the use of school uniform	in favor of	school uniforms cost a lot and might not be affordable for everyone	0	0	0	0	0	1	0	0	0	0	3.5
4974	We do not need immigration from non-European or non-first-world countries. 	in favor of	Multiculturalism creates chaos wherever it exists. Sweden's Stockholm has become the Rape Capital of the West, and the number of bombs and shootings has skyrocketed as well in that country. France is bordering on civil war, whole territories are not under state control anymore. Europe needs to stop migration and asylum indefinitely. We need to put our European peoples first, much like the entire world is doing while our civilization is committing suicide based on values imposed by sanctimonious narcissists. 	0	0	0	0	0	1	0	0	0	0	3.5
2893	We should abolish safe spaces	against	Safe spaces give people the ability to process issues at their own pace without the added stress of judgement from others.	0	1	0	0	0	1	1	0	0	0	3.0
2865	We should legalize sex selection	in favor of	parents should be able to chose the sex of their children.	0	1	0	0	1	0	1	0	0	0	3.0
5407	Assisted suicide should be a criminal offence	in favor of	Assisted suicide is a criminal offence as it centers on the intentional death of a human being.	0	1	0	0	0	1	0	0	0	0	3.5
4514	We should ban targeted killing	against	targeted killing allows for prime targets and organizers of terror with ingrain beliefs that result in deadly consequences and should be assassinated for protection of lives.	0	0	0	0	0	1	0	0	0	0	3.5
6109	Homeschooling should be banned	against	homeschooling should not be banned because it is a right for parents to educate their children in their comfort of home	0	1	0	0	0	1	1	0	0	0	3.0
378	We should ban fast food	against	we shouldn't ban fast food because it is an affordable option for people that might not be able to get hot food otherways.	0	1	0	1	0	1	1	0	0	0	3.0
405	We should ban the use of child actors	in favor of	child actors miss out on socialization with kids their own age and fall behind in school	0	1	0	0	0	1	0	0	0	0	3.5
3548	We should adopt an austerity regime	in favor of	to be able to provide a stable economy, an austerity regime is necessary to operate on a balanced budget.	0	0	0	0	1	1	0	0	0	0	3.0
400	We should ban cosmetic surgery	against	we should not ban cosmetic surgery because there are some people that are seriously need it done to improve their lifestyles	0	0	0	1	0	1	1	1	0	0	3.0
2957	We should ban factory farming	against	factory agriculture lowers the costs of the products and ensures its production throughout the year	0	1	0	0	0	1	0	0	0	0	3.5
4709	India should accept Rohingya refugees	in favor of	Accepting refugees escaping from death situations is surely an act of humanity. Rohingya people have been treated brutally by the Burmese government due to racism. Being a neighboring country, we should be accepting those people who are in deep distress. 	0	1	0	0	0	1	0	0	0	0	3.5
2826	We should abolish the Olympic Games	against	the olympic games  are an important celebration of athleticism that the whole world can participate in.	0	0	0	1	0	1	0	1	0	0	3.0
3821	We should abolish intellectual property rights	against	people should be able to guarantee income from inventions to recover development cost	0	0	0	0	0	1	0	0	0	0	3.5
5757	Entrapment should be legalized	in favor of	people should be allowed to entrapment because it's another way to express themselves	0	0	0	0	0	0	1	0	0	0	3.0
2609	We should adopt an austerity regime	in favor of	an austerity regime helps to balance the nation's budget and reduce national debt.	0	1	0	0	1	1	0	0	0	0	3.0
6436	Assisted suicide should be a criminal offence	against	people should not have to suffer unduly and a person that assists them in ending it should not be a criminal.	0	0	0	0	0	0	1	0	0	0	3.0
3901	We should stop the development of autonomous cars	against	they are the way of the future, and they decrease the amount of road accidents.	0	0	0	0	0	1	0	0	0	0	3.5
4173	We should legalize cannabis	in favor of	cannabis has medical benefits that could be used to give relief to people with chronic illnesses.	0	0	0	0	0	1	0	0	0	0	3.5
521	We should stop the development of autonomous cars	in favor of	autonomous cars can be hacked and become a dangerous weapon for evil persons	0	1	0	0	0	1	0	0	0	0	3.5
6778	Foster care brings more harm than good	in favor of	foster care has mostly bought medical problems to the children and lead to many deaths.	0	1	0	0	0	1	0	0	0	0	3.5
3897	We should ban algorithmic trading	against	people should be free to use a computer trading program at their own risk	0	0	0	0	0	0	1	0	0	0	3.0
291	We should ban fast food	in favor of	fast foods are extremely high in calories, and it's easy for a person to exceed the recommended number of calories when they eat fast foods	0	0	0	0	0	1	0	0	0	0	3.5
1862	We should legalize organ trade	against	Selling organs puts the seller in incredible risk of further injury and decreases their quality of life.	0	0	0	0	0	1	0	0	0	0	3.5
5509	We should abandon television	in favor of	excessive television watching leads to a sedentary lifestyle and obesity	0	0	0	0	0	1	0	0	0	0	3.5
1514	We should ban fast food	against	fast food should not be banned as it is comforting, allows for social events and interaction and is enjoyed by many	0	0	0	1	0	1	1	0	0	0	3.0
1391	We should ban cosmetic surgery for minors	in favor of	"The ""perfect"" beauty teens aspire to achieve with cosmetic surgery isn't real. Pictures in magazines are often airbrushed or photo-shopped - or otherwise enhanced."	0	1	0	0	0	0	1	0	0	0	3.0
710	We should fight for the abolition of nuclear weapons	against	nuclear weapons provide us security in times of war.	0	0	0	0	1	1	0	0	0	0	3.0
6791	We should abandon television	in favor of	television causes obesity in children as it prevents them from being active.	0	0	0	0	0	1	0	0	0	0	3.5
2469	We should ban cosmetic surgery for minors	in favor of	minors don't have the forethought and capacity to make decisions about permanent procedures. they cant fully think through the consequences of plastic surgery. many may end up regretting it.	0	0	0	0	0	1	0	0	0	0	3.5
594	We should abolish the right to keep and bear arms	against	Citizens should be allowed to defend themselves with lethal force in a life-or-death situation because the police are typically slow to respond to such situations.	0	1	0	0	0	0	0	0	0	0	5.0
5295	We need a better migration policy.	in favor of	Africa is the only continent where the number of young people continues to increase.  	0	0	0	0	0	1	0	0	0	0	3.5
1613	We should ban the Church of Scientology	in favor of	we should ban them because it is a cult that expects members to pay lots of money to join, and if anyone tries to leave they make their life hell.	0	1	0	0	0	1	0	0	0	0	3.5
6924	Consumerism brings more harm than good	against	Though the markets are yet a little controlled, they are freer than before. Consumerism improved the standard of living of the common Indian middle class tremendously. In recent decades, the Indian government has been improving the markets in order to boost entrepreneurial activity.	0	0	0	0	1	1	1	0	0	0	3.0
31	We should ban the Church of Scientology	in favor of	there are questions of it's legitimacy and whether it is a cult as well as the fact that members have to pay more to move up the levels thereby leading some to come into financial troubles due to this	0	1	0	0	0	1	0	0	0	0	3.5
2898	We should ban fast food	against	many brands are now offering healthier options such as salads & vegetarian foods, just because its called fast food doesn't mean its unhealthy	0	1	0	0	0	1	1	0	0	0	3.0
5650	Foster care brings more harm than good	in favor of	Children get moved from foster home to foster home and end up troubled because they feel so unwanted.	0	1	0	0	0	1	0	0	0	0	3.5
2557	We should legalize sex selection	in favor of	it helps to insure that the parents get the gender of the child they want and will love	0	1	0	0	0	0	1	0	0	0	3.0
6991	Reservations in India should be based on economic status	against	In India, it's easy to hide some income resources and to get a false income certificate. Though the situations are changing for the better, it is not that difficult.	0	1	0	0	1	0	0	0	0	0	3.0
5840	We should abandon television	in favor of	television giving most lies to the people and knowing that people will be distracted from truth.	0	1	0	0	0	0	1	0	0	0	3.0
2970	We should oppose collectivism	against	collectivism gives one voice a louder voice by having others available for support	0	0	0	0	1	1	0	0	0	0	3.0
7312	We should protect our privacy in the Internet age.	against	If the laws and regulations on privacy protection in one region or country are too stringent, it is likely to lead to the transfer of capital to another region or country.	0	0	0	0	1	0	0	0	0	0	3.0
709	We should ban cosmetic surgery for minors	against	even minors have the right to bodily autonomy and should be allowed to decide for themselves whether to have cosmetic surgery.	0	0	0	0	0	0	1	0	0	0	3.0
3161	We should ban targeted killing	against	Targeted killing will help clean up the streets faster.	0	1	0	0	0	1	0	0	0	0	3.5
7373	Carbon emissions trading should be limited.	in favor of	Promoting global energy conservation and emission reduction can slow down the trend of China's low-end industries moving to third world countries, thus strengthening its position as a major manufacturing country.	0	0	0	0	1	1	0	0	0	0	3.0
3414	We should legalize prostitution	in favor of	people have the right to use their bodies in any way they choose.	0	0	0	0	0	0	1	0	0	0	3.0
949	We should ban the use of child actors	in favor of	using child actors can create unimaginable pressure ans stress on the child if they become a star or the production is a success and this can lead to substance abuse problems to cope with said pressure	0	1	0	0	0	1	0	0	0	0	3.5
6966	Human Gene editing is a good thing	in favor of	Some people who believe in modifying the genes believe that it not only increases the span of life but also increases the quality of life.	0	0	0	0	0	1	0	0	0	0	3.5
4490	We should legalize sex selection	in favor of	couples should be able to select the sex of their child since some may only want boys or may want girls.  they may also already have more then one child of a certain sex and want the other sex next time.	0	1	0	0	1	0	1	0	0	0	3.0
4482	We should subsidize space exploration	against	the money spent on subsidizing space exploration could be better spent on other things that help all of society	0	1	0	0	0	1	0	1	0	0	3.0
7326	We should open up three-child policy to encourage childbirth.	in favor of	The number of births is too small, which affects the overall economic growth.	0	1	0	0	0	1	0	0	0	0	3.5
25	We should ban the Church of Scientology	in favor of	they are nothing but a cult and manipulate their members	0	0	0	0	0	0	1	0	0	0	3.0
4561	We should legalize cannabis	in favor of	people have the right to live their lives in any way they choose and the government doesn't have the right to tell adults what they can put in their own bodies	0	0	0	0	0	0	1	0	0	0	3.0
5490	Surrogacy should be banned	against	surrogacy is very important in helping couples who can't procreate have children.	0	1	0	1	0	1	1	1	0	0	3.0
2385	We should stop the development of autonomous cars	in favor of	autonomous cars will  destroy millions of jobs of truck and taxi drivers.	0	1	0	0	1	1	0	0	0	0	3.0
2175	We should abolish intellectual property rights	against	we shouldn't abolish intellectual property rights because people should have the right to do what they want with their ow property	0	0	0	0	0	0	1	0	0	0	3.0
4524	We should ban cosmetic surgery	against	some severe birth defect can be fixed by cosmetic surgery and these people have a right to live their life without the stigma of their  disformity tormenting them for their entire life.	0	1	0	0	0	1	1	0	0	0	3.0
5440	Foster care brings more harm than good	in favor of	foster care can fail to meet the needs of children.	0	1	0	0	0	1	0	0	0	0	3.5
1671	We should subsidize space exploration	against	Space exploration is expensive and money should not be wasted on something that will probably never improve life on earth.	0	0	0	0	0	1	0	0	0	0	3.5
5613	Social media brings more harm than good	in favor of	social media causes harm by people trying to live up to their peers.	0	0	0	0	0	1	0	0	0	0	3.5
5758	Payday loans should be banned	against	payday loans should  not be banned because some peoples last hope is these kinds of stores.	0	1	0	0	1	0	1	0	0	0	3.0
7152	We should rethink the legal state of Family Reunification.	in favor of	Family Reunification creates unbearable levels of migration and acute problems of integration for several EU Member States.	0	0	0	0	0	1	0	0	0	0	3.5
3866	We should stop the development of autonomous cars	in favor of	they have already shown that they cannot avoid all accidents.	0	0	0	0	0	1	0	0	0	0	3.5
5425	Social media brings more harm than good	against	social media connects family members from around the world.	0	1	0	1	0	1	1	0	0	0	3.0
3321	We should ban missionary work	in favor of	missionary work should be banned because it is becoming more dangerous for americans to be in foreign countries.	0	1	0	0	0	1	0	0	0	0	3.5
5379	The EU should integrate the armed forces of its member states	in favor of	The EU cannot endlessly lean on America or NATO. America has proven to be fickle and NATO has its own problems, such as Turkey, which is outside the EU and has threatened Greece. The EU needs its own independent solution.	0	1	0	0	1	1	1	0	0	0	3.0
6095	Assisted suicide should be a criminal offence	against	it is more humane to help the person die than to let them suffer excruciating pain	0	1	0	0	0	1	1	0	0	0	3.0
6916	Referendums are good for the society	against	Referendums weaken the sovereignty of the parliament, where the decisions are made with thorough discussions and debate among the chosen representatives.	0	1	0	0	1	0	1	0	0	0	3.0
6857	Holocaust denial should be a criminal offence	against	free thinking for all should never be a crime.	0	0	0	0	0	0	1	0	0	0	3.0
2845	We should abolish the Olympic Games	in favor of	they are expensive to whoever hosts them	0	0	0	0	1	1	0	0	0	0	3.0
3370	We should ban fast food	in favor of	obesity is rising at an alarming rate and fatty foods and sugar filled drinks are shown to be one of the biggest contributors so fast food should be banned because those foods are sold there.	0	1	0	0	0	1	0	0	0	0	3.5
6158	Surrogacy should be banned	in favor of	surrogacy should be banned because it could cause emotional damage to the carrier.	0	0	0	0	0	1	0	0	0	0	3.5
1428	We should ban algorithmic trading	in favor of	Algorithmic trading causes substantial job loss for employees in the economic sector with few benefits to the market overall.	0	0	0	0	1	1	1	0	0	0	3.0
6574	Surrogacy should be banned	against	it is a legitimate choice for the surrogate and family to make, if the surrogate wants to use their body to carry a baby the state has no right to stop this	0	1	0	0	0	0	1	0	0	0	3.0
1273	We should ban fast food	against	fast food enables people who lead busy lives to be able to have meals on the go.  this way they do not miss meals.	0	1	0	0	0	1	1	1	0	0	3.0
384	We should legalize organ trade	against	Selling organs is dangerous, leading to many deaths on the operating table.	0	0	0	0	0	1	0	0	0	0	3.5
738	We should ban cosmetic surgery	in favor of	the long term effects of new procedures have not been studied enough to know if they are safe.	0	1	0	0	0	1	0	0	0	0	3.5
4566	We should encourage people to take part in Fit India Movement	in favor of	Due to the inactive lifestyle and stressful lives, many people are getting lifestyle diseases such as diabetes, hypertension, etc. Fit India Movement can encourage people to consume healthy food and maintain physical and mental fitness.	0	0	0	0	1	1	0	0	0	0	3.0
4550	We should adopt libertarianism	in favor of	libertarianism reduces the oppression of big government and gives more freedom to the pople	0	0	0	0	0	0	1	0	0	0	3.0
3823	We should abolish safe spaces	against	in this world of bullying and political devisivness, people need places to go feel safe	0	0	0	0	0	1	0	0	0	0	3.5
662	We should legalize cannabis	against	cannabis use has been linked to mental problems in youth and shouldn't be legalized.	0	0	0	0	1	0	0	0	0	0	3.0
5022	Food health and industry companies should be located within the EU	in favor of	The COVID crisis has shown, that we are very vulnerable.  Critical industries must stay in Europe. Infrastructure in the EU especially critical infrastructure must remain under full and absolute European control.	0	0	0	0	1	1	0	0	0	0	3.0
2642	We should ban fast food	in favor of	Fast food is a leading cause of obesity in the world and needs to be banned.	0	0	0	0	0	1	0	0	0	0	3.5
4319	We should abolish capital punishment	against	it would save taxpayers from paying for a person to have a room and food for the rest of their natural life if thats their sentence.	0	0	0	0	0	1	0	0	0	0	3.5
3187	We should ban cosmetic surgery for minors	in favor of	cosmetic surgery for minors should be banned because the risks involved outweigh any benefit that may be acheived	0	1	0	0	0	1	0	0	0	0	3.5
5664	Holocaust denial should be a criminal offence	against	Making Holocaust denial a criminal offense will force deniers underground, and their activity will be hard to monitor.	0	0	0	0	0	0	1	0	0	0	3.0
3172	We should ban the Church of Scientology	in favor of	it is necessary to eliminate the church of scientology for the safety of people	0	1	0	0	0	1	0	0	0	0	3.5
5401	Assisted suicide should be a criminal offence	against	if someone is in extreme pain why make them suffer? this is not criminal	0	0	0	0	0	0	1	0	0	0	3.0
2318	We should adopt a multi-party system	against	they can lead to too much indecision	0	0	0	0	1	0	0	0	0	0	3.0
2545	We should legalize sex selection	in favor of	we should legalize sex selection because i think people should be able to pick if they want their child to be a boy or a girl	0	1	0	0	0	0	1	0	0	0	3.0
0	We should ban human cloning	in favor of	we should ban human cloning as it will only cause huge issues when you have a bunch of the same humans running around all acting the same.	0	0	0	0	0	1	0	0	0	0	3.5
2396	We should legalize sex selection	in favor of	people should be allowed to pick the sex of their baby, only they know what's best for their child and what kind of life they'll have	0	1	0	0	0	0	1	0	0	0	3.0
6829	Surrogacy should be banned	against	surrogacy is an excellent way for infertile couples to have a family of their own.	0	1	0	0	0	1	0	0	0	0	3.5
3040	We should ban fast food	in favor of	fast food is quickly leading to child obesity and an unhealthy generation.	0	0	0	0	0	1	0	0	0	0	3.5
5003	The EU should immediately end the refugee deal with Turkey.	against	Without the refugee deal, the migrants will return to invade us. 	0	1	0	0	0	1	0	0	0	0	3.5
4853	Migrants should be housed in EU bureaucrats' neighborhoods	in favor of	I think EU bureaucrats and politicians should set an example for the rest of, Merkle in particular. They should also donate 30% of their wages to them.	0	1	0	0	0	0	0	0	0	0	5.0
921	We should legalize cannabis	in favor of	the healing properties of cannabis are necessary to alleviate the health of many patients who do not have access to it due to its restriction	0	0	0	0	0	1	1	0	0	0	3.0
2903	We should legalize prostitution	in favor of	women should have the right to decide what to do with their body and that should include being able to sell it.	0	0	0	0	1	0	1	1	0	0	3.0
625	We should legalize organ trade	against	legalizing the organ trade would lead to people forcing or coercing other into giving their organs. this would increase death and suffering.	0	0	0	0	0	1	0	0	0	0	3.5
4098	We should legalize organ trade	in favor of	the marketing of organs could take a positive step since there are many people who die young of brain deaths could family members sell their organs would be something positive	0	1	0	0	1	1	1	0	0	0	3.0
3346	We should ban human cloning	against	human cloning helps to eradicate diseases and should not be banned	0	0	0	0	0	1	0	0	0	0	3.5
425	We should adopt a multi-party system	against	amulti-party system can lead to unstable coalitions in order to get into power	0	0	0	0	0	1	0	0	0	0	3.5
6983	Military training should be made compulsory for all in India	against	Most of the reserve force will not be utilized, which means huge amounts of expenditure on trainings will go in vain.	0	0	0	0	0	1	0	0	0	0	3.5
971	We should ban human cloning	against	cloning of organs can and will save many lives, people who need organ transplants could be saved by cloning organs for them rather than waiting for others to die, cloned limbs would also help disabled people.	0	1	0	0	0	1	0	0	0	0	3.5
6986	Adultery should be criminalized	against	Law should not interfere in the personal lives.	0	0	0	0	0	0	1	0	0	0	3.0
2664	We should abolish the right to keep and bear arms	against	gun ownership is a personal right and a form of personal protection in an ever-increasingly hostile and dangerous world.	0	1	0	0	0	1	1	0	0	0	3.0
1619	We should ban the use of child actors	against	many great actors of today started as children and had no problem in their growth	0	0	0	0	0	1	1	1	0	0	3.0
329	We should abolish safe spaces	in favor of	we should abolish safe spaces because those who are easily offended need to grow up	0	0	0	0	0	0	1	0	0	0	3.0
651	We should ban fast food	in favor of	fast food is the cause of the ever increasing chronic conditions and obesity in our nation.	0	0	0	0	1	0	0	0	0	0	3.0
1982	We should ban telemarketing	in favor of	telemarketing is intrusive and violates the right to private property	0	0	0	0	0	0	1	0	0	0	3.0
5373	The EU should integrate the armed forces of its member states	in favor of	I agree with your idea. But it is a long and arduous way to reach the goal. What's the point of building a skyscraper without a foundation? What I mean by that: First the EU needs a unified foreign policy and only then a common and united army.	0	0	0	0	1	1	0	0	0	0	3.0
2162	We should legalize cannabis	in favor of	we should legalize cannabis because it is harmless.	0	0	0	1	0	0	1	0	0	0	3.0
7164	We should protect the European border	in favor of	Frontex deserves much more political support, especially from the European Commission. It is already playing an important role to manage the border and is called to play a crucial one in the coming years. 	0	1	0	0	0	1	0	0	0	0	3.5
3149	We should abolish the Olympic Games	in favor of	we should abolish the olympic games because the money they spend could be used for better things like medical research	0	1	0	0	0	1	1	0	0	0	3.0
6005	Social media brings more harm than good	against	if used properly it can reunite old friends and family and bring much pleasure.	0	1	0	1	0	1	1	1	0	0	3.0
6468	Surrogacy should be banned	in favor of	surrogacy should be banned. it puts women life in danger by turning them into making machines	0	0	0	0	0	1	0	0	0	0	3.5
3109	We should adopt an austerity regime	against	adopting an austerity regime may negatively impact the demand side of the economy, hampering economic growth.	0	0	0	0	0	1	0	0	0	0	3.5
2241	We should ban fast food	against	fast food is convenient food and cheap	0	0	0	1	1	1	1	1	0	0	3.0
6166	The vow of celibacy should be abandoned	in favor of	it should be abandoned because they have the same desires as every human has	0	0	0	1	0	0	0	1	0	0	3.0
866	We should legalize organ trade	in favor of	organs are expensive, and a legal trade can allow for someone in desperate need to get an organ without money or wait times.	0	1	0	0	0	1	1	0	0	0	3.0
117	We should abandon the use of school uniform	in favor of	forcing children into wearing school uniforms shows our children that they cannot think as individuals and must conform to societies way of thinking.	0	0	0	0	0	0	1	1	0	0	3.0
3250	We should ban private military companies	in favor of	private military companies are mercenaries who can harm our society for greed and we don't need them	0	0	0	0	0	1	1	0	0	0	3.0
1088	We should ban fast food	in favor of	fast food should be banned because it is full of unhealthy ingredients that contribute to the failing of american health.	0	1	0	0	0	1	0	0	0	0	3.5
4887	We need a common migration and asylum policy, based on respect for rights and equal treatment	against	Before we focus on ensuring that immigrants have nice conditions in the EU, we should first focus on ensuring that our own people can live respected lives in their own countries. Countries where they paid taxes and supported with their own labor. So that they are supported when they get ill, when they need help taking care of their kids and when they one day retire. EU still hasn't properly managed to achieve this in all member states. As such those member states should focus on repairing and improving the situation for their own people first and once those countries are up to standard and have free resources left, then we can speak of improving the situation for immigrants.	0	1	0	0	0	1	0	0	0	0	3.5
6703	Assisted suicide should be a criminal offence	against	if someone wishes to die and they are unable to do it it ought to be legal to receive assistance	0	1	0	0	0	0	1	0	0	0	3.0
887	We should ban cosmetic surgery for minors	against	a person should be allowed to choose what happens to their bodies	0	0	0	1	0	0	1	0	0	0	3.0
7327	We should open up three-child policy to encourage childbirth.	against	The people at the Health Planning Commission thought there would be a population explosion after opening up childbirth, but in reality people don't want to have children, whether you restrain them or not.	0	1	0	0	0	0	1	0	0	0	3.0
922	We should subsidize embryonic stem cell research	in favor of	embryonic stem cell research may in the future lead to the discovery of treatments for many debilitating medical conditions	0	0	0	0	0	1	1	0	0	0	3.0
3261	We should ban cosmetic surgery	against	cosmetic surgery as helped a lot of accident victims regain there injured and lost body parsty	0	0	0	0	0	1	1	0	0	0	3.0
5970	Payday loans should be banned	against	the payday loan should not be prohibited because each individual is free to negotiate with another individual. free market law. the state should not interfere.	0	0	0	0	0	1	1	0	0	0	3.0
6693	Holocaust denial should be a criminal offence	against	people can choose to believe what they wish.  denying it happened is not a crime.	0	0	0	0	0	0	1	0	0	0	3.0
3091	We should legalize sex selection	in favor of	if that's what makes people happy then they should be allowed to do it	0	0	0	0	0	1	1	0	0	0	3.0
358	We should ban telemarketing	against	telemarketing shouldn't be banned, this is a free country and people have the right to call others and solicit items.	0	0	0	0	0	1	1	0	0	0	3.0
6308	Holocaust denial should be a criminal offence	against	you can not tell a person how they should or should not believe and making holocaust denial a criminal offense is an unnecessary intrusion.	0	0	0	0	0	0	1	0	0	0	3.0
3706	We should adopt an austerity regime	against	an austerity regime will cause taxpayers to have to pay more taxes	0	0	0	0	1	1	0	0	0	0	3.0
1463	We should legalize sex selection	in favor of	sex selection is a choice between parents and their doctor; if the parents insist on having a boy to, say, balance out a family full of girls, then what's the problem with that?	0	1	0	0	0	0	1	0	0	0	3.0
1290	We should legalize organ trade	in favor of	a human being at death can help others to live and through organ trade help their families live	0	1	0	0	1	1	0	0	0	0	3.0
7174	We should stop immigration.	in favor of	The organization of mass migration is a heinous crime. No more immigration from non-European or non-first-world countries.	0	0	0	0	0	1	0	0	0	0	3.5
655	We should ban private military companies	in favor of	private military companies have no governmental controls and can do more harm then good.	0	0	0	0	0	0	1	0	0	0	3.0
5002	We need a single immigration policy.	in favor of	But also those people who fear migrants, thinking they are all criminals (while 99% of them are people coming to work, improving their family's life, and paying taxes) will need someone to pay their retirement benefits/ pensions and to push their wheelchairs...	0	0	0	0	0	1	0	0	0	0	3.5
4657	Social media is making us less social	in favor of	By following friends on social media and not communicating with them privately, we can only know the things they post on their accounts. We may not know much about what is really happening in their lives. That means we will have no meaningful connections with friends. The convenience of contacting people online made us prefer it over meeting them outside.	0	1	0	0	0	1	0	0	0	0	3.5
6058	Payday loans should be banned	against	nobody is forced to take out a payday loan; their existence affords the general population a choice of ways to borrow money.	0	1	0	0	1	1	1	0	0	0	3.0
1018	We should ban the use of child actors	against	child actors are an important part of the acting industry and should continue to be allowed with restrictions to ensure the child's well being.	0	1	0	0	0	0	0	1	0	0	3.0
168	We should legalize cannabis	in favor of	cannabis should be legalized because it is no worse than alchohol.	0	0	0	1	0	1	1	0	0	0	3.0
543	We should legalize cannabis	in favor of	Too much drugs depend on the availability of cannabis. legalizing it will make development of these drugs quicker	0	0	0	0	0	1	1	0	0	0	3.0
5529	Blockade of the Gaza Strip should be ended	against	international bodies demanding an end to the blockade are dismissing israel's sovereignty.	0	0	0	0	1	0	1	0	0	0	3.0
3586	We should subsidize student loans	against	we should not because it would cost the country millions of pounds and raise everyone's taxes, so the cost of living would go up.	0	1	0	0	1	1	0	0	0	0	3.0
6207	We should subsidize vocational education	against	vocational education should not be subsidized people should fund themselves	0	1	0	0	0	0	1	0	0	0	3.0
6331	The vow of celibacy should be abandoned	in favor of	the vow of celibacy is no longer relevant in today's society and should be abandoned	0	0	0	0	0	0	1	0	0	0	3.0
6912	We should promote Zero Budget Natural Farming all over India	in favor of	We are witnessing farmer suicides in the past few years in several parts of the country. This is mainly because of the high input costs involved in farming. To raise capital, they are forced to take loans and if the crop fails due to various reasons, they are opting for suicide. Zero Budget Natural Farming will prevent farmers from getting trapped in a vicious cycle of debts.	0	1	0	0	1	1	0	0	0	0	3.0
3070	We should introduce compulsory voting	in favor of	compulsory voting would see to it that we have the person the people, all the people, truly want in each area of our government.	0	1	0	0	1	1	0	0	0	0	3.0
2997	We should introduce compulsory voting	against	it should be the right of the individual whether to vote or not to vote.	0	0	0	0	0	0	1	0	0	0	3.0
90	We should introduce compulsory voting	against	compulsory voting goes against people's liberties and freedoms.	0	0	0	0	0	0	1	0	0	0	3.0
4243	We should subsidize embryonic stem cell research	in favor of	embryonic stem cells can potentially save lives for many diseases such as diabetes	0	0	0	0	0	1	0	0	0	0	3.5
6858	We should abandon television	in favor of	television leads to lack of exercise and loss of communication as people sit in front of their television rather than talk and do activities together.	0	0	0	1	0	1	0	1	0	0	3.0
4828	British people who are residents in an EU country should have EU-wide rights	in favor of	It is truly a pity that many people lost many of their rights overnight, one year ago. It is actually a pity that the UK even made such a decision. Brexit was the decision of generally uninformed or misinformed people who can't be blamed for it. Especially the ones that actually voted to remain or the ones that didn't get to vote at all. The truth is that the UK was always sort of the 'black sheep' in the EU. Even historically, the UK was often somewhat 'detached' from European politics and issues.	0	1	0	0	0	1	0	0	0	0	3.5
6325	We should abandon television	against	we should not abandon television because television is the only form of entertainment for some people	0	0	0	1	0	0	0	1	0	0	3.0
2431	We should ban the use of child actors	against	children should be allowed to work in performing arts or professional sports, a ban does not make sense, nothing bad is being done	0	0	0	0	1	0	1	1	0	0	3.0
5471	Foster care brings more harm than good	in favor of	children raised in foster care don't have the love of a mom and dad	0	1	0	0	0	1	0	1	0	0	3.0
6711	Foster care brings more harm than good	in favor of	The meager amount of compensation has been the prime reason why foster children receive inadequate care from their foster parents	0	1	0	0	1	1	0	0	0	0	3.0
2504	We should ban cosmetic surgery	against	facial surgery is a common reconstruction for people who get involved in car accidents. cosmetic surgeries is the only solution for them to recover their face they destroyed in the accident	0	0	0	0	0	1	1	0	0	0	3.0
2947	We should ban factory farming	against	we should not ban this because it is a way to get cheap, affordable food for people that may not of otherwise been able to afford it and feed their family.	0	1	0	0	0	1	0	0	0	0	3.5
1725	We should ban the use of child actors	in favor of	children are too young to know the full effects of such a lifestyle and history has shown us many child actors are abandoned by the industry and often fall foul to substance abuse	0	1	0	0	0	1	0	0	0	0	3.5
4937	We need legal ways of migration.	against	Migrants willingly risk their lives.	0	0	0	0	0	0	1	0	0	0	3.0
6245	Social media brings more harm than good	against	social media allows family members and friends to keep abreast of things that are going on in each other's lives.	0	1	0	0	0	1	0	0	0	0	3.5
2859	We should ban telemarketing	in favor of	telemarketing is an annoyance and unnecessary approach	0	1	0	0	0	1	0	0	0	0	3.5
2585	We should ban missionary work	in favor of	we should ban missionary work as it could be dangerous	0	1	0	0	0	1	0	0	0	0	3.5
6717	Surrogacy should be banned	in favor of	Surrogacy can create long term emotional harms when women are separated from their children.	0	0	0	0	0	1	0	0	0	0	3.5
945	We should ban the Church of Scientology	in favor of	scientology is in fact a cult, cults need to be stopped.	0	0	0	0	1	1	1	0	0	0	3.0
64	We should legalize organ trade	in favor of	if we legalize the organ trade we will save lives, by ensuring that more people who need an organ transplant actually get one.	0	0	0	0	0	1	1	0	0	0	3.0
6433	We should abandon television	against	this is a free country. people have the choice to watch tv or not	0	0	0	0	0	0	1	0	0	0	3.0
5380	Entrapment should be legalized	in favor of	if entrapment can serve to more easily capture wanted criminals, then why shouldn't it be legal?	0	0	0	0	0	1	0	0	0	0	3.5
3744	We should legalize prostitution	against	often females prostitutes are vulnerable and have drug and alcohol problems. they are only prostitutes because they are desperate.	0	0	0	0	0	1	1	0	0	0	3.0
285	We should abolish the right to keep and bear arms	against	people have a right to be able to defend themselves  and their loved ones	0	1	0	0	1	1	1	0	0	0	3.0
1814	We should introduce compulsory voting	against	some people just don't have an opinion about who to vote for	0	0	0	0	0	0	1	0	0	0	3.0
6803	Homeschooling should be banned	in favor of	homeschooling deprives children from scocialising and making friends.	0	0	0	1	0	1	0	1	0	0	3.0
1843	We should legalize cannabis	in favor of	cannabis can help alleviate many medical issues.	0	1	0	1	0	1	0	0	0	0	3.0
6295	Payday loans should be banned	against	Payday loans help people in need when they have an unexpected expense (such as a medical emergency) and cannot wait or cannot qualify for a traditional loan.	0	1	0	0	0	1	0	0	0	0	3.5
4314	We should ban factory farming	in favor of	it would make prices lower for consumers	0	0	0	0	1	1	0	0	0	0	3.0
2442	We should stop the development of autonomous cars	in favor of	autonomous cars should not be produced as they are dangerous and risky.	0	1	0	0	0	1	0	0	0	0	3.5
5730	The vow of celibacy should be abandoned	in favor of	the vow of celibacy is an outdated thinking	0	1	0	1	0	0	1	0	0	0	3.0
5394	Social media brings more harm than good	in favor of	social media can be incredibly addicting and cause depression based on popularity contests. we shouldn't use it so much because it can cause suicide and cyber bullying.	0	0	0	0	0	1	0	0	0	0	3.5
5576	Homeopathy brings more harm than good	against	homeopathy does not bring more harm than good because it is alternative medicine and some people believe that it is helpful in curing people	0	1	0	0	0	1	1	0	0	0	3.0
6197	Assisted suicide should be a criminal offence	against	assisted suicide is a compassionate way to help people choosing to end their life in a nonviolent way.	0	1	0	0	0	1	1	0	0	0	3.0
4992	We need a better distribution of refugees	against	The key to successful immigration depends upon the possibility of employment.  So EU members are to decide whom they want to admit.  	0	0	0	0	1	0	1	0	0	0	3.0
3454	We should adopt an austerity regime	in favor of	the government is putting us more and more into debt with wasteful spending and no real boundaries to it.	0	1	0	0	1	1	0	0	0	0	3.0
5668	Assisted suicide should be a criminal offence	against	Assisted suicide helps those who are in pain due to a devastating disease end their own lives on their own terms.	0	0	0	0	0	0	1	0	0	0	3.0
4261	We should ban human cloning	against	human cloning could allow parents an opportunity to replace a dead child and baby with a new child that is the same. this would help them deal with their original loss.	0	1	0	1	0	1	0	0	0	0	3.0
5831	Payday loans should be banned	against	payday loans provide a valuable service to those in need of emergency money	0	1	0	0	1	1	1	0	0	0	3.0
2954	We should legalize sex selection	in favor of	if the technology exists them it should be up to individuals to decide what sex child they have as this will effect them more than anyone else.	0	0	0	0	0	0	1	0	0	0	3.0
2570	We should abolish the three-strikes laws	in favor of	they laws don't stop crime, they just punish people harder.	0	1	0	0	0	1	0	0	0	0	3.5
4199	We should ban cosmetic surgery	in favor of	cosmetic surgery can involve complex, dangerous medical procedures which shouldn't be carried out for non-medical reasons.	0	0	0	0	0	1	0	0	0	0	3.5
5902	We should abandon television	in favor of	Television is an outdated modality that lures people into inactive passivity, it is dangerous to well-being and should be banned	0	0	0	0	0	1	1	0	0	0	3.0
6176	Homeschooling should be banned	against	homeschooling is an excellent alternative for children who are unable to attend normal schools for either emotional or psychological reasons.	0	1	0	0	0	1	1	0	0	0	3.0
2477	We should ban cosmetic surgery	in favor of	cosmetic surgery is unnecessary and does not provide health benefits	0	1	0	0	0	1	0	0	0	0	3.5
2654	We should abolish the Olympic Games	in favor of	the olympic games are a hugely expensive enterprise to host, and history is littered with countries left financially broken in the aftermath.	0	0	0	0	1	1	0	0	0	0	3.0
359	We should legalize sex selection	in favor of	when we allow abortion for any reason or purpose, sex selection cannot be excluded. in fact illegal sex selection only increased abortions as the alternative method to select gender	0	0	0	0	0	0	1	0	0	0	3.0
6797	Foster care brings more harm than good	against	foster care was established to help a child with a home rather than an orphanage.  it is not just a warehouse for kids but helps them develop by learning what it is to be in a loving home.	0	1	0	0	0	1	0	0	0	0	3.5
5589	Foster care brings more harm than good	against	The overwhelming experience shows that in care and health, decentralized and deinstitutionalized systems perform better and spend less than a massive state apparatus.	0	0	0	0	1	0	1	0	0	0	3.0
3153	We should ban cosmetic surgery	in favor of	the risks of cosmetic surgery are not worth the small gains that result from it	0	0	0	0	0	1	0	0	0	0	3.5
5857	Foster care brings more harm than good	against	Foster care provides a safe, secure environment for neglected and abused children.	0	1	0	0	0	1	0	0	0	0	3.5
3847	We should ban cosmetic surgery for minors	against	they should be allowed if they are medically necessary.	0	0	0	0	0	1	0	0	0	0	3.5
569	We should subsidize space exploration	in favor of	we should subsidize space exploration because someday we may have to leave earth behind once we deplete all our resources or because of a nuclear war.	0	1	0	0	0	1	1	0	0	0	3.0
2679	We should adopt a multi-party system	in favor of	a key advantage of a multi-party system is that voters have a choice of which political party they can choose to elect.	0	0	0	0	1	0	1	0	0	0	3.0
3778	We should legalize sex selection	against	countries that used sex selection, like china, now have a problem with two many older men and not enough women to marry them and have more children for the next generation.	0	0	0	0	0	1	0	0	0	0	3.5
3799	We should legalize prostitution	in favor of	prostitution should be allowed if the participants both agree.	0	0	0	0	0	0	1	0	0	0	3.0
422	We should oppose collectivism	in favor of	collectivism removes an individual's right to promote their private interests and exercise autonomy	0	0	0	0	1	0	1	0	0	0	3.0
6887	Payday loans should be banned	against	payday loans can be a life saver if one has a bill due that they need the money for immediately.	0	1	0	0	1	1	0	0	0	0	3.0
3136	We should adopt an austerity regime	in favor of	an austerity regime would stabilize our government	0	0	0	0	1	1	0	0	0	0	3.0
5660	Foster care brings more harm than good	against	sometimes foster care is the safest option for a child. it is far better to remove a child who is being looked after by parents who cannot be trusted not to harm the child.	0	1	0	0	0	1	0	0	0	0	3.5
5691	Foster care brings more harm than good	against	most foster families are good and provide a safe environment.	0	1	0	0	0	0	0	0	0	0	5.0
5680	Foster care brings more harm than good	against	it can help give a child from a broken home a more stable environment in which they can live a better life	0	0	0	0	0	1	0	0	0	0	3.5
37	We should adopt a multi-party system	in favor of	it would give people more of a choice  and provides someone for every culture to vote for	0	0	0	0	0	1	0	0	0	0	3.5
2594	We should ban factory farming	in favor of	we should ban factory farming as it poses a huge health risk by passing on diseases and bacteria to people.	0	0	0	0	0	1	0	0	0	0	3.5
6725	Social media brings more harm than good	against	social media allows people with limited interaction with others in their daily life to be able to socialize and interact with other adults on the internet, helping to ease loneliness.	0	0	0	1	0	1	1	1	0	0	3.0
3508	We should ban cosmetic surgery	in favor of	cosmetic surgery is taking unnecessary risks.	0	0	0	0	0	1	0	0	0	0	3.5
176	We should legalize organ trade	in favor of	Organ sales increase the likelihood that people with rare blood types or conditions can find an organ.	0	1	0	0	0	1	1	0	0	0	3.0
873	We should legalize cannabis	in favor of	legalizing cannabis will make it easier for those who need it for medical reasons to acquire it.	0	0	0	0	0	1	1	0	0	0	3.0
2669	We should ban cosmetic surgery for minors	in favor of	We should ban cosmetic surgery for minors because it sends a message to young people that conventional attractiveness is more important than health.	0	1	0	0	0	1	0	0	0	0	3.5
3634	We should stop the development of autonomous cars	in favor of	autonomous cars are dangerous and will only cause deaths.	0	1	0	0	0	1	0	0	0	0	3.5
1755	We should adopt libertarianism	in favor of	libertarianism gives us real freedom and keeps the government out of our lives	0	0	0	0	0	0	1	1	0	0	3.0
6428	Surrogacy should be banned	against	it gives women a chance to be a mother if they themselves can't conceive	0	1	0	0	0	0	1	1	0	0	3.0
2758	We should ban fast food	against	in moderation, fast food can be a treat or convenient meal for busy people.  we should allow people to enjoy it.	0	0	0	1	0	1	1	0	0	0	3.0
4281	We should ban whaling	against	whaling provides a lot of income for people that would then become unemployed if they couldn't do it anymore.	0	0	0	0	0	1	0	0	0	0	3.5
3441	We should introduce compulsory voting	against	no one should be forced to do anything in our country.	0	0	0	0	0	0	1	0	0	0	3.0
6799	Foster care brings more harm than good	against	foster care can help a child find a family that truly loves them and gives them everything they need	0	1	0	0	0	1	0	0	0	0	3.5
4198	We should legalize sex selection	against	Gender selection is an extremely expensive medical process.	0	0	0	0	0	1	0	0	0	0	3.5
4271	We should ban cosmetic surgery for minors	against	if a minor has a deformity or scarring, they should be able to have it corrected.	0	0	0	0	0	1	1	0	0	0	3.0
6481	Blockade of the Gaza Strip should be ended	in favor of	its deterring every day citizens from getting goods they need.	0	1	0	0	0	1	0	0	0	0	3.5
7202	We should legalize non-violent drug offenses	in favor of	I fully agree that people should not be incarcerated for non-violent drug offenses. Drug addiction should be treated as a health issue. Drug addicts need help. Incarceration does not help them.	0	1	0	0	0	1	0	0	0	0	3.5
6271	Assisted suicide should be a criminal offence	against	when people are in unbearable pain and suffering and have no chance of getting better it is cruel to keep them alive without their consent	0	1	0	0	0	1	1	0	0	0	3.0
6050	Holocaust denial should be a criminal offence	against	people should be able to believe what they want.	0	0	0	0	0	0	1	0	0	0	3.0
1668	We should oppose collectivism	in favor of	collectivism decreases individual rights by forcing them to conform to what the group deems best	0	0	0	0	0	0	1	0	0	0	3.0
2217	We should abolish the right to keep and bear arms	in favor of	the right to keep and bear arms is putting everyone in danger and making mass-shootings more easily done.	0	0	0	0	0	1	0	0	0	0	3.5
52	We should abolish intellectual property rights	in favor of	ip rights enable large corporations to have a stranglehold over creators designs and work and should be abolished	0	0	0	0	0	0	1	0	0	0	3.0
5843	Payday loans should be banned	in favor of	loans only further encourage people to take on debt and buy things they can't afford	0	1	0	0	0	1	0	0	0	0	3.5
2151	We should adopt an austerity regime	against	We should not adopt an austerity regime because austerity only made countries like Greece and Argentina poorer.	0	1	0	0	1	1	0	1	0	0	3.0
3816	We should legalize cannabis	against	cannabis can harm brain chemistry in children.	0	0	0	0	0	1	0	0	0	0	3.5
6480	Foster care brings more harm than good	in favor of	foster care brings more harm than good because lots of times the kids just get sent from one home to another over and over and don't get the chance to learn to adapt and the change to love and be loved	0	1	0	0	0	0	0	0	0	0	5.0
5177	The fear of migration is a fear of the unknown and is exacerbated.	against	Fear of the unknown is normal behavior. It has saved our race since ages starting when mankind was a simple monkey among others. 	0	0	0	0	1	1	0	0	0	0	3.0
1382	We should adopt libertarianism	in favor of	government today has way too much influence in our daily lives; libertarianism seeks to reduce said interference, while possibly also reducing the amount of money the government spends.	0	0	0	0	1	1	1	0	0	0	3.0
966	We should legalize organ trade	in favor of	everyone should have a choice about what they want to do with their bodies, and if selling an organ is one of them, they should be free to decide.	0	0	0	0	0	0	1	0	0	0	3.0
487	We should introduce compulsory voting	in favor of	turn out figures are unacceptably low, we need to motivate people to be active voters for a representative democracy	0	1	0	0	1	0	0	0	0	0	3.0
4669	Companies should fight moonlighting	against	The sudden layoffs by several companies especially during the pandemic caused fear in many employees. And hence several people took up side gigs or a second job as a safety net in case they are laid off.	0	0	0	0	0	1	0	0	0	0	3.5
3286	We should oppose collectivism	against	collectivism is society working for the benefit of the masses and not for individual gain	0	1	0	0	0	1	0	0	0	0	3.5
85	We should limit judicial activism	in favor of	"activists judges aren't the ones shaping the laws. they're not ""all"" the people for who the laws are voted for. judicial activism has to be limited to only check for overuse of the power by governments"	0	0	0	0	1	0	0	0	0	0	3.0
2380	We should end mandatory retirement	in favor of	people should be allowed to retire when they are ready	0	0	0	0	0	0	1	0	0	0	3.0
4553	We should legalize organ trade	in favor of	organ trade would help save thousands of lives every year.	0	1	0	0	0	1	0	0	0	0	3.5
6843	Foster care brings more harm than good	in favor of	taking children away from their own parents destroys families which is why foster care brings more harm than good.	0	1	0	0	0	0	0	0	0	0	5.0
7360	We should vigorously develop the countryside.	against	The city is full of opportunities, it gives outworkers prosperity and convenience, and everyone can live in the city with their own power, and even gradually gain a foothold in the city.	0	0	0	0	0	0	1	0	0	0	3.0
3830	We should legalize prostitution	against	prostitution is often associated with drug abuse and other crimes, and legalising it would send out completely the wrong message.	0	0	0	0	0	1	0	0	0	0	3.5
6343	We should subsidize vocational education	against	we don't need to subsidize vocational education because the cost is already lower than traditional college.	0	1	0	0	0	1	0	0	0	0	3.5
2253	We should stop the development of autonomous cars	in favor of	autonomous cars could increase accidents	0	0	0	0	0	1	0	0	0	0	3.5
2780	We should stop the development of autonomous cars	in favor of	people need the freedom to drive where they want by themselves.	0	0	0	0	0	0	1	0	0	0	3.0
5039	The federal features of the European Treaties need to be strengthened.	in favor of	There is a lack of security and defense policy that can realistically be achieved by strengthening the Euro body as the 28th European army. 	0	0	0	0	1	1	0	0	0	0	3.0
1327	We should ban cosmetic surgery for minors	in favor of	Allowing cosmetic surgery for minors creates more risk for doctors and therefore more frivolous lawsuits and money spent on malpractice insurance. This is bad for the healthcare system overall.	0	1	0	0	1	1	0	0	0	0	3.0
1193	We should introduce compulsory voting	against	if someone has no choice it is wrong to insist that they choose	0	0	0	0	0	0	1	0	0	0	3.0
5858	Holocaust denial should be a criminal offence	against	we are supposed to be a modern society of free thought. if someone wants to deny the holocaust, it is their intellectual right.	0	0	0	0	0	0	1	0	0	0	3.0
6898	Blockade of the Gaza Strip should be ended	in favor of	ending the gaza strip blockade would allow more freedom of movement of people and goods which may allow a better standard of living for the gazan people.	0	0	0	0	0	1	1	0	0	0	3.0
465	We should abandon the use of school uniform	in favor of	Adolescents can be very self-conscious about their appearance. If a student thinks their uniform is unflattering, it may cause them discomfort and embarrassment.	0	0	0	0	0	1	0	0	0	0	3.5
5260	The 9th of May (Europe Day) should be a national holiday	in favor of	It is necessary to make Europe Day on May 9th a holiday day. It should replace the respective national holiday of a member country.	0	0	0	0	0	1	0	0	0	0	3.5
322	We should abolish the Olympic Games	in favor of	the olympic games are usually a drain on the economy of the host city	0	0	0	0	1	0	0	0	0	0	3.0
5794	The vow of celibacy should be abandoned	in favor of	the vow of celibacy is what drives the religious people to commit crimes	0	1	0	1	0	1	1	1	0	0	3.0
1874	We should ban cosmetic surgery for minors	against	there are conditions where there is a functional impairment such as a deviated septum or cleft palate where surgery is necessary for functional and aesthetic reasons	0	1	0	0	0	1	0	0	0	0	3.5
4328	We should subsidize student loans	against	no need to subsidize student loans, people can access education by using their own money and time	0	1	0	0	1	1	1	0	0	0	3.0
407	We should abandon the use of school uniform	against	school uniforms allow children to attend school without peer pressure on clothing.	0	0	0	0	0	1	0	0	0	0	3.5
2807	We should ban cosmetic surgery	in favor of	cosmetic surgery is risky in that it can cause adverse affects.	0	1	0	0	0	1	0	0	0	0	3.5
5465	We should abandon television	against	Television for many people is their connection to the outside world and should not be abandoned,	0	0	0	1	0	1	1	1	0	0	3.0
773	We should legalize organ trade	in favor of	people are more likely to share their organs if there is financial benefit to them, increasing supply.	0	0	0	0	1	1	1	0	0	0	3.0
371	We should ban cosmetic surgery	in favor of	cosmetic surgery has too many risks of something going wrong compared to the benefit of looking more aesthetically pleasing.	0	1	0	0	0	1	0	0	0	0	3.5
6431	Payday loans should be banned	in favor of	payday loans amount to usury, financially strapped people become overwhelmed by their excess fees.	0	0	0	0	0	1	0	0	0	0	3.5
3667	We should legalize sex selection	in favor of	people can have strong feelings about which sex child they have. they should be able to choose for themselves and not have to rely on chance.	0	0	0	0	0	0	1	0	0	0	3.0
2868	We should subsidize student loans	in favor of	students need help with the burden of college costs and shouldn't have to go into crippling debt to get an education.	0	1	0	0	0	1	0	0	0	0	3.5
4383	We should ban human cloning	against	cloning could prevent defective genes from being passed	0	0	0	0	0	1	0	0	0	0	3.5
1037	We should ban cosmetic surgery	against	we should not ban cosmetic surgery people some people don't like how they look and it's their money if they want to change that	0	0	0	1	1	0	1	1	0	0	3.0
1802	We should end mandatory retirement	in favor of	we should end mandatory retirement these days people need to work longer to afford to live because of inflation.	0	0	0	0	1	1	0	0	0	0	3.0
1489	We should oppose collectivism	in favor of	collectivism too often causes the individual to suffer needlessly	0	0	0	0	0	1	1	0	0	0	3.0
3084	We should adopt libertarianism	against	we should not adopt libertarianism because the government would have too much control over people	0	0	0	0	0	0	1	0	0	0	3.0
6980	The Internet should be censored	in favor of	Internet censorship helps in maintaining Cybersecurity.	0	0	0	0	0	1	1	0	0	0	3.0
3549	We should adopt an austerity regime	in favor of	we should adopt an austerity regime to help pay the country'd unending debt	0	0	0	0	0	1	0	0	0	0	3.5
593	We should legalize prostitution	in favor of	legalizing prostitution could allow for regulations that make prostitutes and the people that use their services safer and healthier.	0	0	0	0	0	1	0	0	0	0	3.5
3948	We should ban whaling	against	people's jobs depend on whaling, there is a whole industry which would be destroyed if whaling was banned, resulting in hardships for whole communities.	0	0	0	0	0	1	0	0	0	0	3.5
7341	We should prevent the disorderly expansion of capital.	in favor of	Capital cannot be allowed to take advantage of the power of science and technology to form a monopoly in this particular field, allowing millions of hawkers to have their rice bowls taken away.	0	0	0	0	0	1	0	0	0	0	3.5
4602	Political parties should be brought under RTI (Right to Information) Act	against	Political parties are independent bodies, they need not be accountable to the public. They were not established by the constitution or an act of parliament.	0	0	0	0	0	0	1	0	0	0	3.0
3229	We should stop the development of autonomous cars	in favor of	autonomous cars can be easily hacked to cause widespread accidents.	0	0	0	0	0	1	0	0	0	0	3.5
3928	We should abolish the right to keep and bear arms	in favor of	we should abolish the right to keep and bear arms because i think we have the proper government and people to take care of and protect us.	0	0	0	0	1	1	0	0	0	0	3.0
5074	The President of the European Commission should be directly elected by direct universal suffrage	against	To have a chance that one candidate (with a good chance to win) comes from your own country, I think people from little countries can wait 40 years. This will definitely destroy the European belonging feeling you want to promote with this idea.	0	0	0	0	0	1	0	0	0	0	3.5
6335	Surrogacy should be banned	against	parents who want a biological child but can't need surrogates in order to have their own genetic children.	0	1	0	0	0	0	1	0	0	0	3.0
6406	The vow of celibacy should be abandoned	against	celibacy vows are a choice that people should be allowed to make.	0	0	0	0	0	0	1	0	0	0	3.0
627	We should abolish the Olympic Games	against	olympic games gives the world a chance to see the talent of many athletes from around the world	0	0	0	0	0	0	0	1	0	0	3.0
4958	There should be no immigration from non-European or non-first-world countries 	in favor of	I am happy to see that the ide of haling all immigration from non-European or non-first-world countries is still going strong. This message needs to be communicated to Brussels very clearly. 	0	0	0	0	1	1	1	0	0	0	3.0
579	We should stop the development of autonomous cars	in favor of	autonomous cars leave both passengers and pedestrians vulnerable to malicious hacking which could cause wide scale destruction.	0	0	0	0	0	1	1	0	0	0	3.0
3035	We should ban private military companies	against	we should not ban private military companies as a person should have the right if they can afford to hire such companies to protect them.	0	0	0	0	1	0	1	0	0	0	3.0
4581	Technology is making us feel less human	against	Technology is enabling us to work from home. This facility is helping employers to be more understanding towards employees. Many companies are now adding elements to work culture with the help of technology to make employees feel important.	0	0	0	0	0	1	1	0	0	0	3.0
6320	We should abandon television	in favor of	television should be abandoned because it worsens eyesight.	0	0	0	0	0	1	0	0	0	0	3.5
265	We should abolish the three-strikes laws	in favor of	abolishing the three strikes law would save money	0	0	0	0	1	1	0	0	0	0	3.0
3783	We should adopt libertarianism	in favor of	people should be free to live like they wish	0	0	0	0	0	0	1	0	0	0	3.0
4938	We need legal ways of migration.	against	Migrants depend on other countries' social systems.	0	0	0	0	0	1	1	0	0	0	3.0
6208	Foster care brings more harm than good	against	foster care provides a loving atmosphere as opposed to a group home.	0	1	0	0	0	1	0	0	0	0	3.5
4064	We should subsidize student loans	in favor of	student loans are so unreasonibly expensive we need to help students with them.	0	1	0	0	1	1	0	0	0	0	3.0
5851	Homeschooling should be banned	against	a parent knows best what is good for their kid	0	1	0	0	0	0	1	0	0	0	3.0
6690	Assisted suicide should be a criminal offence	against	a person who is terminally ill and suffering should be given the right to end his suffering, under medical supervision.	0	0	0	0	0	0	1	0	0	0	3.0
523	We should legalize prostitution	in favor of	We should legalize prostitution since it should be out in the open. controlled and supervised- instead of hidden. this is most efficient way to improve sex workers conditions and pave their way to independence.	0	0	0	0	0	1	1	0	0	0	3.0
3939	We should end mandatory retirement	in favor of	Ending mandatory retirement will help reduce the burden of older populations on state pension systems.	0	0	0	0	0	1	0	0	0	0	3.5
2444	We should ban fast food	in favor of	fast food contributed to the obesity problem in the us	0	0	0	0	0	1	0	0	0	0	3.5
1770	We should subsidize journalism	against	we already are in high enough debt, we don't need to make it worse be subsidizing pointless things.	0	0	0	0	0	1	0	0	0	0	3.5
4062	We should ban cosmetic surgery	against	cosmetic surgery is a decision that a doctor and a patient makes, and we should not infringe on their choice.	0	0	0	0	0	0	1	0	0	0	3.0
5192	There should be a federal Constitution for a European Federation 	in favor of	The EU is established on treaties, but treaties have no soul. Only a constitution has a soul, provided it is well designed: from, by, and for the people.	0	0	0	0	0	1	0	0	0	0	3.5
5221	We don't need immigration from non-European or non-first-world countries. 	in favor of	 It is time, to be honest about this! Europeans have the right to self-determination like every other country out there! This is OUR home and a home for everyone is a home for no one.	0	0	0	0	1	1	1	0	0	0	3.0
208	We should adopt libertarianism	in favor of	libertarianism is the true path to real freedom and autonomy for all	0	0	0	0	0	0	1	0	0	0	3.0
2326	We should adopt libertarianism	in favor of	we should adopt libertarianism because it gives citizens more freedom to live their live how they want	0	0	0	0	0	1	1	1	0	0	3.0
4781	Aadhaar should be made mandatory in India	against	Failed biometric authentication.	0	0	0	0	0	0	1	0	0	0	3.0
1120	We should ban the Church of Scientology	in favor of	this church has harmed countless people and should be labeled more as a cult	0	1	0	0	0	1	0	0	0	0	3.5
504	We should adopt libertarianism	in favor of	libertarianism promotes political freedom of choice as its core value, and is the ultimate expression of democracy.	0	0	0	0	0	1	1	0	0	0	3.0
13	We should subsidize journalism	in favor of	It is important for news organizations to transfer to new forms of media, like the internet, but it is costly and requires subsidization.	0	0	0	0	0	0	1	0	0	0	3.0
3859	We should abolish the right to keep and bear arms	against	People should have the right to defend themselves against the criminal elements of society.	0	0	0	0	0	1	1	0	0	0	3.0
3601	We should adopt an austerity regime	against	doing such a thing will destroy the economy and put people out of jobs	0	1	0	0	1	1	0	0	0	0	3.0
241	We should adopt an austerity regime	against	we should not adopt an austerity regime because people would end up with less money to pay the same amount of bills with.	0	0	0	0	1	1	1	0	0	0	3.0
1723	We should subsidize space exploration	against	The government is already in debt and subsidizing space exploration is not necessary.	0	1	0	0	0	1	0	0	0	0	3.5
6689	Social media brings more harm than good	against	social media helps us connect to the people we love that are far away from us	0	1	0	0	0	1	0	0	0	0	3.5
2857	We should subsidize space exploration	against	space exploration should not be subsidized because it is not affordable. there is not enough money available in mostcountries to even support health care and security without space exploration too.	0	1	0	0	1	1	0	0	0	0	3.0
6209	Foster care brings more harm than good	against	foster care is open to children who have been lacking love from their parents. they are nurtured and given love by people who have a lot to offer	0	1	0	0	0	0	0	0	0	0	5.0
4875	We need a common migration and asylum policy, based on respect for rights and equal treatment	against	More illegal and legal migration will lead to more unemployment, lower wages, more insecurity, and less sustainable social systems.	0	0	0	0	1	1	0	0	0	0	3.0
5355	The EU should decide its role in a multipolar world	in favor of	The European Union is doing amazingly well in relation to the enormous bad publicity it is receiving from all sides. And as if that were not enough in itself, very large countries from around the world are doing constantly dividing work between member states. As all successes start in your head, perhaps some attention should be allocated to the media. The EU has a clear chance to become one of the major poles of this multipolar world order.	0	0	0	0	1	0	0	0	0	0	3.0
6121	Homeopathy brings more harm than good	in favor of	people using homeopathic remedies instead of conventional medicine are more likely to die from a serious illness.	0	1	0	0	0	1	0	0	0	0	3.5
4300	We should stop the development of autonomous cars	in favor of	an autonomous vehicle can never be programmed to make an ethical decision if faced with a crash situation	0	1	0	0	0	1	0	0	0	0	3.5
1999	We should legalize cannabis	in favor of	people have the right to be free and cannabis is a safe drug to be used as recreational	0	0	0	1	0	0	1	0	0	0	3.0
2271	We should oppose collectivism	in favor of	we should oppose collectivism because it lessens creativity and individuality.	0	0	0	0	0	0	1	0	0	0	3.0
5607	The use of public defenders should be mandatory	against	people may choose to defend themselves, if they believe it to be in their best interests	0	0	0	0	0	0	1	1	0	0	3.0
2052	We should adopt an austerity regime	in favor of	we should adopt an austerity regime because it would help to reduce unnecessary spending	0	1	0	0	1	1	0	0	0	0	3.0
739	We should legalize prostitution	against	we should not legalize prostitution because they spread too many diseases	0	0	0	0	0	1	0	0	0	0	3.5
622	We should ban cosmetic surgery for minors	against	The government must use least restrictive means to avoid encroaching on people's freedoms. As such they should educate and regulate cosmetic surgery for minors instead of banning it.	0	0	0	0	0	0	1	0	0	0	3.0
6516	Holocaust denial should be a criminal offence	in favor of	denial of past atrocities may lead to the rise of idealogies that were responsible for those atrocities	0	1	0	0	0	1	0	0	0	0	3.5
3626	We should ban fast food	against	people should have the freedom to eat what hey want.	0	0	0	0	0	0	1	0	0	0	3.0
4329	We should adopt libertarianism	in favor of	libertarianism focuses on the individual and personal responsibility in making their own decisions	0	1	0	0	0	0	1	0	0	0	3.0
4143	We should abolish the right to keep and bear arms	in favor of	Gun ownership only breeds more violence. Guns sold on the consumer market today are inexcusably far too powerful for mere self-defense purposes.	0	1	0	0	0	1	0	0	0	0	3.5
221	We should ban fast food	against	fast food is great when you need a quick meal on the run and it is more nutritious than snacking on chocolate bars or unhealthy snacks.	0	0	0	0	0	1	1	1	0	0	3.0
4508	We should adopt an austerity regime	in favor of	we as a nation have been able to spend and borrow far too freely and that has caused nationally.	0	0	0	0	1	1	0	0	0	0	3.0
4999	There should be no illegal migration.	against	What does legal migration look like? People can only ask for asylum from within the EU and must officially do so at the Point of Entry. This has caused inhumane circumstances as we see at Camp Moria in Greece. 	0	1	0	0	0	1	0	0	0	0	3.5
5320	The EU should change its internal structure.	in favor of	Without change, the EU will be following the route of the USSR and other communist countries, who after 70 years of trying to build a social paradise ended in poverty and suppression.	0	0	0	0	0	1	1	0	0	0	3.0
2353	We should introduce compulsory voting	against	people being forced to vote when they don't wish to will distort the results with unresearched and made-up candidates that they begrudgingly vote for.	0	1	0	0	0	1	1	0	0	0	3.0
6900	Assisted suicide should be a criminal offence	against	people who are terminally ill and don't want to suffer any more have a right to ask for help to end their lives	0	1	0	0	0	0	1	0	0	0	3.0
699	We should ban human cloning	in favor of	a child who is the result of human cloning will have psychological problems because they are not allowed to be their own person	0	1	0	0	0	1	0	0	0	0	3.5
3016	We should legalize organ trade	in favor of	Some people need organs, others have healthy organs that their bodies can function without; it is a win win situation to allow for organs to be sold.	0	1	0	0	0	1	1	0	0	0	3.0
4039	We should ban cosmetic surgery	in favor of	cosmetic surgery creates an unhealthy body image in media for children to try and conform to.	0	0	0	0	0	1	1	0	0	0	3.0
2601	We should ban private military companies	against	private military companies offer a valuable service for instances where government military cannot do what needs to be done for fear or repercussions.	0	1	0	0	0	1	1	0	0	0	3.0
5821	Homeopathy brings more harm than good	in favor of	if not used correctly and for the right symptoms, it could cause serious side effects or make a condition worse.	0	1	0	0	1	1	0	0	0	0	3.0
5948	Social media brings more harm than good	against	Social media brings people together who are separated by great distances.	0	1	0	0	0	1	0	1	0	0	3.0
2089	We should legalize sex selection	in favor of	families should have the right to choose the sex of their babies.	0	1	0	0	1	0	1	0	0	0	3.0
66	We should ban private military companies	in favor of	private military companies could be a danger to our national security because their motives are financial in nature which means they could act in ways that are not in our country's best interest politcally.	0	0	0	0	0	1	0	0	0	0	3.5
4249	We should introduce compulsory voting	against	the democratic process is all about freedom of choice, and voting should be a voluntary process too.	0	0	0	0	0	0	1	0	0	0	3.0
132	We should ban the use of child actors	in favor of	we should ban the use of child actors since it puts so much pressure on them. they should be growing up with a stable life and just enjoy being a kid.	0	0	0	0	0	1	1	0	0	0	3.0
5259	There should be no immigration from non-European or non-first-world countries 	in favor of	Marvelous to see this idea of halting immigration receive the most endorsements on the migration topic. This is really not going according to plan for the globalists! 	0	0	0	0	1	0	1	0	0	0	3.0
3176	We should ban human cloning	against	without further testing and experimentation, the outcome of human cloning will never be known so should not be banned.	0	0	0	0	0	0	1	0	0	0	3.0
5273	We need Integrated migration and border policy.	against	Migration has totally gotten out of control. The EU refuses to see the magnitude of it. Hundreds of millions like to migrate. All people without the right language and fitting education. The massive numbers of immigrants threaten the existence of EU societies, through crime, poverty, and housing shortage. 	0	0	0	0	0	1	0	0	0	0	3.5
6573	We should abandon television	against	no, television is a form of entertainment for people	0	0	0	1	0	0	0	1	0	0	3.0
2636	We should abolish the Olympic Games	against	we should not abolish the olympic games because it is a form of entertainment for many people	0	0	0	1	0	0	0	1	0	0	3.0
5180	We need a better distribution of refugees	against	The dividing of refugees is a long-discussed plan. But in the end, no involved group agreed with these plans. Some countries do not like these people at all. 	0	0	0	0	0	0	1	0	0	0	3.0
5458	Holocaust denial should be a criminal offence	against	people have the right to think what they'd like.	0	0	0	0	0	0	1	1	0	0	3.0
3405	We should fight for the abolition of nuclear weapons	against	nuclear weapons are vital to defending ourselves against enemies who are not moral or ethical.	0	0	0	0	0	1	0	0	0	0	3.5
4679	We should stop using cash	against	Technical issues in banking can halt access to our money. This can interfere with our daily lives.	0	0	0	1	1	1	1	1	0	0	3.0
6564	Payday loans should be banned	against	people who use payday loans already have little to no other options. it's wrong to take the only thing away someone can use in an emergency. it could mean life or death depending on the situation.	0	0	0	0	0	1	1	0	0	0	3.0
5787	Foster care brings more harm than good	against	foster care families  provide loving homes for children who need support	0	1	0	0	0	1	0	0	0	0	3.5
149	We should adopt an austerity regime	against	austerity only leads to economic contraction that endangers the chance of reducing the debt.	0	0	0	0	0	1	0	0	0	0	3.5
939	We should adopt a multi-party system	against	introducing a multi-party system would be detrimental to stability and consistency of our political system	0	0	0	0	0	1	0	0	0	0	3.5
1566	We should ban cosmetic surgery	against	we should not ban because it helps people feel good about themselves and improve their confidence.	0	0	0	1	0	1	1	0	0	0	3.0
5052	The President of the European Commission should be directly elected by direct universal suffrage	against	A direct election of a European president is a travesty of democracy. It would be only a mediatic competition among 'plastic' leaders.  Something very similar to The Simulacra (Dick's 1964 science fiction novel).  We are not a 'nation', we are a confederation of nations.	0	0	0	0	0	0	1	0	0	0	3.0
6648	Social media brings more harm than good	against	social media allows people to connect with others	0	0	0	0	0	1	0	0	0	0	3.5
6165	Homeopathy brings more harm than good	in favor of	homeopathy can lead people to use herbal remedies and not seek help for bigger issues which can have devestating consequences.	0	0	0	0	0	1	0	0	0	0	3.5
4931	We need an integrated migration and border policy.	in favor of	The EU member states need to lift together instead of trying to push the burdens onto each other or external nations.	0	1	0	0	0	0	0	0	0	0	5.0
7294	We should ban the trading of virtual currencies.	against	Virtual currencies have changed the way of commercial realization. The birth of virtual currency, the token system, is designed to overturn the current business logic.	0	0	0	0	0	0	1	0	0	0	3.0
3087	We should subsidize student loans	against	if people want to go to college, they need to work hard and earn enough to go	0	1	0	0	0	0	1	0	0	0	3.0
778	We should ban the Church of Scientology	in favor of	the church of scientology is a cult and it should be banned.	0	0	0	0	0	1	1	0	0	0	3.0
3961	We should legalize cannabis	in favor of	legalizing recreational marijuana will add billions to the economy, create hundreds of thousands of jobs, and save limited police resources	0	0	0	0	1	1	0	0	0	0	3.0
4127	We should oppose collectivism	in favor of	collectivism necessarily means that individual freedoms will be reduced, so it does not make sense to adopt it.	0	0	0	0	0	0	1	0	0	0	3.0
5408	Social media brings more harm than good	in favor of	social media brings more harm than good because it causes people to judge themselves too harshly in comparison of the seemingly perfect lives of others online.	0	0	0	0	0	1	1	0	0	0	3.0
1901	We should abolish the right to keep and bear arms	in favor of	there are many people killed every year by guns that were improperly secured	0	1	0	0	0	1	0	0	0	0	3.5
3896	We should ban private military companies	against	the government cannot keep up with the supply and demand of our military and banning private military companies would prove to be detrimental by creating shortage of supplies.	0	0	0	0	1	1	0	0	0	0	3.0
6807	Foster care brings more harm than good	against	foster care helps many children that need love and support from others.	0	1	0	0	0	1	0	0	0	0	3.5
4255	We should ban private military companies	against	private military companies can provide many security benefits within our country	0	0	0	0	0	1	0	0	0	0	3.5
6336	We should abandon television	in favor of	there is no longer a need for television now that alternative media are available	0	0	0	0	0	0	1	1	0	0	3.0
5633	Holocaust denial should be a criminal offence	in favor of	it is a fact that the holocaust happened, and asserting otherwise not only a lie, but dangerous as well.	0	1	0	0	0	1	0	0	0	0	3.5
3593	We should abolish the Olympic Games	in favor of	the olympic games are a huge waste of money to the host countries. they spend large amounts of money to build places that are never used again.	0	1	0	0	1	1	0	0	0	0	3.0
6860	Blockade of the Gaza Strip should be ended	in favor of	the blockade makes it harder for the people in that area to make money, and their economy is on the verge of collapse according to world bank.	0	0	0	0	1	1	0	0	0	0	3.0
4555	We should adopt atheism	against	People should be allowed to choose how to believe freely and not forced to accept the beliefs of atheism.  Each person has a mind and can make their own decision and should be allowed the freedom of choice.	0	0	0	0	0	0	1	0	0	0	3.0
4973	We need a combined education and migration policy for Africa and the Middle East.	against	The demographic problems for the EU, which are real, must be solved by encouraging child-bearing and a generous family policy, not through migration. We must celebrate motherhood and Moms. We must realize that raising a child involves serious costs in today's Europe.	0	1	0	0	0	1	0	0	0	0	3.5
59	We should abandon the use of school uniform	in favor of	School uniforms are too expensive and many parents can not afford the extra expense.	0	0	0	0	0	1	0	0	0	0	3.5
631	We should ban algorithmic trading	against	algorithmic trading allows for more timely, accurate, and efficient trading.	0	0	0	0	1	0	0	0	0	0	3.0
2107	We should abolish safe spaces	against	some people need a safe space to be safe from those out to hurt them and they should be available.	0	1	0	0	0	1	1	0	0	0	3.0
1641	We should ban the use of child actors	in favor of	child actors are robbed of their childhood and can face much emotional turmoil as an adult from missing this important step in childhood.	0	0	0	1	0	1	1	1	0	0	3.0
6079	Surrogacy should be banned	against	surrogacy should not be banned as it provides a wonderful alternative for people to become parents when they are not able to have children through the natural process.	0	1	0	0	0	0	1	0	0	0	3.0
7228	We should protect the European border	in favor of	Only together and with  Frontex we ensure the management of EU borders. Migrants from Africa and Asia will arrive in increasing numbers in the coming years.	0	0	0	0	1	1	0	0	0	0	3.0
1048	We should abolish the Olympic Games	in favor of	we should abolish the olympic games because  it very expensive to host	0	1	0	0	1	1	0	0	0	0	3.0
576	We should cancel pride parades	in favor of	pride parades can cause increased tensions which requires more police protection.  this can also cause fighting to break out.	0	0	0	0	0	1	0	0	0	0	3.5
7159	We should protect the European border	in favor of	Only together and with  Frontex we ensure the management of EU borders. Migrants from Africa and Asia will arrive in increasing numbers in the coming years.	0	0	0	0	1	1	0	0	0	0	3.0
5755	Assisted suicide should be a criminal offence	against	Assisted suicide should not be a criminal offence as people should not be expected to live in vegetative states and need help to make their own decisions to die a reality.	0	0	0	0	0	1	1	0	0	0	3.0
3811	We should ban fast food	against	fast food is a treat that can be enjoyed when eaten sensibly and brings joy and social interaction.	0	0	0	1	0	1	0	0	0	0	3.0
970	We should subsidize space exploration	against	we have too many problems here on our own planet to worry about putting money into searching space.	0	0	0	0	1	1	0	0	0	0	3.0
1987	We should fight for the abolition of nuclear weapons	in favor of	nuclear weapons should be abolished because it is an ongoing health risk	0	0	0	0	0	1	0	0	0	0	3.5
3112	We should ban cosmetic surgery for minors	in favor of	minors don't understand the implications of their choices	0	1	0	0	0	0	0	0	0	0	5.0
2325	We should abolish the right to keep and bear arms	against	everyone should be able to bear arms in order to protect themselves, their homes and their families.	0	1	0	0	0	1	1	0	0	0	3.0
6408	Foster care brings more harm than good	against	people who provide foster care do so because they want to provide a loving home for children	0	1	0	0	0	0	0	0	0	0	5.0
6274	Foster care brings more harm than good	against	foster care ensures that children have a stable home which can not be given with their parents.	0	1	0	0	0	1	0	0	0	0	3.5
4592	India should store the data within the territorial boundaries of the country	in favor of	Data localization laws result in the setting up of multiple data centers locally. This will create many jobs and will help the country’s economy immensely. It will also drive innovation in the field resulting in low-cost solutions.	0	0	0	0	1	1	1	0	0	0	3.0
6638	Foster care brings more harm than good	in favor of	foster care  lacks one on one connections.	0	1	0	0	0	1	0	0	0	0	3.5
6135	Payday loans should be banned	in favor of	payday loans cost more money than its worth.	0	0	0	0	1	1	0	0	0	0	3.0
3252	We should adopt a multi-party system	against	a multi party system creates chaos by giving too many choices to the people	0	0	0	0	0	1	0	0	0	0	3.5
2462	We should abandon the use of school uniform	in favor of	school uniforms place an unneeded financial burden on parents that are already paying large sums for private schools besides the fact that dress clothes are uncomfortable and add distraction to learning.	0	0	0	0	0	1	1	1	0	0	3.0
206	We should adopt libertarianism	in favor of	our country need to adopt the less intervention supported by libertarianism. people need to make their own choice and be responsible for the outcome.	0	1	0	0	0	0	1	0	0	0	3.0
3046	We should stop the development of autonomous cars	against	autonomous cars will help prevent wrecks in the future.	0	1	0	0	0	1	0	0	0	0	3.5
795	We should ban fast food	in favor of	fast food threatens the health of many americans.	0	0	0	0	0	1	0	0	0	0	3.5
6439	The use of public defenders should be mandatory	against	making a public defender mandatory takes away choice from those who may wish to find their own attorney or even just represent themselves.	0	0	0	0	0	0	1	0	0	0	3.0
910	We should ban the use of child actors	against	the roles of child actors cannot be fulfilled by adults so it would be impossible to ban their use.	0	1	0	0	0	0	1	0	0	0	3.0
54	We should legalize cannabis	against	cannabis is highly addictive, studies show up to one-in10 users develop dependence over time	0	0	0	0	0	1	1	0	0	0	3.0
3224	We should ban cosmetic surgery	in favor of	cosmetic surgery is  putting people's lives at risk, so we should really ban it	0	0	0	0	0	1	0	0	0	0	3.5
214	We should legalize cannabis	against	we should not legalize cannabis then more children will get a hold of it	0	0	0	0	0	1	0	0	0	0	3.5
1057	We should ban cosmetic surgery for minors	against	some facial abnormalities or perceived abnormalities cause significant mental distress to young people, influencing their development, when cosmetic surgery could positively transform their lives.	0	1	0	0	0	1	1	0	0	0	3.0
3449	We should adopt a multi-party system	against	Minority parties have too much power. A winning party often has to offer concessions to small, minority parties in order to form a government.	0	0	0	0	1	0	1	0	0	0	3.0
3239	We should ban cosmetic surgery	against	cosmetic surgery is vital for people like burn victims to heal and feel more normal.	0	0	0	0	0	1	0	0	0	0	3.5
6231	The use of public defenders should be mandatory	against	people should have the freedom to choose their own.	0	0	0	0	0	0	1	0	0	0	3.0
6503	Assisted suicide should be a criminal offence	against	people have the right to their bodies and if they wish to die they should be able to get help to do so.	0	1	0	0	0	0	1	0	0	0	3.0
5275	There should be a single EU policy. 	in favor of	The EU should be a global actor. Merge all Foreign affairs departments from member states into a coordinated European network for international policy and intelligence.	0	0	0	0	1	1	0	0	0	0	3.0
6605	Surrogacy should be banned	against	there are cases where surrogacy is the only way that a couple can have a biologically related child	0	1	0	0	0	1	0	0	0	0	3.5
3066	We should legalize cannabis	in favor of	legalizing cannabis as far as health is concerned can be beneficial since many of these substances are used as treatments for certain diseases	0	1	0	0	0	1	0	0	0	0	3.5
6811	Homeopathy brings more harm than good	in favor of	homeopathy  creates the mindset that things such as vaccines can be replaced, which in turn can cause the death of others.	0	0	0	0	0	1	0	0	0	0	3.5
1870	We should legalize sex selection	against	sex selection could lead to genetic abnormalities and start society on a slippery slope of genetic editing at a time when it is an imperfect, untested procedure that could lead to horrific outcomes.	0	1	0	0	0	1	0	0	0	0	3.5
6381	The vow of celibacy should be abandoned	in favor of	this would allow religious people to have families and relationships.	0	1	0	0	0	0	0	0	0	0	5.0
4981	There should be no immigration from non-European or non-first-world countries 	in favor of	We need to stop all funding to NGOs and all migration organizations within the EU. Then can we talk about how to help the people already here and how to help real people in need.	0	1	0	0	0	1	0	0	0	0	3.5
6052	Payday loans should be banned	against	payday loans can provide financial assistance in a crisis, when someone has nowhere else to turn.	0	1	0	0	1	1	0	0	0	0	3.0
1399	We should ban cosmetic surgery for minors	in favor of	it causes more harm than good when the surgery in minors is not for health	0	1	0	0	0	1	0	0	0	0	3.5
108	We should subsidize journalism	against	We should not subsidize journalism because there is already sufficient coverage of major issues from different viewpoints without government action.	0	0	0	0	0	1	1	0	0	0	3.0
1869	We should ban missionary work	against	missionary work helps many people who are in distress	0	1	0	0	0	0	1	0	0	0	3.0
6892	Payday loans should be banned	against	customers have access to a financial option designed to cover small expenses that arise often and are unexpected should not be eliminated	0	0	0	0	0	1	1	0	0	0	3.0
2829	We should ban factory farming	against	factory farming is necessary  and cannot be abandoned, because it's the way we will always produce things in agricolture	0	0	0	0	0	1	0	0	0	0	3.5
7081	We should make living wages a human right	in favor of	Many people, even in the richest European countries, work hard, work overtime or have several jobs & cannot sustain themselves. That's humiliating, time-consuming alien to physical & mental health, and poisoning society.  	0	0	0	0	1	1	0	0	0	0	3.0
2419	We should adopt libertarianism	in favor of	the government interferes in citizen's lives too much already	0	0	0	0	0	0	1	0	0	0	3.0
1429	We should ban human cloning	in favor of	human cloning should be banned as the long term effects on the cloned is still uncertain and could lead to long term health complications	0	1	0	0	0	1	0	0	0	0	3.5
140	We should ban private military companies	in favor of	only governments can be trusted with armies so we should ban private military companies.	0	1	0	0	1	1	0	0	0	0	3.0
4165	We should legalize prostitution	in favor of	Legalizing prostitution would increase tax revenue for the government.	0	0	0	0	1	1	0	0	0	0	3.0
4600	India should store the data within the territorial boundaries of the country	in favor of	Data localization is important for data sovereignty, which means the data of the citizens should be owned by the respective governments and not by other countries.	0	1	0	0	1	0	1	0	0	0	3.0
7232	We should protect the European border.	in favor of	Frontex is the way to protect the European border. It should completely take over every border, land, sea, and air. Otherwise, it will just take over all the good personnel of a member state, causing even more problems at the border.	0	0	0	0	1	1	0	0	0	0	3.0
2476	We should legalize organ trade	in favor of	at this time many people are dying because they do not get an organ transplant. organ trade would incentivize people to be more prepared to have their relatives organs transplanted to save others	0	1	0	0	0	1	0	0	0	0	3.5
2998	We should ban cosmetic surgery for minors	in favor of	cosmetic surgery for minors is dangerous as they may not be emotionally advanced enough to understand the long term implications and effects.	0	1	0	0	0	1	0	0	0	0	3.5
5555	We should abandon television	in favor of	we need to abandon tv as it is outdated and there are other venues that provide better entertainment	0	0	0	1	0	0	1	1	0	0	3.0
6368	Homeopathy brings more harm than good	against	many people don't trust doctors and would rather take matters into their own hands; it's their body and they can try whatever homeopathic remedy they want	0	0	0	0	0	0	1	0	0	0	3.0
7251	We should not have illegal immigrants!	in favor of	We can only employ people in understaffed job fields.	0	0	0	0	1	1	0	0	0	0	3.0
4259	We should subsidize journalism	against	Journalism would not remain independent if it received subsidies from the government.	0	0	0	0	0	0	1	0	0	0	3.0
126	We should stop the development of autonomous cars	in favor of	autonomous cars are prohibitively expensive	0	0	0	0	0	1	0	0	0	0	3.5
3969	We should end mandatory retirement	in favor of	people should be able to work as long as they want to.	0	0	0	0	1	1	1	0	0	0	3.0
6418	Blockade of the Gaza Strip should be ended	in favor of	blockade of the gaza strip should be ended because it's causing a humanitarian crisis.  basic needs of the people are not being met because of it.	0	0	0	0	0	1	0	0	0	0	3.5
1091	We should introduce compulsory voting	against	compulsory voting will be difficult to enforce on the elderly and others who will have a difficult time voting.	0	0	0	0	0	0	1	0	0	0	3.0
6732	The vow of celibacy should be abandoned	in favor of	the vow of celibacy should be abandoned as monogamy is a personal choice and has nothing to do with the legal rights of married couples, it is a personal matter between them.	0	0	0	0	0	0	1	0	0	0	3.0
6765	Payday loans should be banned	against	without payday loans, many would fall behind in payments, including rent	0	0	0	0	0	1	0	0	0	0	3.5
6123	Homeschooling should be banned	in favor of	homeschooling doesn't allow the child to have the same social aspect that they would attain at a regular school.	0	1	0	0	0	1	0	0	0	0	3.5
3170	We should adopt libertarianism	against	we should not adopt libertarianism because that would be forcing a way of life on people that don't want it	0	0	0	0	0	0	1	1	0	0	3.0
5703	Foster care brings more harm than good	against	couples who cannot have children of their own, are able to love and care for a child	0	1	0	0	0	0	0	1	0	0	3.0
6555	Assisted suicide should be a criminal offence	in favor of	Assisted suicide should be a criminal offence as if the person cannot make their own decisions and actions then it would be impossible to know if the person helping wasn't just murdering them.	0	0	0	0	0	1	0	0	0	0	3.5
7290	We should ban the trading of virtual currencies.	in favor of	Virtual currency is not protected by contract law and property law in China.	0	0	0	0	1	1	0	0	0	0	3.0
6657	We should abandon television	against	good television is an art form that can enrich our lives.	0	0	0	1	0	0	0	0	0	0	3.0
5000	There should be no illegal migration.	against	What does legal migration look like? People can not ask for asylum at an Embassy or Consulate. So people actually have to come to the EU and enter the EU if they want to ask for asylum in the EU. This has caused inhumane and dangerous circumstances as we see in the Mediterranean Sea.	0	1	0	0	0	1	0	0	0	0	3.5
