	Conclusion	Stance	Premise	Achievement	Benevolence	Conformity	Hedonism	Power	Security	Self-direction	Stimulation	Tradition	Universalism	Score
1724	We should subsidize Wikipedia	against	we should not show preference to one website	0	0	0	0	0	0	1	0	0	1	4.333333333333333
3907	We should ban fast food	against	banning fast food won't change anyone's diet because unhealthy choices will still be there	0	0	0	0	0	0	1	0	0	1	4.333333333333333
4748	Men are silent sufferers in this modern world	in favor of	Many false domestic violence cases are being reported in India. Girl can drag their in-laws to court, but the same is not true with a boy. In many domestic violence cases, in-laws didn't even stay with couple, but are booked for 'influencing' the boy. Do girl's parents not 'influence' her? And the saddest thing is that girl can complain against her sister-in-law and sister-in-law's husband too under domestic violence, even if they are not staying at her place. Women can be as cruel as men in harassing their life partner.	0	0	0	0	0	0	0	0	0	1	4.333333333333333
2667	We should ban human cloning	against	human cloning could lead to scientific breakthroughs that could solve many of the world's problems.	1	0	0	0	1	0	1	0	0	1	4.333333333333333
2023	We should ban cosmetic surgery	against	if someone has money to burn and choose to use it to improve their physical appearance, that is up to them an no one should be able to tell them they can't do it.	0	0	0	0	0	0	1	0	0	1	4.333333333333333
2322	We should ban the use of child actors	in favor of	child actors are for the most part thrown into a role they do not wish to be in, while their parents pocket the gains.	0	1	0	0	0	0	1	0	0	1	4.333333333333333
1582	We should ban cosmetic surgery for minors	in favor of	cosmetic surgery for minors is unnecessary because they are still developing.	0	0	0	0	0	0	0	0	0	1	4.333333333333333
4864	The EU should have open borders with poor countries	against	Many migrants simply refuse to fight to change things in their own countries. Once a migrant told me 'I want what you have, why should I sweat to build it back in my country when here it's ready to be taken?' No thanks.	1	1	0	0	0	0	0	0	0	1	4.333333333333333
6079	Surrogacy should be banned	against	surrogacy should not be banned as it provides a wonderful alternative for people to become parents when they are not able to have children through the natural process.	0	1	0	0	0	0	1	0	0	0	5.0
3935	We should ban cosmetic surgery for minors	against	minors should be allowed to have procedures with parental permission	0	1	0	0	1	0	1	0	0	0	5.0
2138	We should adopt a zero-tolerance policy in schools	against	a zero-tolerence is too harsh, children get reprimanded for even the most innocent act.	0	1	0	0	0	0	0	0	0	1	4.333333333333333
7093	We should reduce environment pollution by limiting number of people in Europe	against	It makes no difference where we place the population of the world. Either in or out of EU, the western way of living is unsustainable.	1	1	0	0	0	0	0	0	0	1	4.333333333333333
6788	Holocaust denial should be a criminal offence	against	as horrible as the holocaust was, you cannot punish someone who denies it happened	0	0	0	0	0	0	1	0	0	1	4.333333333333333
6129	Intelligence tests bring more harm than good	against	Intelligence tests allow employers and schools to locate areas where test takers need to improve.	1	0	0	0	0	0	1	0	0	0	5.5
637	We should abolish zoos	against	some species are endangered and threatened by poaching. zoos are a place were we can guarantee their safety and survival.	0	0	0	0	0	0	0	0	0	1	4.333333333333333
5999	We should abandon television	in favor of	you can get all you need on the internet now	0	0	0	1	0	0	1	1	0	0	5.5
5046	Council meetings should be open to the public and the press	in favor of	In order to strengthen democracy in the EU, Council meetings should be open to the public and the press. Only in open Council meetings are the Ministers of the Member States forced to clearly state the national interests they can vouch for in relation to their national partners and Voters. Together with the European Parliament, it focuses on an open political debate and decision-making process.	0	1	0	0	0	0	0	0	0	1	4.333333333333333
4791	Electric cars are not a solution to air pollution	in favor of	It would be smarter and cheaper to develop and encourage limited speed, low consumption shared thermal cars, and abandon the myth of owning a car.	1	0	0	0	0	0	0	0	0	1	4.333333333333333
1965	We should ban whaling	in favor of	whaling should be banned. the number of whales is depleting seriously and is a real environmental concern.	0	1	0	0	0	0	0	0	0	1	4.333333333333333
4623	IT recruiters should consider skills instead of a degree in programming	against	Even though the new programming languages are replacing the old ones, the basic concepts are the same for almost all the programming languages. So, the one who has a degree in coding will have an advantage over the student from a non-IT background.	1	0	0	0	0	0	0	0	0	0	5.5
6809	The vow of celibacy should be abandoned	in favor of	celibacy is an outdated proactive the vow should be abandoned	0	0	0	0	0	0	1	0	0	1	4.333333333333333
3782	We should end mandatory retirement	in favor of	we should end mandatory retirement because no one has the right to tell another person when they have to stop working. it is an individual's choice and should be left up to them when they wish to call it quits.	0	0	0	0	0	0	1	0	0	0	5.5
2174	We should ban the use of child actors	against	if a child wants to act they have every right to	1	0	0	0	0	0	1	0	0	0	5.5
671	We should adopt libertarianism	in favor of	libertarianism allows people to make their own choices without government interference.	0	0	0	0	0	0	1	0	0	0	5.5
398	We should ban missionary work	in favor of	if we ban missionary work, then a lot less people would be seeing propaganda.	0	1	0	0	0	0	1	0	0	1	4.333333333333333
2438	We should prohibit school prayer	against	the period of calm reflection that occurs during school prayer helps to promote a good atmosphere for study and learning	1	0	0	0	0	0	1	0	0	0	5.5
5703	Foster care brings more harm than good	against	couples who cannot have children of their own, are able to love and care for a child	0	1	0	0	0	0	0	1	0	0	5.0
4099	We should end mandatory retirement	in favor of	no single person should be compeled to give up their jobs due to certain things hence mandatory retirement is wrong.	0	0	0	0	0	0	1	0	0	1	4.333333333333333
2778	We should ban cosmetic surgery	against	everyone has a right to make this choice	0	0	0	0	0	0	1	0	0	0	5.5
2019	We should abolish zoos	against	Breeding programs in zoos are saving many animals from extinction. Without these programs in zoos we would be losing losing many more species from the world.	0	1	0	0	0	0	0	0	0	1	4.333333333333333
3060	We should end mandatory retirement	against	Mandatory retirement ensures that companies and professions are constantly infusing their workforces with fresh talent.	1	0	0	0	0	0	1	0	0	0	5.5
4790	Nepotism exists in Bollywood	in favor of	Movie stars of Bollywood often launch their children with much ease in the industry. Such acts serve as the roots of the debate for nepotism. This kind of act has been going on since ages. Hence, nepotism evidently exists in Bollywood.	0	1	0	0	0	0	0	0	0	0	5.0
184	We should legalize sex selection	in favor of	sex selection is the perfect solution to a family that has a history of all one gender.  many families want the perfect one and one so it's perfect for those as well.  it's a win no matter how you look.	0	1	0	0	0	0	1	0	0	1	4.333333333333333
6509	The use of public defenders should be mandatory	against	public defenders are not always available and not really engaged for the defense of the accused. they seem to not gain real profit from the cases	1	1	0	0	1	0	1	0	0	1	4.333333333333333
334	We should ban cosmetic surgery for minors	in favor of	Allowing cosmetic surgery for minors makes it easy for minors to pressure well-intentioned parents even if it is objectively a bad decision. A ban prevents parents from being put in this situation.	0	1	0	0	0	0	0	0	0	1	4.333333333333333
6974	MBAs do not make good business leaders	in favor of	Learning everything by practice consumes time. Through MBA, we can learn management skills and skills to tackle real-life problems in businesses.	1	0	0	0	0	0	0	0	0	0	5.5
3377	We should abolish intellectual property rights	against	people have a right to protect their ip from larger corporations who have the finances to exploit other people's ip for their own financial gain.	1	0	0	0	1	0	0	0	0	1	4.333333333333333
6038	Intelligence tests bring more harm than good	in favor of	intelligence test are not fully accurate.	1	1	0	0	0	0	0	0	0	0	5.0
7003	We should invest in sustainable alternative fuels for aviation	in favor of	Sustainable alternative fuels allow emission reductions of up to 80%.	1	0	0	0	0	0	0	0	0	1	4.333333333333333
6853	Intelligence tests bring more harm than good	against	Intelligence tests give us the ability to pinpoint topics that students struggle with so that educators can learn where to focus their efforts.	1	0	0	0	0	0	0	0	0	0	5.5
5114	The EU needs more effective policies to combat online hate speech	against	I have advice on how you can defend against anything on the Internet. Turn it OFF. And one more piece of advice, try to study something about freedom and responsibility, they are not just mere words. Plato, Socrates, Hayek, Borovský, Auberon Herbert, Herbert Spencer, Roger Scruton, Ronald Reagan (speeches), Ben Shapiro, Jordan Peterson ... There are texts thousands of years old and also recent books ... you can start anywhere you wish ...	1	1	0	0	0	0	1	0	0	0	5.0
6947	Indian government should increase the minimum legal age of marriage for girls from 18 to 21 years	in favor of	At present, many girls are forced to drop out of studies for marriage. So, making the minimum legal age for marriage 21 will allow them to continue their studies. Thereby, many more women will go for higher education.	1	0	0	0	1	0	1	0	0	1	4.333333333333333
239	We should subsidize student loans	in favor of	it's the only way most people can afford college	1	1	0	0	0	0	1	0	0	0	5.0
807	We should abolish zoos	against	we should not abolish zoos as they contribute to the breeding of endangered species and the reintroduction of animals to the wild	0	0	0	0	0	0	0	0	0	1	4.333333333333333
3152	We should legalize sex selection	against	with the $20,000 price tag on something that is not 100% accurate, sex selection is only made available to the wealthy.	0	0	0	0	0	0	0	0	0	1	4.333333333333333
7137	We should impose an IQ test to immigrants	against	IQ is not an effective measure of whether they'll be economically beneficial, suited to European jobs  in high demand, likely to integrate/assimilate, their potential to cause crime etc.	1	0	0	0	0	0	1	0	0	1	4.333333333333333
7316	We should restrict minors from playing online games.	against	Instead of banning games, it might be better to increase young people's awareness of life and society, and to promote self-awareness and active thinking among students.	1	1	0	0	0	0	1	0	0	0	5.0
3275	We should subsidize Wikipedia	in favor of	wikipedia is a go to for many people and it should be kept well funded.	0	1	0	0	0	0	0	0	0	1	4.333333333333333
4188	We should subsidize space exploration	in favor of	space exploration provided scientific discoveries that were not thought of before	1	1	0	0	0	0	1	0	0	1	4.333333333333333
3528	We should legalize sex selection	in favor of	we should make sex selection legal. it will lead to more freedom regarding choices of family building. a couple could choose to have a boy and a girl without just hoping for that scenario	0	1	0	0	0	0	1	0	0	1	4.333333333333333
5451	Assisted suicide should be a criminal offence	against	Assisted suicide should be an individual's choice and personal freedom	0	1	0	0	0	0	1	0	0	1	4.333333333333333
6703	Assisted suicide should be a criminal offence	against	if someone wishes to die and they are unable to do it it ought to be legal to receive assistance	0	1	0	0	0	0	1	0	0	0	5.0
359	We should legalize sex selection	in favor of	when we allow abortion for any reason or purpose, sex selection cannot be excluded. in fact illegal sex selection only increased abortions as the alternative method to select gender	0	0	0	0	0	0	1	0	0	0	5.5
4740	US-Mexico border wall is a good thing	against	There is a fairly good chance that the wall is never going to make it up. Projects like these take a large amount of time to complete and if in the next Presidential elections, any other person gets elected, there will be more chances of him/her stopping the construction of the wall.	0	0	0	0	0	0	0	0	0	1	4.333333333333333
4127	We should oppose collectivism	in favor of	collectivism necessarily means that individual freedoms will be reduced, so it does not make sense to adopt it.	0	0	0	0	0	0	1	0	0	0	5.5
75	We should ban whaling	against	There is little difference between the whaling industry  and our farming industries; humans are entitled to hunt animals to eat them and utilize them to our benefit.	1	0	0	0	0	0	1	0	0	0	5.5
5648	Surrogacy should be banned	against	surrogacy allows women to be a mother and love a child she normally couldn't.	0	1	0	0	0	0	1	0	0	1	4.333333333333333
7229	We should not have any immigration from non-European or non-first-world countries 	against	Halting all immigration from non-European or non-first-world countries is shortsighted. We need to selectively pick people who can and are willing to contribute to the greater good like Australia and Canada and do prescreening instead of banning everyone.  	1	0	0	0	0	0	1	0	0	1	4.333333333333333
5100	Everyone should have equal access to affordable and high-quality public services, including health	in favor of	Public services of good quality and universal access are key to ensuring fairer, more inclusive, and equal societies. They have a clear redistributive effect and help steer development in a more sustainable direction. The Covid-19 crisis if anything helped to prove the crucial role that the public sector and public services play and must continue playing!	0	1	0	0	0	0	0	1	0	1	4.333333333333333
2806	We should subsidize Wikipedia	against	wikipedia shoud be independent and with subsidization this may be at risk depending on the subsidization source	0	1	0	0	0	0	1	0	0	1	4.333333333333333
4599	India should store the data within the territorial boundaries of the country	against	Data localization may result in government surveillance of its citizens.	0	1	0	0	0	0	1	0	0	0	5.0
4298	We should ban the Church of Scientology	in favor of	the church of scientology was based on a science fiction novel and thus is not validated as a religion.	0	1	0	0	0	0	0	0	0	1	4.333333333333333
1364	We should ban telemarketing	against	let the free market determine whether telemarketing is a viable option	0	0	0	0	1	0	1	0	0	0	5.5
1981	We should subsidize Wikipedia	in favor of	wikipedia provides a vast amount of knowledge to be accessible to all. subsidizing this will ensure this knowledge continues to be available.	1	0	0	0	0	0	1	0	0	1	4.333333333333333
1324	We should ban telemarketing	against	telemarketing could bring worthwhile products to the attention of people who would not otherwise be aware of them.	1	1	0	0	1	0	0	0	0	1	4.333333333333333
4638	The world does not need religion anymore	in favor of	In the past, every unknown thing dealt with religious beliefs. But now Science & Technology has taken over everything. We know the reasons for drought, earthquakes, windstorms, etc. they are scientific phenomena and not the wrath of gods anymore.	1	0	0	0	0	0	0	0	0	1	4.333333333333333
2184	We should abolish zoos	against	a zoo provides care for animals that are separated from their families	0	1	0	0	0	0	0	0	0	1	4.333333333333333
415	We should adopt gender-neutral language	in favor of	With genders now being more equal than ever, and gender neutrality growing exponentially the old gendered language is just a historic anachronism.	0	0	0	0	0	0	0	0	0	1	4.333333333333333
2780	We should stop the development of autonomous cars	in favor of	people need the freedom to drive where they want by themselves.	0	0	0	0	0	0	1	0	0	0	5.5
2212	We should ban cosmetic surgery for minors	against	if democrats think minors should be allowed to vote, they should be allowed to get cosmetic surgery if they choose to	0	0	0	0	1	0	1	0	0	0	5.5
959	We should adopt libertarianism	in favor of	Libertarianism increases individual liberties by preventing the government from controlling every aspect of our lives.	0	0	0	0	0	0	1	1	0	0	5.5
6939	We should develop Web 3.0.	against	There is no guarantee that web 3.0 will not be controlled by big tech companies. Earlier when the first version of the web came, people expected that it will guarantee free speech and no one can control it like they controlled traditional media such as newspapers and television. But, now web content is largely controlled by big corporations. So, web 3.0 may also turn into the same.	1	1	0	0	1	0	1	0	0	1	4.333333333333333
4120	We should end mandatory retirement	in favor of	mandatory retirement ages are inconsistent with modern workplace practices and are contrary to the desire for age equality	0	0	0	0	0	0	0	0	0	1	4.333333333333333
5565	The use of public defenders should be mandatory	against	Public defenders cost the state too much money.	0	0	0	0	1	0	0	0	0	0	5.5
217	We should abolish the three-strikes laws	in favor of	three strike laws perpetuate the for profit prison industrial complex and don't actually address the underlying issues driving people to commit crimes	0	0	0	0	0	0	0	0	0	1	4.333333333333333
5679	Blockade of the Gaza Strip should be ended	against	The harm against the citizens of Gaza is justified because those citizens democratically elected Hamas into power, and endorsed the actions of Hamas against Israel.	0	1	0	0	0	0	0	0	0	1	4.333333333333333
3291	We should abandon the use of school uniform	in favor of	school uniform does not allow for individuals to express themselves and grow as a person	0	0	0	0	0	0	1	1	0	0	5.5
6503	Assisted suicide should be a criminal offence	against	people have the right to their bodies and if they wish to die they should be able to get help to do so.	0	1	0	0	0	0	1	0	0	0	5.0
6211	The use of public defenders should be mandatory	against	some lawyers are superior, and forcing these to be public defenders would chase potential lawyers from the profession.	1	1	0	0	1	0	0	0	0	1	4.333333333333333
7323	We should open up three-child policy to encourage childbirth.	against	What people want is the right and freedom to be able to plan their own children.	0	1	0	0	0	0	1	0	0	0	5.0
782	We should adopt a zero-tolerance policy in schools	against	we shouldn't adopt a zero-tolerance policy in schools because a misunderstanding can cause innocent students to be suspended or expelled	0	1	0	0	0	0	0	0	0	1	4.333333333333333
4788	Nepotism exists in Bollywood	in favor of	The standards of Indian cinemas fall at times because of nepotism. Producers and directors are pushing star kids to launch in their movies, failing to judge their acting skills and screen presence. This leads to flop movies and a loss of quality and standards of the Indian cinemas.	1	0	0	0	0	0	0	0	0	0	5.5
1472	We should subsidize space exploration	in favor of	the future of mankind may depend on the ability to travel in space	1	0	0	0	0	0	0	1	0	1	4.333333333333333
1227	We should abolish capital punishment	in favor of	killing people is wrong, no matter what crime they committed	1	1	0	0	0	0	0	0	0	1	4.333333333333333
1553	We should end mandatory retirement	in favor of	we should end mandatory retirement because not all people have the same stamina as others and can work longer than others.	1	0	0	0	0	0	1	0	0	0	5.5
2553	We should subsidize space exploration	in favor of	space exploration is needed to see how space can affect us here	1	0	0	0	0	0	1	0	0	1	4.333333333333333
2329	We should legalize sex selection	in favor of	we should be able to choose the sex we wish to have.	0	0	0	0	0	0	1	0	0	0	5.5
2134	We should abolish capital punishment	against	if you kill or rape someone you deserve to die.	0	1	0	0	0	0	0	0	0	1	4.333333333333333
1526	We should abolish capital punishment	in favor of	Capital punishment denies due process by making it impossible for new evidence or good behavior to change the sentence.	0	1	0	0	0	0	0	0	0	1	4.333333333333333
4606	Political parties should be brought under RTI (Right to Information) Act	in favor of	Political funding is believed to be the fountainhead of corruption. The citizens have the right to know where the political parties are raising these funds from, how they spend these funds, and the basis of their decisions. Crony capitalism will be hugely curbed if political parties are brought under RTI Act.	0	1	0	0	1	0	1	0	0	1	4.333333333333333
6336	We should abandon television	in favor of	there is no longer a need for television now that alternative media are available	0	0	0	0	0	0	1	1	0	0	5.5
4295	We should ban fast food	against	just because some people are overweight and unhealthy doesn't mean we need to ban fast food for everyone	0	0	0	0	0	0	1	0	0	1	4.333333333333333
2644	We should ban cosmetic surgery for minors	in favor of	minors are too young to make life changing decisions required fr cosmetic surgery.	0	1	0	0	0	0	0	0	0	1	4.333333333333333
6767	Homeschooling should be banned	against	parents should have the right to choose how to educate their children	1	1	0	0	1	0	1	0	0	0	5.0
696	We should abolish intellectual property rights	in favor of	intellectual property rights should be abolished as they stifle innovation and allows the creation of monopolies and giant corporations	1	0	0	0	0	0	1	0	0	0	5.5
2037	We should ban the Church of Scientology	in favor of	churches in general are just cult and should be banned.	0	1	0	0	0	0	1	0	0	1	4.333333333333333
1085	We should stop the development of autonomous cars	against	autonomous cars will provide a way for people who are blind or handicapped a way to travel	0	1	0	0	1	0	1	0	0	1	4.333333333333333
2950	We should ban fast food	against	people should be able to assess the risks of eating fast food themselves	0	1	0	0	0	0	1	0	0	0	5.0
5163	Esperanto should replace English as the first foreign language in schools and universities	in favor of	Esperanto is linguistically neutral: The language was created with the principle of internationality in a European context. It’s democratic: There are no native speakers of Esperanto, or better yet not any monolingual speakers of Esperanto. Everyone has to learn it as a second language. As a result of this nobody will have an advantage over others and nobody can feel like a 'stranger' since nobody can feel like a 'native'. Everyone is respected regardless of their origin and not discouraged from learning the language.	1	0	0	0	0	0	0	0	0	1	4.333333333333333
1133	We should abolish the three-strikes laws	in favor of	the 3 strike law is unfair and many people are punished too severely.	0	1	0	0	0	0	0	0	0	1	4.333333333333333
6999	We should include young people in decision-making processes considering climate change	in favor of	Youth is a minority that will face the negative effects of climate change without being able to sufficiently participate in climate governance. 	0	1	0	0	0	0	1	0	0	1	4.333333333333333
647	We should ban missionary work	against	missionary work allows people in developing countries access to new ways of thinking and possibilities for how they live their life.	1	1	0	0	0	0	0	0	0	0	5.0
1265	We should adopt libertarianism	in favor of	libertarianism give more freedom to the people and cuts out government influence in their lives.	0	0	0	0	0	0	1	0	0	0	5.5
7208	We should prevent the surveillance state	in favor of	I am not prepared to continue to restrict my freedom on a permanent basis due to the actions of a minority of offenders, as a citizen who is not a victim. The policy has to find a better balance here. 	0	0	0	0	0	0	1	0	0	0	5.5
2670	We should abolish the three-strikes laws	in favor of	criminals should have a chance to go straight, even if they've committed the same crime multiple times.	0	1	0	0	0	0	1	0	0	1	4.333333333333333
3088	We should ban missionary work	in favor of	missionary work is an affront to people's right to choose their own religion, by tying aid to a particular religion it's no different than imperialism	0	0	0	0	0	0	1	0	0	1	4.333333333333333
4265	We should subsidize Wikipedia	against	no subsidy should be given to wilkpedia. it is part of the free enterprise system and can be supported by users and advertisers.	0	1	0	0	1	0	1	0	0	1	4.333333333333333
4422	We should cancel pride parades	against	pride parades are a form of expression and should be given the same consideration as any other type of parade.	0	0	0	0	0	0	1	0	0	1	4.333333333333333
668	We should stop the development of autonomous cars	in favor of	it is just another way for lazy people to do as little as possible.	0	1	0	0	0	0	0	1	0	0	5.0
235	We should subsidize Wikipedia	in favor of	providing subsidies would allow more money to be spent on the editing process thus making wikepedia a more reliable source of information	1	1	0	1	1	0	0	0	0	1	4.333333333333333
6874	We should subsidize vocational education	against	there is no guarantee that people would find a job	0	0	0	0	0	0	0	0	0	1	4.333333333333333
3698	We should abolish zoos	in favor of	animals need to be free and unrestricted, zoos offer small enclosures, denying animals the chance to survive and thrive in their own habitat.	0	0	0	0	0	0	1	0	0	1	4.333333333333333
4990	We don't need immigration from non-European or non-first-world countries. 	against	What are you 5? And what do you mean by first-world? Should we create a task force just to understand what countries are to be considered the first world? Is it the money? The religion? The food? Their political system? And then reevaluate each year? This comment is plain ignorant.	0	0	0	0	0	0	0	0	0	1	4.333333333333333
4663	NEET exam should be banned	against	But every year, less than 20% of the students are passing the exam. By this, it is evident that the quality of medical education in other countries where Indian students are studying is not at par with the medical education in India. So, it is very important to take steps to provide affordable and high-quality medical education in India.	1	1	0	0	0	0	0	0	0	0	5.0
4654	We should subsidize hydrogen vehicles	against	If the hydrogen fuel escapes into the air, it can increase global warming.	0	0	0	0	0	0	0	0	0	1	4.333333333333333
822	We should subsidize space exploration	in favor of	space exploration needs our support to help us understand the universe and our place in it.	1	0	0	0	0	0	1	0	0	1	4.333333333333333
3731	We should adopt a multi-party system	in favor of	a multi-party system allows for more ideas, more candidates, more voters turning out.	1	1	0	0	1	0	1	0	0	1	4.333333333333333
4853	Migrants should be housed in EU bureaucrats' neighborhoods	in favor of	I think EU bureaucrats and politicians should set an example for the rest of, Merkle in particular. They should also donate 30% of their wages to them.	0	1	0	0	0	0	0	0	0	0	5.0
6364	The use of public defenders should be mandatory	against	the use of public defenders shouldn't be mandatory because people should be able to pick their lawyers not have one forced on them	0	0	0	0	0	0	1	0	0	0	5.5
332	We should ban factory farming	against	factory farming is efficient and lowers food production costs.	0	1	0	0	1	0	0	0	0	0	5.0
6044	The vow of celibacy should be abandoned	in favor of	the vow of celibacy represents a time when sex was considered dirty and taboo, instead of merely a part of human nature.	0	0	0	1	0	0	1	0	0	1	4.333333333333333
5154	The EU should adopt legislative measures aimed at increasing the percentage of women in the political sector	against	All wrong. Let everyone decide for himself (or herself). Forcing women into specific positions is bad ... and sexist I guess.	0	0	0	0	0	0	1	0	0	1	4.333333333333333
4964	We need a better EU migration policy 	in favor of	his is the issue in politics and public sector policy making. No objectives are to be pursued. No problems to be solved. I guess it is the nature of the beast. Balancing conflicting interests. 	0	0	0	0	0	0	1	0	0	1	4.333333333333333
7073	We should improve migration policies 	in favor of	The only meaningful immigration is when there is a member country with a specific vacancy. That member will also be responsible for the integration (at a cost of Euro 167,000). The EU has only to administer the paperwork and supervise if matters spin out of control. 	0	1	0	0	1	0	0	1	0	0	5.0
6905	We should abandon television	against	television offers so many chances to learn about and see things we would never experience right where we live	1	0	0	0	0	0	1	1	0	0	5.5
2264	We should stop the development of autonomous cars	in favor of	taxis are already available for people that want to be driven so autonomous cars aren't necessary.	1	0	0	0	0	0	0	0	0	0	5.5
6875	Homeschooling should be banned	against	children who would not thrive in school often achieve better results and all round education being educated at home.	1	0	0	0	0	0	1	0	0	1	4.333333333333333
3856	We should adopt libertarianism	in favor of	libertarianism is the ultimate expression of freedom.	0	0	0	0	0	0	1	0	0	1	4.333333333333333
7125	We should label products with environmental impact and climate impacts in clear language	in favor of	Extremely important thing for an informed decision of the citizens e.g. in the supermarket.	1	1	0	0	0	0	1	0	0	1	4.333333333333333
4647	5G services should be available across India	in favor of	5G will vastly increase the number of networks that can be connected, handling up to a trillion Internet of Things terminals, which will enable machines and humans in a factory to communicate with each other seamlessly, making the business more efficient and reducing the possibility of error.	1	1	0	0	0	0	1	0	0	1	4.333333333333333
6986	Adultery should be criminalized	against	Law should not interfere in the personal lives.	0	0	0	0	0	0	1	0	0	0	5.5
7144	We should promote awareness in society of what migrants are contributing. 	against	Misconceptions like the view that mass migration is somehow 'good' need to be clearly pointed out.	0	0	0	0	0	0	0	0	0	1	4.333333333333333
7161	We should not have any immigration from non-European or non-first-world countries 	against	Halting all immigration from non-European or non-first-world countries is shortsighted. We need to selectively pick people who can and are willing to contribute to the greater good like Australia and Canada and do prescreening instead of banning everyone.  	1	1	0	0	1	0	1	0	0	0	5.0
758	We should subsidize Wikipedia	in favor of	wikipedia would be more accurate if it was subsidized.	1	1	0	0	0	0	0	0	0	0	5.0
5668	Assisted suicide should be a criminal offence	against	Assisted suicide helps those who are in pain due to a devastating disease end their own lives on their own terms.	0	0	0	0	0	0	1	0	0	0	5.5
1504	We should abolish zoos	in favor of	it is inhumane to keep animals in cages for our entertainment. they need to be in their natural habitat in order to thrive instead of zoos.	0	0	0	0	0	0	0	0	0	1	4.333333333333333
4555	We should adopt atheism	against	People should be allowed to choose how to believe freely and not forced to accept the beliefs of atheism.  Each person has a mind and can make their own decision and should be allowed the freedom of choice.	0	0	0	0	0	0	1	0	0	0	5.5
2173	We should abandon the use of school uniform	in favor of	school uniform requirements curtail any individual creativity and self-expression at an important age of self-discovery and should be abandoned.	0	0	0	0	0	0	1	0	0	0	5.5
4992	We need a better distribution of refugees	against	The key to successful immigration depends upon the possibility of employment.  So EU members are to decide whom they want to admit.  	0	0	0	0	1	0	1	0	0	0	5.5
5306	The EU should strengthen its ties with Ukraine and prepare an EU membership of Ukraine.	in favor of	If people make a revolution for our system and values, we must support them. It is the Ukrainian people who decide their future, not Russia. In order to support them we need a European army and a common foreign policy.	1	1	0	0	1	0	1	0	0	0	5.0
3578	We should ban algorithmic trading	against	we should not put up barriers to what is essentially the application of technology and intelligent application of maths to trading. this prevents progression	1	0	0	0	0	0	1	0	0	0	5.5
6743	Intelligence tests bring more harm than good	against	intelligence tests are very useful to determine who needs extra help in core learning and who can be pushed to excel, meaning both high and low scorers are more equipped to reach their full potential.	1	1	0	0	0	0	1	0	0	0	5.0
6256	Foster care brings more harm than good	against	orphanages cannot give kids the personal care that foster parents can.	0	1	0	0	0	0	0	0	0	1	4.333333333333333
7169	We should not have any immigration from non-European or non first-world countries 	in favor of	Saying no to any migration is just stupid and irrealistic.	1	0	0	0	0	0	1	1	0	1	4.333333333333333
6455	Blockade of the Gaza Strip should be ended	in favor of	blockage of the gaza strip strip should be ended because the people should be able to cross the boarder	0	0	0	0	0	0	1	0	0	0	5.5
2123	We should adopt a multi-party system	in favor of	a multi-party system allows a greater freedom of choice for voters to express their democratic right to vote for policies they would like to implimented.	0	0	0	0	0	0	1	0	0	1	4.333333333333333
4130	We should ban algorithmic trading	against	there's no need to ban algorithmic trading as it is a very good system for trading, leading to great gains for the investors.	1	0	0	0	1	0	0	0	0	0	5.5
5856	Entrapment should be legalized	against	putting temptation in the way of a criminal is not fair	0	1	0	0	0	0	0	0	0	1	4.333333333333333
4260	We should stop the development of autonomous cars	against	autonomous cars are a thing of the future	1	0	0	0	0	0	0	0	0	0	5.5
666	We should abolish zoos	against	zoos allow people to see many animals in their natural habitat that most people would never see.	0	0	0	1	0	0	1	1	0	1	4.333333333333333
6467	Entrapment should be legalized	against	Entrapment should not be legalized because there is no way to know if someone would have committed the crime without police involvement.	0	1	0	0	0	0	0	0	0	1	4.333333333333333
4862	The EU needs strong advertising and recruitment strategies for students and qualified employees	in favor of	Compared to most anglophone countries, Europe has been quite timid in attracting talent across the globe. Too few people know of and make use of the EU Blue Card. The EU is a destination of choice for migration and refugees from developing and some neighboring countries.	1	0	0	0	0	0	0	0	0	0	5.5
1328	We should subsidize journalism	in favor of	subsidising journalism will put more resources into good investagative journalism.	1	0	0	0	0	0	1	0	0	1	4.333333333333333
786	We should adopt atheism	in favor of	Atheism should be adopted because many people do not believe in God or a higher power,	0	0	0	0	0	0	1	0	0	1	4.333333333333333
1792	We should ban algorithmic trading	against	algorithmic trading might be good for those starting out since it takes all the guess work out.	1	1	0	0	1	0	0	0	0	0	5.0
4942	The European Union should be harder towards irreparable migrants, those who do not value their lives in peace, security, and prosperity.	against	The emphasis on negative stereotypes towards migrants comes mostly from people who don't know Africans or other migrants or refugees. 	0	0	0	0	0	0	0	0	0	1	4.333333333333333
3673	We should abolish the three-strikes laws	in favor of	three-strikes laws are a major reason for overcrowding in our prison system.	1	1	0	0	0	0	0	0	0	1	4.333333333333333
1990	We should adopt libertarianism	in favor of	We should adopt libertarianism because taxation is theft, since it forces people to work for free.	0	0	0	0	1	0	1	0	0	0	5.5
2306	We should subsidize Wikipedia	in favor of	wikipedia provides an endless amount of information right at our fingertips.	1	1	0	0	0	0	1	0	0	1	4.333333333333333
3433	We should subsidize Wikipedia	in favor of	wikipedia has the potential to be the greatest source of freely accessible information, a subsidy could help to reach this goal whereas currently the funding is becoming a bigger threat to its existence	1	1	0	0	1	0	0	0	0	0	5.0
3489	We should ban factory farming	in favor of	factory farming is not good for the environment	0	0	0	0	0	0	0	0	0	1	4.333333333333333
2927	We should end mandatory retirement	against	people working longer than they should prevents employers from hiring new people who might be more useful	1	0	0	0	0	0	0	0	0	1	4.333333333333333
7247	We should speak about the ongoing genocide in China.	in favor of	The vast majority of the victims of this genocide in China are Muslims. And yet, the Muslim countries see the USA and the West as their arch-enemies! 	0	0	0	0	0	0	0	0	0	1	4.333333333333333
3156	We should adopt a zero-tolerance policy in schools	against	there should be some leeway for pupils otherwise they will have no grounding for future life if all they know is what they can't do and cannot question it.	1	1	0	0	0	0	1	0	0	1	4.333333333333333
3519	We should subsidize journalism	in favor of	fair and honest journalism is important and should be subsidized for the benefit of all	0	1	0	0	0	0	0	0	0	1	4.333333333333333
6823	We should subsidize vocational education	against	if somebody wants to gain some qualification for some jobs, then they need to go to university to get it and not to be subsidize from government.	1	1	0	0	0	0	1	0	0	0	5.0
5377	Food whose production has been subsidized with EU funds should not be allowed to be exported to developing countries.	in favor of	These products come mainly from large enterprises, which do not necessarily focus on environmental protection.	0	1	0	0	0	0	0	0	0	1	4.333333333333333
4741	US-Mexico border wall is a good thing	against	According to the reports, illegal crossing of the borders has actually decreased from the year 2014 to 2015 which renders no use in building the wall.	0	0	0	0	0	0	0	0	0	1	4.333333333333333
3414	We should legalize prostitution	in favor of	people have the right to use their bodies in any way they choose.	0	0	0	0	0	0	1	0	0	0	5.5
4323	We should limit judicial activism	against	we should not limit judicial activism because judges have better knowledge of the laws than juries do	1	0	0	0	1	0	0	0	0	0	5.5
5616	Holocaust denial should be a criminal offence	against	while it is terrible to deny what happened during the holocaust everyone is entitled to their opinions.	0	0	0	0	0	0	1	0	0	0	5.5
3013	We should ban whaling	against	There is still a vast amount of scientific knowledge that can be acquired from whaling.	1	0	0	0	0	0	1	0	0	1	4.333333333333333
367	We should abolish the Olympic Games	against	the olympic games offer a friendly competition meeting where the best athletes around the world can come together to celebrate the best of human physical achievement.	1	0	0	1	0	0	0	1	0	1	4.333333333333333
6311	Homeschooling should be banned	against	homeschooling allows the child to get more direct instruction and can be completed at their speed and not someone else's.	1	1	0	0	0	0	1	0	0	1	4.333333333333333
5450	The use of public defenders should be mandatory	in favor of	The use of public defenders should be mandatory because it would end the two-tier system where some people get excellent private defenders and some get low quality public defenders.	0	0	0	0	0	0	0	0	0	1	4.333333333333333
2061	We should ban algorithmic trading	in favor of	we should ban algorithmic trading because is difficult in some economics	1	0	0	0	1	0	0	0	0	1	4.333333333333333
5854	Homeschooling should be banned	against	homeschooling is best for children where the schools in the area are not conducive to learning	0	1	0	0	0	0	1	0	0	0	5.0
6851	Intelligence tests bring more harm than good	in favor of	intelligence tests have been proven to have no predictive value in a person's ability to excel in education or the workforce.	1	1	0	0	0	0	0	0	0	1	4.333333333333333
3430	We should abolish safe spaces	in favor of	Safe spaces are overwhelmingly used as a political tool to silence conservative voices, and that political skew shows that they serve more to indoctrinate young people than to alleviate social trauma.	0	0	0	0	0	0	1	0	0	1	4.333333333333333
3729	We should abolish capital punishment	in favor of	In places where capital punishment is legal, it is often used in discriminatory ways against minority groups, and therefore we should abolish it to prevent disproportionate punishment against the most vulnerable people in society.	0	0	0	0	0	0	0	0	0	1	4.333333333333333
2246	We should ban targeted killing	in favor of	targeting killing is barbaric and exists outside the bounds of government.	0	0	0	0	0	0	0	0	0	1	4.333333333333333
6757	Intelligence tests bring more harm than good	in favor of	these tests need to be stopped until they are able to properly assess intelligence in a variety of forms, currently they are discriminatory	1	0	0	0	0	0	0	0	0	1	4.333333333333333
6365	We should abandon television	against	television is an important source of entertainment especially for older people	0	0	0	1	0	0	0	0	0	0	6.0
3517	We should abolish zoos	in favor of	we should abolish  because it changes an animals behavior versus if they were free in the wild	0	1	0	0	0	0	0	0	0	1	4.333333333333333
5757	Entrapment should be legalized	in favor of	people should be allowed to entrapment because it's another way to express themselves	0	0	0	0	0	0	1	0	0	0	5.5
1591	We should legalize cannabis	in favor of	adults should be able to choose substances that they want to use.	0	0	0	0	0	0	1	0	0	1	4.333333333333333
5455	The vow of celibacy should be abandoned	in favor of	clergy should have the option to marry and have a family like everyone else	0	1	0	1	0	0	1	1	0	0	5.0
2901	We should subsidize Wikipedia	against	i am contesting the subsidizing of the wikipedia because it mean they can be controlled and you are not getting the full result when you try to search about certain subjects or people	0	0	0	0	0	0	1	0	0	1	4.333333333333333
764	We should ban fast food	against	this is a free country. people are free to make bad nutritional decisions	0	0	0	1	0	0	1	1	0	1	4.333333333333333
377	We should ban algorithmic trading	against	algorithmic trading is cost effective because it is timely and accurate.	1	1	0	0	1	0	0	0	0	0	5.0
4995	We need a better distribution of refugees.	against	If you want migrants, invite them into your home.	0	1	0	0	0	0	1	0	0	1	4.333333333333333
4745	Marital Rape should be criminalized in India	against	Punishing men based on mere words of wives is completely wrong, because of the presumption that women do not lie. Good and bad are not related to gender. There are women criminals too.	0	1	0	0	0	0	0	0	0	1	4.333333333333333
6677	We should abandon television	against	television brings a good form of entertainment and education into the home environment.	1	0	0	1	0	0	1	0	0	1	4.333333333333333
833	We should cancel pride parades	against	pride parades are an important part of society to promote freedom of choice  and acceptance.	0	0	0	0	0	0	1	0	0	1	4.333333333333333
2960	We should prohibit school prayer	against	we should not prohibit school prayer as long as the type of prayer is not religion specific.	0	1	0	0	0	0	1	0	0	1	4.333333333333333
4762	Donald Trump's Presidency was a good thing	against	Racism &amp; white supremacy has increased in Trump's term.	0	0	0	0	0	0	0	0	0	1	4.333333333333333
440	We should limit judicial activism	against	judicial activism can highlight wrong legislation, or deliver accurate justice that cannot be addressed through the existing laws	1	0	0	0	1	0	0	0	0	1	4.333333333333333
4778	Censorship of movies is an outdated concept	in favor of	Filmmakers spend lot of money and time to make movies. If parts of the movie is cut in the name of censorship, they will be discouraged to make more movies.	1	0	0	0	0	0	1	0	0	0	5.5
2175	We should abolish intellectual property rights	against	we shouldn't abolish intellectual property rights because people should have the right to do what they want with their ow property	0	0	0	0	0	0	1	0	0	0	5.5
992	We should introduce compulsory voting	against	some people choose not to vote for ethical reasons.	0	1	0	0	0	0	1	0	0	0	5.0
5357	There should be a new EU foreign policy.	in favor of	The stated proposal for a new EU foreign policy is very well thought through.	1	0	0	0	0	0	1	0	0	0	5.5
2679	We should adopt a multi-party system	in favor of	a key advantage of a multi-party system is that voters have a choice of which political party they can choose to elect.	0	0	0	0	1	0	1	0	0	0	5.5
3911	We should oppose collectivism	against	for the greater good of the whole community collectivism ensures everyone benefits, not just the few.	0	1	0	0	0	0	0	0	0	1	4.333333333333333
7017	We should promote the use of nuclear energy	in favor of	Europe must be a place that follows science, and following science nuclear power is an important tool in our fight against climate change.	0	0	0	0	0	0	0	0	0	1	4.333333333333333
3299	We should abolish zoos	against	zoos protect species and provide learning	1	1	0	0	0	0	0	0	0	1	4.333333333333333
354	We should ban algorithmic trading	in favor of	even if an algorithm can react quicker than a person, it can't predict markets accurately	1	0	0	0	1	0	0	0	0	1	4.333333333333333
6660	We should subsidize vocational education	in favor of	vocational education can be used as the easy way out for students not willing to put in the work of real college	1	0	0	0	0	0	1	0	0	0	5.5
6553	Intelligence tests bring more harm than good	in favor of	this is beneficial only to the people who go to good schools and aern't living in poverty.   these tests are unfair to kids in low income poverty areas.   we should not have them.	1	0	0	0	0	0	0	0	0	1	4.333333333333333
3573	We should subsidize space exploration	in favor of	space mining could help us find valuable minerals that are useful	0	0	0	0	1	0	0	0	0	0	5.5
1050	We should abandon the use of school uniform	in favor of	uniform policies detract from more effective efforts to reduce problems in education	1	1	0	0	0	0	1	0	0	1	4.333333333333333
1304	We should limit judicial activism	against	judges are in a position to make a positive change in the world, and should be encouraged to use activism to do so	1	1	0	0	1	0	0	0	0	1	4.333333333333333
2836	We should ban factory farming	in favor of	factory farms produce a lot of pollution	0	0	0	0	0	0	0	0	0	1	4.333333333333333
6266	Intelligence tests bring more harm than good	against	intelligence tests help to identify people that need extra help and therefore are an essential tool	1	1	0	0	0	0	0	0	0	0	5.0
210	We should abolish safe spaces	in favor of	safe spaces are for people who don't like to talk about the issues in a civilized manner	0	0	0	0	0	0	0	0	0	1	4.333333333333333
4278	We should abolish zoos	in favor of	zoos hold animals in cages when they should be free	0	0	0	0	0	0	0	0	0	1	4.333333333333333
1973	We should ban algorithmic trading	against	algorithmic trading is fast and efficient and better able to deal with data	1	1	0	0	1	0	0	0	0	1	4.333333333333333
5503	Intelligence tests bring more harm than good	in favor of	intelligence tests don't accurately measure intelligence because they are inherently biased towards the type  of people who designed them	1	0	0	0	0	0	0	0	0	1	4.333333333333333
7353	We should ease the education involution.	against	With a still large graduate base, increasingly high thresholds can only be passed by the top achievers.	1	0	0	0	0	0	0	0	0	1	4.333333333333333
3030	We should abolish intellectual property rights	against	intellectual property rights should never be abolished in order to protect the successes of a businesses.	1	0	0	0	1	0	1	0	0	0	5.5
4152	We should ban algorithmic trading	in favor of	Algorithmic trading can be manipulated to artificially alter the price by a competitor, harming anyone who uses algorithmic trading.	0	1	0	0	0	0	0	0	0	1	4.333333333333333
1662	We should abolish the three-strikes laws	in favor of	the three strike law is too strict for some offenders	0	0	0	0	0	0	0	0	0	1	4.333333333333333
3049	We should ban the Church of Scientology	in favor of	Church of Scientology is a brainwashing organization that has no substance and does no good for other people	0	1	0	0	0	0	1	0	0	1	4.333333333333333
1361	We should adopt a zero-tolerance policy in schools	against	the brain of a child isn't fully developed and it isn't fair to have such harsh penalties on them	0	1	0	0	0	0	0	0	0	1	4.333333333333333
6396	Homeschooling should be banned	in favor of	most homeschooled students are not learning the appropriate subjects needed to further their education.	1	0	0	0	0	0	0	0	0	1	4.333333333333333
1395	We should abolish capital punishment	in favor of	Capital punishment often goes wrong and leaves people suffering but still alive.	1	1	0	0	0	0	0	0	0	1	4.333333333333333
1255	We should subsidize space exploration	in favor of	space exploration gives insight into our world and other planets which could be invaluable.	0	0	0	0	0	0	1	0	0	1	4.333333333333333
7284	We should give up developing electric vehicles	in favor of	Market orientation is difficult. In the absence of subsidies, no license restrictions and other policies, whether the sales of pure electric vehicles can still grow steadily is questionable.	0	0	0	0	1	0	0	0	0	1	4.333333333333333
1072	We should abolish zoos	in favor of	zoos are an unnatural stressful environment for animals. no animal should have to live in a cage or enclosure just for the entertainment of people, it is cruel and unnecessary.	0	1	0	0	0	0	0	0	0	1	4.333333333333333
6812	The vow of celibacy should be abandoned	in favor of	the vow of celibacy should be abandoned because it is not natural.	0	0	0	0	0	0	1	0	0	1	4.333333333333333
7356	We should ease the education involution.	in favor of	Parents' overwhelming fear-dominated anxiety is the greatest enemy of education; the intent of education should be to make a person become a better version of himself.	1	0	0	0	0	0	1	0	0	0	5.5
3669	We should introduce compulsory voting	against	people should be given a choice whether they would like to vote or not, it would be undemocratic to not give the people a choice.	0	0	0	0	0	0	1	0	0	0	5.5
3677	We should ban whaling	in favor of	whale are an important part of the ecosystem and whaling threatens their survival on this planet.	0	0	0	0	0	0	0	0	0	1	4.333333333333333
3868	We should subsidize Wikipedia	against	we should not subsidize wikipedia because peoples opinions will get in the way of truth.	0	1	0	0	0	0	1	0	0	1	4.333333333333333
1167	We should limit executive compensation	against	in a competitive market companies have to attract the best talent	1	0	0	0	1	0	0	0	0	0	5.5
5381	The use of public defenders should be mandatory	in favor of	the use of public defenders should be mandatory because some people don't have money for a lawyer and this would help those that don't	0	0	0	0	0	0	0	0	0	1	4.333333333333333
5758	Payday loans should be banned	against	payday loans should  not be banned because some peoples last hope is these kinds of stores.	0	1	0	0	1	0	1	0	0	0	5.0
7360	We should vigorously develop the countryside.	against	The city is full of opportunities, it gives outworkers prosperity and convenience, and everyone can live in the city with their own power, and even gradually gain a foothold in the city.	0	0	0	0	0	0	1	0	0	0	5.5
3877	We should ban telemarketing	against	some telemarketing is beneficial as it may be selling useful products or services.	1	1	0	1	0	0	1	0	0	1	4.333333333333333
58	We should adopt a zero-tolerance policy in schools	against	zero telerance policied do not address underlying causes for the behaviour that is causing the issue	0	0	0	0	0	0	0	0	0	1	4.333333333333333
5614	Homeschooling should be banned	in favor of	homeschooling can put children at a disadvantage if their parents are not intelligent enough to provide a good education.	1	0	0	0	0	0	0	0	0	1	4.333333333333333
6248	Homeschooling should be banned	against	children who homeschool have surpassed their public school peers in standardized testing by an overall 10% better performance.	1	0	0	0	0	0	0	0	0	0	5.5
1046	We should ban factory farming	in favor of	animals in factory farms are kept in terrible conditions and we need to stop this	0	0	0	0	0	0	0	0	0	1	4.333333333333333
5860	We should subsidize vocational education	in favor of	We should subsidize vocational education because it is often inaccessible to low income students.	1	0	0	0	0	0	0	0	0	1	4.333333333333333
1996	We should abolish intellectual property rights	against	without ip rights, the market would be awash with cheap imitations	1	1	0	0	1	0	1	0	0	0	5.0
6690	Assisted suicide should be a criminal offence	against	a person who is terminally ill and suffering should be given the right to end his suffering, under medical supervision.	0	0	0	0	0	0	1	0	0	0	5.5
2275	We should limit judicial activism	against	there should be no limits.  how are we to move forward in society if we limit the thought process of judges?	1	0	0	0	0	0	0	0	0	1	4.333333333333333
151	We should abolish safe spaces	in favor of	safe places are not needed. people need to adjust to the world in which they live in and stop trying to always seek protection from the things they don't like.	1	1	0	0	0	0	1	1	0	0	5.0
3869	We should abolish capital punishment	in favor of	capital punishment is too risky as sometimes innocent people are killed. unless it can be known for certain that a person is guilty, capital punishment wiill always present too much of a risk.	0	0	0	0	0	0	0	0	0	1	4.333333333333333
1608	We should ban whaling	in favor of	whaling serves no purpose, there's no great benefit. it only serves to disrupt the ocean ecosystems and cause needless suffering. it should absolutely be banned.	0	0	0	0	0	0	0	0	0	1	4.333333333333333
4352	We should introduce compulsory voting	against	people should have the right to not vote.	0	0	0	0	0	0	1	0	0	0	5.5
3116	We should ban algorithmic trading	against	algorithmic trading enables trades to be made without spikes of emotion or rage on the part of the trader, therefore it can only be seen as positive.	1	0	0	0	1	0	0	0	0	0	5.5
2557	We should legalize sex selection	in favor of	it helps to insure that the parents get the gender of the child they want and will love	0	1	0	0	0	0	1	0	0	0	5.0
4509	We should cancel pride parades	against	we should not cancel pride parades because they have the right to celebrate too.	0	0	0	1	0	0	1	0	0	1	4.333333333333333
1529	We should subsidize Wikipedia	in favor of	wikipedia is an amazing resource that just about everyone uses.  if it were to disappear many people would lose out.  subsidizing it would be beneficial to all.	1	1	0	0	1	0	0	0	0	1	4.333333333333333
3758	We should abolish capital punishment	in favor of	capital punishment can potentially lead to the death of innocent men. there are cases where there is strong doubt that the person executed actually carried out the crime.	0	0	0	0	0	0	0	0	0	1	4.333333333333333
594	We should abolish the right to keep and bear arms	against	Citizens should be allowed to defend themselves with lethal force in a life-or-death situation because the police are typically slow to respond to such situations.	0	1	0	0	0	0	0	0	0	0	5.0
2555	We should ban cosmetic surgery for minors	in favor of	cosmetic surgery is something that is life long.  which is why minors, who's brains are not fully matured yet, don't have the ability to truly make such a decision for themselves.	1	1	0	0	0	0	0	0	0	1	4.333333333333333
1670	We should limit executive compensation	against	if someone has worked hard  to climb the career ladder then they should receive a reward in the form of executive compensation.	1	0	0	0	1	0	0	0	0	0	5.5
4565	We should abolish zoos	against	Zoos are places that protect and breed animals that would otherwise become extinct.	0	0	0	0	0	0	0	0	0	1	4.333333333333333
6671	Surrogacy should be banned	in favor of	surrogacy often involves exploitation of surrogates from poor and developing countries	0	0	0	0	0	0	0	0	0	1	4.333333333333333
1780	We should abolish zoos	against	zoos are great educational tools, and it is also a safe place to take care of endangered species.	1	0	0	0	0	0	1	0	0	1	4.333333333333333
1347	We should subsidize Wikipedia	in favor of	wikipedia provides an invaluable service and we need to secure its ability to exist in the near and distant future	1	1	0	0	0	0	1	0	0	0	5.0
2735	We should ban missionary work	against	we should not ban missionary work because a lot of progress has been made because of it in poor countries.	1	0	0	0	1	0	0	0	0	1	4.333333333333333
7050	We should preserve bees and polling insects	in favor of	The economic value of polling insects, often bees, is estimated by researchers to be EUR 153 trillion. 9.5% of the total value of world food production. 	0	0	0	0	1	0	0	0	0	1	4.333333333333333
4111	We should adopt libertarianism	in favor of	we should adopt libertarianism because it helps many people	1	1	0	0	0	0	0	0	0	0	5.0
841	We should subsidize journalism	in favor of	we should, if it's subsidised it could mean better journalism	1	0	0	0	1	0	0	0	0	1	4.333333333333333
5150	The EU needs more effective policies to combat online hate speech	in favor of	The internet has provided unprecedented opportunities to express and comment on almost anything. But this also brings with it responsibility. Where is the boundary between freedom of expression and speech hate speech, which is no longer tolerated by the law? How can we oppose such acts – such as insults, vulgarism, or threats on social networks? Or can everyone say anything on the internet?	0	1	0	0	0	0	0	0	0	1	4.333333333333333
6889	The use of public defenders should be mandatory	in favor of	The use of public defenders should be mandatory because it would encourage more of the best law students to become public defenders, if they want to be defense attorneys.	1	0	0	0	0	0	0	0	0	0	5.5
934	We should ban the use of child actors	against	the usage of child actors should not be banned as they are an important part of the acting field they have adults who can make rationale decisions for them.	1	1	0	0	0	0	1	0	0	0	5.0
7171	We should support Frontex.	in favor of	Frontex is a key agency and is called to play a crucial role in the coming years. Yet, it lacks the necessary political support it deserves to carry out its mission. 	1	0	0	0	0	0	0	0	0	0	5.5
5350	We need legal ways of migration.	against	Migrants have a complete lack of critical thinking.  	1	0	0	0	0	0	1	0	0	1	4.333333333333333
4814	The EU should establish a Carbon Border Adjustment Mechanism (CBAM)	in favor of	CBAM is a central element towards a global approach to reach net zero emissions by 2050 and to mitigate global warming	0	0	0	0	0	0	0	0	0	1	4.333333333333333
1787	We should abolish zoos	against	zoos are an educational and entertaining tool and the animals are well fed and cared for.	1	0	0	1	0	0	1	1	0	1	4.333333333333333
4487	We should ban telemarketing	against	on rare occasions they can have a benefit, possibly the elderly  can benefit as they are less familiar with the internet.	1	1	0	0	0	0	0	0	0	1	4.333333333333333
4736	Driverless cars should be allowed in India	in favor of	The majority of driverless cars are going to be Electric Vehicles (EV's) which will help in decreasing the pollution level in the country, which is also one of the major issues the country is facing.	0	0	0	0	0	0	0	0	0	1	4.333333333333333
7055	We should use the waste from the agri-food industry in the ruminant feed chain	in favor of	The fruit and vegetable sector is able to produce a large quantity of waste products which, if well reused, could be used for animal feed.	1	0	0	0	1	0	1	0	0	0	5.5
1041	We should adopt a multi-party system	in favor of	multi-party systems provide many new sources of views on relevant topics	0	1	0	0	0	0	1	0	0	1	4.333333333333333
2914	We should introduce compulsory voting	in favor of	compulsory voting will ensure the proper result in an election.	1	0	0	0	1	0	0	0	0	1	4.333333333333333
5351	We need legal ways of migration.	against	Migrants willingly risk their lives.	1	1	0	0	0	0	0	1	0	0	5.0
3337	We should adopt atheism	in favor of	atheism is simply the end result of rational thinking, refusing to blindly believe in things that are unproven - this is healthier attitude, since religious adherence leads to all mannor of intolerance.	1	0	0	0	0	0	1	0	0	1	4.333333333333333
908	We should prohibit school prayer	in favor of	religious beliefs are forced upon children and children of different religions may feel excluded	0	0	0	0	0	0	1	0	0	1	4.333333333333333
6453	Surrogacy should be banned	against	some women, through no fault of their own, are incapable of being biological mothers - surrogacy gives them the chance of such an incredible experience.	0	1	0	1	0	0	1	0	0	1	4.333333333333333
6702	The use of public defenders should be mandatory	against	the use of public defenders should not be mandatory as you might get a bad one and then regret it for the rest of your life	1	0	0	0	0	0	1	0	0	1	4.333333333333333
5981	Assisted suicide should be a criminal offence	against	people must be able to decide what to do or not with their lives therefore assisted suicide is an alternative	0	0	0	0	0	0	1	0	0	0	5.5
2066	We should ban whaling	in favor of	Whales are wonderfully intelligent creatures that don't deserve to be hunted in such a gruesome manner.	0	0	0	0	0	0	0	0	0	1	4.333333333333333
63	We should ban factory farming	in favor of	factory farming is bad for the environment and should be banned	0	0	0	0	0	0	0	0	0	1	4.333333333333333
4697	India should have 'One Nation - One Election' policy 	against	When state elections are conducted along with the center the regional parties may get marginalized because the same party getting majority in the center may get votes in the state as well.	0	0	0	0	1	0	1	0	0	1	4.333333333333333
269	We should limit executive compensation	in favor of	executive compensation should be limited in order to narrow the wage gap between c-level employees and line workers	0	1	0	0	1	0	0	0	0	1	4.333333333333333
3247	We should ban algorithmic trading	against	algorithmic trading is the future of investing and can lead to a more prosperous economy in the long run.	1	0	0	0	1	0	0	0	0	0	5.5
83	We should oppose collectivism	in favor of	collectivism prevents original thoughts and discourages people from looking for their own ideas	1	0	0	0	0	0	1	0	0	0	5.5
3836	We should abolish intellectual property rights	in favor of	ideas should be everyones not just one persons	0	0	0	0	0	0	1	0	0	1	4.333333333333333
6424	Intelligence tests bring more harm than good	in favor of	IQ tests measure only a few types of cognitive abilities and do not account for the vast array of intelligence types	1	0	0	0	0	0	0	0	0	1	4.333333333333333
1486	We should introduce compulsory voting	against	compulsory voting takes away an individual's right to their own mind	0	0	0	0	0	0	1	0	0	1	4.333333333333333
6763	Foster care brings more harm than good	in favor of	foster care is a broken system that most people can abuse the kids in the system	1	1	0	0	0	0	0	0	0	1	4.333333333333333
539	We should abolish capital punishment	against	If capital punishment is unfairly applied we should focus on fixing that, not abolishing it entirely.	1	0	0	0	1	0	0	0	0	1	4.333333333333333
655	We should ban private military companies	in favor of	private military companies have no governmental controls and can do more harm then good.	0	0	0	0	0	0	1	0	0	0	5.5
2597	We should introduce compulsory voting	in favor of	far too few people actually vote, meaning that those in government are not truly representative of the people.	0	0	0	0	0	0	0	0	0	1	4.333333333333333
2781	We should adopt gender-neutral language	in favor of	the old days of labeling careers as a mailman, etc are sexist and outdated.  women can do anything men can, and adopting a gender neutral language would reinforce that concept.	1	0	0	0	0	0	0	0	0	1	4.333333333333333
1084	We should limit executive compensation	in favor of	executive compensation is not always effective and takes away from the rest of the employees who do most of the strenuous work	1	0	0	0	0	0	0	0	0	1	4.333333333333333
3619	We should subsidize journalism	in favor of	newspapers are dying and need the support.	1	1	0	0	1	0	0	0	0	0	5.0
3542	We should subsidize Wikipedia	against	we shouldn't give money to a site where anyone can edit articles to give false information.	0	1	0	0	0	0	0	0	0	1	4.333333333333333
5112	The EPPO’s jurisdiction should be extended to all member states	in favor of	The EU must take a strong position against corruption and be in favor of an independent, supranational proscecutor that is the EPPO.	0	0	0	0	1	0	1	0	0	1	4.333333333333333
7297	We should ban the trading of virtual currencies.	against	Security, virtual currency is encrypted with high aspect ratio data, after the sale is created, it is always unlikely to carry out changes and forgeries.	0	0	0	0	0	0	0	0	0	1	4.333333333333333
1801	We should ban the use of child actors	against	we should not ban the use of child actors because then movies and shows wouldn't have any children in them	0	0	0	1	0	0	1	1	0	0	5.5
3585	We should introduce compulsory voting	in favor of	compulsory voting would ensure that everyone would vote and have a voice in what goes on.	0	0	0	0	1	0	0	0	0	0	5.5
3757	We should abolish zoos	against	we should not abolish zoos because they are helping out endangered species that would otherwise be extinct if they went back into the wild now.	0	1	0	0	0	0	0	0	0	1	4.333333333333333
5069	The European Union needs to equip itself with the institutional and legal tools to resolve democratic conflicts on sovereignty within its own borders.	in favor of	The right for stateless nations and peoples to democratically decide on their own future must be respected, and for that purpose, we advocate for the creation of a mechanism of clarity at the EU level, aimed at facilitating and resolving any eventual self-determination disputes through democratic means. This tool should ensure that positions cannot be imposed nor debates prevented.	0	0	0	0	0	0	1	0	0	1	4.333333333333333
686	We should abolish the Olympic Games	in favor of	the olympic games only benefit the rich as they are the only people who can afford to compete or attend the games.	0	0	0	0	0	0	0	0	0	1	4.333333333333333
7141	We should reduce animal farming.	in favor of	We can work together to encourage plant based diets and make the world a better place.	1	1	0	0	0	0	1	0	0	1	4.333333333333333
5481	The use of public defenders should be mandatory	against	people have the right to hire an attorney they can trust that will do a very thorough job and defend them in this process.   public defenders might not hold the best skills to defend a person in court.	1	1	0	0	1	0	1	0	0	0	5.0
2932	We should introduce compulsory voting	in favor of	by introducing compulsory voting you will assure that each and every citizen's voice is heard.	1	0	0	0	1	0	0	0	0	1	4.333333333333333
1365	We should subsidize student loans	in favor of	subsidizing student loans will enable many more people the opportunity to attend college	1	1	0	0	0	0	0	0	0	1	4.333333333333333
6624	Surrogacy should be banned	against	knowing who the surrogate is provides better information than in an adoption where you don't know any background	0	1	0	0	0	0	0	0	0	1	4.333333333333333
199	We should abolish intellectual property rights	in favor of	we should abolish intellectual property rights to break to the barriers if innovation, barring people from building on and improving ideas is counter productive	1	0	0	0	0	0	1	0	0	0	5.5
2878	We should ban algorithmic trading	in favor of	algorithmic trading is unfair because traders with faster computers and better connections to the market will have an advantage over others.	1	0	0	0	1	0	0	0	0	1	4.333333333333333
1161	We should limit judicial activism	in favor of	it is not fair for opinion to overrule when there are so many different ones.	1	0	0	0	0	0	0	0	0	1	4.333333333333333
254	We should end the use of economic sanctions	in favor of	economic sanctions hurt the poorest people of a nation	0	0	0	0	1	0	0	0	0	1	4.333333333333333
536	We should subsidize Wikipedia	in favor of	we should subsidize wikipedia because wikipedia helps people to learn about any and everything they want to learn about.	1	0	0	0	0	0	1	0	0	1	4.333333333333333
3925	We should subsidize space exploration	in favor of	The technology developed for space exploration has also had uses in regular life -- subsidizing space exploration would also have positive trickle down effects.	1	1	0	0	0	0	1	0	0	0	5.0
3249	We should ban whaling	in favor of	Whaling will threaten to endanger many species of whale.	0	0	0	0	0	0	0	0	0	1	4.333333333333333
2163	We should prohibit school prayer	in favor of	school prayer shouldnt be imposed on pupils as we all have different values and beliefs and live in a multi cultural society	0	0	0	0	0	0	1	0	0	1	4.333333333333333
5586	The use of public defenders should be mandatory	against	The use of public defenders should not be mandatory because people should be able to provide for their own defense if they wish, since they know their own self interest best.	1	0	0	0	0	0	0	0	0	1	4.333333333333333
2338	We should limit executive compensation	in favor of	workers would be more motivated to do a good job if they were compensated more instead of giving the executives so much	1	0	0	0	1	0	0	0	0	0	5.5
6380	Intelligence tests bring more harm than good	against	IQ tests allows students to understand and focus on their intellectual strengths.	1	1	0	0	0	0	1	0	0	0	5.0
128	We should end mandatory retirement	against	Mandatory retirement lets companies more easily make space for new workers that have more of an incentive to work hard at a new job.	1	0	0	0	0	0	0	0	0	0	5.5
3763	We should ban telemarketing	against	if it is for a specific product from a list of people who've purchased it before it offers the product to the customer	1	1	0	0	0	0	1	0	0	1	4.333333333333333
4369	We should abolish capital punishment	in favor of	capital punishment can put innocent lives at risk	0	0	0	0	0	0	0	0	0	1	4.333333333333333
3893	We should abandon the use of school uniform	in favor of	people should be able to wear whatever they want.  a school uniform stunts students' creativity.	0	0	0	0	0	0	1	1	0	0	5.5
2381	We should subsidize Wikipedia	in favor of	it is the go to encyclopedia and should be of the highest quality possible	1	1	0	0	1	0	0	0	0	0	5.0
262	We should adopt atheism	against	freedom to choose what someone believes in is a right	0	0	0	0	0	0	1	0	0	1	4.333333333333333
7121	We should not produce unnecessary garbage	in favor of	Things that are supposed to serve us for a long time, like a vehicle or telecommunication device or household implements should be designed to last half a lifetime under normal use. The quality of the building material should matter more in that instance, so less focus on recycling.	1	1	0	0	0	0	0	0	0	1	4.333333333333333
5272	The EU must take the lead for the Middle East.	in favor of	I would like to strongly support the need for Europe to gain back an active role in the diplomatic efforts to try to stabilize the Middle East and in particular to find a just and fair solution to the Israel - Palestine conflict. I remember that the European Union - with the Venice Declaration of June 1980 - played a key role in pushing the Palestinians to the table of negotiations. That text was much criticized at that time, but with the benefit of insights, it was right! Europe has become more and more marginal in the peace process and this has contributed to a much-aggravated situation where problems are even more difficult to resolve than 40 years ago and create room for despair and violence. 	0	0	0	0	1	0	0	0	0	1	4.333333333333333
7004	Wind and solar energy resources have harmful impacts on flying species, fauna and flora in general, and even insects	against	if you want to save birds, you perhaps should think about domesticated cats and making modern buildings more bird-friendly. If you want to save insects, look at the way of land use and agriculture, and create insect-friendly gardens.	1	0	0	0	0	0	1	0	0	1	4.333333333333333
6193	Homeschooling should be banned	against	homeschooling is better that state education providing one-to-one learning opportunities they benefit children.	1	1	0	0	0	0	1	1	0	1	4.333333333333333
5883	Intelligence tests bring more harm than good	against	Intelligence tests can help to identify struggling or gifted students so that educators can accommodate to each individuals needs.	1	1	0	0	0	0	1	0	0	1	4.333333333333333
3768	We should abolish intellectual property rights	against	we shoudn't abolish intellectual property rights because a person should have the rights to change and make plans on something that they own without worrying about someone else stepping in.	1	0	0	0	0	0	1	0	0	1	4.333333333333333
3241	We should subsidize space exploration	in favor of	the technology we get from space exploration alone is worth the cost of it	1	0	0	0	1	0	0	0	0	1	4.333333333333333
79	We should abolish the three-strikes laws	in favor of	three is an arbitrary number and may not be appropriate in some instances or for some crimes	0	0	0	0	0	0	0	0	0	1	4.333333333333333
5329	 Foreign Policy at the EU level should be based on absolute majority, not unanimity	in favor of	The unanimous vote is the cause of European stagnation. Foreign and security policy requires speed. Unanimity should be replaced with a qualified majority.	1	0	0	0	1	0	1	0	0	1	4.333333333333333
5615	Surrogacy should be banned	against	women that are capable of giving birth can help those women who are not	0	1	0	0	0	0	0	0	0	0	5.0
1254	We should subsidize space exploration	in favor of	space exploration is the last great frontier for scientific discovery and should be publicly funded.	1	0	0	0	1	0	1	1	0	1	4.333333333333333
7365	Carbon emissions trading should be limited.	against	Since China's reform and opening up, its economy has developed rapidly, and Western countries have taken advantage of the warming climate to limit the issue of carbon emission rights in order to delay China's development.	1	0	0	0	1	0	0	0	0	0	5.5
3927	We should stop the development of autonomous cars	against	why stop the development? sure delay releasing them to the public until the development is at a stage of safety that surpasses human driving but, there is nothing to be gained from stopping development	1	0	0	0	0	0	0	0	0	1	4.333333333333333
2635	We should introduce compulsory voting	against	it is not right to force people that do not want to participate in voting to do so.	0	0	0	0	0	0	1	0	0	0	5.5
6808	We should abandon television	against	television is an effective means of communicating urgent news and weather reports to the masses in a timely manner	1	0	0	0	0	0	0	0	0	1	4.333333333333333
5801	Homeschooling should be banned	against	homeschooling can be best for those with alternative learning needs	1	0	0	0	0	0	1	1	0	1	4.333333333333333
5864	Holocaust denial should be a criminal offence	against	why should anyone be told they cannot deny something even if it happened?  freedom of speech, surely.	0	0	0	0	0	0	1	0	0	0	5.5
5828	The use of public defenders should be mandatory	in favor of	The use of public defenders should be mandatory, so that corporations accused of criminal misconduct have the same resources that an individual would.	0	0	0	0	0	0	0	0	0	1	4.333333333333333
5893	We should abandon television	against	television introduces people to ideas they wouldn't otherwise have had - which can lead to otherwise good people being influenced by bad characters.	0	0	0	1	1	0	1	0	0	1	4.333333333333333
1229	We should subsidize space exploration	in favor of	space exploration is vital to the future of humanity, when we destroy this planet, we will need to have an alternative	1	0	0	0	0	0	0	0	0	1	4.333333333333333
125	We should end the use of economic sanctions	against	economic sanctions are often a proportional punishment	0	0	0	0	0	0	0	0	0	1	4.333333333333333
4564	We should subsidize Wikipedia	against	wikipedia is a very unreliable source of information. many schools do not allow wikipedia to be used as a valid source for term papers.	1	1	0	0	0	0	0	0	0	1	4.333333333333333
570	We should introduce compulsory voting	in favor of	compulsory voting ensures that our leaders reflect the will of all people, not just those who were able/motivated enough to make it to the polls.	0	0	0	0	0	0	0	0	0	1	4.333333333333333
1067	We should ban telemarketing	against	telemarketing allows small businesses to save money by reducing overhead costs.	1	0	0	0	1	0	0	0	0	0	5.5
3771	We should subsidize Wikipedia	in favor of	wikipedia provides so much information to the world that it is time we subsidize it.	1	0	0	0	0	0	1	0	0	0	5.5
5993	Surrogacy should be banned	against	surrogacy helps those not able to conceive have a family.	0	1	0	0	0	0	1	0	0	0	5.0
1256	We should abolish intellectual property rights	against	intellectual property rights shouldn't be abolished because it helps to ensure the originator is reimbursed accurately for their ideas.	1	0	0	0	1	0	1	0	0	1	4.333333333333333
7133	We should promote a plant-based diet	in favor of	In addition to this, schools and companies canteens should be required to serve mainly plant-based meals in order to reduce their impact and to educate their users.	1	0	0	0	0	0	0	0	0	1	4.333333333333333
2398	We should abolish the three-strikes laws	in favor of	the three-strikes law is unfair to those whose crimes are minimal verses those whose crimes are very bad.	0	1	0	0	0	0	0	0	0	1	4.333333333333333
5277	 Foreign Policy at the EU level should be based on an absolute majority, not unanimity.	against	Abolishing the veto right in the current EU foreign policy voting procedure will only serve larger nations in the union and small member states would lose all their power and slowly turn into puppets of the larger nations instead of equal partners 	0	0	0	0	1	0	1	0	0	1	4.333333333333333
5405	We should abandon television	in favor of	television should be abandoned because it is an outdated concept that is increasingly being replaced by on demand news and entertainment services	0	0	0	1	1	0	1	1	0	0	5.5
4026	We should adopt atheism	in favor of	religion has been used as justification for many terrible things in the past. we should base our judgements only on what we know s true, and not what might be true.	1	0	0	0	0	0	0	0	0	1	4.333333333333333
1798	We should end mandatory retirement	in favor of	this measure allows to move pieces in the companies and refresh the work schemes and to adapt to the new times	1	0	0	0	0	0	1	0	0	0	5.5
2317	We should abolish zoos	against	we should not abolish zoos because it makes it so people can see animals that they may not otherwise be able to see due to their location.	0	0	0	1	0	0	0	1	0	0	5.5
2931	We should ban the use of child actors	against	with proper guidance and protection, children can be a valuable asset to the artistic process.	1	0	0	0	0	0	0	1	0	1	4.333333333333333
4267	We should abolish capital punishment	in favor of	capital punishment is basically taking the life of an unarmed, helpless person.	0	0	0	0	0	0	0	0	0	1	4.333333333333333
1331	We should ban factory farming	against	this method increases meat products to meet the high demand.	1	0	0	0	0	0	0	0	0	0	5.5
1257	We should adopt an austerity regime	against	an austerity regime would be harmful	1	0	0	0	0	0	1	1	0	0	5.5
6096	Surrogacy should be banned	against	surrogacy should not be banned because it allows couples who are infertile and homosexual males to become parents	0	1	0	0	0	0	1	0	0	1	4.333333333333333
4107	We should adopt a zero-tolerance policy in schools	against	it has been shown that children are at a higher risk of dropping out of school if there is a zero-tolerance policy in place	1	0	0	0	0	0	0	0	0	1	4.333333333333333
6408	Foster care brings more harm than good	against	people who provide foster care do so because they want to provide a loving home for children	0	1	0	0	0	0	0	0	0	0	5.0
628	We should abolish intellectual property rights	in favor of	we should abolish intellectual property rights because we never can truly know that someone came up with something.	1	0	0	0	0	0	0	0	0	1	4.333333333333333
2526	We should ban telemarketing	against	It is time saving. You can reach a large number prospects much faster than a sales representative on foot.	1	0	0	0	0	0	0	0	0	1	4.333333333333333
6696	Intelligence tests bring more harm than good	in favor of	intelligence tests could label a child as unintelligent when they are not fully developed and so stunt their intellectual growth by placing them in lower levels	1	0	0	0	0	0	0	0	0	1	4.333333333333333
3667	We should legalize sex selection	in favor of	people can have strong feelings about which sex child they have. they should be able to choose for themselves and not have to rely on chance.	0	0	0	0	0	0	1	0	0	0	5.5
4499	We should oppose collectivism	against	collectivism utilizes the best from many sources	1	0	0	0	1	0	0	0	0	0	5.5
1058	We should prohibit school prayer	in favor of	prayer has no place in public school because not everyone practices the same religion	0	0	0	0	0	0	1	0	0	1	4.333333333333333
1394	We should adopt a zero-tolerance policy in schools	against	children will make mistakes, because they are not mature.  we have to allow some discretion in the hands of the administrators	0	1	0	0	0	0	0	0	0	1	4.333333333333333
2775	We should introduce compulsory voting	in favor of	compulsory voting gives everyone in society their say in politics	0	0	0	0	1	0	1	0	0	1	4.333333333333333
5133	People with disabilities should be more represented 	in favor of	Aborting children with Down is not love, is not an inclusive society, it is discrimination against the most vulnerable.	0	1	0	0	0	0	0	0	0	1	4.333333333333333
6006	The vow of celibacy should be abandoned	in favor of	the vow of celibacy should be abandoned because not everyone can hold up to the lifelong commintment	0	0	0	1	0	0	1	1	0	1	4.333333333333333
2919	We should adopt libertarianism	in favor of	if we just hold up our beliefs, we will find that libertarianism helps us defend our rights as citizens of this country.	0	0	0	0	0	0	1	0	0	1	4.333333333333333
7153	We should stop the European Commission’s Ideological bias toward migration.	in favor of	The European Commission’sportrays migration as an opportunity only, a Fatality that cannot be stopped, and the only solution against aging.	0	1	0	0	0	0	1	0	0	1	4.333333333333333
5050	The EU should synchronize national elections 	in favor of	National elections synchronization would finally make it possible to strengthen the effectiveness of the Council of the EU, by eliminating the blockages caused by the constant renewal of Ministers, which considerably slows down decision-making.  	1	0	0	0	0	0	0	0	0	0	5.5
7123	We should impose an IQ test to immigrants	against	People from several countries are asking for asylum in Europe in hope of better life conditions. Those people aren’t guilty for being born in those countries and EU should support everyone.	0	1	0	0	0	0	0	0	0	1	4.333333333333333
596	We should limit executive compensation	against	companies should be able to pay as much as they like as long as it's above minimum wahe	0	0	0	0	1	0	1	0	0	0	5.5
1942	We should limit executive compensation	against	pay is the primary motivational factor for executive level employees, thus executive compensation should not be capped as it would affect their performance.	1	0	0	0	1	0	0	0	0	0	5.5
5498	Intelligence tests bring more harm than good	in favor of	intelligence tests don't determine someone's real intellect.  that is shown in their everyday lives.	1	0	0	0	0	0	0	0	0	1	4.333333333333333
6050	Holocaust denial should be a criminal offence	against	people should be able to believe what they want.	0	0	0	0	0	0	1	0	0	0	5.5
394	We should abolish capital punishment	in favor of	many innocent lives were being taken by this profoundly flawed practice	0	1	0	0	0	0	0	0	0	1	4.333333333333333
5715	Intelligence tests bring more harm than good	against	intelligence tests can help specify a persons abilities allowing them to develop their skill and knowledge of a specific capability.	1	1	0	0	0	0	1	0	0	1	4.333333333333333
2177	We should ban the use of child actors	against	child actors are important so programs can show people of ages and are reflective of society. child actors are an important part of  the industry and are needed to reflect people accurately.	1	1	0	0	0	0	0	1	0	1	4.333333333333333
4608	Political parties should be brought under RTI (Right to Information) Act	in favor of	Political parties declare certain promises in their manifestos. After getting elected, the citizens have a right to know why the promises made by the political parties were not fulfilled.	0	1	0	0	0	0	0	0	0	1	4.333333333333333
104	We should ban whaling	in favor of	whaling is inhumane and unnecessary and killing the whale population.	0	0	0	0	0	0	0	0	0	1	4.333333333333333
1569	We should prohibit school prayer	in favor of	school prayer is forcing a religion on everyone, including non-believers	0	0	0	0	0	0	1	0	0	1	4.333333333333333
3910	We should adopt libertarianism	in favor of	freedom and liberty should be promoted for all to prevent tyranny and oppression. libertarianism is the most effective way of achieving this	0	0	0	0	0	0	1	0	0	1	4.333333333333333
1190	We should ban algorithmic trading	against	if the technology exists then it should be okay to use it	1	0	0	0	1	0	0	0	0	1	4.333333333333333
5591	Homeopathy brings more harm than good	in favor of	people using a homeopathic approach to treatment can accidentally end up overdosing on their herbal treatment and making themselves more sick.	0	0	0	0	1	0	0	0	0	0	5.5
645	We should abolish safe spaces	against	the abused have the right to have spaces where they can have tolerance and not suffer abuse	0	0	0	0	0	0	0	0	0	1	4.333333333333333
2054	We should abolish capital punishment	in favor of	the most obvious reason to oppose is the danger that an innocent person is killed due to the fact that mistakes are made. witnesses can be wrong in what they saw and lawyers can make a hash of defending a case.	0	1	0	0	0	0	0	0	0	1	4.333333333333333
1913	We should abolish zoos	in favor of	zoos keep wild animals locked up in areas smaller than they are used to in the wild and it is not natural for them.	0	0	0	0	0	0	0	0	0	1	4.333333333333333
6480	Foster care brings more harm than good	in favor of	foster care brings more harm than good because lots of times the kids just get sent from one home to another over and over and don't get the chance to learn to adapt and the change to love and be loved	0	1	0	0	0	0	0	0	0	0	5.0
1163	We should ban whaling	in favor of	whaling is humane and cruel and should be banned, especially with a dwindling whale population.	0	0	0	0	0	0	0	0	0	1	4.333333333333333
4475	We should introduce compulsory voting	against	in a democracy people have a right to choose not to vote	0	0	0	0	0	0	1	0	0	0	5.5
888	We should abandon the use of school uniform	in favor of	school uniforms limit the ability to express one's self.	0	0	0	0	1	0	1	0	0	1	4.333333333333333
7214	We should legalize non-violent drug use	in favor of	European institutions should take factual studies of the relative harm of different drugs into account. A UK study has shown that drugs such as cannabis and many hallucinogenic drugs are far less harmful than alcohol. The study in question was conducted by David J Nutt, Leslie A King, Lawrence D Phillips, on behalf of the Independent Scientific Committee on Drugs	0	0	0	0	0	0	0	0	0	1	4.333333333333333
5342	The EU needs human security approach to ensure peace.	in favor of	We need a real EU commitment to Policy Coherence for Peace. On one hand, the EU is promoting peace & dignity and on the other hand, there are investments in hard security tools (defense industry programs).	0	0	0	0	0	0	0	0	0	1	4.333333333333333
4905	We need integrated rail transport systems, agreements between various railway operators and a simple and accessible search engine	in favor of	This would help to plan the most efficient and economical itinerary 	1	0	0	0	1	0	0	0	0	0	5.5
220	We should ban the use of child actors	against	we must not prohibit the use of child actors because it goes against the right to work. children under the supervision of their parents can develop their artistic talent without affecting their personal growth	1	1	0	0	0	0	1	0	0	1	4.333333333333333
3741	We should abandon the use of school uniform	in favor of	school uniforms should not be required to wear in schools because it takes away a kids freedom of expression	0	0	0	0	0	0	1	0	0	0	5.5
5840	We should abandon television	in favor of	television giving most lies to the people and knowing that people will be distracted from truth.	0	1	0	0	0	0	1	0	0	0	5.0
2602	We should end mandatory retirement	in favor of	mandatory retirement forces people to end careers before they are ready	1	0	0	0	0	0	1	0	0	0	5.5
4451	We should abolish capital punishment	in favor of	capital punishment is irreversible, there are too many miscarriages of justice to justify retention of the penalty.	0	1	0	0	0	0	0	0	0	1	4.333333333333333
5691	Foster care brings more harm than good	against	most foster families are good and provide a safe environment.	0	1	0	0	0	0	0	0	0	0	5.0
2335	We should end the use of economic sanctions	against	you shouldn't have to share what you have with other places who do things that are against your country's beliefs.	0	0	0	0	1	0	0	0	0	0	5.5
5268	We don't need immigration from non-European or non-first-world countries. 	against	What are you 5? And what do you mean by first-world? Should we create a task force just to understand what countries are to be considered the first world? Is it the money? The religion? The food? Their political system? And then reevaluate each year? This comment is plain ignorant. 	1	0	0	0	0	0	0	0	0	1	4.333333333333333
1840	We should legalize cannabis	in favor of	scientific studies have shown that cannabis is safe as a recreational drug	0	0	0	1	0	0	1	0	0	1	4.333333333333333
6579	The use of public defenders should be mandatory	against	the use of public defenders should not be mandatory because a person should have the right to pay within their means any representative they wish.	0	1	0	0	1	0	1	0	0	0	5.0
3512	We should legalize cannabis	in favor of	it would stop people being locked up for possession and it would generate revenue	0	0	0	0	1	0	1	0	0	1	4.333333333333333
3141	We should adopt a zero-tolerance policy in schools	against	zero-tolerance policies have been shown to be disproportionately applied to minority students.	0	0	0	0	0	0	0	0	0	1	4.333333333333333
6170	Intelligence tests bring more harm than good	against	Intelligence tests allow employers to select and sort job candidates into roles that are best suited for their ability.	1	0	0	0	0	0	0	0	0	0	5.5
5034	The EU must be confederal and not federal	against	We need a real and effective European democracy, therefore, a European Federation.	1	1	0	0	1	0	1	0	0	0	5.0
3710	We should ban whaling	in favor of	whaling is not just cruel, but an indefensible assault on endangered species.	0	0	0	0	0	0	0	0	0	1	4.333333333333333
6087	We should subsidize vocational education	against	schools need to use financial resources on higher priority courses of study.	1	1	0	0	0	0	0	0	0	1	4.333333333333333
1754	We should adopt a multi-party system	in favor of	the interests of a two party system are very limited and we need to expand with more parties to cater to more views	0	1	0	0	1	0	0	0	0	1	4.333333333333333
4396	We should ban cosmetic surgery for minors	in favor of	we should ban cosmetic surgery for minors because they don't have the mental capacity to make a life changing decision.	1	1	0	0	0	0	0	0	0	0	5.0
4184	We should subsidize Wikipedia	against	subsidising wikipedia would open it up to outside influence and could result in a deterioration in the quality of the information as those subsidising it may want information changed to make it more positive	1	1	0	0	0	0	1	0	0	1	4.333333333333333
5676	Homeschooling should be banned	against	homeschooling should be allowed because parents are the first teachers children have and have everything at their disposal to teach their children effectively	1	1	0	0	1	0	1	0	0	0	5.0
5911	We should abandon television	against	television is still the best media for watching big events such as the super bowl	1	0	0	1	0	0	0	1	0	0	5.5
7281	We should give up developing electric vehicles	against	The intelligence of electric cars is much higher than that of fuel cars.	1	0	0	0	0	0	0	0	0	1	4.333333333333333
1845	We should subsidize Wikipedia	against	other places can provide information for free so why should wikipedia get money for doing the same thing?	0	0	0	0	1	0	0	0	0	1	4.333333333333333
6880	Foster care brings more harm than good	against	it doesn't because it gives a child a chance at having a normal life with role models, instead of just staying in an institution.	0	1	0	0	1	0	1	1	0	1	4.333333333333333
2109	We should ban the Church of Scientology	in favor of	the church of scientology should be banned as it is a cult not a religion	0	1	0	0	0	0	0	0	0	1	4.333333333333333
2693	We should subsidize space exploration	in favor of	space exploration should be subsidized as it will benefit us in the future with technology advancements.	1	1	0	0	0	0	1	0	0	0	5.0
7265	We should introduce digital identity authentication on social media that has more than 100,000 users	in favor of	Anonymity is at least as much as important as Identity.  Today it is very easy to be anonymous, but hard to prove the identity of opinion and establish a public web of trust.  Anonymity enables powerful identities to control the messages, and therefore the identity-seeking masses. 	0	1	0	0	0	0	1	0	0	1	4.333333333333333
5253	The European Parliament should be dissolved and replaced with a global government.	against	We certainly need levels of government at the global, regional, and local levels. Equally, we absolutely need democracy at the global, regional, and local levels. Neither the European nor the national and regional parliaments should be abolished because of the need for global governance for the planet. 	0	0	0	0	1	0	0	0	0	1	4.333333333333333
877	We should abolish the three-strikes laws	in favor of	minorities are more likely to be prosecuted and therefore have prior offences so this is unfairly applied	0	1	0	0	0	0	0	0	0	1	4.333333333333333
4832	Equal pay for equal work should apply as a principle in the country in which you work, regardless of where you come from	in favor of	Protection of the rights of those who actually produce the services and products that constitutes the European market is nothing but self-evident. With a more and more integrated EU, ignoring those rights will create fragmentation and conflicts.	0	0	0	0	0	0	0	0	0	1	4.333333333333333
6292	Holocaust denial should be a criminal offence	in favor of	those who deny the holocaust are clearly evil and should be punished.	0	0	0	0	0	0	0	0	0	1	4.333333333333333
787	We should abandon the use of school uniform	in favor of	school uniformlimits a childs ability to express themselves, experiment and develop as a person	1	0	0	0	0	0	1	0	0	1	4.333333333333333
3957	We should abolish capital punishment	in favor of	capital punishment does not allow for people convicted wrongly, for whatever reason, and a posthumous innocence verdict does not make it any less inhumane	0	0	0	0	0	0	0	0	0	1	4.333333333333333
5634	The use of public defenders should be mandatory	in favor of	this ensures the accused or defendees get the best legal advice for a fair trial.	0	1	0	0	0	0	0	0	0	1	4.333333333333333
4579	Technology is making us feel less human	in favor of	We are increasingly depending on technological devices to guide us. For example, we keep reminders on smartphones and google the questions for answers. We are outsourcing the activities that require intelligence to technology. Thinking, remembering things, and analyzing are essential qualities of humans. Too much dependence on technology is making us less human.	1	0	0	0	0	0	1	1	0	0	5.5
3180	We should ban whaling	in favor of	there is no benefit to whaling; it is bloody and barbaric.	0	0	0	0	0	0	0	0	0	1	4.333333333333333
4133	We should cancel pride parades	against	cancelling pride parades would make people less aware of the lgbt movement.	0	0	0	0	1	0	0	0	0	1	4.333333333333333
5413	Surrogacy should be banned	against	surrogacy shouldn't be banned because sometimes there is a health issue preventing a perfectly good mother from having a baby. she deserves to have a child and a surrogate is the only way to do that.	0	1	0	1	0	0	1	0	0	0	5.0
1320	We should abolish intellectual property rights	against	people have the right to profit from their ideas	1	0	0	0	1	0	1	0	0	1	4.333333333333333
3909	We should adopt atheism	in favor of	Atheism is a rational response to the world around us and a commonsense rebuttal to the mythology perpetuated by religion.	0	0	0	0	0	0	1	0	0	1	4.333333333333333
4613	We should subsidize higher education institutions	in favor of	Today no problem has a single solution and no new technology is related to a single discipline. We need multiple inputs from multiple disciplines and our institutes have failed in doing so.	1	1	0	0	0	0	0	0	0	1	4.333333333333333
2334	We should abolish the Olympic Games	in favor of	the olympic games is now redundant as a sporting competition because there are so many professional competitions for sports.	1	0	0	0	0	0	0	0	0	0	5.5
7320	We should restrict minors from playing online games.	against	Putting all the blame on the game, demonizing the game, and putting the blame on society can ease parents' anxiety, but it does not help at all.	0	1	0	0	0	0	0	0	0	1	4.333333333333333
1978	We should oppose collectivism	in favor of	no two people are entirely alike.  ignoring individual differences and needs does not best serve the whole	0	0	0	0	0	0	1	0	0	0	5.5
3530	We should subsidize space exploration	against	Space exploration is a field which the private sector is fully capable to fulfill, as Elon Musk shows us.	1	0	0	0	0	0	1	0	0	0	5.5
244	We should abolish safe spaces	in favor of	people need to grow up and realise the world is a hard place	1	1	0	0	0	0	0	0	0	0	5.0
5873	The use of public defenders should be mandatory	against	how a person defends themself is their own decision.	0	0	0	0	0	0	1	0	0	1	4.333333333333333
864	We should abolish intellectual property rights	against	somebody was working hard to make something and then should be rewarded for it. that`s what intellectual property rights all about.	1	0	0	0	1	0	0	0	0	1	4.333333333333333
160	We should abandon the use of school uniform	in favor of	Allowing students to make their own choices regarding the clothes they wear prepares them for the adult world.	0	0	0	0	0	0	1	1	0	1	4.333333333333333
649	We should stop the development of autonomous cars	in favor of	stop the development of autonomous cars because it can cause accidents due to the laws in different countries being different	0	0	0	0	0	0	0	0	0	1	4.333333333333333
1804	We should limit executive compensation	against	executives have earned their compensation and should not be capped on what they can earn as this would be and overreach into company affairs	1	0	0	0	1	0	1	0	0	0	5.5
6219	The use of public defenders should be mandatory	against	this takes away freedom of choice in terms of hiring a lawyer that suits your own needs.	1	0	0	0	0	0	1	0	0	0	5.5
1193	We should introduce compulsory voting	against	if someone has no choice it is wrong to insist that they choose	0	0	0	0	0	0	1	0	0	0	5.5
6655	We should abandon television	against	we should not abandon television because it is a form of entertainment for a lot of people and the only form of entertainment for many people that are in hospitals	0	0	0	1	0	0	1	1	0	0	5.5
3198	We should oppose collectivism	in favor of	collectivism requires too much individual compromise.	0	0	0	0	0	0	1	0	0	0	5.5
3540	We should ban whaling	in favor of	whaling is carried out in an indiscrimate and inhumane manner, driving certain species to the brink of extinction.	0	0	0	0	0	0	0	0	0	1	4.333333333333333
7287	We should give up developing electric vehicles	in favor of	Low user confidence, low acceptance of new things, even from earlier scandalous events in the electric vehicles industry.	0	0	0	0	0	0	0	0	0	1	4.333333333333333
3752	We should introduce compulsory voting	in favor of	it sends a worthwhile message; that your vote and your opinion is important to a democratic decision. a democracy cannot be representative of the people if vast portions of some demographics don't vote	0	0	0	0	1	0	0	0	0	1	4.333333333333333
1882	We should stop the development of autonomous cars	in favor of	it is a waste of resources.  we should develop more environmental friendly cars instead.	1	0	0	0	0	0	1	0	0	1	4.333333333333333
3559	We should ban missionary work	against	missionary work is important because it gives aid to third-world and poor people that might otherwise be ignored by society.	1	1	0	0	0	0	1	0	0	1	4.333333333333333
3482	We should subsidize Wikipedia	against	wikipedia does not need to be subsidized it already gets plenty of cash from donations	0	1	0	0	0	0	1	0	0	1	4.333333333333333
4881	We need a common migration and asylum policy, based on respect for rights and equal treatment	in favor of	There is a need for a balance between solidarity and responsibility. A reform of the Dublin system is needed, but the revision work has not moved an inch since 2019. There have been attempts of making progress in adopting a common European asylum system and forming an EU-wide resettlement system with sufficient financial incentives, while also stressing its aim to closely monitor migration routes and maintain situational awareness. This issue should be enhanced on a European level, as we never know when there will be a new crisis at our hands, this time caused by climate change and environmental disasters forcing people to go into diaspora and search for a safe haven.  	0	1	0	0	1	0	0	0	0	1	4.333333333333333
1545	We should subsidize Wikipedia	against	if wikipedia was subsidised they may start to put in whatever information the person supplying the subsidy wants rather than only the truth and this would be harmful.	0	1	0	0	0	0	1	0	0	1	4.333333333333333
3963	We should adopt a zero-tolerance policy in schools	against	zero-tolerance policy is too harsh not letting a way for even a minor fault. students are terrorized and are no more comfortable for studying	1	1	0	1	0	0	0	0	0	0	5.0
1807	We should abolish zoos	against	we shouldnt because they are helping animals that might be going extinct to help breed.	0	1	0	0	0	0	0	0	0	1	4.333333333333333
2337	We should abolish the three-strikes laws	in favor of	we should get rid of the three-strikes law since it hasn't shown to be effective in deterring crime.	1	0	0	0	0	0	0	0	0	1	4.333333333333333
4200	We should end mandatory retirement	against	mandatory retirement is necessary in some fields to let go of the older, more error-prone workers.	1	0	0	0	0	0	0	0	0	0	5.5
2650	We should abolish zoos	against	zoos make it possible to protect endangered animals from extinction	0	1	0	0	0	0	0	0	0	1	4.333333333333333
7319	We should restrict minors from playing online games.	in favor of	Long-term addiction to online games can change the structure of a child's brain. Imagination, thinking and integration skills are not trained.	1	0	0	0	0	0	1	0	0	0	5.5
5401	Assisted suicide should be a criminal offence	against	if someone is in extreme pain why make them suffer? this is not criminal	0	0	0	0	0	0	1	0	0	0	5.5
2821	We should oppose collectivism	in favor of	collectivism encourages herd mentality	0	0	0	0	0	0	1	0	0	1	4.333333333333333
1430	We should ban algorithmic trading	in favor of	algorithmic trading may be an artificial manipulation of the market.	1	1	0	0	1	0	0	0	0	1	4.333333333333333
2871	We should ban whaling	in favor of	whaling is unnecessary for human survival and endangers whales as a species.	0	1	0	0	0	0	0	0	0	1	4.333333333333333
1716	We should ban algorithmic trading	against	algorithmic trading is an easy way to keep money moving and to make a profit so there is no reason to ban it.	1	0	0	0	1	0	0	0	0	0	5.5
1600	We should abolish zoos	against	zoos help conservation efforts and prevent extinction of animals in the wild. many zoos have a complex breeding network in place to specifically add to wild populations of animals outside of zoos.	0	1	0	0	0	0	0	0	0	1	4.333333333333333
641	We should ban factory farming	against	factory farming is an efficient way to grow mass amounts of food for the food supply chain. it pushes innovation and makes farming more efficient and safer outcomes for the food supply.	1	0	0	0	1	0	1	0	0	1	4.333333333333333
5362	There should be a reform of EU trade and investment policy and a relaunch of global multilateralism	in favor of	Sustainable development and climate change mitigation in EU Trade deals should be examples of best practices of EU policy.	0	0	0	0	0	0	0	0	0	1	4.333333333333333
3479	We should adopt a zero-tolerance policy in schools	against	a zero-tolerance policy in schools is the wrong way to go as it would too often cause innocent students being punished for being pushed too far.	0	1	0	0	0	0	0	0	0	1	4.333333333333333
1018	We should ban the use of child actors	against	child actors are an important part of the acting industry and should continue to be allowed with restrictions to ensure the child's well being.	0	1	0	0	0	0	0	1	0	0	5.0
1634	We should adopt libertarianism	in favor of	libertarianism - and the seeking to maximise freedom and personal autonomy - is a key value and it should be central to the constitution.	0	0	0	0	0	0	1	0	0	0	5.5
4768	Stray animals should be killed	against	There are alternatives to killing stray animals. Sterilization and culling instead of killing them can solve the problem.	0	0	0	0	0	0	0	0	0	1	4.333333333333333
6749	Homeschooling should be banned	against	homeschooling is sometimes the only possibility for children who live in remote isolated areas	1	0	0	0	0	0	0	0	0	1	4.333333333333333
2544	We should legalize organ trade	against	the organ trade will mainly use poorer people to provide organs for the rich.	0	1	0	0	0	0	0	0	0	1	4.333333333333333
3682	We should adopt gender-neutral language	in favor of	gender-neutral language adheres to both sexes without a preference of one gender over the other.	0	0	0	0	0	0	0	0	0	1	4.333333333333333
460	We should subsidize Wikipedia	against	the open source nature of wikipedia means anyone can add gibberish and falsehood in its contents thereby making it unreliable.	1	1	0	0	0	0	1	0	0	0	5.0
3626	We should ban fast food	against	people should have the freedom to eat what hey want.	0	0	0	0	0	0	1	0	0	0	5.5
11	We should end the use of economic sanctions	against	economic sanctions provide a non-military sanction to use against countries.	0	0	0	0	1	0	0	0	0	1	4.333333333333333
5116	Germany should start paying reparations share for any damaged countries of Europe up to 100 years after its attack on international society	against	Will Russia also pay their share? Will Austria pay for starting WW1 or will it be Serbia? Will Poland and Hungary pay for occupation of parts of Czechoslovakia in 1938/1939? Will France pay for starting napoleonic wars? It is time to forget what happened almost 100 years ago and focus on the future and I say that as a Czech citizen whose country was occupied by Austria, Germany/Poland/Hungary and then by SSSR and all eastern satelite states.	0	1	0	0	0	0	0	0	0	0	5.0
2176	We should limit executive compensation	against	without executive compensation talent will be lost to other countries	1	0	0	0	1	0	0	0	0	0	5.5
7013	We should support short-distance economies	in favor of	supporting short-distance economies can help kick off the development of localized small-scale economies.	1	0	0	0	1	0	0	0	0	0	5.5
4362	We should ban whaling	against	there should be no difference between killing one animal and another. if it is acceptable to kill a cow it should be acceptable to eat a whale.	0	0	0	0	0	0	0	0	0	1	4.333333333333333
1215	We should adopt atheism	in favor of	we should adopt atheism, there is not one piece of evidence for religion being fact, yet science is proven. religion is a manipulative tactic based on lies.	1	1	0	0	0	0	1	0	0	1	4.333333333333333
5501	Homeschooling should be banned	in favor of	homeschooling does not prepare children for the real world.  the child is not getting the top notch education they need in order to succeed in life.  the children deserve better.	1	0	0	0	0	0	1	1	0	0	5.5
1467	We should ban whaling	against	it is not fair to ban whaling whilst allowing farming of cows and sheep for meat. one animals' life should not be valued higher than another.	0	0	0	0	0	0	1	0	0	1	4.333333333333333
4792	Electric cars are not a solution to air pollution	in favor of	most of the electric power is produced by thermal power plants that burn oil derivatives and by the nuclear industry.  So, until the electric power generation won't be mostly by renewable energies, is basically irrelevant which kind of cars are we using. 	0	0	0	0	0	0	0	0	0	1	4.333333333333333
887	We should ban cosmetic surgery for minors	against	a person should be allowed to choose what happens to their bodies	0	0	0	1	0	0	1	0	0	0	5.5
1353	We should prohibit school prayer	in favor of	enforced prayer sessions in schools indoctrinate children into regressive belief systems and limit their ability to think independently for themselves and so should be removed from all schooling	0	0	0	0	0	0	1	0	0	1	4.333333333333333
2689	We should abolish intellectual property rights	against	if someone invents something they should be able to profit from it	1	0	0	0	1	0	0	0	0	0	5.5
3801	We should introduce compulsory voting	against	people have self ownership and can choose to not vote	0	0	0	0	0	0	1	0	0	0	5.5
1609	We should abolish zoos	against	zoos can aid conservation by raising awareness of animals that are facing extinction and raising funds to support them in the wild.	0	0	0	0	1	0	0	0	0	1	4.333333333333333
910	We should ban the use of child actors	against	the roles of child actors cannot be fulfilled by adults so it would be impossible to ban their use.	0	1	0	0	0	0	1	0	0	0	5.0
627	We should abolish the Olympic Games	against	olympic games gives the world a chance to see the talent of many athletes from around the world	0	0	0	0	0	0	0	1	0	0	5.5
6133	Holocaust denial should be a criminal offence	against	freedom of speech protects everyone's speech, even those who are clearly misinformed.	0	0	0	0	0	0	1	0	0	1	4.333333333333333
799	We should end the use of economic sanctions	in favor of	ending economic sanctions would make it so all countries could trade freely with anyone.	1	0	0	0	1	0	1	1	0	1	4.333333333333333
3384	We should ban factory farming	in favor of	factory farming abuses animals and so should be banned.	0	0	0	0	0	0	0	0	0	1	4.333333333333333
5355	The EU should decide its role in a multipolar world	in favor of	The European Union is doing amazingly well in relation to the enormous bad publicity it is receiving from all sides. And as if that were not enough in itself, very large countries from around the world are doing constantly dividing work between member states. As all successes start in your head, perhaps some attention should be allocated to the media. The EU has a clear chance to become one of the major poles of this multipolar world order.	0	0	0	0	1	0	0	0	0	0	5.5
6848	We should abandon television	in favor of	people are already starting to cut the cord. television is largely being replaced by other forms of entertainment and should be abandoned before it's too late.	0	0	0	1	0	0	0	0	0	1	4.333333333333333
1988	We should abolish the three-strikes laws	in favor of	the three-strikes law is unfair to  those criminals who are trying to reform themselves.	0	1	0	0	0	0	0	0	0	1	4.333333333333333
1498	We should subsidize journalism	against	the subsidies could be used on other primary production methods which are very much likely to help boost the economy	1	1	0	0	1	0	0	0	0	0	5.0
923	We should abolish safe spaces	in favor of	safe spaces are often used to stifle free expression of opinions	0	0	0	0	0	0	1	0	0	1	4.333333333333333
7016	We should protect very large natural areas	in favor of	Very large natural areas need to be protected to promote wildlife and the return of self-sustaining and fertile biodiversity!	0	0	0	0	0	0	0	0	0	1	4.333333333333333
819	We should ban fast food	against	people should be able to choose what they want to eat	0	0	0	1	0	0	1	0	0	0	5.5
1481	We should adopt a zero-tolerance policy in schools	against	each case needs to be reviewed independently and punishments then established.	0	1	0	0	0	0	0	0	0	1	4.333333333333333
4812	Devices with batteries should be designed so that batteries can be replaced	in favor of	And not just the batteries. The EU should have an overall policy with a clear goal to restrict and reduce planned obsolescence. 	1	1	0	0	0	0	1	0	0	0	5.0
1092	We should stop the development of autonomous cars	against	autonomous cars are our future and provide many benefits	1	0	0	0	0	0	0	0	0	1	4.333333333333333
3577	We should subsidize journalism	in favor of	Subsidizing journalism will allow individual journals to lift their paywalls, which will increase access.	0	0	0	0	0	0	1	0	0	0	5.5
4043	We should oppose collectivism	in favor of	Capitalism has empirically been shown to improve technology and drive innovation at a greater pace than economic systems that rely on collectivist practices.	1	0	0	0	1	0	1	0	0	1	4.333333333333333
1544	We should abolish intellectual property rights	in favor of	we should abolish this because it hinders smaller businesses into growing from the beginning and outright stops competition.	1	0	0	0	1	0	0	0	0	1	4.333333333333333
7018	We should prohibit the sale of washing machines without suitable filters	in favor of	washing machines without proper filters are a major source of microplastic.	1	0	0	0	0	0	0	0	0	1	4.333333333333333
5466	Assisted suicide should be a criminal offence	in favor of	any type of helping kill someone is murder even if the person wishes to die. therefore it should be punished by law	0	0	0	0	0	0	0	0	0	1	4.333333333333333
2940	We should subsidize Wikipedia	in favor of	wikipedia provides a wealth of information on any subject you can think of. this is highly benificial to the education system and should be subsidized.	1	1	0	0	0	0	1	0	0	0	5.0
5021	The EU should equalize the retirement age for all Europeans. 	against	Retirement is often funded by taxes and taxes are decided by each member state. So each member state should also be the one who decides how those taxes are spent. For some countries, a retirement age of 65 may be unaffordable or undesirable, while for others it may not.	0	0	0	0	1	0	1	0	0	0	5.5
6681	Intelligence tests bring more harm than good	in favor of	intelligence tests bring more harm than good because it gives some people low self-esteem when they don't do good on them	1	0	0	0	0	0	0	0	0	1	4.333333333333333
6806	Intelligence tests bring more harm than good	against	intelligence tests bring more good than harm because they let an individual know exactly what their potential is and can take learning paths accordingly.	1	0	0	0	0	0	0	0	0	0	5.5
2159	We should abolish safe spaces	in favor of	We should abolish safe spaces because there are better ways to protect people with ptsd like content warnings, rather than safe spaces.	1	1	0	0	0	0	1	0	0	1	4.333333333333333
1961	We should abolish intellectual property rights	in favor of	intellectual property rights should be abolished as an individual's thoughts or creative abilities are their own and should not be controlled or owned by a company.	0	0	0	0	0	0	1	0	0	0	5.5
2205	We should ban algorithmic trading	against	algorithmic trading has increased trading which is good for the economy	1	0	0	0	1	0	0	1	0	0	5.5
4595	India should store the data within the territorial boundaries of the country	in favor of	Data is considered a ‘new form of wealth’. Generally, companies use data to understand the requirements of consumers and also to influence their behavior. New products can be developed by analyzing the data to meet the needs of consumers. So the data has an economic value. In general, developed countries are utilizing this opportunity with their well-developed infrastructure. 	1	0	0	0	1	0	1	0	0	1	4.333333333333333
621	We should subsidize space exploration	in favor of	space exploration has the ability to solve the problem of limited materials on earth	1	1	0	0	0	0	0	1	0	1	4.333333333333333
575	We should ban algorithmic trading	against	algirithmic trading reduces the possibilty of error and just furthers profit for finance companies	1	0	0	0	1	0	0	0	0	0	5.5
2199	We should abolish zoos	against	many zoos are involved in conservation projects- without them animals would go extinct	0	1	0	0	0	0	0	0	0	1	4.333333333333333
5119	The EU should enforce the obligation to respect the Rule of Law within its borders	in favor of	Several member states have been turned into dictatorships a year ago, and there is no sign of a return to democracy. Freezing temporarily their EU membership status is to be considered to those where there is no more freedom in crossing borders (BE), even inside borders (DE, FR), no more press freedom (most), no more debate (most), no more press or individual liberty.	0	0	0	0	0	0	1	0	0	1	4.333333333333333
7020	We should increase the legal warranty from 2 years to 5 years on all products in Europe	in favor of	It would force manufacturers to build longer-lasting products, and therefore reduce the impact on the environment and resources	1	1	0	0	0	0	0	0	0	1	4.333333333333333
6261	Assisted suicide should be a criminal offence	in favor of	assisted suicide is too risky as someone may not be in the right frame of mind to decide if they really want to die. if you get it wrong then it could end up being murder.	0	1	0	0	0	0	0	0	0	1	4.333333333333333
6856	Entrapment should be legalized	against	we cannot criminalise people by trapping them in a situation that may never have materialised otherwise	0	1	0	0	0	0	0	0	0	1	4.333333333333333
6195	We should subsidize vocational education	against	vocational education as an option in schools discourages students from pursuing higher education degrees form universities	1	0	0	0	0	0	1	0	0	0	5.5
920	We should oppose collectivism	in favor of	collectivism takes the focus off the individual as well as the ways in which each of us is unique. supporting collectivism means wanting the individual to remain subordinate to society.	0	0	0	0	1	0	1	0	0	1	4.333333333333333
5788	We should subsidize vocational education	against	subsidising vocational training won't make the quality of training any better so there isn't any point in doing so.	1	0	0	0	0	0	0	0	0	1	4.333333333333333
4855	People from radical Muslim countries should be banned from entering the EU countries	against	An outright ban on muslim countries is ridiculous, the leadership of these countries and the media depictions of the people of these countries do not reflect the actual people who live there, they are no threat to us	0	0	0	0	0	0	0	0	0	1	4.333333333333333
3685	We should ban fast food	against	you can't govern what an individual chooses to eat	0	0	0	0	0	0	1	0	0	0	5.5
1340	We should subsidize embryonic stem cell research	in favor of	we definitely should, this research can make significant breakthroughs for musical science	0	1	0	0	0	0	1	1	0	1	4.333333333333333
701	We should abolish zoos	in favor of	animals deserve to be in the wild, with access to large open spaces not available at a zoo.	0	0	0	0	0	0	0	0	0	1	4.333333333333333
4764	Homeschooling should be encouraged in India 	in favor of	Children can better explore themselves when they do not have constraints.	0	0	0	0	0	0	1	0	0	0	5.5
4179	We should abolish the three-strikes laws	in favor of	three-strikes laws often lead to harsh punishments that do not fit their crimes	0	0	0	0	0	0	0	0	0	1	4.333333333333333
3036	We should ban the use of child actors	against	children should be free to do what they want with their consent and their parents consent	1	0	0	0	0	0	1	0	0	0	5.5
1939	We should ban whaling	against	whaling is quite a profitable profession.	1	0	0	0	1	0	0	0	0	0	5.5
1203	We should end mandatory retirement	against	it provides more jobs for people that need to earn an income for their families, so mandatory retirement is a good idea	1	1	0	0	1	0	1	0	0	0	5.0
2710	We should abolish intellectual property rights	in favor of	we should abolish intellectual property rights as the law is very complex and it is very easy to infringe copyright.	1	0	0	0	0	0	1	0	0	0	5.5
4372	We should stop the development of autonomous cars	against	autonomous cars will allow the disabled, elderly and visially impaired to have mobility and maintain independence.	0	1	0	0	0	0	1	0	0	1	4.333333333333333
4017	We should subsidize journalism	against	"journalism has become nothing more than ""fake news""."	0	1	0	0	0	0	0	0	0	1	4.333333333333333
5865	Intelligence tests bring more harm than good	against	intelligence tests often help children excel by allowing them to be placed in appropriate classes or programs based on their individual abilities.	1	1	0	0	0	0	0	0	0	0	5.0
40	We should subsidize journalism	in favor of	journalism and free expression of information and exchange of ideas is a basic human right, and subsidizing this would improve its quality and reach.	1	0	0	0	1	0	0	0	0	0	5.5
2942	We should ban algorithmic trading	against	Algorithms can be tested against historical data, helping you optimize your trading strategy.	1	0	0	0	1	0	0	0	0	1	4.333333333333333
5019	The EU should put more pressure on the non-euro area member states to adopt the single currency	against	There is a reason why these states don't want to join the common currency: their economies are more flexible and doing far better without it. If we really want more countries to start using the euro, we need to make the euro better, not pressure or force others into our inefficient system. 	1	0	0	0	0	0	1	0	0	0	5.5
5726	Surrogacy should be banned	against	for some couples surrogacy is one solution to having a child that is from one of the parents	0	1	0	0	0	0	1	0	0	1	4.333333333333333
6693	Holocaust denial should be a criminal offence	against	people can choose to believe what they wish.  denying it happened is not a crime.	0	0	0	0	0	0	1	0	0	0	5.5
6139	We should abandon television	against	television provides entertainment and news for all generations	0	0	0	1	0	0	1	1	0	1	4.333333333333333
3874	We should end mandatory retirement	in favor of	A worker should not be forced to retire if he feels he can still adequately produce for his employer.	1	1	0	0	1	0	1	0	0	0	5.0
1728	We should ban private military companies	in favor of	private military companies can hold bias and due to past experiences and can result in dangerous sctivities for the wrong reasons.	0	0	0	0	0	0	0	0	0	1	4.333333333333333
4125	We should abolish the three-strikes laws	in favor of	this law is unfair to those who's third crime is minor and thought should be given to changing the criteria of the third crime.	0	1	0	0	0	0	0	0	0	1	4.333333333333333
650	We should abandon the use of school uniform	in favor of	school uniforms are a way of stifling the creativity and individuality of students.	1	1	0	0	0	0	0	0	0	0	5.0
4503	We should oppose collectivism	in favor of	collectivism does not allow for individual enterprise and it stifles entrepreneurism.	1	0	0	0	1	0	1	0	0	0	5.5
4036	We should end mandatory retirement	in favor of	i agree with you, many people do not want to retire, they want to continue trading, and they are forced to retire	0	0	0	0	0	0	1	0	0	0	5.5
4272	We should abolish the three-strikes laws	in favor of	The three-strikes law gives no room for mitigating factors to be considered, making our justice system a rigid one that does not allow for true justice.	0	1	0	0	0	0	0	0	0	1	4.333333333333333
7299	We should ban the trading of virtual currencies.	against	Portable, because it is a virtual currency, so it is highly portable when it is bought and sold.	1	0	0	0	0	0	0	0	0	0	5.5
3375	We should end the use of economic sanctions	against	there are usually totally just reasons for imposing sanctions.  those reasons could be political or even sometimes military based, but are usually done for the greater good of all.	0	0	0	0	1	0	0	0	0	1	4.333333333333333
2839	We should abandon the use of school uniform	in favor of	everybody is different & many people like to express themselves using clothes, by wearing the same uniform as others it doesn't allow a person their own individuality	0	0	0	0	0	0	1	0	0	1	4.333333333333333
6231	The use of public defenders should be mandatory	against	people should have the freedom to choose their own.	0	0	0	0	0	0	1	0	0	0	5.5
5271	The EU should strengthen the integration of Ukraine through intensified cooperation	against	Ukraine will move forward on its European path when it allows Hungarian kids living on its territory to study in their native tongue, not a day sooner. 	0	0	0	0	0	0	1	0	0	1	4.333333333333333
4926	We need a better migration policy.	in favor of	Discussing what happened in the past between Africa and Europe is useless. All slaves and their owners died a long time ago. You cannot blame the grandchildren.	0	0	0	0	0	0	0	0	0	1	4.333333333333333
4488	We should abolish intellectual property rights	against	intellectual property rights ensure that people or companies can make profits from what they have spent much time and effort in creating.	1	0	0	0	1	0	0	0	0	0	5.5
2228	We should ban missionary work	in favor of	it should be banned because it forces people to believe in the church	0	1	0	0	0	0	1	0	0	1	4.333333333333333
123	We should limit executive compensation	against	We should not limit executive compensation as they should get the salary equal to their contribution to the organisation.	1	0	0	0	1	0	0	0	0	1	4.333333333333333
933	We should subsidize journalism	against	journalists get paid enough, they don't need any more money.	1	0	0	0	1	0	0	0	0	1	4.333333333333333
7367	Carbon emissions trading should be limited.	in favor of	Climate change is a global issue facing mankind, and with carbon dioxide emissions from all countries, greenhouse gases are surging, posing a threat to life systems.	0	0	0	0	0	0	0	0	0	1	4.333333333333333
340	We should end mandatory retirement	against	a mandatory retirement age helps employers regularly refresh the workforce with fresh talent	1	0	0	0	1	0	1	1	0	0	5.5
6685	The use of public defenders should be mandatory	in favor of	to protect those who do not understand the law the use of public defenders should be mandatory.	0	1	0	0	0	0	0	0	0	1	4.333333333333333
5322	Every young European should be asked to go live in another country for 1 year at least	against	No duck would like to live with eagles or sparrows.  That's nature, not wishful thinking.	0	0	0	0	0	0	1	0	0	0	5.5
3769	We should ban algorithmic trading	against	we shouldn't ban algorithmic trading because there is nothing wrong with it. if a person wants to use algorithms to trade instead of making investment decisions based on emotion, we should allow it.	0	0	0	0	0	0	1	0	0	0	5.5
351	We should end mandatory retirement	against	mandatory retirement is needed to keep businesses new and fresh with innovation from the younger generation.	1	0	0	0	1	0	1	0	0	0	5.5
7037	We should invest in nuclear energy	in favor of	wind and solar power sources are inherently non-controllable and destroy our landscapes and natural environment, with their multiple harmful impacts on flying species, fauna and flora in general, and even insects.	1	0	0	0	0	0	0	0	0	1	4.333333333333333
1849	We should adopt atheism	in favor of	we should adopt atheism because science can explain how we got here without needing a god to explain it.	0	0	0	0	0	0	0	0	0	1	4.333333333333333
7327	We should open up three-child policy to encourage childbirth.	against	The people at the Health Planning Commission thought there would be a population explosion after opening up childbirth, but in reality people don't want to have children, whether you restrain them or not.	0	1	0	0	0	0	1	0	0	0	5.0
6718	Intelligence tests bring more harm than good	in favor of	there are many ways to express and assess intelligence  and that might not always be highlighted in standard IQ tests that focus more on the logical, spatial, and verbal portions of human intelligence	1	0	0	0	0	0	1	0	0	1	4.333333333333333
5441	Holocaust denial should be a criminal offence	in favor of	holocaust denial should be a offence as this was a heinous act that was committed against the jews and its deeply offensive for the jewish community that some people deny it occurred.	0	0	0	0	0	0	0	0	0	1	4.333333333333333
2437	We should subsidize journalism	against	subsidization would cause biased reporting	0	0	0	0	0	0	1	0	0	1	4.333333333333333
4701	Firecrackers should be banned during Diwali, other festivals, and weddings	in favor of	Banning firecrackers in some places currently having pollution at its peak like Delhi-NCR will obviously bring down the poisonous emission of gases which has deadly effects on the entire balanced ecosystem. The highest level of particulate matter recorded in Delhi was 2.5 in the year 2016, which indeed made Delhi the most polluted city in the world in terms of air pollution. The “Central Pollution Control Board” also stated that the level of sulfur dioxide in the air gets tremendously high between 9 p.m. till midnight during Deepavali.	0	0	0	0	0	0	0	0	0	1	4.333333333333333
4802	Electric cars are not a solution to air pollution	against	It's by no means irrelevant what kind of cars people use; 25% renewable + 25% nuclear + 50% combustible is better than 100% combustible gasoline. 	1	0	0	0	0	0	1	1	0	1	4.333333333333333
7172	We should support Frontex.	in favor of	 The EU needs a robust Frontex Agency with the caveat that Frontex missions must report to the member states on whose territories they operate.	1	1	0	0	0	0	0	0	0	0	5.0
3373	We should adopt atheism	in favor of	atheism should be the defacto standard for all people. If individuals choose to believe in unprovable, invisible super beings from space, it should be kept private and out of official/public spaces.	0	0	0	0	0	0	1	0	0	1	4.333333333333333
253	We should adopt a zero-tolerance policy in schools	against	the zero-tolerance policy is not a good thing at all , kids getting punished for their actions and humiliated in front of a audience is really not the great thing to do.	0	1	0	0	0	0	1	0	0	0	5.0
2941	We should ban telemarketing	against	telemarketing is a good medium for businesses to use to expand their client base and make more people aware of their company and products, thus increasing their income	1	0	0	0	1	0	0	0	0	0	5.5
6537	Assisted suicide should be a criminal offence	against	people should have the right to decide how and when they want to die, particularly if they are suffering from a terminal illness	0	0	0	0	0	0	1	1	0	0	5.5
4604	Political parties should be brought under RTI (Right to Information) Act	against	There are adequate provisions in the Income Tax law and with the Election Commission so that people can have whatever information they want.	0	1	0	0	0	0	0	0	0	1	4.333333333333333
5052	The President of the European Commission should be directly elected by direct universal suffrage	against	A direct election of a European president is a travesty of democracy. It would be only a mediatic competition among 'plastic' leaders.  Something very similar to The Simulacra (Dick's 1964 science fiction novel).  We are not a 'nation', we are a confederation of nations.	0	0	0	0	0	0	1	0	0	0	5.5
1794	We should stop the development of autonomous cars	against	they are environmentally friendly and can help minimize traffic congestion.	0	1	0	0	0	0	0	0	0	1	4.333333333333333
4089	We should limit executive compensation	against	Limiting executive compensation would deincentivise the most talented in the financial sector who would then go to work in other countries	1	0	0	0	0	0	0	0	0	0	5.5
1875	We should stop the development of autonomous cars	in favor of	autonomous cars will never become reality.   we need to stop wasting money on this and instead work towards better safety and technology in regular cars.	0	0	0	0	1	0	1	0	0	1	4.333333333333333
2661	We should subsidize journalism	in favor of	journalism needs diversitiy desperately because only six corporations control ninety percent of all media.	1	0	0	0	0	0	1	0	0	1	4.333333333333333
6387	Homeschooling should be banned	against	some students with special needs will need more personalized attention that only homeschooling can provide.	1	1	0	0	0	0	1	0	0	1	4.333333333333333
7358	We should vigorously develop the countryside.	in favor of	The gap between rural and urban areas is getting bigger and bigger, and the result is that the countryside is deserted, a lot of land is barren, and China's arable land is decreasing.	0	0	0	0	0	0	0	0	0	1	4.333333333333333
6601	The use of public defenders should be mandatory	against	the use of public defenders should not be mandatory because a lot of them are not well versed in law.	1	0	0	0	0	0	1	0	0	0	5.5
2600	We should adopt a zero-tolerance policy in schools	against	We should not adopt a zero-tolerance policy in schools- children need more tolerance in their lives in order to flourish, and creating a zero-tolerance policy will cause harm and suffering.	1	1	0	0	0	0	0	0	0	1	4.333333333333333
3423	We should subsidize journalism	against	journalism is a dying profession that is increasingly corrupt, so why use tax money towards it?	0	1	0	0	1	0	0	0	0	0	5.0
1094	We should abolish zoos	in favor of	zoos are cruel to the animals kept in cages and should be abolished.	0	0	0	0	0	0	0	0	0	1	4.333333333333333
6960	Hindi should be the national language of India	against	English is an international language and is spoken by most of Indians. So, if Hindi is made the national language, people who cannot speak Hindi will be at disadvantage in many things such as getting government jobs, understanding circulars, etc.	1	1	0	0	0	0	1	0	0	1	4.333333333333333
1463	We should legalize sex selection	in favor of	sex selection is a choice between parents and their doctor; if the parents insist on having a boy to, say, balance out a family full of girls, then what's the problem with that?	0	1	0	0	0	0	1	0	0	0	5.0
2718	We should abolish intellectual property rights	in favor of	we need to do away with intellectual property rights so it doesn't slow down innovation	1	0	0	0	1	0	1	0	0	0	5.5
4309	We should limit executive compensation	in favor of	we must provide oversight to companies that are overcharging for products and services and providing executive compensation above what is reasonable.	0	1	0	0	0	0	0	0	0	1	4.333333333333333
1091	We should introduce compulsory voting	against	compulsory voting will be difficult to enforce on the elderly and others who will have a difficult time voting.	0	0	0	0	0	0	1	0	0	0	5.5
728	We should oppose collectivism	in favor of	people should be able to work hard and reap the benefits of their labor. with collectivism you will always have some people doing most of the work and the lazy ones will benefit from it.	1	1	0	0	1	0	1	0	0	1	4.333333333333333
6427	We should subsidize vocational education	against	subsidizing vocational education is unnecessary as those who have learnt trades can end up making a lot of money.	0	0	0	0	0	0	1	0	0	0	5.5
7237	We should not have any immigration from non-European or non first-world countries 	in favor of	Saying no to any migration is just stupid and irrealistic.	1	0	0	0	0	0	0	0	0	1	4.333333333333333
5669	We should subsidize vocational education	in favor of	we subsidize colleges for doctors and lawyers etc so we should also subsidize education for other occupations as well such as mechanics, hair dressers, construction workers and so on.	1	1	0	0	0	0	0	0	0	1	4.333333333333333
3265	We should subsidize Wikipedia	in favor of	wikipedia is a valuable educational source and is free at source so should be promoted through subsidization	1	1	0	0	0	0	1	0	0	1	4.333333333333333
3643	We should abolish safe spaces	in favor of	"safe spaces stop young people from developing the ""thick skin"" required to navigate everyday post-university life. the real world does not care about your feelings."	1	1	0	0	0	0	1	0	0	0	5.0
481	We should subsidize Wikipedia	against	those authoring articles on wikipedia are not necessarily experts on the topic and there is risk of inaccurate information being broadcast.	1	0	0	0	0	0	1	0	0	1	4.333333333333333
5523	Holocaust denial should be a criminal offence	against	People have the right to free speech even if their perspectives are vile and abhorrent. This means the state can't criminalize holocaust denial.	0	0	0	0	0	0	1	0	0	0	5.5
2784	We should limit executive compensation	against	High executive compensation is necessary to get the best executives for your company	1	0	0	0	1	0	0	0	0	0	5.5
6368	Homeopathy brings more harm than good	against	many people don't trust doctors and would rather take matters into their own hands; it's their body and they can try whatever homeopathic remedy they want	0	0	0	0	0	0	1	0	0	0	5.5
3227	We should abolish the three-strikes laws	in favor of	we should abolish the three strikes laws because the punishment is just enough for their convictions and no need to add more another years.	0	1	0	0	0	0	0	0	0	1	4.333333333333333
3376	We should abolish safe spaces	against	safe spaces allow for people to voice concerns over discrimination and prejudice where they feel protected enough to have the confidence to speak freely. this is a great thing to combat discriminatory behavior.	0	0	0	0	0	0	1	0	0	1	4.333333333333333
2147	We should ban whaling	in favor of	we need to ban whaling to protect whales from going extinct	0	1	0	0	0	0	0	0	0	1	4.333333333333333
2080	We should introduce compulsory voting	against	people have a right to vote and they also have a right not to vote if they don't like any of the candidates	0	1	0	0	0	0	1	0	0	0	5.0
6510	Intelligence tests bring more harm than good	against	Intelligence tests create a discourse about different forms of education and how they can be measured.	1	1	0	0	0	0	1	0	0	1	4.333333333333333
4356	We should abolish safe spaces	against	we should not abolish safe spaces because they help many people	0	1	0	0	0	0	0	0	0	0	5.0
4991	There should be 6 concrete proposals for migrants on the Balkan route.	in favor of	The proposal of the Sardines to reform EU asylum policy is an excellent proposal, well and thoroughly written.	1	0	0	0	0	0	0	0	0	1	4.333333333333333
5954	We should abandon television	against	television is an important and loved form of entertainment and source of information that is endlessly creative and has much untapped potential for art and entertainment.	0	0	0	1	0	0	1	0	0	1	4.333333333333333
2456	We should limit executive compensation	against	Executives earned the right to make that much due to training, schooling and fighting their way to the top.	1	0	0	0	1	0	1	0	0	1	4.333333333333333
5585	We should abandon television	against	Television offers a variety of entertainment and information that families can enjoy together	1	1	0	0	0	0	0	0	0	0	5.0
978	We should subsidize journalism	in favor of	presentation of information is important and needs help to keep it viable and reliable.	1	1	0	0	0	0	0	0	0	0	5.0
6027	Intelligence tests bring more harm than good	against	intelligence tests bring less harm than good because the envelope of people	1	0	0	0	0	0	1	0	0	1	4.333333333333333
2913	We should subsidize journalism	against	subsidizing journalism would give the government control over it	0	0	0	0	0	0	1	0	0	1	4.333333333333333
2374	We should ban cosmetic surgery	against	people should have the right to choose what they want to do to their body.	0	0	0	0	0	0	1	0	0	1	4.333333333333333
2240	We should subsidize Wikipedia	in favor of	it needs money and is used by many people.	1	1	0	0	1	0	1	0	0	1	4.333333333333333
7274	We should strengthen our ties with Ukraine and prepare for its membership in the EU	in favor of	When you see young Ukrainians dying for the EU and its values during Euromaidan, you have no choice but to accept that Ukraine has chosen Europe. If people make a revolution for our system and values, we must support them. We must deepen our relations with Ukraine and prepare to make it a candidate for membership. It is the Ukrainian people who decide their future, not Russia.	0	0	0	0	0	0	1	0	0	1	4.333333333333333
3854	We should abolish zoos	in favor of	Zoos are unnatural places for wild animals to live and causes many of them to live long, sad lives in cages.	0	0	0	0	0	0	0	0	0	1	4.333333333333333
6273	The use of public defenders should be mandatory	in favor of	public defenders ensure the common man has a chance of a fair trial	0	0	0	0	0	0	0	0	0	1	4.333333333333333
6650	Homeschooling should be banned	against	homeschooling should not be banned since this allows learning to be specifically tailored to the individual child and produces the optimal learning environment.	1	0	0	0	0	0	0	0	0	0	5.5
7111	We should impose an IQ test to immigrants	against	This is a huge discrimination.  Everyone should have the chance to develop to a personal level. Or should we all do an IQ-test to stay in our country? Because it could avoid dangerous things like rasicm. 	1	0	0	0	0	0	0	0	0	1	4.333333333333333
7009	We should promote the use of nuclear energy	against	Renewable energies should be our focus of action, especially how to improve the storage and transport of this energy precisely in order to be able to supply the countries that have the worst conditions to implement them. 	0	1	0	0	0	0	0	0	0	1	4.333333333333333
6329	We should subsidize vocational education	against	vocational education should be provided on the same terms as academic, not given preferential subsidies.	0	0	0	0	0	0	0	0	0	1	4.333333333333333
4937	We need legal ways of migration.	against	Migrants willingly risk their lives.	0	0	0	0	0	0	1	0	0	0	5.5
7198	We should recognize Esperanto as one of the cultural languages of EU citizens	in favor of	Esperanto is a common language of citizens from all countries of the EU. Esperanto encounters bring them together for contact and understanding. The authorities of the European Union are called upon to support this direct communication of the citizens. It is our free choice in which language we want to talk to each other - please recognize and promote it!  	0	1	0	0	0	0	1	0	0	1	4.333333333333333
4885	We need a common migration and asylum policy, based on respect for rights and equal treatment	in favor of	Although there is an immense increase in the number of TCN migrant workers, there is no adequate policy in protecting their rights. Anyone in Europe should be entitled to the same worker’s rights, no matter where they come from. As migration is an issue that is dealt with by all countries, we must find a common answer at the EU level.	0	0	0	0	1	0	0	0	0	1	4.333333333333333
5328	The EU needs a single market for news	in favor of	We have a deficit in democracy in the EU because of the lack of coverage of European affairs in our media. It's also the reason why people don't know much about the EU and don't understand how it benefits us all.	1	1	0	0	0	0	0	0	0	1	4.333333333333333
2301	We should adopt atheism	in favor of	we should adopt atheism because it gives the freedom from being bound by a religion and their rules	0	0	0	0	0	0	1	1	0	1	4.333333333333333
3990	We should limit executive compensation	against	executives have a hard job and should be compensated for the high stress job they do	0	0	0	0	1	0	0	0	0	1	4.333333333333333
4611	We should subsidize higher education institutions	in favor of	Indians as a whole consider educational institutions as job machines, we expect to enter unemployed and come out with employment. We don’t realize that we will have to upgrade our skills to become worthy of employment. This is the reason that more than 80% of engineers are unemployable and the figures are even worse for the non-engineers.	1	0	0	0	0	0	0	0	0	0	5.5
5317	Europe should stand together!	against	Do you have some reservations about the EU? Go and protest your own government's decisions because it's the member states that decide what the EU can do and what it can't, unfortunately. The EU does not have an actual army - not because of bureaucrats but because our member states think they are better alone than united. 	0	0	0	0	0	0	1	0	0	1	4.333333333333333
6069	Homeschooling should be banned	against	some children can not succeed in a group setting such as an autistic child.  by working at home without distractions school subjects can better be learned	1	1	0	0	0	0	0	1	0	1	4.333333333333333
1835	We should abandon the use of school uniform	in favor of	school uniforms stifle the ability of kids to be creative in how they dress and express themselves.	0	0	0	1	0	0	1	1	0	0	5.5
4871	The European Union should support and integrate immigrant people to ensure that they live with dignity and equality with all European citizens	in favor of	As EU citizens we should never forget how privileged we are, and that we bear a human obligation to help others in need. 	0	1	0	0	0	0	0	0	0	0	5.0
941	We should limit executive compensation	in favor of	Executive compensation should be limited to ensure the top staff is not taking all of the rewards for companies that are supported by thousands of workers. All employees contribute to the success of a company.	1	0	0	0	1	0	0	0	0	1	4.333333333333333
6942	We should link Aadhaar card with the Voter ID	against	If legitimate voters do not have an aadhaar or if they could not link it due to any reason, they will be removed from the list. For example, some homeless people do not have aadhaar cards yet. In the 2018 Telangana Assembly elections, linking aadhaar cards with Voter ID led to the elimination of 20 lakh voters.	0	0	0	0	1	0	0	0	0	1	4.333333333333333
1283	We should subsidize space exploration	in favor of	space exploration advances the frontiers of mankind, and could well discover new resources that will be invaluable due to the depletion of those on earth.	1	1	0	0	1	0	0	1	0	1	4.333333333333333
4220	We should ban missionary work	against	missionaries are just trying to spread positivity into the world.	0	0	0	1	0	0	0	0	0	0	6.0
781	We should limit executive compensation	in favor of	if a company has received enough profits to offer bonuses to their executives, the money could be better spent on giving bonuses to poorer staff members at the bottom of the chain.	0	0	0	0	1	0	0	0	0	1	4.333333333333333
2044	We should abolish zoos	against	zoos help protect animals that are in danger	0	1	0	0	0	0	0	0	0	1	4.333333333333333
7005	We should stop subsidies for fossil fuels and expand the EU Emissions Trading System (ETS)	in favor of	Currently the ETS only applies to certain carbon-emitting industries covering 40% of the EU's greenhouse gas emissions. To effectively combat climate change 40% is not enough. That is why the ETS has to be expanded to at least cover agriculture and transport as well.  In Addition to the extension of the ETS the subsidies in fossil fuels (coal, oil and gas) must be cut in the near future.	1	0	0	0	0	0	0	0	0	1	4.333333333333333
3543	We should adopt libertarianism	in favor of	libertarianism should be adopted as it will give more freedom to people to live their lives as they wish.	0	0	0	0	0	0	1	1	0	0	5.5
662	We should legalize cannabis	against	cannabis use has been linked to mental problems in youth and shouldn't be legalized.	0	0	0	0	1	0	0	0	0	0	5.5
6534	We should subsidize vocational education	against	vocational education isnt always useful as most of the skills taught are learnt through life experiences and the money spent on it can be spent on more academic study	1	1	0	0	1	0	0	0	0	0	5.0
5848	Assisted suicide should be a criminal offence	in favor of	there is too much potential for exploitation of assisted suicide by malicious relatives that it should be banned as a matter of individual safety	0	1	0	0	0	0	0	0	0	1	4.333333333333333
195	We should ban telemarketing	against	banning telemarketing has no approval anywhere as customers will not be able to see new products available to buy.	1	0	0	1	0	0	1	0	0	0	5.5
2383	We should abolish intellectual property rights	in favor of	intellectual property rights are unhelpful to companies who want to copy other people's ideas	1	1	0	0	1	0	1	0	0	0	5.0
5947	We should abandon television	against	television is entertaining and relaxes the population	0	1	0	1	0	0	1	0	0	0	5.0
6991	Reservations in India should be based on economic status	against	In India, it's easy to hide some income resources and to get a false income certificate. Though the situations are changing for the better, it is not that difficult.	0	1	0	0	1	0	0	0	0	0	5.0
5909	The vow of celibacy should be abandoned	against	celibacy is not a natural state for a human person, and therefore should not be forced on anyone. however, if a person wishes to take a vow of celibacy without being pressured into it, that is acceptable.	0	0	0	1	0	0	1	0	0	1	4.333333333333333
1311	We should ban whaling	in favor of	whaling is barbaric and cruel to whales and should therefore be banned	0	0	0	0	0	0	0	0	0	1	4.333333333333333
1873	We should abolish intellectual property rights	against	it is only fair that a person or company that created something should have protections against those that want to make money off of another's hard work.	1	1	0	0	0	0	0	0	0	0	5.0
2648	We should ban missionary work	in favor of	We should ban missionary work because it convinces people to abandon their culture and adopt a dominant, colonial culture instead, which damages our shared cultural heritage.	0	0	0	0	0	0	1	0	0	1	4.333333333333333
7321	We should restrict minors from playing online games.	against	Ban games for students and they will not go to play basketball, do sports or learn, but will only turn to more vulgar vulgarization more harmful forms of entertainment.	1	0	0	0	0	0	1	0	0	1	4.333333333333333
6247	Intelligence tests bring more harm than good	in favor of	IQ testing limits children by putting them into stereotyped categories.	1	0	0	0	0	0	1	0	0	1	4.333333333333333
4651	We should subsidize hydrogen vehicles	in favor of	Hydrogen fuel cell vehicles do not emit greenhouse gases. This helps to fight climate change. As many countries are opting for energy transition, clean hydrogen fuel vehicles along with other alternative fuel vehicles can pave the way to sustainable transportation. Also, as these vehicles do not emit greenhouse gases such as carbon dioxide, they can cut air pollution to a great extent.	0	1	0	0	0	0	0	0	0	1	4.333333333333333
4171	We should introduce compulsory voting	in favor of	too many people do not take responsibility for their part in democracy	1	1	0	0	1	0	0	0	0	0	5.0
4375	We should subsidize space exploration	in favor of	we should subsidize space exploration to find what information is available in our solar system.	0	0	0	0	0	0	1	0	0	0	5.5
6547	The use of public defenders should be mandatory	in favor of	the mandatory use of public defenders guarantees equality in the defense and the accusing party because the economic weight does not intervene	0	0	0	0	0	0	0	0	0	1	4.333333333333333
372	We should ban the Church of Scientology	against	we shouldn't ban the church of scientology because it is a way to study the nature of life	1	0	0	0	0	0	1	0	0	1	4.333333333333333
4632	Artificial intelligence brings more harm than good	in favor of	With all the data and algorithms our apps and gadgets, without our conscious knowledge, are making decisions for us. Decision-making is (was) one of the qualities that made humans different from others	0	0	0	0	0	0	1	0	0	0	5.5
6154	Intelligence tests bring more harm than good	against	intelligence tests can determine which area an individual excels at so they can  take a path that will lead them to their greatest success	1	0	0	0	0	0	1	0	0	1	4.333333333333333
1948	We should subsidize Wikipedia	in favor of	to keep it as a source of information and because it does not receive funding it ought to be subsidized	0	1	0	0	1	0	1	0	0	1	4.333333333333333
1911	We should subsidize Wikipedia	against	subsidization may allow those providing the finances to have influence on entries that are in their interest	0	1	0	0	0	0	1	0	0	1	4.333333333333333
274	We should abolish intellectual property rights	against	a person uses his imagination and hard work to write as book or music.  they should be able to benefit from their work.  it should not be in the public domain.	1	0	0	0	1	0	1	0	0	1	4.333333333333333
2833	We should legalize sex selection	in favor of	parents should be able to utilize any technological advances they wish in order to build their ideal family.	1	1	0	0	1	0	1	0	0	0	5.0
3903	We should abolish the Olympic Games	in favor of	The Olympic Games have become nothing more than political contests that spur controversy between countries.	0	0	0	0	0	0	0	0	0	1	4.333333333333333
1359	We should limit executive compensation	against	limiting executive compensation would deter executives from doing their job correctly.	1	0	0	0	1	0	1	0	0	0	5.5
5910	Surrogacy should be banned	in favor of	it is unfair on the child who can be left without parents if they decide against adopting it.	0	1	0	0	0	0	1	0	0	1	4.333333333333333
6397	The vow of celibacy should be abandoned	against	the vow of celibacy should be up to each individual.	0	0	0	0	0	0	1	0	0	0	5.5
290	We should subsidize journalism	against	aren't subsidies opening the door for manipulating journalists and inducing media bias in favor of the government?	0	0	0	0	0	0	1	0	0	1	4.333333333333333
7040	We should protect bird habitats in built environments	in favor of	Glass is one of the biggest causes of human death for birds.	0	0	0	0	0	0	0	0	0	1	4.333333333333333
3788	We should abolish intellectual property rights	against	intellectual property rights can prevent competitors from making, selling, or using your invention for a limited time	1	0	0	0	0	0	0	0	0	1	4.333333333333333
1181	We should abolish capital punishment	in favor of	capital punishment should be abolished as man has no right to decide to take another life no matter that that person has done.	0	1	0	0	0	0	0	0	0	1	4.333333333333333
18	We should ban algorithmic trading	in favor of	algorithms may not be 100% accurate and reflect the situation in the real market	0	0	0	0	0	0	0	0	0	1	4.333333333333333
4746	Marital Rape should be criminalized in India	in favor of	IPC 375, which criminalizes rape, discriminates married women from using the section on their husbands.	0	0	0	0	0	0	0	0	0	1	4.333333333333333
5278	The EU should start accession negotiations with Russia	against	Russia in the EU? No, thanks!	0	1	0	0	0	0	1	0	0	0	5.0
5385	Intelligence tests bring more harm than good	against	intelligence tests should continue to be used because they provide valuable data	0	0	0	0	0	0	0	0	0	1	4.333333333333333
3456	We should cancel pride parades	against	pride parades are important for gay people and allow them to get their message across to the wider community.	0	0	0	0	1	0	0	0	0	1	4.333333333333333
1664	We should ban algorithmic trading	against	algorithmic trading allows larger orders to happen that one individual couldn't do without the use of the 'robots'.	1	0	0	0	1	0	0	0	0	1	4.333333333333333
1821	We should ban cosmetic surgery	against	As long as they use an accredited plastic surgeon, people should be able to do whatever they want with their bodies.	0	0	0	0	0	0	1	0	0	0	5.5
5519	Assisted suicide should be a criminal offence	against	people should be allowed to die with dignity if they choose to.	1	0	0	0	0	0	1	0	0	0	5.5
985	We should legalize organ trade	in favor of	people should be able to do what they want with their bodies.	0	0	0	0	1	0	1	0	0	1	4.333333333333333
4840	Immigrants should receive help from the EU through integration programs	against	Indigenous Europeans have no obligation to take in any more migrants, and neither do they want to. This is being forced on us.	0	0	0	0	0	0	1	0	0	1	4.333333333333333
7352	We should ease the education involution.	in favor of	"A society's value of education should not remain ""score-only"" and ""testing-only""."	1	0	0	0	0	0	1	0	0	1	4.333333333333333
5053	We need to ensure improvements to the European Union's decision-making processes with increased transparency and accountability	in favor of	Decision-making is today made unilaterally minding short-term economic interests and employers' demands. We need a social, progressive policy in the EU.	1	0	0	0	0	0	0	0	0	1	4.333333333333333
6907	We should promote Zero Budget Natural Farming all over India	in favor of	Even though organic farming produces healthy and nutritious food, it produces greenhouse gases and thereby contributes to climate change. So, the best alternative is ZBNF.	0	0	0	0	0	0	0	0	0	1	4.333333333333333
4315	We should adopt gender-neutral language	against	in many cases, the gender of the subject helps convey meaning	1	1	0	0	1	0	0	0	0	1	4.333333333333333
4185	We should adopt a multi-party system	in favor of	we absolutely need a multi party system. the two party system is a failure. the entire country can't be  split in to only two categories. we need better representation of the people.	0	0	0	0	1	0	1	0	0	1	4.333333333333333
6433	We should abandon television	against	this is a free country. people have the choice to watch tv or not	0	0	0	0	0	0	1	0	0	0	5.5
3147	We should subsidize journalism	against	journalism is dead as many new outlets are heavily biased and strive for sensational news rather than accurate news	0	1	0	0	0	0	0	0	0	1	4.333333333333333
3478	We should ban algorithmic trading	in favor of	it takes away the human component, and machines can easily make mistakes.	1	1	0	0	0	0	0	0	0	1	4.333333333333333
3621	We should introduce compulsory voting	in favor of	if everyone votes, the results actually reflect what people want.	1	0	0	0	0	0	0	0	0	1	4.333333333333333
4145	We should limit executive compensation	in favor of	PROFITS FROM A COMPANY SHOULD BE DIVIDED BETWEEN ALL WORKERS NOT JUST MANAGMENT	1	1	0	0	1	0	0	0	0	1	4.333333333333333
6259	Homeopathy brings more harm than good	in favor of	homeopathy is scientifically implausible and produces nothing more than a placebo effect in patients	1	0	0	0	0	0	0	0	0	1	4.333333333333333
1178	We should ban telemarketing	against	we shouldn't ban telemarketing because it is a useful way to make sales and it isn't overly abusive to people	1	0	0	0	1	0	0	0	0	0	5.5
1614	We should limit executive compensation	against	executives are the primary reason a company is successful or not.  their pay is usually justifiable.	1	0	0	0	1	0	0	0	0	0	5.5
3031	We should ban whaling	in favor of	whaling shuld be banned because it is a cruel and outdated practice & no longer serves a purpose	0	0	0	0	0	0	0	0	0	1	4.333333333333333
4121	We should introduce compulsory voting	in favor of	compulsory voting can help encourage better results during elections	1	1	0	0	1	0	0	0	0	0	5.0
4618	IT recruiters should consider skills instead of a degree in programming	in favor of	Even if someone has a degree in IT, they have to learn so many things to get into the IT job, because there is a gap between the industrial standards and the skills that are taught in Engineering colleges. Moreover, as technology is constantly evolving, even if someone has prepared themselves for the industrial standards in their graduation, they have to learn new technologies continuously to stay relevant in the job market. So, as the learning curve will be there even for IT students, students from non-IT backgrounds can also learn these things and can get into IT jobs.	1	0	0	0	0	0	1	0	0	1	4.333333333333333
5716	Social media brings more harm than good	against	social media did not brings more harm than good because when people posting or sharing their opinions or argue about something people can benefit from it make people think outside the box	1	0	0	0	0	0	1	0	0	1	4.333333333333333
599	We should ban cosmetic surgery	in favor of	cosmetic surgery makes people feel self-conscious about themselves, providing false imagery of natural beauty	0	0	0	0	0	0	0	0	0	1	4.333333333333333
4367	We should subsidize journalism	in favor of	we ought to subsidize journalism to get young people interested in the field	1	0	0	0	0	0	1	0	0	0	5.5
2743	We should limit executive compensation	in favor of	the people doing the real work are the regular associates and executives shouldn't get rewarded for someone else's work	0	0	0	0	1	0	0	0	0	1	4.333333333333333
296	We should abolish capital punishment	in favor of	capital punishment is seen as a cruel and inhumane way of treating prisoners.	0	0	0	0	0	0	0	0	0	1	4.333333333333333
5257	There should be a stronger partnership between the EU and the African Union	in favor of	Africa has a lot of bright young people with sometimes incredible ideas. If these young people create for example remote learning opportunities for African students, we should not only sponsor such projects but make exchange possible for young people in Europe to create similar items for example to foster MINT skills throughout Europe. Give more opportunities for young people from both sides to meet, exchange, and ventilate new ideas. 	1	0	0	0	0	0	1	0	0	0	5.5
7057	We should open free training centers for the EPSO competition	in favor of	It's high time that all broadcasting stations in the EU stimulate their journalists to cover European news as well.	0	0	0	0	0	0	1	0	0	1	4.333333333333333
1695	We should abolish the three-strikes laws	in favor of	three-strikes laws don't consider the proportionality of the crimes committed and would offer disproportionate punishment to people who commit petty crimes.	0	1	0	0	0	0	0	0	0	1	4.333333333333333
6900	Assisted suicide should be a criminal offence	against	people who are terminally ill and don't want to suffer any more have a right to ask for help to end their lives	0	1	0	0	0	0	1	0	0	0	5.0
171	We should end the use of economic sanctions	in favor of	if we end economic sanctions, then it would lead to a more fair trade market.	1	0	0	0	1	0	0	0	0	1	4.333333333333333
5588	Surrogacy should be banned	in favor of	Surrogacy reduces women's position in society by treating them like baby making machines.	0	0	0	0	0	0	1	1	0	1	4.333333333333333
2424	We should ban factory farming	against	we cannot ban things just because you don't like them. factory farms help get the most food per acre.	1	0	0	0	0	0	1	0	0	0	5.5
2549	We should abolish intellectual property rights	in favor of	we should have free and open discourse of all ideas.  intellectual property prevents this and stunts our collective growth.	1	0	0	0	1	0	1	0	0	0	5.5
698	We should abolish intellectual property rights	in favor of	also called intellectual plagiarism none of this makes sense there may be people who think the same and that is not a crime	1	0	0	0	0	0	1	0	0	0	5.5
364	We should legalize sex selection	in favor of	parents should be able to choose what sex child they are going to have.	0	1	0	0	1	0	1	0	0	1	4.333333333333333
3845	We should abolish safe spaces	in favor of	safe spaces are an illusion, no place is safe.	0	1	0	0	0	0	0	0	0	0	5.0
4585	We should strengthen laws to fight against terrorism	against	This will provide more police powers to the central government. The provision of naming individuals as terrorists can be misused. For example, recently several civil activists are termed as Urban Naxals. If anyone opposes the government, they will be vulnerable to be framed as terrorists. Because this amendment made it easier to label anyone as a terrorist.	0	0	0	0	0	0	1	0	0	1	4.333333333333333
4502	We should subsidize Wikipedia	against	subsidizing wikipedia would lead to bias in its articles and slanted information	0	1	0	0	0	0	0	0	0	1	4.333333333333333
595	We should ban the use of child actors	against	child actors are necessary and children can learn how to work even from an early age	1	0	0	0	1	0	1	0	0	1	4.333333333333333
3699	We should abolish intellectual property rights	in favor of	intellectual endeavors are not isolated and it's possible for more than one individual to have the same ideas and inspiration	1	0	0	0	0	0	1	0	0	1	4.333333333333333
2192	We should stop the development of autonomous cars	against	autonomous cars are simply the next logical step in transportation.  years ago people would have said all cars are dangerous and we should all stick to horse and buggy instead.	1	0	0	0	0	0	1	0	0	1	4.333333333333333
6157	The use of public defenders should be mandatory	in favor of	mandatory use of public defenders will raise the standard of the defenders and level the playing field	1	0	0	0	0	0	0	0	0	1	4.333333333333333
47	We should abandon the use of school uniform	in favor of	School uniforms keep children from being able to express themselves through their clothing choices.	0	0	0	0	0	0	1	0	0	0	5.5
1537	We should end the use of economic sanctions	against	if a government is doing something wrong like apartheid we should not be trading with them as it shows support for that behaviour.	0	1	0	0	1	0	0	0	0	1	4.333333333333333
4972	There should be no immigration from non-European or non-first-world countries 	against	In Conclusion, we should say: 'Europeans go home. Go home, leave every part of the world where we are making business, exploiting cheap labor, rare minerals, selling arms, invading foreign countries and exporting democracy, etc. '	0	0	0	0	1	0	1	0	0	1	4.333333333333333
977	We should limit executive compensation	in favor of	out of control executive compensation raises the disparity between the haves and the have nots.	1	0	0	0	1	0	0	0	0	1	4.333333333333333
5939	Holocaust denial should be a criminal offence	against	free speech can't be restricted and people are allowed to believe what they want, it doesn't harm anyone else for one person to think the holocaust wasn't real.	0	0	0	0	0	0	1	0	0	1	4.333333333333333
1560	We should stop the development of autonomous cars	against	autonomous cars are the future and some cities already have them.	0	0	0	0	0	0	1	0	0	0	5.5
5605	Intelligence tests bring more harm than good	against	intelligence tests are just another tool for teachers to use	1	1	0	0	0	0	0	0	0	1	4.333333333333333
5852	The use of public defenders should be mandatory	against	making the use of public defenders madatory would increase the number of miscarriages of justice since the best and most able defence lawyers would go to areas of the law where they can make the most money	1	0	0	0	1	0	0	0	0	1	4.333333333333333
2523	We should ban the use of child actors	in favor of	Children do not have sufficient autonomy to make decisions about careers, they should be protected from over directing parents and hence the use of child actors should be banned.	0	1	0	0	0	0	1	0	0	1	4.333333333333333
80	We should end mandatory retirement	in favor of	the loss of experience and knowledge from mandatory retirement is costly to businesses	1	0	0	0	0	0	0	0	0	1	4.333333333333333
3695	We should ban factory farming	against	humans need food and this is simply another way to cultivate it.  at the end of the day these animals are going to be food no matter what, so the way they get there is of little interest.	0	0	0	0	0	0	0	0	0	1	4.333333333333333
2696	We should abolish capital punishment	in favor of	it is inhumane and unnecessary it teaches that violence is a solution it can open the door to abuse	0	1	0	0	0	0	0	0	0	1	4.333333333333333
5905	Homeschooling should be banned	in favor of	homeschooling does not compare to regular schooling.  home schooled children tend to learn the bare minimum, with the bare minimum of effort.	1	0	0	0	0	0	0	0	0	1	4.333333333333333
678	We should abolish zoos	against	a zoo is a safe place for animals who lost their homes and are not able to care for themselves	0	1	0	0	0	0	0	0	0	1	4.333333333333333
4349	We should adopt a multi-party system	against	it can become confusing when voting on a multi-party system	1	1	0	0	0	0	0	0	0	1	4.333333333333333
4622	IT recruiters should consider skills instead of a degree in programming	against	If a student from non-IT background chose to start a career in the IT field, the efforts they put into graduation will go in vain.	1	0	0	0	1	0	1	0	0	1	4.333333333333333
1177	We should subsidize space exploration	in favor of	we should subsidize space exploration because it is beneficial for educational purposes	1	0	0	0	1	0	1	1	0	1	4.333333333333333
2105	We should introduce compulsory voting	against	you can require voting but you can't force people to educate themselves about the candidates and issues	1	0	0	0	0	0	1	0	0	1	4.333333333333333
4224	We should abolish zoos	in favor of	zoos serve to imprison animals and show them off for entertainment.	0	0	0	0	0	0	0	0	0	1	4.333333333333333
2626	We should abolish zoos	in favor of	they are places where the animals are mistreated nobody knows how much an animal suffers that is taken out of its habitat only for human entertainment	0	0	0	0	0	0	0	0	0	1	4.333333333333333
2936	We should adopt atheism	in favor of	people are so afraid of an imaginary punishment that they do not live their lives to the fullest - with atheism, it will be more convincing to live in the present.	1	0	0	0	0	0	1	1	0	1	4.333333333333333
4457	We should stop the development of autonomous cars	against	this would be a great way to allow blind people to be independent	0	0	0	0	0	0	1	1	0	1	4.333333333333333
1225	We should adopt a multi-party system	in favor of	a multi-party ensures that all people and voices are heard and represented.	0	0	0	0	0	0	1	0	0	1	4.333333333333333
2380	We should end mandatory retirement	in favor of	people should be allowed to retire when they are ready	0	0	0	0	0	0	1	0	0	0	5.5
479	We should abolish zoos	in favor of	zoos trap animals into a meaningless life only to amuse human onlookers	0	1	0	0	0	0	0	0	0	1	4.333333333333333
4484	We should fight for the abolition of nuclear weapons	against	nuclear weapons development leads to other non-combative discoveries, such as nuclear energy.	1	0	0	0	0	0	1	0	0	0	5.5
1298	We should subsidize Wikipedia	in favor of	subsidising wikipedia would give it the funds needed to continue this valuable informative tool without needing to beg for funds.	1	1	0	0	0	0	1	0	0	1	4.333333333333333
281	We should adopt an austerity regime	in favor of	living within one's fiscal means is important	0	1	0	0	0	0	0	1	0	1	4.333333333333333
138	We should adopt atheism	in favor of	not everybody believes in or practices a religion so we should adopt atheism for them	0	0	0	0	0	0	1	0	0	1	4.333333333333333
1739	We should adopt a zero-tolerance policy in schools	against	A zero tolerance policy in schools is a very old fashioned theory, and it has failed over and over again.	1	1	0	0	0	0	1	0	0	1	4.333333333333333
501	We should abolish the Olympic Games	against	the olympic games allow for true amateur athletes to live out their dreams.	1	0	0	1	0	0	1	1	0	1	4.333333333333333
3015	We should abolish zoos	against	many animals would become extinct if we did not have zoos.	0	0	0	0	0	0	0	0	0	1	4.333333333333333
4024	We should adopt a zero-tolerance policy in schools	against	we should not adopt a zero-tolerance policy because it is too restricting and suppressing.	0	1	0	0	0	0	1	0	0	0	5.0
4490	We should legalize sex selection	in favor of	couples should be able to select the sex of their child since some may only want boys or may want girls.  they may also already have more then one child of a certain sex and want the other sex next time.	0	1	0	0	1	0	1	0	0	0	5.0
5233	There should be no immigration from non-European or non-first-world countries 	in favor of	I am happy to see that the ide of haling all immigration from non-European or non-first-world countries is still going strong. This message needs to be communicated to Brussels very clearly. 	0	0	0	0	1	0	1	0	0	1	4.333333333333333
4664	NEET exam should be banned	in favor of	As the exam requires additional study, coaching centers are taking advantage of the situation and are charging lakhs of rupees for the coaching for the NEET exam. So, due to this, students who cannot afford the coaching are at a disadvantage.	1	0	0	0	0	0	1	0	0	1	4.333333333333333
6308	Holocaust denial should be a criminal offence	against	you can not tell a person how they should or should not believe and making holocaust denial a criminal offense is an unnecessary intrusion.	0	0	0	0	0	0	1	0	0	0	5.5
1854	We should legalize sex selection	against	every child has a right to be born regardless of their gender so sex selection should not be legalized.	0	0	0	0	0	0	0	0	0	1	4.333333333333333
6688	Intelligence tests bring more harm than good	in favor of	Intelligence tests bring more harm than good because they justify pseudo-scientific discrimination against people of lower intelligence.	1	0	0	0	0	0	0	0	0	1	4.333333333333333
601	We should abolish intellectual property rights	in favor of	since intellectual property is such covers such a broad spectrum, it is difficult to prove that rights have been infringed leading to lengthy legal cases and should, therefore be abolished.	0	0	0	0	0	0	0	0	0	1	4.333333333333333
4005	We should abolish zoos	in favor of	Animals should not be kept in cages. They should be able to run free.	0	0	0	0	0	0	0	0	0	1	4.333333333333333
6657	We should abandon television	against	good television is an art form that can enrich our lives.	0	0	0	1	0	0	0	0	0	0	6.0
3069	We should cancel pride parades	against	people have the right to express themselves.	0	0	0	0	0	0	1	0	0	0	5.5
5589	Foster care brings more harm than good	against	The overwhelming experience shows that in care and health, decentralized and deinstitutionalized systems perform better and spend less than a massive state apparatus.	0	0	0	0	1	0	1	0	0	0	5.5
4360	We should subsidize journalism	in favor of	journalism provides a needed check on the government.	0	0	0	0	1	0	0	0	0	1	4.333333333333333
6116	Holocaust denial should be a criminal offence	against	holocaust denial is a is a form of free speech, and is thus protected by the first amendment.	0	0	0	0	0	0	1	0	0	1	4.333333333333333
1972	We should abolish intellectual property rights	against	people have the right to their ideas and therefore it shouldn't be banned.	1	0	0	0	1	0	1	0	0	1	4.333333333333333
1235	We should ban missionary work	against	missionary work allows volunteers to do productive work in a foreign country	1	1	0	0	0	0	0	1	0	1	4.333333333333333
5128	The EU needs a free but correct press	against	The EU deciding who is a journalist amounts to the EU deciding what is true.	0	0	0	0	0	0	1	0	0	1	4.333333333333333
7285	We should give up developing electric vehicles	in favor of	Power battery energy density is relatively low and stability is not high, the battery industry needs to break through the technical bottleneck or find cost-effective alternative products.	1	0	0	0	0	0	0	0	0	1	4.333333333333333
3691	We should ban algorithmic trading	against	there is no reason why algorithmic trading should be banned , it creates beneficial trading deals and profits for those in the finance sector, and can enhance the value of pension funds for instance.	1	0	0	0	1	0	0	0	0	0	5.5
7312	We should protect our privacy in the Internet age.	against	If the laws and regulations on privacy protection in one region or country are too stringent, it is likely to lead to the transfer of capital to another region or country.	0	0	0	0	1	0	0	0	0	0	5.5
4442	We should abolish the three-strikes laws	in favor of	many people could pay long sentences for nonviolent crimes	0	0	0	0	0	0	0	0	0	1	4.333333333333333
2250	We should oppose collectivism	in favor of	with collectivism, there is less motivation to do more difficult jobs  as everything has a similar pay.	1	0	0	0	1	0	1	0	0	1	4.333333333333333
4013	We should legalize sex selection	in favor of	the right to bodily autonomy permits mothers to have abortions for sex selective purposes	0	1	0	0	0	0	1	0	0	0	5.0
797	We should subsidize Wikipedia	against	it is inaccurate and should not be funded by government money.	0	1	0	0	0	0	0	0	0	1	4.333333333333333
4712	Marital rape should be criminalized in India	against	The most misused law in the Indian judicial system is Section 498A, which allows women to file a case on a husband and his family in case of dowry harassment. Many women are using this law to extort money and property from their in-laws. If the law on marital rape comes into effect, many innocent men will be at threat.	0	0	0	0	1	0	0	0	0	1	4.333333333333333
2996	We should ban human cloning	in favor of	by copying something you can not get a pure copy.  each copy that is made is worse then the other meaning that no one knows what can happen with cloning.	1	0	0	0	0	0	0	0	0	0	5.5
6647	Intelligence tests bring more harm than good	against	Intelligence tests bring more good than harm because they let teachers identify gifted students who might otherwise go unnoticed because they are shy, ESL, or otherwise do not stand out at first.	1	0	0	0	0	0	0	0	0	0	5.5
5502	Homeschooling should be banned	against	home education is equal to or better than in institutions	1	0	0	0	0	0	0	0	0	1	4.333333333333333
1099	We should abolish intellectual property rights	against	we should  not abolish intellectual property rights because people should get credit for their work.	1	1	0	0	1	0	1	0	0	1	4.333333333333333
1598	We should adopt a multi-party system	in favor of	in a multi party system the general population have more of a choice in who their leaders are	0	0	0	0	1	0	1	0	0	0	5.5
7056	We should open free training centers for the EPSO competition	in favor of	A great idea because it definitely lowers the threshold. 	1	0	0	0	0	0	0	0	0	1	4.333333333333333
5785	Surrogacy should be banned	against	surrogacy gives those who can't have children a way to have them.	0	1	0	0	0	0	1	0	0	1	4.333333333333333
1087	We should subsidize Wikipedia	against	if the government gives wikipedia funds, wikipedia would be obligated to lean to their agenda	0	1	0	0	1	0	1	0	0	1	4.333333333333333
1573	We should subsidize Wikipedia	in favor of	wikipedia is a helpful source of information for research and educational purposes	1	1	0	0	0	0	1	0	0	1	4.333333333333333
2484	We should subsidize embryonic stem cell research	in favor of	embryonic stem cell research is important in finding cures.	0	1	0	0	0	0	1	0	0	0	5.0
1336	We should limit executive compensation	against	executive compensation is simply part of a modern remuneration package, and just as with basic salaries, and attractive compensation scheme is needed to attract the best talent to an organisation.	1	0	0	0	1	0	1	0	0	0	5.5
2122	We should ban factory farming	in favor of	we should ban factory farming as animals are kept in cramped conditions.	0	0	0	0	0	0	0	0	0	1	4.333333333333333
4057	We should abandon the use of school uniform	in favor of	we should abandon the use of school uniform since one should be allowed to express their individuality by the clothes they were.	0	0	0	0	0	0	1	0	0	0	5.5
615	We should subsidize Wikipedia	against	subsidizing wikipedia will lead to bias in the contents. content creators and moderators will be afraid to criticize the people who contribute money to wikipedia	1	0	0	0	0	0	1	0	0	1	4.333333333333333
3441	We should introduce compulsory voting	against	no one should be forced to do anything in our country.	0	0	0	0	0	0	1	0	0	0	5.5
2347	We should subsidize student loans	against	students should pay for their own education; it isn't fair that everyone has to pay for education through tax regardless of whether they use it.	0	1	0	0	1	0	1	0	0	1	4.333333333333333
3236	We should subsidize space exploration	in favor of	developments in science and technology have been accomplished through space exploration	1	0	0	0	0	0	1	0	0	1	4.333333333333333
4460	We should ban fast food	against	people have the right to eat anything they would like.	0	0	0	1	0	0	1	0	0	0	5.5
3749	We should abolish zoos	against	zoos are good source of information for the public to learn about animals up close	1	0	0	0	0	0	1	0	0	0	5.5
3037	We should limit executive compensation	against	executive compensation is a way to reward and incentivize the top employees.	1	0	0	0	1	0	0	0	0	0	5.5
6486	We should abandon television	against	we should not ban television as it is an excellent source of information and entertainment.	1	0	0	1	0	0	1	1	0	1	4.333333333333333
6920	Referendums are good for the society	in favor of	The common man has a say in policymaking as he will be the one living under the new set of rules, he will be the one who will be most affected. So, at times the priorities of people are different from the priorities of the government, referendums can set things straight.	0	1	0	0	1	0	1	0	0	1	4.333333333333333
3631	We should ban human cloning	in favor of	human cloning should be banned because it interferes with nature	0	0	0	0	0	0	0	0	0	1	4.333333333333333
4104	We should ban private military companies	in favor of	there are not enough safe-guards that oversee private military companies from producing under-par products and they should be banned.	1	1	0	0	0	0	0	0	0	0	5.0
1038	We should adopt a zero-tolerance policy in schools	against	We should not adopt zero tolerance policies because they have not improved school discipline in other districts, only introduced more punishments for students.	1	1	0	0	0	0	0	0	0	1	4.333333333333333
3564	We should introduce compulsory voting	against	people who have no clue about the issues and people who are not into politics would be voting for someone they know nothing about.	1	1	0	0	0	0	0	0	0	1	4.333333333333333
1711	We should abandon the use of school uniform	in favor of	we should allow young people to express their individualism.	0	0	0	1	0	0	1	1	0	0	5.5
4807	The best way to save the world from climate change and protect the environment is to encourage everyone to start with themselves and look at what things they can do to help with this problem	against	It is not about blaming others. It is about seeing the situation as it is. Recognizing patterns, reasons, and consequences of our behavior. We do not make our choices in a vacuum. If it is easier and cheaper to live not sustainably, people will do it, even if they are conscious of the consequences. 	0	0	0	0	1	0	1	0	0	1	4.333333333333333
4398	We should ban fast food	against	People should have the choice and a little fast food as part of a balanced diet is not harmful.	0	0	0	0	0	0	1	0	0	1	4.333333333333333
1355	We should introduce compulsory voting	against	compulsory voting shouldn't be introduce because it forces undecided people to vote for a random people will ruin the quality of elections	1	0	0	0	0	0	1	0	0	0	5.5
2977	We should ban factory farming	in favor of	factory farming should be banned because it increases the risk of animal cruelty	0	0	0	0	0	0	0	0	0	1	4.333333333333333
6602	Assisted suicide should be a criminal offence	against	if to a degree of reasonable certainty the state of seriousness can not be reversed by the medicine, the patient must have the right to end his life and if he needs help for that he should not be condemned	0	1	0	0	0	0	1	0	0	1	4.333333333333333
349	We should ban whaling	against	whaling should be allowed when it will help to revive dwindling fish populations.	0	0	0	0	0	0	0	0	0	1	4.333333333333333
403	We should ban human cloning	in favor of	human cloning is unethical and has repercussions that we do not even know yet.	0	1	0	0	0	0	0	0	0	1	4.333333333333333
3560	We should ban the use of child actors	in favor of	child actors do not get a proper education and as such, the use of child actors should be banned	1	0	0	0	0	0	1	0	0	1	4.333333333333333
5131	We need a Europe that respects life from conception is a humane Europe	in favor of	Every human being has a conscience that allows them to recognize what is true and what is good, and it is by virtue of this awareness that we demand that no European Union funds be allocated to activities that destroy human embryos.	0	1	0	0	0	0	0	0	0	1	4.333333333333333
4270	We should ban whaling	in favor of	Whales are sentient, intelligent creatures and as such, have a right to life.	0	0	0	0	0	0	0	0	0	1	4.333333333333333
3326	We should end mandatory retirement	in favor of	as quality of life improves and the average lifespan increases, mandatory retirement looks more and more out of step with the modern human life experience.	1	0	0	0	0	0	1	1	0	1	4.333333333333333
1267	We should abolish intellectual property rights	in favor of	intellectual property rights are absurd, we deserve to express what we think it does not matter if another already thinks so	1	0	0	0	0	0	1	0	0	0	5.5
6524	Surrogacy should be banned	against	infertile couples or same-sex couples have the same right to have a child as everyone else; surrogacy allows this to happen.	0	1	0	0	0	0	1	0	0	1	4.333333333333333
2567	We should abolish zoos	in favor of	zoo's are horrid places that keep animals in tiny cages and then charges the public high prices to see them.	0	0	0	0	1	0	0	0	0	1	4.333333333333333
6327	Homeschooling should be banned	against	homeschooling can be tailored to individual needs of children.	1	0	0	0	0	0	1	0	0	0	5.5
7126	We should support agroforestry	in favor of	Changes in management practices, and above all the integration of trees in arable and pastoral lands, are key, and could turn agriculture from a net emitter to a net absorber of greenhouse gases.	0	0	0	0	0	0	0	0	0	1	4.333333333333333
3451	We should ban whaling	in favor of	we should ban whaling because it is endangering some species and it is totally unnecessary to human existence.	0	0	0	0	0	0	0	0	0	1	4.333333333333333
663	We should abolish intellectual property rights	against	intellectual property rights mean that the people who come up with ideas or products get the financial gains from said product and so makes people more likely to innovate	1	0	0	0	0	0	0	0	0	0	5.5
3491	We should ban whaling	in favor of	whaling disturbs the delicate balance of sea life	0	0	0	0	0	0	0	0	0	1	4.333333333333333
457	We should ban algorithmic trading	against	programmes will always evolve to make better use of trading practices, so holding people back from using algorithmic trading will only serve to slow down progress.	1	0	0	0	1	0	0	0	0	0	5.5
7127	We should invest in integrated photovoltaic (e.g., over agriculturally used land)	in favor of	Agrivoltaic could be a perfect model for an energy cooperation of citizens to own some greenhouses with photovoltaic & rent them for a small fee to a urban gardening cooperation of citizens, for example. 	1	1	0	0	0	0	0	0	0	1	4.333333333333333
4943	The European Union should be harder towards irreparable migrants, those who do not value their lives in peace, security, and prosperity.	against	Migrants have an enormous amount to offer in energy, new ideas, and cultures. Why this emphasis on imaginary 'takeovers'?	1	0	0	0	0	0	1	1	0	1	4.333333333333333
4051	We should abolish intellectual property rights	in favor of	intellectual property rights should be abolished as it defies the rights of an individual who has created a conception that has proven successful of moving on to another company.	1	0	0	0	0	0	1	0	0	1	4.333333333333333
5897	Intelligence tests bring more harm than good	against	I.Q. tests provide genuine insight into an individual's capabilities	1	0	0	0	0	0	0	0	0	1	4.333333333333333
4646	5G services should be available across India	in favor of	The low latency of 5G will enable the inclusion of education in remote areas of India, where children will be able to access good quality education at home without any network lag between them and their favorite tutor. Also, 5G will make it possible to use new-age technologies like AR and VR for more immersive learning in schools and colleges.	1	0	0	0	0	0	1	0	0	1	4.333333333333333
6007	We should abandon television	against	people are entitled to leisure time	0	0	0	1	0	0	1	1	0	0	5.5
5026	We need to ensure improvements to the European Union's decision-making processes with increased transparency and accountability	in favor of	Real democracy cannot do without economic democracy. If the major decisions about our future life (investments, inventions, production) are made outside social control, then there is no real democracy.  Without proper social consultation, there is no prospect for a fair Europe.	0	0	0	0	1	0	1	0	0	1	4.333333333333333
2668	We should prohibit school prayer	against	we shouldn't prohibit school prayer as it's a human right to be able to pray	0	0	0	0	0	0	1	0	0	0	5.5
4698	India should have 'One Nation - One Election' policy 	against	Frequent elections in the country will bring politicians back to the public frequently whereas cutting down on elections would mean making them lazy for the rest of the term and suddenly becoming overactive during the election year.	1	1	0	0	0	0	0	0	0	0	5.0
3438	We should abolish the three-strikes laws	in favor of	it causes people to receive disproportionately high sentences for petty crimes	0	0	0	0	0	0	0	0	0	1	4.333333333333333
5270	Foreign Policy at the EU level should be based on absolute majority, not unanimity	in favor of	Without a change in the voting procedure, Europe will not be capable of doing much in this world.	1	0	0	0	0	0	0	0	0	0	5.5
6857	Holocaust denial should be a criminal offence	against	free thinking for all should never be a crime.	0	0	0	0	0	0	1	0	0	0	5.5
27	We should prohibit school prayer	in favor of	School prayer is divisive and requires children to either support religion without question or be treated as different if they do not wish to attend, which marks people out by their differences at an early age.	0	0	0	0	0	0	0	0	0	1	4.333333333333333
6419	The use of public defenders should be mandatory	against	people should have the right to defend themselves if they think they can do the better job of it.	0	0	0	0	0	0	1	0	0	1	4.333333333333333
4254	We should ban telemarketing	against	telemarketing is a useful marketing tool for companies to gain new customers.	1	0	0	0	0	0	0	0	0	0	5.5
963	We should ban cosmetic surgery for minors	against	children should be allowed to have a procedure if they have their parents permission	0	1	0	1	0	0	1	0	0	1	4.333333333333333
3033	We should oppose collectivism	in favor of	we will lose individuality and become one big hive mind	0	0	0	0	0	0	1	0	0	1	4.333333333333333
4170	We should fight for the abolition of nuclear weapons	in favor of	Because nuclear weapons kill indiscriminately and inevitably harm civilians, they can never be used as a legitimate or just weapon of war.	0	0	0	0	0	0	0	0	0	1	4.333333333333333
1015	We should adopt gender-neutral language	against	adopting gender neutral language would be expensive and a waste of resources which could be better used elsewhere	1	1	0	0	1	0	0	0	0	0	5.0
2815	We should abolish safe spaces	against	we should accept safe spaces because it lets people freely speak their mind without consequence	0	0	0	0	0	0	1	0	0	1	4.333333333333333
2371	We should legalize cannabis	in favor of	cannabis legalization is a lucrative revenue source	1	0	0	0	1	0	0	0	0	0	5.5
3704	We should subsidize journalism	in favor of	journalism is incredibly important when it comes to unbiased coverage of our government.	1	0	0	0	0	0	0	0	0	1	4.333333333333333
3428	We should subsidize Wikipedia	against	we should not subsidize wikipedia because the information contained in it is not validated. if published information is going to be subsidized then it should be from accredited sources.	1	0	0	0	1	0	0	0	0	0	5.5
416	We should abolish the three-strikes laws	in favor of	it is unfair to convict someone for a third crime that isn't dependent of the crime's magnitude	0	1	0	0	0	0	0	0	0	1	4.333333333333333
4913	The European Union should hold a referendum to decide on immigration	in favor of	Absolutely right! If the eurocrats cared about what the people want, they'd ask them. 	0	0	0	0	1	0	1	0	0	1	4.333333333333333
3176	We should ban human cloning	against	without further testing and experimentation, the outcome of human cloning will never be known so should not be banned.	0	0	0	0	0	0	1	0	0	0	5.5
1164	We should abolish zoos	in favor of	zoos are entrapping animals that are meant to live in the world	0	1	0	0	0	0	0	0	0	1	4.333333333333333
4470	We should ban algorithmic trading	against	this should not be banned as it makes trading easier and simpler.	1	0	0	0	0	0	0	1	0	0	5.5
5858	Holocaust denial should be a criminal offence	against	we are supposed to be a modern society of free thought. if someone wants to deny the holocaust, it is their intellectual right.	0	0	0	0	0	0	1	0	0	0	5.5
3779	We should end the use of economic sanctions	in favor of	bad actors can circumvent economic sanctions, meaning the people who suffer the most would be average, law-abiding citizens.	1	1	0	0	0	0	0	0	0	1	4.333333333333333
7001	We should stop subsidies and other incentives for bioenergy	against	Some biofuels, such as soy, corn, sugar cane, rapeseed, and palm oil encourage deforestation	0	0	0	0	0	0	0	0	0	1	4.333333333333333
4825	British people who are residents in an EU country should have EU-wide rights	against	The British people voted for Brexit, so now naturally they have to live with their choice.  It turns out you can't actually have your cake and eat it too.	0	1	0	0	0	0	1	0	0	0	5.0
3455	We should introduce compulsory voting	against	being forced to do anything inhibits freedom.	0	0	0	0	0	0	1	0	0	0	5.5
2603	We should ban cosmetic surgery	in favor of	cosmetic surgery is not needed, and vain.	0	1	0	0	0	0	0	0	0	0	5.0
680	We should limit judicial activism	against	modern days require modern measures and judicial activism brings present day thinking and opinions into important cases to stay up to date	0	0	0	0	0	0	0	0	0	1	4.333333333333333
3944	We should abolish zoos	against	zoos are the only places many people will be able to get close and observe exotic animals - anything that serves to enhance humans' empathy and understanding of animals is worthy of support.	1	0	0	0	0	0	1	0	0	1	4.333333333333333
3985	We should abandon the use of school uniform	in favor of	Some school uniforms are sexist, requiring girls to wear skirts only.	0	0	0	0	0	0	0	0	0	1	4.333333333333333
7162	We should not have any immigration from non-European or non-first-world countries 	against	Halting all immigration to EU from non-European or non-first-world countries will lead to an even more competitive advantage for the USA and other countries as our population is shrinking rapidly. 	1	0	0	0	0	0	0	0	0	1	4.333333333333333
519	We should oppose collectivism	in favor of	we should definitely oppose collectivism because there is less autonomy in terms of thoughts and ideas. everyone will just go along with the group.	0	0	0	0	0	0	1	1	0	1	4.333333333333333
4046	We should limit judicial activism	in favor of	judicial activism should be limited to the facts of the case rather than the prejudices of each judge otherwise there are different rules for different people which is not justice.	0	0	0	0	0	0	0	0	0	1	4.333333333333333
3882	We should limit judicial activism	in favor of	people should be judged by their actions not how the judge feels about them	0	0	0	0	0	0	0	0	0	1	4.333333333333333
5535	Entrapment should be legalized	against	entrapment is an unjust form of capturing criminals as it is tempting someone to do something wrong	0	1	0	0	0	0	1	0	0	1	4.333333333333333
3162	We should ban the Church of Scientology	in favor of	The Church of Scientology is a cult and should be banned.	0	0	0	0	0	0	0	0	0	1	4.333333333333333
2393	We should ban algorithmic trading	against	the digitization of the sector raises the field of action of information. as computer models and algorithmic programs	1	0	0	0	1	0	0	0	0	0	5.5
1915	We should abolish intellectual property rights	against	intellectual property rights serve to prevent the sharing of information and ideas, which would allow groundbreaking concepts to develop more quickly for the benefit of all.	1	0	0	0	0	0	1	0	0	1	4.333333333333333
5338	There should be a reform of EU trade and investment policy and a relaunch of global multilateralism	in favor of	Trade should always include the respect and the protection of fundamental and human rights, including workers' and trade union rights.	0	0	0	0	0	0	0	0	0	1	4.333333333333333
5640	Surrogacy should be banned	against	surrogacy allows women to have a child who would not otherwise be able to become a mother	1	1	0	0	0	0	1	0	0	1	4.333333333333333
2234	We should end mandatory retirement	against	mandatory retirement is necessarily, in many cases, to force someone out of a job that their age dictates they can no longer do appropriately.	1	1	0	0	1	0	0	0	0	1	4.333333333333333
646	We should end the use of economic sanctions	in favor of	economic sanctions hurt the poor, working class and has little affect on the ruling party.	0	0	0	0	0	0	1	0	0	1	4.333333333333333
6223	Surrogacy should be banned	against	surrogacy is a beautiful process where women are willing, they choose to participate so let them.	0	1	0	0	0	0	1	0	0	0	5.0
6425	Intelligence tests bring more harm than good	in favor of	intelligence tests can do more harm than good because it labels the takers as gifted or failure and don't cover other forms of intelligence.	1	0	0	0	0	0	0	0	0	1	4.333333333333333
1471	We should ban algorithmic trading	against	algorithmic trading allows computers to make predictions based on far more data than a human could handle. this means that more money is likely to be made for share holders.	1	0	0	0	1	0	0	0	0	0	5.5
327	We should abolish zoos	in favor of	Zoos are too small and do not provide animals with the space and habitat that they are born to.	0	0	0	0	0	0	0	0	0	1	4.333333333333333
1610	We should abolish intellectual property rights	against	people deserve to have there inventions protected	1	0	0	0	1	0	1	0	0	1	4.333333333333333
5566	Homeopathy brings more harm than good	in favor of	homeopathy is not an accredited professional, thus allowing anyone who wishes to practice to do so, without qualifications or knowledge of the human body.	1	0	0	0	0	0	0	0	0	0	5.5
512	We should abolish zoos	against	zoos bring a lot of money in which can be spent on animal research and stop their extinction.	1	0	0	0	0	0	0	0	0	1	4.333333333333333
1524	We should subsidize Wikipedia	in favor of	wikipedia is an inexhaustible source of knowledge and we must take care of it	1	0	0	0	0	0	1	0	0	1	4.333333333333333
6814	We should subsidize vocational education	against	like other forms of higher education, if people want to attend vocational schools, they should find a way to pay for it themselves.	0	1	0	0	0	0	1	1	0	0	5.0
1776	We should abolish zoos	in favor of	confining animals in small spaces is cruel.	0	0	0	0	0	0	0	0	0	1	4.333333333333333
6972	MBAs do not make good business leaders	against	The curriculum and the educational procedure in any MBA institutes lack hands-on practice over live projects in order to train them and give them a chance to work on their leadership skills. Instead of focussing on the technical aspects of business marketing, development of leadership along with interpersonal skills is extremely important.	1	0	0	0	0	0	0	0	0	0	5.5
2516	We should ban cosmetic surgery for minors	in favor of	minors are not mature enough to make such life altering decisions	0	1	0	0	0	0	0	0	0	0	5.0
5397	Holocaust denial should be a criminal offence	against	everyone should have the right to their own opinion.	0	0	0	0	0	0	1	0	0	1	4.333333333333333
7015	We should protect very large natural areas	in favor of	To help achieve this, the EU should reduce its excessive livestock subsidies. An agricultural transition away from cattle towards plants would free up a lot of space	0	0	0	0	0	0	0	0	0	1	4.333333333333333
4804	Toilet paper should be made of recycled paper only	in favor of	In order to improve the protection of the environment, the use of fresh pulp should no longer be allowed for toilet paper.	0	0	0	0	0	0	0	0	0	1	4.333333333333333
1647	We should adopt an austerity regime	against	We should not adopt an austerity regime because the global economy is now rapidly growing, and the recession is years behind us.	1	0	0	0	1	0	0	0	0	0	5.5
2060	We should ban whaling	in favor of	the whales are the ambassadors of the sea and an icon of the struggle to protect the planet. they must prohibit whaling	0	0	0	0	0	0	0	0	0	1	4.333333333333333
600	We should abolish zoos	in favor of	zoos maintain animals in unnatural, cramped conditions - they are exploited for the benefit of a paying public, with little concern about their happiness of welfare.	0	1	0	0	0	0	0	0	0	1	4.333333333333333
1389	We should ban missionary work	in favor of	missionary work has historically been used to oppress people and often does not help the areas in which it is tried	0	0	0	0	0	0	1	0	0	1	4.333333333333333
2162	We should legalize cannabis	in favor of	we should legalize cannabis because it is harmless.	0	0	0	1	0	0	1	0	0	0	5.5
3889	We should introduce compulsory voting	in favor of	we should introduce compulsory voting because people have a right to vote	0	1	0	0	1	0	0	0	0	1	4.333333333333333
6454	Intelligence tests bring more harm than good	against	the use of intelligence tests allows the identification of children who need extra help with their education	1	1	0	0	0	0	0	0	0	1	4.333333333333333
4779	Censorship of movies is an outdated concept	in favor of	Censorship causes imposition of majoritarian ideals on others.	0	0	0	0	0	0	1	0	0	0	5.5
6229	Intelligence tests bring more harm than good	against	intelligence test ensure people are competent.	1	0	0	0	0	0	0	0	0	0	5.5
3556	We should subsidize student loans	against	wider availability of student loans creates a glut of over-educated, under-employed individuals contributing less to society - money would be better investing in vocational education.	1	1	0	0	0	0	0	0	0	1	4.333333333333333
3071	We should abolish the three-strikes laws	in favor of	we should  abolish the three-strikes laws because they can put people away for minor crimes	0	1	0	0	0	0	0	0	0	1	4.333333333333333
6888	We should abandon television	against	television is stll the number one place people go for news, and the verification of news - abandoning it would cut off a reliable source of information, effectively disenfranchising huge swathes of society.	0	0	0	1	0	0	1	0	0	1	4.333333333333333
4612	We should subsidize higher education institutions	in favor of	 Though we have been establishing national-level institutes for the past 40 years, we haven’t been investing to maintain their standards. Funds are needed for quality education. Even the top Indian institutes lack proper infrastructure, labs, resources, etc. And even whatever is available is just for the sake of passing the students in the examination and sitting idle the rest of the time.	1	0	0	0	1	0	0	0	0	0	5.5
5469	Social media brings more harm than good	against	social media helps in fast dessimination of vital information across to people all over the world.	0	1	0	0	0	0	0	0	0	1	4.333333333333333
2497	We should abolish capital punishment	in favor of	capital punishment is inhumane as all life is precious and we should be the better man to spare and forgive the offenders	0	1	0	0	0	0	0	0	0	1	4.333333333333333
468	We should ban fast food	against	banning fast food is an example of regulations which take away our right to freedom.	0	0	0	0	0	0	1	0	0	1	4.333333333333333
5624	Intelligence tests bring more harm than good	against	intelligence tests help to determine if a person is in need of intellectual help	1	1	0	0	0	0	0	0	0	1	4.333333333333333
7115	We should make zero/low waste products more affordable	in favor of	We should tax items based on the sustainability goals of the United Nations. This would make it possible to tax exploitation pollution of natural resources, CO2 & other greenhouse gas emissions, violation of human rights or terrible working conditions, no matter if the product is a plastic bag, an unsustainable t-shirt, a service, some food or a complex financial product.	0	0	0	0	0	0	0	0	0	1	4.333333333333333
3263	We should ban the use of child actors	against	everyone has the right to develop their maximum potential regardless of whether they are children or adults.	1	0	0	0	0	0	1	0	0	1	4.333333333333333
1528	We should abolish intellectual property rights	against	creative work is just as important as physical work and authors should be compensated	1	0	0	0	1	0	1	0	0	0	5.5
2396	We should legalize sex selection	in favor of	people should be allowed to pick the sex of their baby, only they know what's best for their child and what kind of life they'll have	0	1	0	0	0	0	1	0	0	0	5.0
5252	The EU itself and its people should understand and accept there are a lot of Europeans outside the EU. EU does not equal to Europe	against	For sure you are technically or geographically correct, geographically Europe extends to the Ural mountains  But in this forum, we initiate a common thinking on the future of Europe, which we associate with the EU. So please avoid any reference to arrogance and don't corrupt this respectful debate. 	0	1	0	0	0	0	0	1	0	1	4.333333333333333
2982	We should ban telemarketing	in favor of	we should ban it because of the often very high pressure sales tactics used to coerce a sale even if someone does not want to purchase anything	0	1	0	0	0	0	1	0	0	1	4.333333333333333
5113	The EU should enforce the obligation to respect the Rule of Law within its borders	against	The European Union is not a country and we must respect other countries' electoral choices.	0	0	0	0	1	0	1	0	0	1	4.333333333333333
2332	We should ban algorithmic trading	in favor of	algorithmic trading is unfair to the market	0	0	0	0	1	0	0	0	0	1	4.333333333333333
1030	We should adopt a zero-tolerance policy in schools	against	a zero-tolerance policy gives administrators no leeway if a student commits a less than serious crime.	0	1	0	0	0	0	0	0	0	1	4.333333333333333
3637	We should subsidize Wikipedia	in favor of	wikipedia provides a great service which provides a safe place to find info on all types of topics	1	0	0	0	0	0	1	0	0	1	4.333333333333333
6694	The use of public defenders should be mandatory	in favor of	anyone being charged with a crime should have an independent person helping him or her. sometimes it helps having a second opinion.	1	1	0	0	0	0	1	0	0	1	4.333333333333333
7064	We should teach Esperanto, a common and neutral language, at all European schools	in favor of	Makes sense to me, its easy to learn and doesn't come with any nationalist baggage.	1	1	0	0	0	0	1	0	0	1	4.333333333333333
314	We should end mandatory retirement	against	mandatory retirement creates employment opportunities for the younger generation of workers, who would otherwise be increasingly shunted out.	1	0	0	0	0	0	0	0	0	1	4.333333333333333
115	We should abandon the use of school uniform	in favor of	if you are not required to wear a uniform, you are free to choose clothing styles that are more favorable to your body type and coloring, which allows you to look your best	0	0	0	1	0	0	1	1	0	0	5.5
6813	Homeschooling should be banned	against	homeschooling is a better way to help talented kids get an in-depth knowledge of  the subject they are really good at,	1	0	0	0	0	0	1	0	0	0	5.5
7154	We should stop the European Commission’s Ideological bias toward migration.	in favor of	The European’s Commission communication and political thinking on migration are biased, falsely naïve, and Ideological.	0	0	0	0	0	0	1	0	0	1	4.333333333333333
422	We should oppose collectivism	in favor of	collectivism removes an individual's right to promote their private interests and exercise autonomy	0	0	0	0	1	0	1	0	0	0	5.5
5418	The use of public defenders should be mandatory	in favor of	if everyone had to use a public defender, it would be fairer as their representation would not be dependent on their income.	0	0	0	0	0	0	0	0	0	1	4.333333333333333
1469	We should abandon the use of school uniform	in favor of	School uniforms have no positive effect on academic achievement.	1	1	0	0	0	0	0	0	0	1	4.333333333333333
5580	Holocaust denial should be a criminal offence	against	History is what is related to us from other people. We can not really know if it has really happened. Denying the right not to believe this fact shouldn't be criminalized as people are freethinkers	0	0	0	0	0	0	1	0	0	1	4.333333333333333
6971	Hindi should be the National language of India	against	Some people are arguing that English is not born in India and hence we should avoid using it. This statement lacks logic because all the technological innovations we are now using were born in different parts of the world. We cannot reject things just because they are not Indian.	0	0	0	0	0	0	0	0	0	1	4.333333333333333
4977	The EU should immediately end the refugee deal with Turkey.	against	Immigration should not be part of humanitarian aid. Humanitarian aid should be delivered directly to Africa / Asia. The Turkey deal should eventually be abolished.	1	1	0	0	0	0	1	0	0	1	4.333333333333333
5581	The use of public defenders should be mandatory	in favor of	people dont always know whats best for them, so they shouldnt be representing themselves.	0	1	0	0	0	0	0	0	0	1	4.333333333333333
541	We should subsidize student loans	against	tax payers shouldn't have to pay for other people to have an education when they dint get the same chances.	0	0	0	0	1	0	1	0	0	1	4.333333333333333
2701	We should adopt a multi-party system	in favor of	more political parties give people more of a choice to support what they believe in.	0	0	0	0	1	0	1	0	0	1	4.333333333333333
1006	We should introduce compulsory voting	against	some citizens simply don't have the time to vote, having more important things that can be way more crucial and holding that against them is authoritarian	0	0	0	0	0	0	1	0	0	1	4.333333333333333
4308	We should legalize sex selection	in favor of	people should be able to select the sex of the children so that they can balance their family the way they wish it to be.	0	1	0	0	0	0	1	0	0	1	4.333333333333333
6745	Social media brings more harm than good	against	the media often lie to us and only present their biased take on the news.  social media allows all possible sides to be heard, which is good for everyone.	0	1	0	0	0	0	0	0	0	1	4.333333333333333
7054	We should use the waste from the agri-food industry in the ruminant feed chain	in favor of	allow it to be handed out to charities for consumption by those in need. 	0	1	0	0	0	0	0	0	0	1	4.333333333333333
7014	We should invest in R&D   	in favor of	Investing in R&D will create an incentive system for businesses to start with green solutions.	0	0	0	0	1	0	1	0	0	1	4.333333333333333
5104	The EU needs a European research center	in favor of	I think the problem in the EU is the incompetence to establish inventions in the market. There are lots of inventions that are made and funded by public EU research facilities brought into the market by small startups. In the end, they are picked like ripe fruits by the US or Chinese companies where the big money is made.	1	0	0	0	1	0	0	0	0	1	4.333333333333333
2928	We should abolish intellectual property rights	against	intellectual property rights should not be abolished as they ensure that those who have had an original idea, financed research and development get rewarded for their effort and not have their innovation stolen	1	0	0	0	1	0	1	0	0	1	4.333333333333333
3159	We should abolish intellectual property rights	against	the rights holder would make less money could their creation would be diluted by copycats	1	0	0	0	1	0	1	0	0	1	4.333333333333333
1239	We should ban the use of child actors	against	children provide unique storytelling opportunities for movies and should not be banned as long as they are properly raised and cared for.	1	1	0	1	1	0	1	0	0	0	5.0
7213	We should limit population growth in overcrowded regions	against	Limiting freedom of movement does not seem like a good idea to me. I think what you are experiencing is bad local management, with urban planning laws fast growth and traffic issues can be fixed and avoided altogether.	1	0	0	0	1	0	1	1	0	0	5.5
2136	We should subsidize embryonic stem cell research	against	we should not because we are messing with the natural order of things and can cause more problems.	0	0	0	0	0	0	0	0	0	1	4.333333333333333
3457	We should abolish zoos	in favor of	zoos are inhumane structures built to house animals away from their natural environment. zoos  should be abolished and animals returned to their natural homes where they can be free.	0	0	0	0	0	0	0	0	0	1	4.333333333333333
3819	We should abolish the three-strikes laws	in favor of	the three strikes law is an old concept. it doesn't really prevent people from committing  violence, especially because many acts of violence are not premeditated.	1	0	0	0	0	0	0	0	0	1	4.333333333333333
7039	We should use waste from the agri-food industry in the ruminant feed chain	in favor of	What is edible, should be given to humans. What humans cannot eat, should be available for animals. What both cannot use, should go to biogas plants. The solid waste from biogas plants can be transformed into excellent compost. Runoff from biogas plants can be treated & provide H2. And the heat from biogas plants can provide heating or other forms of energy.	1	1	0	0	0	0	0	0	0	1	4.333333333333333
5474	We should subsidize vocational education	in favor of	Vocational schools teach students - in a relatively short amount of time - professions that have high earning potential. In two years or less, graduates can already be working and making money.	1	0	0	0	1	0	1	0	0	0	5.5
5979	The use of public defenders should be mandatory	against	public defenders are not as good as private lawyers	1	0	0	0	0	0	0	0	0	1	4.333333333333333
6729	Surrogacy should be banned	against	Surrogacy enables families who are unable to have their own children a way to realize their dreams of having a family.	0	1	0	0	0	0	1	0	0	1	4.333333333333333
6935	We should abolish the National Register of Citizens (NRC)	in favor of	The NRC body and the Foreign Tribunals in Assam are functioning behind the curtains and its functioning is clearly signaling toward the ruling party’s agenda of getting rid of Minorities. Earlier retired judges were carefully selected for Foreign Tribunals but now any lawyer who is above 50 on 25 April 2015 and has 10 years of experience can volunteer for FT and gets a seat. Various online sources have reported that the FT is full of people sharing the ruling party’s ideology and are asked to perform well.	0	0	0	0	0	0	0	0	0	1	4.333333333333333
445	We should ban factory farming	against	factory farming is necessary in our society as a way to control and protect the environment in which the animals are living so they are not subjected to disease and predators.	0	1	0	0	1	0	0	0	0	1	4.333333333333333
1696	We should adopt a zero-tolerance policy in schools	against	we don't need a zero-tolerance policy that punishes students harshly for small things	0	0	0	0	0	0	0	0	0	1	4.333333333333333
1352	We should ban the use of child actors	against	providing child actors are still taught school subjects and that they are given time to be children then it is good for them and the money earned will give them freedom as adults to do whatever they want	1	0	0	0	1	0	1	1	0	0	5.5
4966	We don't need immigration from non-European or non-first-world countries. 	in favor of	We should halt all immigration from non-European or non-first-world countries into the EU. However, if we want to stop this immigration, we must stop its causes. Indeed, it is war, poverty, and European, Chinese and American neo-colonialism that make the people of African and Middle Eastern countries flee to Europe. So Europe must finally take responsibility and protect these countries from corruption, war, and neo-colonialism and help them to start their economy.	1	1	0	0	0	0	0	0	0	1	4.333333333333333
1195	We should oppose collectivism	in favor of	collectivism leads to a stagnant culture where new ideas are never formed and expressed	1	0	0	0	0	0	1	0	0	0	5.5
4811	Intensive livestock farming should disappear	in favor of	In Germany, 60% of the land is used for animal feed. In determining how much subsidy a holding receives, the area of the holding is decisive. In other words, a lot of land, a large amount of subsidy. This results in cheap animal feed and, ultimately, intensive livestock farming. Thus, if the state subsidises animal feed and livestock farming on the basis of their size and not on the basis of sustainability and animal welfare, the concept of intensive livestock farming will be supported.	1	0	0	0	1	0	0	0	0	1	4.333333333333333
4364	We should introduce compulsory voting	against	we should not  introduce compulsory voting because in a democracy people should be free to choose their own actions.	0	0	0	0	0	0	1	0	0	0	5.5
7129	We should reduce environment pollution by limiting number of people in Europe	against	If we tried to fix the issue by controlling the population, countries like Denmark would need to reduce their population to 1/5 of the current number, to reach sustainable resource use.	0	0	0	0	0	0	0	0	0	1	4.333333333333333
6674	Surrogacy should be banned	against	surrogacy is often the only means whereby some couples, such as gay or infertile couples, can have a family of their own that is at least in part genetically related to them	0	1	0	0	0	0	1	0	0	1	4.333333333333333
7280	We should give up developing electric vehicles	against	The electric car is driven by an electric motor and has a direct maximum torque at start-up, which is faster than the fuel car power section.	1	0	0	0	0	0	0	0	0	1	4.333333333333333
3048	We should ban the use of child actors	in favor of	children should be learning and playing, not working	0	1	0	1	0	0	1	0	0	0	5.0
5617	We should abandon television	in favor of	television should be abandoned because of all the violence, crime, and sex that's on them now	0	0	0	0	0	0	1	0	0	0	5.5
2271	We should oppose collectivism	in favor of	we should oppose collectivism because it lessens creativity and individuality.	0	0	0	0	0	0	1	0	0	0	5.5
6973	MBAs do not make good business leaders	in favor of	MBA programs are the best in shaping personality and behavioural skills, which are the most essential qualities of leaders.	1	1	0	0	1	0	0	0	0	0	5.0
3815	We should introduce compulsory voting	in favor of	compulsory voting would require everyone to participate in our democracy and ensure that a candidate is selected by more than just the 10 or 20 percent of the population that gets out to vote.	0	1	0	0	1	0	0	0	0	1	4.333333333333333
4126	We should abolish safe spaces	in favor of	we should abolish safe spaces as the appear to be worthless because the extremists always win out.	1	0	0	0	0	0	0	0	0	1	4.333333333333333
3443	We should abolish the Olympic Games	against	the olympic games encourage sports all around the world	1	0	0	1	0	0	0	1	0	0	5.5
4644	We should forbid neo-banks	against	Fintech companies can open specialized neo-banks that target a specific type of customer’s needs. For example, LXME aims to become India’s first Neo bank for women, which will offer product solutions that address women-specific financial needs and emotional preferences.	0	0	0	0	0	0	0	0	0	1	4.333333333333333
7140	We should reduce animal farming.	in favor of	We should encourage people to consider the question: 'Do you think it is morally right to torture, mutilate, and kill animals needlessly?'	0	0	0	0	0	0	0	0	0	1	4.333333333333333
4259	We should subsidize journalism	against	Journalism would not remain independent if it received subsidies from the government.	0	0	0	0	0	0	1	0	0	0	5.5
1180	We should ban algorithmic trading	in favor of	we should ban algorithmic trading because theres is scientic advance	1	0	0	0	1	0	1	1	0	1	4.333333333333333
6232	Intelligence tests bring more harm than good	in favor of	Intelligence tests harm people by enforcing the concept of a uniform, almost two-dimensional intelligence, even though intelligence is a much broader concept.	1	0	0	0	0	0	0	1	0	1	4.333333333333333
1148	We should abolish safe spaces	in favor of	"safe spaces are  a waste of time, and, honestly, can't even really be considered all that ""safe."""	1	0	0	0	0	0	1	0	0	1	4.333333333333333
5672	We should subsidize vocational education	against	Vocational education is not as expensive as pursuing an academic degree and does not need to be subsidized.	0	1	0	0	1	0	0	0	0	1	4.333333333333333
5921	Intelligence tests bring more harm than good	in favor of	intelligence tests limit the possibilities because they are not able to show potential, just current knowledge.	1	0	0	0	0	0	1	0	0	1	4.333333333333333
6557	Holocaust denial should be a criminal offence	against	a person has their right to their own opinion and making denial of the holocaust a criminal offense takes away the rights of that person.	1	0	0	0	0	0	1	0	0	1	4.333333333333333
563	We should abolish the three-strikes laws	in favor of	Three strikes laws destroy families by taking away parents and children for the rest of their lives with no chance of parole.	0	1	0	0	0	0	0	0	0	1	4.333333333333333
33	We should legalize cannabis	in favor of	cannabis has been shown to be safer than alcohol and less addictive.  there is no real reason to keep it an illegal substance.	0	0	0	0	0	0	0	0	0	1	4.333333333333333
7136	We should impose an IQ test to immigrants	against	This is against human rights. I think advocating restricting immigration from non EU countries based on education, work skill and language literacy is a legitimate suggestion, but morally IQ tests are not acceptable and as very akin to what would be expected of a ethno-nationalist  authoritarian regime, not a union of democratic institutions.   	1	1	0	0	0	0	0	0	0	1	4.333333333333333
585	We should legalize prostitution	in favor of	very often prostitutes are the most vulnerable in society and have drug and alcohol problems. they need to be properly protected.	0	1	0	0	0	0	0	0	0	1	4.333333333333333
2436	We should limit executive compensation	against	Executives put more of their time, effort and life to put their company at the top. This effort really merits to be recognized. Only through a high compensation is their efforts be recognized	0	0	0	0	1	0	0	0	0	0	5.5
4797	Businesses should buy unused emissions by reforesting, restoration, or conservation of habitats sequestrating carbon	in favor of	This would strengthen the carbon sinks across Europa.	1	0	0	0	0	0	0	0	0	1	4.333333333333333
875	We should adopt gender-neutral language	in favor of	gender neutral language will allow both genders to be included and liberated to succeed as much as possible.  removing gender benefits all and reduces discrimination and suppression.	0	0	0	0	1	0	0	0	0	1	4.333333333333333
4523	We should ban algorithmic trading	in favor of	algorithmic trading is computer based and does not allow for any type of inspiration in trading.	1	0	0	0	0	0	1	1	0	0	5.5
5259	There should be no immigration from non-European or non-first-world countries 	in favor of	Marvelous to see this idea of halting immigration receive the most endorsements on the migration topic. This is really not going according to plan for the globalists! 	0	0	0	0	1	0	1	0	0	0	5.5
3415	We should introduce compulsory voting	against	compulsory voting would only cause uneducated votes to be cast and not be a real benefit to the country.	1	0	0	0	1	0	1	0	0	1	4.333333333333333
2532	We should introduce compulsory voting	against	people would be forced to vote for something even if they didn't believe it was right.	0	0	0	0	0	0	1	0	0	1	4.333333333333333
858	We should abolish zoos	against	zoos provide the only places for some endangered species to survive that they are essential and we should not abolish them we need to support them and their breeding programs.	0	0	0	0	0	0	0	0	0	1	4.333333333333333
5594	Payday loans should be banned	against	It is not the government's role to protect citizens from bad decisions.	0	1	0	0	1	0	1	0	0	0	5.0
3178	We should adopt atheism	in favor of	atheism allows for an even playing field, removes the fighting over which religion is superior over another.	0	0	0	0	0	0	0	0	0	1	4.333333333333333
3267	We should prohibit school prayer	in favor of	there are many different types of religion, so children should not be forced to pray to a region that they do not follow,	0	0	0	0	0	0	1	0	0	1	4.333333333333333
4467	We should ban human cloning	in favor of	we should ban human cloning because we could all end up with designer babies and everyone will be the same.	0	0	0	0	0	0	1	0	0	1	4.333333333333333
452	We should subsidize journalism	in favor of	journalism has been an important profession.	1	0	0	0	0	0	1	0	0	1	4.333333333333333
3385	We should ban cosmetic surgery for minors	against	minors still have the ability to make choices, as long as there is informed consent.	0	0	0	0	0	0	1	0	0	0	5.5
6917	Referendums are good for the society	in favor of	Referendums can educate citizens politically.	1	0	0	0	1	0	0	0	0	1	4.333333333333333
2040	We should legalize organ trade	against	people selling organs will wait for the highest bidder meaning only rich people will be able to afford the organs they desperately need.	0	0	0	0	0	0	0	0	0	1	4.333333333333333
1150	We should end mandatory retirement	in favor of	mandatory retirement is purely age discrimination	0	0	0	0	0	0	1	0	0	1	4.333333333333333
7053	We should take polyester and other toxic substances out of clothing and place them with natural materials	against	Natural materials have a large carbon footprint. They require fresh water and land, contributing to the pressure on nature and resources around the world. 	0	0	0	0	0	0	0	0	0	1	4.333333333333333
4607	Political parties should be brought under RTI (Right to Information) Act	in favor of	Under the IT Act, political parties do not need to disclose donations that they get below INR 20,000. An informal study done in 2010 on 6 key political parties shows that they raised Rs 700 crore. 95% of the amount was raised by amounts below Rs 20,000. There is a high possibility that the political parties use this loophole to their advantage.	0	1	0	0	0	0	1	0	0	1	4.333333333333333
4399	We should introduce compulsory voting	against	people should not be forced to vote any more than they should be forced to have insurance or be fined for the lack of.	0	0	0	0	0	0	1	0	0	0	5.5
2089	We should legalize sex selection	in favor of	families should have the right to choose the sex of their babies.	0	1	0	0	1	0	1	0	0	0	5.0
456	We should adopt a multi-party system	in favor of	A multi-party system allows for greater choice in whom to vote for.  It allows each citizen to vote for the party that best fits their beliefs and represents their ideology.	0	0	0	0	0	0	1	0	0	0	5.5
6568	We should subsidize vocational education	against	subsidizing vocational education gives it unfair advantage over alternative career paths.	1	0	0	0	0	0	0	0	0	1	4.333333333333333
1979	We should abolish the Olympic Games	against	olympic games is useful to countries as it provides a boost to the countries economy by the increased tourism during the time of the tournament.	1	0	0	0	1	0	0	0	0	0	5.5
712	We should abolish the Olympic Games	in favor of	we should abolish the olympic games because they have not done what they were meant to do which is create peace.  they have created more problems especially to those hosting them and are just beyond their time.	0	0	0	0	0	0	0	0	0	1	4.333333333333333
2700	We should ban cosmetic surgery for minors	against	parents of minors should be the people making the determination as they know the needs of their own children over government enforcing bans that impede on such.	0	1	0	0	0	0	1	0	0	0	5.0
6489	Homeschooling should be banned	against	homeschooling should will  allowed to continue as its important to allow parents to allow their child to be educated at home if they feel that its the best option for their child.	0	1	0	0	0	0	1	0	0	0	5.0
1174	We should prohibit school prayer	in favor of	School prayers should be prohibited as it indoctrinates people into a particular faith and excludes pupils of other faiths.	1	0	0	0	0	0	1	0	0	1	4.333333333333333
4677	We should stop using cash	against	Cashless transactions are recorded by banks. So, the data will reveal the critical data of people regarding where they spend money. The government can easily access the data of anyone. It may result in mass surveillance programs. This goes against the right to privacy. Cash gives us anonymity.	0	0	0	0	0	0	1	0	0	1	4.333333333333333
2678	We should adopt gender-neutral language	in favor of	if everything was gender neutral it would make everyone equal.	0	0	0	0	0	0	0	0	0	1	4.333333333333333
3182	We should subsidize embryonic stem cell research	against	to obtain embryonic stem cells, the early embryo has to be destroyed, this means destroying a potential human life	0	1	0	0	0	0	0	0	0	1	4.333333333333333
644	We should legalize sex selection	against	sex selection is unnatural and will have long term negative consequences on society. we will become overpopulated with male children and females will become targets of sexual crimes.	0	0	0	0	0	0	1	0	0	1	4.333333333333333
2145	We should abolish intellectual property rights	in favor of	intellectual property rights eliminate competition which causes higher prices	1	0	0	0	1	0	1	0	0	1	4.333333333333333
3571	We should ban private military companies	in favor of	only the federal government should be allowed to handle any military training.	0	0	0	0	1	0	0	0	0	0	5.5
1868	We should adopt a zero-tolerance policy in schools	against	we shouldn't adopt a zero tolerance policy in schools because it could cause kids to be wrongfully punished due to misunderstandings for example protecting themselves against a bully	0	0	0	0	0	0	0	0	0	1	4.333333333333333
4387	We should adopt libertarianism	against	we should not adopt libertarianism because left on their own many people would make a choice that adversely effects their lives without weighing all the consequences.	0	1	0	0	1	0	0	0	0	1	4.333333333333333
5829	We should abandon television	against	many people still rely on television as a source of news and entertainment	0	0	0	1	0	0	1	1	0	1	4.333333333333333
6759	Holocaust denial should be a criminal offence	against	everyone is entitled to the right to believe or disbelieve the  holocaust.	0	0	0	0	0	0	1	0	0	0	5.5
13	We should subsidize journalism	in favor of	It is important for news organizations to transfer to new forms of media, like the internet, but it is costly and requires subsidization.	0	0	0	0	0	0	1	0	0	0	5.5
6517	Intelligence tests bring more harm than good	against	intelligence tests provide valuable information about areas of weakness, meaning that the child can benefit from a specially formulated education plan.	1	1	0	0	0	0	0	0	0	0	5.0
1737	We should adopt atheism	in favor of	atheism should be the defacto stance as it is the only provable observance of reality, in that there is absolutely no evidence to prove the contrary.	0	0	0	0	0	0	1	0	0	1	4.333333333333333
15	We should ban cosmetic surgery for minors	in favor of	children have not grown and truly formed their adult looks.   cosmetic surgery for a child should be banned until as an adult the child can make a informed choice over their bodies not a whim of a child.	0	1	0	0	0	0	0	0	0	1	4.333333333333333
7102	We should sop unrestricted deforestation and logging	in favor of	Wood should be used as building material & other meaningful products only. Anything else is a waste of resources. No fresh wood for paper, fast furniture 	0	0	0	0	0	0	0	0	0	1	4.333333333333333
2036	We should adopt a zero-tolerance policy in schools	against	a zero-tolerance policy gives no leeway for administrators in cases where the crime may not be so serious.	0	1	0	0	0	0	0	0	0	1	4.333333333333333
732	We should abolish the three-strikes laws	in favor of	three-strike laws are intolerant of special circumstances.	0	1	0	0	0	0	0	0	0	1	4.333333333333333
2014	We should subsidize student loans	against	we should not subsidize student loans because people need to work hard to get their education	1	1	0	0	0	0	1	0	0	0	5.0
796	We should ban algorithmic trading	in favor of	algorithmic trading is unfair and doesn't allow for the individual to make money that doesn't have the algorithim.	1	0	0	0	1	0	0	0	0	1	4.333333333333333
3396	We should abolish the three-strikes laws	in favor of	Three-strike laws lead to expensive trials. Three-strike offenders will demand a court trial rather than accept a plea bargain (which costs a fraction of the price of a full-blown trial).	0	1	0	0	1	0	0	0	0	0	5.0
6723	The use of public defenders should be mandatory	against	a lawyer would provide better representation for his client than a public defender who gets paid a lot less	1	0	0	0	0	0	0	0	0	1	4.333333333333333
4459	We should adopt atheism	in favor of	atheism allows for the decrease in religious discrimination and would maintain equal practices to insure that peole are treated equally with the shared lack of religious faith.	0	0	0	0	0	0	0	0	0	1	4.333333333333333
4134	We should ban factory farming	in favor of	factory farming causes untold unnecessary suffering to animals. they are too crowded, do not have room to move or even breathe properly.	0	0	0	0	0	0	0	0	0	1	4.333333333333333
3170	We should adopt libertarianism	against	we should not adopt libertarianism because that would be forcing a way of life on people that don't want it	0	0	0	0	0	0	1	1	0	0	5.5
5296	We need a better migration policy.	in favor of	Discussing what happened in the past between Africa and Europe is useless. All slaves and their owners died a long time ago. You cannot blame the grandchildren.	0	0	0	0	0	0	0	0	0	1	4.333333333333333
4806	The best way to save the world from climate change and protect the environment is to encourage everyone to start with themselves and look at what things they can do to help with this problem	against	This idea is what we have been doing for the last 30 years. It did not produce sufficient results to justify continuing on this path. It is just saying, that problem will solve itself. This proposition is harmful and does not stand on any data that could justify it.   	1	0	0	0	0	0	0	0	0	1	4.333333333333333
7302	We should ban the trading of virtual currencies.	against	The trading of virtual currency is secretly named, so as to ensure the privacy protection of his own information content and data information, prevent the leakage of his own data, and improve the safety factor of the system software.	0	0	0	0	0	0	1	0	0	0	5.5
2490	We should end mandatory retirement	in favor of	Older workers have more experience and expertise than young workers.	1	0	0	0	0	0	0	0	0	1	4.333333333333333
4511	We should limit judicial activism	against	check-balancing government use of power in a democracy is what makes democracy the better governing form. judicial activism will limit government overuse of its power	0	1	0	0	1	0	0	0	0	1	4.333333333333333
1124	We should prohibit school prayer	in favor of	kids should be in school to learn. no one should force religion on them.	1	0	0	0	0	0	1	0	0	1	4.333333333333333
2596	We should ban whaling	in favor of	whaling should be banned because we need to protect whales from becoming extinct.	0	1	0	0	0	0	0	0	0	1	4.333333333333333
5590	Intelligence tests bring more harm than good	in favor of	Intelligence tests have been a tool used by Eugenicists to argue for the culling of certain racial and ethnic groups.	0	0	0	1	0	0	0	0	0	1	4.333333333333333
1542	We should limit judicial activism	against	judicial activism will bring forth new interpretations of the constitution and advance our society	1	0	0	0	0	0	1	0	0	1	4.333333333333333
2222	We should end mandatory retirement	in favor of	different people age differently so if a person can phyisically and mentally handle a job, the more power to them	1	0	0	0	0	0	1	0	0	0	5.5
7293	We should ban the trading of virtual currencies.	in favor of	Virtual currency creation does not provide commodities with corresponding value to the market.	1	0	0	0	0	0	0	0	0	1	4.333333333333333
2348	We should subsidize Wikipedia	against	paying wikipedia to do what they intend to do can result in being untruthful and bias	0	1	0	0	0	0	1	0	0	1	4.333333333333333
4381	We should adopt a multi-party system	in favor of	a multi party system allows far better choices for the diverse population, meaning they can find someone to vote for that they truly believe in and participate in a democracy better	1	0	0	0	1	0	1	0	0	1	4.333333333333333
4208	We should abolish zoos	in favor of	Zoos are too often a place of mistreatment and death for wild animals.  We should abolish them and move onto other conservation efforts.	0	0	0	0	0	0	0	0	0	1	4.333333333333333
731	We should ban cosmetic surgery	against	cosmetic surgery teaches our daughters that they need to look perfect and never age.	0	0	0	1	0	0	1	0	0	1	4.333333333333333
4237	We should subsidize Wikipedia	in favor of	we should subsidize wikipedia as they have done a tremendous job pulling together a humongous database of facts.	1	1	0	0	0	0	1	0	0	1	4.333333333333333
4921	The European Union has no other choice than to reject all immigration, except for workers they need.	in favor of	Africa and the Middle East have the highest birthrate in the World. Africa has up to 7 children per woman. The EU has 1,55.  It is this high birthrate that keeps them poor. There is almost nothing the EU can do about it.	0	0	0	0	0	0	0	0	0	1	4.333333333333333
4183	We should cancel pride parades	against	pride parades should be allowed to continue as it allows people to celebrate diversity among human beings.	0	0	0	0	0	0	0	0	0	1	4.333333333333333
219	We should legalize cannabis	in favor of	as a non-addictive natural substance that is less harmful than currently legal ones such as tobacco and alcohol, it seems that cannabis is still illegal simply due to old prejudices.	0	0	0	1	0	0	1	1	0	0	5.5
61	We should abolish intellectual property rights	in favor of	ideas are free thoughts so it's not fair for one person to profit off of it	0	0	0	0	0	0	1	0	0	1	4.333333333333333
473	We should adopt libertarianism	in favor of	libertarianism allows the expression of free will and would make society more interesting by allowing people to be as they truly are.	0	0	0	0	0	0	1	1	0	1	4.333333333333333
1994	We should abolish zoos	in favor of	zoos constrict wild animals to enclosures not suitable for them purely for enjoyment	0	1	0	0	0	0	0	0	0	1	4.333333333333333
3035	We should ban private military companies	against	we should not ban private military companies as a person should have the right if they can afford to hire such companies to protect them.	0	0	0	0	1	0	1	0	0	0	5.5
6523	Homeschooling should be banned	against	homeschooling is good for children that need the one on one structure that it brings,	1	1	0	0	0	0	1	0	0	0	5.0
295	We should abolish zoos	against	they should not abolish zoos since many are in danger of extinction, which need strategic places for scientific study or the collection of funds to finance projects.	0	0	0	0	0	0	0	0	0	1	4.333333333333333
5508	Intelligence tests bring more harm than good	in favor of	IQ tests can make test-takers discouraged if they receive a bad score. They may not make an effort to succeed, since they already expect to fail.	1	0	0	0	0	0	0	0	0	0	5.5
4808	The best way to save the world from climate change and protect the environment is to encourage everyone to start with themselves and look at what things they can do to help with this problem	against	We should arrange our cities, our economy, and politics so that it is easy for people to behave ecologically responsibly. It requires a lot of work now, but it is work that we have to do if we want to transition to something more sustainable. 	1	1	0	0	0	0	0	0	0	1	4.333333333333333
4095	We should abolish intellectual property rights	in favor of	intellectual property rights should be abolished as it limits competitions and innovation.	0	0	0	0	0	0	1	1	0	1	4.333333333333333
6824	Surrogacy should be banned	against	surrogacy is a wonderful way for gay couples to become parents.	0	1	0	0	0	0	0	0	0	1	4.333333333333333
6870	Homeschooling should be banned	against	homeschooling can lead to a better learning outcome for many children who struggle in the traditional classroom.	1	0	0	0	0	0	1	0	0	0	5.5
7108	We should prohibit internal combustion engines	against	Not all combustion engines use petrol as a fuel - natural gas engines are way more environment-friendly	0	0	0	0	0	0	1	0	0	1	4.333333333333333
4312	We should legalize prostitution	in favor of	prostitution should be legalized as this will allow women to be able to earn money from their services in a more safe way without worry about prosecution.	0	0	0	0	1	0	1	0	0	1	4.333333333333333
1310	We should abolish zoos	in favor of	some zoos have terrible living conditions and the animals aren't stimulated at all	0	0	0	0	0	0	0	0	0	1	4.333333333333333
6066	The use of public defenders should be mandatory	in favor of	Mandating the use of public defenders ensures a fair trial for all.	0	1	0	0	0	0	0	0	0	1	4.333333333333333
4889	We need a common migration and asylum policy, based on respect for rights and equal treatment	against	We should not bring the problem to Europe, but we should rather help where it is needed in their region! 	0	1	0	0	1	0	0	0	0	1	4.333333333333333
3835	We should subsidize Wikipedia	in favor of	wikipedia is the largest online encyclopedia in the world and we must ensure its proper functioning	1	0	0	0	0	0	1	0	0	0	5.5
3849	We should adopt atheism	in favor of	Atheism provides a way out of  believing in any religion and should be adopted.	0	0	0	0	0	0	1	0	0	1	4.333333333333333
4544	We should abandon the use of school uniform	against	Having school uniforms doesn't infringe on free speech since students can exercise that right in other ways.	0	0	0	0	0	0	0	0	0	1	4.333333333333333
5049	The EU should synchronize national elections 	in favor of	The political composition of the European Council - and therefore the EU’s political center of gravity - continuously changes during the EU political cycle, thus preventing clearer government majorities to emerge within these two European Councils.   	0	0	0	0	1	0	0	0	0	1	4.333333333333333
6574	Surrogacy should be banned	against	it is a legitimate choice for the surrogate and family to make, if the surrogate wants to use their body to carry a baby the state has no right to stop this	0	1	0	0	0	0	1	0	0	0	5.0
2501	We should abolish intellectual property rights	in favor of	intellectual property rights don't work.  we see this with piracy websites as well as state actors such as china.  there is no point in holding onto a broken system.	0	0	0	0	0	0	0	0	0	1	4.333333333333333
1318	We should introduce compulsory voting	against	no one should be forced to do something they do not want to do	0	0	0	0	0	0	1	0	0	0	5.5
267	We should limit judicial activism	in favor of	judicial activism is biased and should be trashed.	0	0	0	0	0	0	0	0	0	1	4.333333333333333
68	We should abolish safe spaces	in favor of	these are usually located in universities. students need to prepare for the real world and know how to handle conflict. once they leave school they'll have no idea how to handle the constant conflict in life.	1	0	0	0	0	0	1	0	0	1	4.333333333333333
5364	There should be a reform of EU trade and investment policy and a relaunch of global multilateralism	in favor of	The EU needs to both promote and uphold the highest social and environmental standards in its internal as well as external policies. Human rights and collective agreements must never be seen as barriers to trade!	0	0	0	0	0	0	1	0	0	1	4.333333333333333
1958	We should ban algorithmic trading	against	algorithmic trading is a technological improvement on antiquated methods of trading and should be encouraged and improved.	1	0	0	0	1	0	0	0	0	1	4.333333333333333
6914	Referendums are good for the society	in favor of	It can be said that referendums are a direct form of democracy. As the people directly participate in the decision-making, avoiding any manipulation by their representatives.	0	0	0	0	1	0	1	0	0	1	4.333333333333333
180	We should ban the use of child actors	against	not all tv and movies is going to be adults only we need child actors to shows the world as it is	1	0	0	0	0	0	1	0	0	1	4.333333333333333
2404	We should cancel pride parades	in favor of	pride parades send the wrong message to young  children.	0	1	0	0	0	0	0	0	0	0	5.0
1066	We should subsidize Wikipedia	against	wikipedia often contains false information and so can lead to people believing that have no validity in reality.	1	1	0	0	1	0	0	0	0	1	4.333333333333333
2684	We should adopt a zero-tolerance policy in schools	against	we need to remember we are talking about children not criminals, this policy is far too harsh and unnecessary. let children be children.	0	1	0	0	0	0	0	0	0	1	4.333333333333333
2352	We should abolish safe spaces	in favor of	Safe spaces create an echo chamber where only currently accepted ideas are allowed to be spoken and any dissent is blocked out, preventing change and growth.	0	0	0	0	0	0	1	1	0	1	4.333333333333333
19	We should legalize organ trade	in favor of	We should legalize the organ trade because currently people are punished for obeying the law and not purchasing organs, in the form of longer wait times.	0	1	0	0	0	0	0	0	0	1	4.333333333333333
2997	We should introduce compulsory voting	against	it should be the right of the individual whether to vote or not to vote.	0	0	0	0	0	0	1	0	0	0	5.5
3898	We should abolish intellectual property rights	in favor of	enforcing property rights is almost impossible when companies in numerous countries do not enforce the rules very well such as china etc so it is easier just to abolish them	0	0	0	0	0	0	0	0	0	1	4.333333333333333
1206	We should abolish intellectual property rights	against	we should not abolish intellectual property rights because it protects that person's claim to their inventions and discoveries.	1	0	0	0	1	0	1	0	0	1	4.333333333333333
131	We should end the use of economic sanctions	in favor of	economic sanctions are unethical to the economies of smaller, underdeveloped countries.	0	0	0	0	0	0	0	0	0	1	4.333333333333333
5514	Surrogacy should be banned	against	surrogacy allows people to have the family they have always wanted. it isn't someone's fault they cannot reproduce and if they want to become a parent it is a good option.	0	1	0	0	0	0	1	1	0	1	4.333333333333333
350	We should subsidize space exploration	in favor of	space exploration is the next frontier.	1	0	0	0	0	0	1	1	0	0	5.5
1247	We should limit judicial activism	against	judicial activism is necessary to make sound decisions	1	0	0	0	0	0	0	0	0	1	4.333333333333333
4010	We should adopt gender-neutral language	against	we should not adopt gender-neutral language because using specific gender language should not have any specific meaning to a phrase.	0	0	0	0	0	0	0	0	0	1	4.333333333333333
783	We should legalize sex selection	in favor of	sex selection should be allowed to those who want a certain gender.	0	1	0	0	1	0	1	0	0	0	5.0
677	We should abolish zoos	against	zoos are a great way teach people about animals and how important they are	0	0	0	0	0	0	1	0	0	1	4.333333333333333
4650	We should subsidize hydrogen vehicles	against	If the production of hydrogen fuel uses fossil fuels, that can be counterproductive. So, using renewable energy to produce hydrogen fuel is important.	0	1	0	0	0	0	0	0	0	1	4.333333333333333
6072	Intelligence tests bring more harm than good	in favor of	intelligence tests seek to rank people based on an arbitrary test.  it hurts the self esteem of people that probably have proficiency in a different type of intelligence that the test tests.	1	0	0	0	0	0	1	0	0	1	4.333333333333333
2961	We should prohibit school prayer	in favor of	religion should not be forced on school children. they should be free to believe their own ideals	0	0	0	0	0	0	1	0	0	0	5.5
4062	We should ban cosmetic surgery	against	cosmetic surgery is a decision that a doctor and a patient makes, and we should not infringe on their choice.	0	0	0	0	0	0	1	0	0	0	5.5
5051	The EU should synchronize national elections 	in favor of	Synchronizing national elections would allow European citizens to engage in major pan-European campaigns.	0	0	0	0	1	0	0	0	0	0	5.5
4900	The European Union's asylum system needs to implement its humanitarian principles	in favor of	We already have successful programs for students from refugee camps. Enhance that.	1	1	0	0	0	0	0	0	0	0	5.0
5937	Intelligence tests bring more harm than good	in favor of	intelligence tests bring more harm than good by focusing on strengths and weaknesses.	1	1	0	0	0	0	0	0	0	1	4.333333333333333
6334	The use of public defenders should be mandatory	in favor of	The use of public defenders should be mandatory so that public defenders are no long stigmatized, which will make them more effective.	1	1	0	0	1	0	0	0	0	1	4.333333333333333
1949	We should ban telemarketing	against	telemarketing is a useful source of sales for many businesses	1	0	0	0	1	0	0	0	0	0	5.5
760	We should ban whaling	in favor of	whaling kills whales in an inhumane way	0	0	0	0	0	0	0	0	0	1	4.333333333333333
2425	We should subsidize Wikipedia	in favor of	wikipedia is a valuable common resource that need  more money to work better	1	0	0	0	0	0	1	0	0	0	5.5
5601	Homeschooling should be banned	in favor of	homeschooling does not give a child time away from home	1	0	0	0	1	0	1	1	0	1	4.333333333333333
1982	We should ban telemarketing	in favor of	telemarketing is intrusive and violates the right to private property	0	0	0	0	0	0	1	0	0	0	5.5
5602	Holocaust denial should be a criminal offence	against	thought crimes should not be punishable.	0	0	0	0	0	0	1	0	0	0	5.5
2265	We should abolish zoos	against	zoos are a good way to keep animal numbers up	0	1	0	0	0	0	0	0	0	1	4.333333333333333
4763	Homeschooling should be encouraged in India 	in favor of	Every child is different. Homeschooling allows to design the curriculum based on the student's capabilities and interests.	1	0	0	0	0	0	1	0	0	0	5.5
3989	We should subsidize embryonic stem cell research	against	it is not scientifically necessary to use embryonic stem cells in research and some people believe their use is immoral and unethical.	1	0	0	0	0	0	0	0	0	1	4.333333333333333
4809	Intensive livestock farming should disappear	in favor of	sustainable and animal-friendly farms grow their own feed and create an ecological cycle.	0	0	0	0	0	0	0	0	0	1	4.333333333333333
203	We should subsidize Wikipedia	in favor of	wikipedia is valuable knowledge resource that should not be allowed to go under due to lack of resources and so should be subsidized	1	1	0	0	0	0	1	0	0	0	5.0
4694	College education should be free for everyone	against	At present, private investments in education led to improvement in the quality of education. Without the commercialization of education, the quality of education may not improve much.	1	0	0	0	1	0	1	0	0	0	5.5
322	We should abolish the Olympic Games	in favor of	the olympic games are usually a drain on the economy of the host city	0	0	0	0	1	0	0	0	0	0	5.5
2503	We should ban the Church of Scientology	in favor of	scientology is a cult that brainwashes people	0	0	0	0	1	0	1	0	0	0	5.5
956	We should abolish the Olympic Games	against	they increase tourist activities and are a boost to the local economy.	1	0	0	1	1	0	0	1	0	0	5.5
6428	Surrogacy should be banned	against	it gives women a chance to be a mother if they themselves can't conceive	0	1	0	0	0	0	1	1	0	0	5.0
1289	We should ban the use of child actors	against	it is right and proper that talented children are able to earn money from acting	0	0	0	0	1	0	1	0	0	0	5.5
6997	We should promote the use of nuclear energy instead of renewable energy sources	in favor of	There is no generation technology that comes with zero risks, and this is why we need to look at objective scientific indicators.	0	0	0	0	0	0	0	0	0	1	4.333333333333333
5327	The EU needs a single market for news	in favor of	There is a huge void to fill regarding the EU-wide news media. There are media that on purpose refuse to cover the EU and our common European problems and successes.  	0	1	0	0	0	0	1	0	0	1	4.333333333333333
3186	We should abandon the use of school uniform	against	the school uniform makes everyone equal and increases learning.	1	0	0	0	0	0	0	0	0	1	4.333333333333333
7318	We should restrict minors from playing online games.	against	Rather than restricting minors to play games, parents should set a good example and spend more time with their children.	0	1	0	1	0	0	0	0	0	0	5.0
357	We should subsidize Wikipedia	in favor of	wikipedia is a wonderful source of information for students and adults alike.	1	0	0	0	0	0	1	0	0	0	5.5
117	We should abandon the use of school uniform	in favor of	forcing children into wearing school uniforms shows our children that they cannot think as individuals and must conform to societies way of thinking.	0	0	0	0	0	0	1	1	0	0	5.5
401	We should legalize sex selection	in favor of	parents have every right to decide whether they give birth to a boy or a girl.	0	1	0	0	0	0	1	0	0	0	5.0
656	We should legalize sex selection	against	There is no certainty that the process will be a success, and couples may end up wasting time and money.	0	0	0	0	0	0	1	1	0	1	4.333333333333333
164	We should subsidize Wikipedia	against	there is no need to subsidize a site that isn't necessary	0	0	0	0	0	0	1	0	0	1	4.333333333333333
2031	We should abandon the use of school uniform	in favor of	the school uniform gives no individuality to students	0	0	0	0	0	0	1	0	0	0	5.5
230	We should stop the development of autonomous cars	against	autonomous cars offer the opportunity for people  to spend more time on the things they enjoy doing during their commute rather than having to concentrate.	0	1	0	1	0	0	0	1	0	1	4.333333333333333
4282	We should legalize sex selection	against	we shouldn't because that should be decided naturally.	0	0	0	0	0	0	0	0	0	1	4.333333333333333
5782	The use of public defenders should be mandatory	in favor of	making the use of public defenders mandatory would level the playing field and enable justice fo all, as opposed to when the wealthy can spend millions to hire counsel to extricate themselves from crimes.	0	0	0	0	0	0	0	0	0	1	4.333333333333333
622	We should ban cosmetic surgery for minors	against	The government must use least restrictive means to avoid encroaching on people's freedoms. As such they should educate and regulate cosmetic surgery for minors instead of banning it.	0	0	0	0	0	0	1	0	0	0	5.5
446	We should legalize cannabis	in favor of	cannabis is no more harmful than cigarettes or alcohol, and no more addictive than the two.	0	0	0	1	0	0	1	0	0	1	4.333333333333333
3399	We should subsidize embryonic stem cell research	against	there are other avenues of stem cell research that do not require the highly contentious and offensive use of embryonic cells	0	0	0	0	1	0	0	0	0	1	4.333333333333333
2968	We should ban cosmetic surgery	against	We should not ban cosmetic surgery as people should be allowed to do what they want with their bodies.	0	0	0	0	0	0	1	0	0	0	5.5
426	We should ban factory farming	in favor of	factory farming should be banned as the animals in these farms are held in bad conditions.	0	0	0	0	0	0	0	0	0	1	4.333333333333333
271	We should abolish zoos	against	Zoos are a great and cheap way for children to learn about animals from all over the world.	1	0	0	0	0	0	0	1	0	1	4.333333333333333
5524	Payday loans should be banned	against	payday loans are the best alternative for those who can not maintain a bank account.	0	0	0	0	1	0	1	0	0	1	4.333333333333333
7286	We should give up developing electric vehicles	in favor of	The number of charging infrastructure construction is not enough.	0	0	0	0	0	0	0	0	0	1	4.333333333333333
2008	We should ban algorithmic trading	against	algorithmic trading allows for quicker and more effective trading than can be conducted by a human investor.	1	0	0	0	1	0	0	0	0	1	4.333333333333333
5988	The vow of celibacy should be abandoned	in favor of	someone can dedicate their life to god and their religion and still have a partner and have sex. there is no general benefit in being celibate.	0	0	0	1	0	0	1	0	0	1	4.333333333333333
3689	We should end the use of economic sanctions	in favor of	economic sanctions will hit poorer people in the affected country more than politicians.	0	0	0	0	1	0	0	0	0	1	4.333333333333333
546	We should subsidize journalism	in favor of	subsidizing journalism would bring more accurate reporting because it would allow for the hiring of more qualified reporters.	1	1	0	0	1	0	0	0	0	1	4.333333333333333
810	We should abolish intellectual property rights	against	intellectual property rights protect inventors.	1	1	0	0	0	0	0	0	0	1	4.333333333333333
1640	We should introduce compulsory voting	in favor of	compulsory voting would ensure that everyone becomes engaged in the political process and it would be the true voice of the people rather than the voice of the minority  who vote.	0	1	0	0	1	0	0	0	0	1	4.333333333333333
4325	We should oppose collectivism	against	collectivity, a group of people can get far more done than individually.	1	0	0	0	0	0	0	0	0	0	5.5
3240	We should subsidize journalism	against	we should not subsidize journalism because it acts to protect poorly run and inefficent media companies from normal market forces	1	1	0	0	0	0	0	0	0	1	4.333333333333333
4513	We should ban telemarketing	against	telemarketing allows consumers to hear information about products they might might not otherwise have the opportunity to learn about.	0	0	0	0	0	0	1	0	0	1	4.333333333333333
329	We should abolish safe spaces	in favor of	we should abolish safe spaces because those who are easily offended need to grow up	0	0	0	0	0	0	1	0	0	0	5.5
7315	We should restrict minors from playing online games.	against	Ban them from playing games and they may indulge in short videos on Douyin.	0	0	0	0	0	0	1	0	0	0	5.5
2748	We should abolish the three-strikes laws	in favor of	if there are 3 minor offenses there is no need to overly punish someone.	0	1	0	0	0	0	0	0	0	1	4.333333333333333
5251	The EU should conclude an agreement with the United Kingdom and create together a European pillar of NATO	against	Forty years of UK membership in the European Union have clearly proven that it is not a good idea to conclude agreements with England.	1	0	0	0	0	0	0	0	0	0	5.5
345	We should ban human cloning	against	human cloning gives the chance for individuals to have a child that might not otherwise be able to	1	1	0	1	0	0	1	1	0	1	4.333333333333333
1594	We should ban whaling	in favor of	we should ban whaling because it is inhumane and because whales are becoming extinct.	0	0	0	0	0	0	0	0	0	1	4.333333333333333
255	We should end the use of economic sanctions	against	economic sanctions can be very effective in bringing about social change	0	1	0	0	1	0	0	0	0	0	5.0
6772	Homeschooling should be banned	in favor of	homeschooling should be banned as it prohibits a child from experiences all the opportunities that public and private schools offer.	1	0	0	0	0	0	0	1	0	1	4.333333333333333
4493	We should ban fast food	against	people have the free will to choose what they want to eat regardless of how unhealthy it is	0	0	0	0	0	0	1	1	0	0	5.5
3459	We should cancel pride parades	against	pride parades are entertaining and demonstrate that everybody is equal regardless of their sexuality	0	0	0	1	0	0	0	0	0	1	4.333333333333333
6544	Homeschooling should be banned	in favor of	some parents don't have a suitable education themselves to be able to educate their children.	1	0	0	0	0	0	0	0	0	0	5.5
6331	The vow of celibacy should be abandoned	in favor of	the vow of celibacy is no longer relevant in today's society and should be abandoned	0	0	0	0	0	0	1	0	0	0	5.5
6125	Holocaust denial should be a criminal offence	against	while i believe that holocaust denial is about fostering antisemitism today. i still think that type of speech as long as it's not a direct call to action should be protected, even if it is detestable.	0	0	0	0	0	0	1	0	0	0	5.5
2865	We should legalize sex selection	in favor of	parents should be able to chose the sex of their children.	0	1	0	0	1	0	1	0	0	0	5.0
3708	We should ban human cloning	in favor of	we need to spend money on people who are already alive and need help before we create new ones	0	1	0	0	1	0	0	0	0	1	4.333333333333333
1384	We should legalize sex selection	in favor of	sex selection should be a choice for parents to make and therefore should be legalized.	0	1	0	0	0	0	1	0	0	1	4.333333333333333
779	We should abolish safe spaces	in favor of	safe spaces create an unrealistic environment that doesn't exist in the real world.	0	0	0	0	0	0	0	0	0	1	4.333333333333333
5598	Holocaust denial should be a criminal offence	against	while the holocaust was a very serious event, denying that it happened should not be serious enough to be a criminal offense.	0	0	0	0	0	0	1	0	0	1	4.333333333333333
899	We should ban missionary work	in favor of	Sometimes, missionary workers condition the receipt of aid on a community's willingness to accept or be taught the Christian religion.	0	1	0	0	0	0	1	0	0	1	4.333333333333333
4444	We should introduce compulsory voting	in favor of	mandatory voting is the best way to ensure that elected officials truly reflect the will of the people.	0	1	0	0	1	0	0	0	0	1	4.333333333333333
369	We should end mandatory retirement	against	the companies that have the mandatory retirement policy maintain a rotation of employees fresher and updated with the new times	1	0	0	0	0	0	1	0	0	0	5.5
6033	Surrogacy should be banned	against	surrogacy is the only way some people can have children	0	1	0	0	0	0	0	0	0	0	5.0
2540	We should abolish intellectual property rights	in favor of	we should abolish intellectual property rights because it create more laws from the copyrights and keeping it protected	1	0	0	0	0	0	1	0	0	0	5.5
812	We should ban factory farming	in favor of	it is not humane to animals and needs to be stopped.	0	0	0	0	0	0	0	0	0	1	4.333333333333333
5419	We should abandon television	in favor of	We should abandon television and put the content into our other formats which are typically more popular nowadays.	0	0	0	0	0	0	0	0	0	1	4.333333333333333
7366	Carbon emissions trading should be limited.	against	The main purpose of the World Climate Conference in Copenhagen was to curb the development of late-developing countries, especially China, and to limit the carbon emission rights of developing countries.	0	0	0	0	0	0	0	0	0	1	4.333333333333333
325	We should ban algorithmic trading	against	ai is the future and algorithmic trading is simply a form of ai that makes the most of trading opportunities which will be the norm in the not to distant future.	1	0	0	0	1	0	0	0	0	1	4.333333333333333
85	We should limit judicial activism	in favor of	"activists judges aren't the ones shaping the laws. they're not ""all"" the people for who the laws are voted for. judicial activism has to be limited to only check for overuse of the power by governments"	0	0	0	0	1	0	0	0	0	0	5.5
5464	Surrogacy should be banned	against	Surrogacy is the only way that some couples will ever be able to have a child.	0	1	0	0	0	0	0	1	0	1	4.333333333333333
6635	Foster care brings more harm than good	in favor of	foster care is simply a band-aid over the real issues and doesn't provide a remedy to the problem that is obviously in need.	1	0	0	0	0	0	0	0	0	0	5.5
1652	We should adopt libertarianism	in favor of	libertarians adopt the best policies, regardless of which party espouses them.	1	0	0	0	0	0	1	0	0	1	4.333333333333333
2680	We should legalize sex selection	against	sex selection should not be legalized because it is counter to nature	0	0	0	0	0	0	0	0	0	1	4.333333333333333
5102	The EU government should encourage people to eat less meat	against	The government does not have any right to use the taxpayer's money to propagandize the people to encourage what to eat and not to eat. It is not the responsibility of the government.	0	0	0	0	0	0	1	0	0	1	4.333333333333333
5628	Entrapment should be legalized	against	entrapment should not be legalized as the poice will have a detailed knowledge of the law and therefore how to persuade others to break it in order to gain the conviction.	0	1	0	0	0	0	0	0	0	1	4.333333333333333
7	We should abolish the three-strikes laws	in favor of	three strike laws can cause young people to be put away for life without a chance to straight out their life	1	1	0	0	0	0	0	0	0	1	4.333333333333333
5072	The President of the European Commission should be directly elected by direct universal suffrage	against	I don't think the EU needs the same problem as France where the elections are just about which guy people should select and which candidate looks the best to handle the position. 	1	1	0	0	0	0	0	0	0	0	5.0
4091	We should abolish zoos	against	Zoos work as educational centers and are not the cause of the extinction of animals, rather they help that this does not happen, that's why we should not abolish zoos	1	0	0	0	0	0	0	0	0	1	4.333333333333333
4112	We should limit judicial activism	against	judicial activism is necessary to determine outcomes of cases that are not black and white.	0	0	0	0	0	0	1	0	0	1	4.333333333333333
5463	Payday loans should be banned	in favor of	these payday loan places prey on poor people and situations where they can charge more.	0	1	0	0	0	0	0	0	0	1	4.333333333333333
279	We should ban algorithmic trading	against	algorithmic trading provides people with more opportunities when it comes to trading.	0	1	0	0	0	0	1	0	0	0	5.0
4801	Political institutions should make fundamental changes in the way they address climate change and environmental protection	in favor of	it is essential that environmental concerns and sustainability are the foundation of any treaty with our European Union!	0	0	0	0	0	0	0	0	0	1	4.333333333333333
2546	We should abolish intellectual property rights	against	intellectual property rights protect someone's research and hard work ensuring that they can be recognized and recompensed for their efforts.	1	0	0	0	1	0	1	0	0	0	5.5
5417	Social media brings more harm than good	against	social media itself is not the cause of the negative consequences, it is human nature. the platform merely provides unrivaled access to information and potential connections with other people	0	0	0	0	0	0	0	0	0	1	4.333333333333333
3892	We should abolish zoos	in favor of	zoos are bad for wild animals that need to live free	0	0	0	0	0	0	0	0	0	1	4.333333333333333
2912	We should legalize prostitution	in favor of	Prostitution is a legitimate choice, people should be free to do what they want with their bodies, criminalising it is a gross violation of the freedom of occupation.	0	0	0	0	0	0	1	0	0	1	4.333333333333333
4537	We should subsidize journalism	against	journalism should not be subsidized because subsidies could too easily be allotted according to political beliefs.	0	1	0	0	0	0	0	0	0	1	4.333333333333333
4749	WikiLeaks is not a bane	in favor of	WikiLeaks has won a number of awards, including The Economist's New Media Award in 2008 and Amnesty International's UK Media Award in 2009.	1	0	0	0	0	0	0	0	0	0	5.5
5914	We should abandon television	against	we should not abandon television because it gives us a lot of news and information that may not otherwise be available to us	0	1	0	0	0	0	1	0	0	1	4.333333333333333
5537	Intelligence tests bring more harm than good	in favor of	intelligence tests unfairly punish intelligent people who are not good test takers.	1	1	0	0	0	0	0	0	0	1	4.333333333333333
1457	We should abolish capital punishment	in favor of	several people have been found not guilty after they had already been put to death.	0	1	0	0	0	0	0	0	0	1	4.333333333333333
6536	Surrogacy should be banned	against	surrogacy can allow a women the opportunity to be a mother when there may have been no other hope.	0	1	0	0	0	0	1	0	0	1	4.333333333333333
4803	Electric cars are not a solution to air pollution	against	non-gasoline cars improve local air quality on city streets.	0	0	0	0	0	0	0	0	0	1	4.333333333333333
5642	Intelligence tests bring more harm than good	in favor of	intelligence tests can generate stress and cause poor performance of the individual because it consists of a comparison of their intellectual capacity with others	0	0	0	0	0	0	0	0	0	1	4.333333333333333
348	We should limit judicial activism	against	judicial activism is sometimes the best way to get things done	1	0	0	0	0	0	1	1	0	1	4.333333333333333
2589	We should ban cosmetic surgery for minors	against	people should be free and open to make their own choices and if they should make any decisions that they later regret, then this will teach them important lessons for the rest of their life	0	1	0	0	0	0	1	0	0	1	4.333333333333333
4810	Intensive livestock farming should disappear	in favor of	The current subsidies with a modular system of incentives should be replaced, as that empowers farmers to choose environmentally, socially, and financially responsible and sustainable solutions that are already available - like natural sequence farming, regenerative agriculture, permaculture, etc. 	1	1	0	0	1	0	0	0	0	1	4.333333333333333
3102	We should abolish intellectual property rights	against	if abolished it will stiffle creativity and advancement because there will be no incentive if intellectual property is not a right.	1	0	0	0	0	0	1	0	0	0	5.5
208	We should adopt libertarianism	in favor of	libertarianism is the true path to real freedom and autonomy for all	0	0	0	0	0	0	1	0	0	0	5.5
3206	We should legalize organ trade	against	Legalizing organ trade will cause organs to go to the highest bidder rather than to those most in need.	0	1	0	0	0	0	0	0	0	1	4.333333333333333
7132	We should promote a plant-based diet	in favor of	The environmental impact of a given product should also be stated on its package and/or in menus in order to raise awareness on the subject.	0	1	0	0	1	0	0	0	0	1	4.333333333333333
709	We should ban cosmetic surgery for minors	against	even minors have the right to bodily autonomy and should be allowed to decide for themselves whether to have cosmetic surgery.	0	0	0	0	0	0	1	0	0	0	5.5
477	We should adopt a zero-tolerance policy in schools	against	it is unfair on those being bullied to punish them the same as you punish the bully	0	1	0	0	0	0	0	0	0	1	4.333333333333333
4038	We should adopt gender-neutral language	in favor of	language always evolves and this is just the next step for it	0	0	0	0	0	0	1	0	0	1	4.333333333333333
1345	We should introduce compulsory voting	in favor of	compulsory voting would ensure that more people were getting their voice heard at election time, making a fairer election	0	0	0	0	0	0	0	0	0	1	4.333333333333333
5307	We need a stand-alone European army.	in favor of	Turkey is encroaching on EU territory, Russia is sending its army to the Ukrainian border, and what can we do? Nothing, because nobody is taking us seriously. Our threats are empty and get ignored, and our diplomacy is weak. It's time for the EU to be recognized as a strong force that can and will protect its people and its interests.  	1	0	0	0	0	0	0	0	0	0	5.5
4218	We should abandon the use of school uniform	in favor of	school uniforms restrict students to make their own decisions and choices	0	0	0	0	0	0	1	1	0	1	4.333333333333333
6895	Homeschooling should be banned	against	banning homeschooling takes away the right of the parent to choose the education they feel is best for their children.	1	1	0	0	1	0	1	0	0	0	5.0
5567	The use of public defenders should be mandatory	in favor of	People should be required to use a public offender to better than chances of winning a case when they cannot afford legal counsel of their own.	0	0	0	0	0	0	0	0	0	1	4.333333333333333
6009	Surrogacy should be banned	against	when a couple are not blessed with the ability to have their own children surrogacy provides this joy therefore it should not be banned.	0	1	0	1	0	0	1	1	0	0	5.0
6031	The use of public defenders should be mandatory	against	if you have the financial means to employ the best defence, why shouldn't you be able to do that if it gives you a better chance of being found not guilty.	1	0	0	0	1	0	0	0	0	0	5.5
26	We should legalize organ trade	in favor of	we need more organs than people donate so legalizing it would be a good thing	0	0	0	0	0	0	0	0	0	1	4.333333333333333
1657	We should limit executive compensation	against	executive compensation provides motivation for executives to act in ways that are beneficial to the company and shareholders.	1	0	0	0	1	0	0	0	0	0	5.5
2665	We should abolish zoos	against	zoos do very important work for conservation. their breeding programmes have stopped some species from becoming extinct.	0	1	0	0	0	0	0	0	0	1	4.333333333333333
834	We should subsidize space exploration	against	space exploration is a waste of taxpayers money and should be funded by private enterprises.	0	0	0	0	1	0	0	0	0	1	4.333333333333333
3340	We should legalize sex selection	in favor of	if people can afford it then it is their choice	0	0	0	0	0	0	1	1	0	1	4.333333333333333
1387	We should ban factory farming	against	Raising animals take a lot of land and resources while demand for meat on the market is still steady and important. This is the best way to raise animals by reducing space used and better taking care of animals	1	0	0	0	0	0	0	0	0	1	4.333333333333333
3440	We should adopt atheism	in favor of	we should adopt atheism until it can be proven that god is real.	0	0	0	0	0	0	0	0	0	1	4.333333333333333
3484	We should ban whaling	in favor of	whaling is inhumane and also contributes to the dwindling number of whales in existence, who need protection rather than hunted.	0	0	0	0	0	0	0	0	0	1	4.333333333333333
6918	Referendums are good for the society	against	Referendums provide an unreliable view, as the general public may have less knowledge about certain issues so they can be swayed in any direction by the politicians through aggressive speeches, false data, etc. And the lack of knowledge will leave no other choice for the people than to believe those facts.	0	1	0	0	0	0	1	0	0	1	4.333333333333333
6787	We should subsidize vocational education	against	subsidies are unjust unless they are beneficial to all, not just a select few in certain fields.	0	0	0	0	1	0	0	0	0	1	4.333333333333333
1704	We should ban the use of child actors	against	it would not be possible to portray society realistically if child actors are banned because children are an important part of many dramas	1	1	0	0	0	0	0	0	0	1	4.333333333333333
4716	Kids' reality shows should be banned	against	Reality shows give opportunity for children to bring out their hidden talents and to train their skills. It gives them a sense of purpose and direction from a very young age. The present education system doesn’t include other career options such as singing, acting, dancing, games, etc. Reality shows closes this loophole in the education system.	1	0	0	0	0	0	1	1	0	0	5.5
7038	We should invest in nuclear energy	in favor of	Nuclear energy is undoubtedly the best form of electricity production, massive and controllable, with no CO²/GHG emissions. 	1	0	0	0	0	0	0	0	0	1	4.333333333333333
4277	We should abolish zoos	in favor of	animals in zoos are miserable and confined.	0	0	0	0	0	0	0	0	0	1	4.333333333333333
3600	We should abolish zoos	against	zoos are vital for research into species and preventing their extinction and should therefore not be banned.	1	0	0	0	0	0	0	0	0	1	4.333333333333333
1860	We should ban algorithmic trading	in favor of	algorithmic trading gives too much control to machines. humans are better placed to understand the intricacies of the markets.	1	0	0	0	0	0	1	0	0	0	5.5
2770	We should adopt a multi-party system	in favor of	the multi-party system offers voters more choices that may get more people involved in politics	1	0	0	0	1	0	1	0	0	0	5.5
6951	Indian government should increase the minimum legal age of marriage for girls from 18 to 21 years	against	As per the government data of 2017, the average age of marriage for women is increased to 22.1 years. So, the change is voluntary. The change was mainly due to the improving education among women. So, the solution lies in encouraging education for girls, conducting awareness programs on the importance of education, financial independence and the consequences of teenage pregnancies should be conducted instead of passing a law to bring a real change in society.	1	0	0	0	0	0	1	0	0	0	5.5
3273	We should ban the Church of Scientology	in favor of	banning the church of scientology  would be good because it is very cult like.	0	0	0	0	0	0	1	0	0	1	4.333333333333333
2720	We should subsidize journalism	in favor of	we should subsidize journalism because we need people to accurately and thoroughly cover events around the world. the government has historically aided journalism without bias.	1	1	0	0	0	0	0	0	0	1	4.333333333333333
1999	We should legalize cannabis	in favor of	people have the right to be free and cannabis is a safe drug to be used as recreational	0	0	0	1	0	0	1	0	0	0	5.5
4373	We should abandon the use of school uniform	in favor of	the school uniform is outdated and does not affect student's work	1	1	0	0	0	0	1	0	0	1	4.333333333333333
2614	We should abolish safe spaces	in favor of	safe spaces may be the intention but people do not necessarily adhere to such titles and their would be no differentiation of a safe space vs. negative.	0	1	0	0	0	0	0	1	0	1	4.333333333333333
5153	The EU needs more effective policies to combat online hate speech	against	People's feelings arent all that important. If you have had enough of the Internet, you can always find yourself a hobby. 	0	0	0	0	0	0	1	0	0	1	4.333333333333333
6134	We should abandon television	against	we don't need to abandon television just because some of the shows on it are garbage. there is still a lot of content that provides comedic relief or education that is hard to get from other technology	1	0	0	1	0	0	1	1	0	0	5.5
4223	We should abolish the Olympic Games	against	the olympic games bring tourism to the place hosting it and that can be very beneficial.	0	0	0	0	1	0	0	1	0	1	4.333333333333333
3850	We should legalize organ trade	against	legalizing the organ trade will create a system where the poor are exploited for their organs	0	0	0	0	0	0	0	0	0	1	4.333333333333333
1343	We should abolish intellectual property rights	against	people that come up with intellectual property should have the right to it and not have to share it with others if they don't want to	1	0	0	0	1	0	1	0	0	1	4.333333333333333
2515	We should subsidize space exploration	in favor of	Space exploration should be subsidized because the information learned from it could provide useful to our planet.	1	1	0	0	0	0	1	0	0	1	4.333333333333333
5663	We should subsidize vocational education	against	vocational education caters to trades that will become obsolete in the future.	1	0	0	0	0	0	1	0	0	1	4.333333333333333
1281	We should ban the Church of Scientology	in favor of	scientology is an evil cult that is sustained by stealing from its acolytes large sums of money in exchange for nothing	0	1	0	0	1	0	1	0	0	1	4.333333333333333
3640	We should subsidize student loans	in favor of	student loans should be subsidized to allow thos students from poorer backgrounds to get a good education and improve themselves	1	0	0	0	1	0	1	0	0	1	4.333333333333333
2937	We should adopt atheism	in favor of	Atheism allows one to really examine why we believe what we do and are you truly a good person or do you just want to go to heaven	0	0	0	0	0	0	1	0	0	1	4.333333333333333
2742	We should oppose collectivism	against	collectivism is necessary for people to help one another and endure.	0	1	0	0	0	0	0	0	0	0	5.0
3860	We should oppose collectivism	in favor of	We should oppose collectivism as it forces people to be part of group mentality in order to achieve anything.	0	0	0	0	0	0	1	0	0	0	5.5
3659	We should abolish intellectual property rights	in favor of	it is very difficult to define and identify and intellectual property.	0	0	0	0	0	0	1	0	0	1	4.333333333333333
5662	Intelligence tests bring more harm than good	in favor of	Testing anxiety can bias the results, leading to inaccurate results.	0	1	0	0	0	0	1	0	0	1	4.333333333333333
5532	Intelligence tests bring more harm than good	in favor of	it is often difficult to use a standard IQ test to measure the capabilities of people who communicate in a non-standard way	1	0	0	0	0	0	0	0	0	1	4.333333333333333
6691	Homeschooling should be banned	in favor of	homeschooling should be banned as the quality of education received at home is considerably less than what you would receive at a school.	1	0	0	0	0	0	0	0	0	0	5.5
5652	Homeschooling should be banned	against	homeschooling allows for one on one teaching as well as allowing a student to learn in a safe environment	1	0	0	0	0	0	1	0	0	0	5.5
4998	We need an immediate cessation of all immigration.	in favor of	The EU needs to establish a legal means of preventing illegal migration that is encouraged by the Turkish government and by privately funded NGOs, which are acting against the interest of the EU.	0	0	0	0	0	0	0	0	0	1	4.333333333333333
6398	Surrogacy should be banned	against	surrogacy shouldn't be banned because it decent payment for the surrogates	1	0	0	0	1	0	1	0	0	0	5.5
7331	We should prohibit capital monopoly.	in favor of	Capital monopolies distort market prices and undermine fair competition in the market.	0	0	0	0	0	0	0	0	0	1	4.333333333333333
4549	We should subsidize journalism	against	journalism should be subject to the same market forces as everything else	0	1	0	0	0	0	0	0	0	1	4.333333333333333
6412	Homeschooling should be banned	against	this is a free country, people have the right to homeschool their children	0	0	0	0	1	0	1	0	0	0	5.5
6484	Holocaust denial should be a criminal offence	against	holocaust denial should not be a criminal offence because if people don't want to believe something happened they shouldn't be punished because of it.	0	0	0	0	0	0	1	0	0	0	5.5
4497	We should subsidize journalism	in favor of	more people would be able to get into journalism and there would therefore be more news stories available.	1	1	0	0	0	0	1	0	0	1	4.333333333333333
3365	We should subsidize space exploration	in favor of	space exploration is important for the development and growth of human society and knowledge and should be invested in by the government.	1	0	0	0	0	0	0	0	0	0	5.5
270	We should subsidize journalism	against	state subsidy of journalism would threaten the independence and objectivity of any such reporting. what journalist is going to bite the hand that feeds them?	0	1	0	0	0	0	1	0	0	1	4.333333333333333
4289	We should oppose collectivism	in favor of	collectivism stops creativity and individual thought	1	0	0	0	0	0	1	0	0	1	4.333333333333333
3041	We should abolish capital punishment	in favor of	there is no credible evidence that capital punishment acts as a deterrent	1	1	0	0	0	0	0	0	0	1	4.333333333333333
6346	Intelligence tests bring more harm than good	against	intelligence tests are useful tools for schools and employers.	1	0	0	0	1	0	0	0	0	1	4.333333333333333
2527	We should oppose collectivism	against	We should support collectivism because it leads to more investment in the community and more growth in the long term.	1	1	0	0	0	0	0	0	0	0	5.0
5677	The use of public defenders should be mandatory	in favor of	it prevents people from having a better defense than others due to their money.	1	1	0	0	0	0	0	0	0	1	4.333333333333333
186	We should subsidize journalism	in favor of	Non-trustworthy news sources and fake news stories abound. We must subsidize investigative journalism in order to ensure we have reliable news sources that report real facts.	1	1	0	0	0	0	1	0	0	1	4.333333333333333
438	We should oppose collectivism	in favor of	collectivism doesn't allow people to stand up on their own for what they believe in	1	0	0	0	0	0	1	0	0	1	4.333333333333333
4212	We should subsidize space exploration	in favor of	space exploration technology can lead to benefits here on earth. the ballpoint pen was invented by a space program and now people everywhere use them!	1	1	0	0	0	0	1	0	0	0	5.0
3521	We should subsidize Wikipedia	against	to keep wikipedia impartial there ought to be no subsidies provided	0	1	0	0	0	0	1	0	0	1	4.333333333333333
6381	The vow of celibacy should be abandoned	in favor of	this would allow religious people to have families and relationships.	0	1	0	0	0	0	0	0	0	0	5.0
3087	We should subsidize student loans	against	if people want to go to college, they need to work hard and earn enough to go	0	1	0	0	0	0	1	0	0	0	5.0
4414	We should abolish intellectual property rights	in favor of	intellectual property rights get in the way of sharing information.	0	1	0	0	0	0	1	0	0	0	5.0
1869	We should ban missionary work	against	missionary work helps many people who are in distress	0	1	0	0	0	0	1	0	0	0	5.0
6710	Entrapment should be legalized	against	entrapment is unfair and often has the wrong results.	1	0	0	0	0	0	0	0	0	1	4.333333333333333
1237	We should abandon the use of school uniform	in favor of	school uniforms do not allow children to emphasize their differences, denying individuality.	0	0	0	0	0	0	1	0	0	1	4.333333333333333
1375	We should abolish zoos	against	zoos do so much for the conservation of animals and species that are at risk of being extinct and they should not be abolished.	0	0	0	0	0	0	0	0	0	1	4.333333333333333
3822	We should subsidize Wikipedia	against	wikipedia is supported just fine with private donations and has continued to function without the need for a subsidy.	0	0	0	0	0	0	1	0	0	1	4.333333333333333
3387	We should ban algorithmic trading	in favor of	algorithmic trading has its disadvantages which include system failure risks,network connectivity errors, time-lags between trade orders and execution and, most important of all, imperfect algorithms.	1	0	0	0	0	0	1	0	0	1	4.333333333333333
3112	We should ban cosmetic surgery for minors	in favor of	minors don't understand the implications of their choices	0	1	0	0	0	0	0	0	0	0	5.0
7049	We should preserve bees and polling insects	in favor of	Bees and pollination are essential for the sexual reproduction of plants and are an important factor in biodiversity.	0	0	0	0	0	0	0	0	0	1	4.333333333333333
1772	We should oppose collectivism	in favor of	we should oppose collectivism because it creates echo chambers in societies that makes it harder for individuals to give their thoughts and opinions on things	0	0	0	0	0	0	1	0	0	1	4.333333333333333
6965	Human Gene editing is a good thing	in favor of	DNA has got nothing to do with spirituality. It is made up of nitrogen, oxygen, carbon, and hydrogen - the very same elements that make up the majority atmosphere. It is just as godlike as is the air around us.	0	0	0	0	0	0	0	0	0	1	4.333333333333333
5400	Intelligence tests bring more harm than good	in favor of	intelligence tests can prevent someone from pursuing their passion which they may be able to achieve with hard work	1	0	0	0	0	0	1	0	0	0	5.5
5180	We need a better distribution of refugees	against	The dividing of refugees is a long-discussed plan. But in the end, no involved group agreed with these plans. Some countries do not like these people at all. 	0	0	0	0	0	0	1	0	0	0	5.5
2443	We should subsidize journalism	against	unchecked journalism can lead to biases, paid content, and sow seeds of distrust in the media.	0	1	0	0	0	0	0	0	0	1	4.333333333333333
591	We should end mandatory retirement	in favor of	if a person wants to continue working, that is their right.  they should not be forced to stop based on some arbitrary rule made up by someone.	1	0	0	0	1	0	1	0	0	1	4.333333333333333
4230	We should abolish safe spaces	against	We should not abolish safe spaces because they don't harm anyone, since people are still free to speak their minds in all other settings, and this is a tiny imposition upon them.	0	0	0	0	0	0	1	0	0	1	4.333333333333333
103	We should ban human cloning	in favor of	human cloning should be banned because it allows designer humans to be grown according to the parents wishes.	0	0	0	0	0	0	0	0	0	1	4.333333333333333
2674	We should introduce compulsory voting	in favor of	compulsory voting will represent all of the people not only those who already vote	0	0	0	0	1	0	0	0	0	1	4.333333333333333
316	We should legalize sex selection	in favor of	we should legalize sex selection because the parents are free to decide what gender they want	0	1	0	0	0	0	1	0	0	0	5.0
7163	We should not have any immigration from non-European or non-first-world countries 	against	Japan was a global superpower once just behind the USA, however, it has a strict immigration policy. Where is it now in global power rankings?	1	0	0	0	1	0	0	0	0	1	4.333333333333333
4384	We should limit executive compensation	in favor of	executive compensation has to be limited to permit the company to show a profit	1	0	0	0	1	0	0	0	0	0	5.5
3305	We should ban the use of child actors	against	if parents agree for their children to acting in movies, can't see any problem with it.	1	1	0	0	0	0	1	0	0	0	5.0
6042	The use of public defenders should be mandatory	against	if someone has the means to afford the best representation they can, they should be allowed to do so in the interests of them getting the best defence.	1	0	0	0	1	0	1	0	0	1	4.333333333333333
7045	We should limit the number of plastic types used for packaging	in favor of	limiting the number of plastic types used for packaging will ease the process of its recycling	1	0	0	0	0	0	0	0	0	1	4.333333333333333
4054	We should end mandatory retirement	against	mandatory retirement encourages renewal and revitalization in the workforce and so should be maintained.	1	0	0	0	1	0	0	0	0	0	5.5
4251	We should adopt a zero-tolerance policy in schools	against	zero tolerance policies don't allow for adminstrators to use their judgement to administer punishment	0	0	0	0	1	0	1	0	0	1	4.333333333333333
4780	Aadhaar should be made mandatory in India	in favor of	Reduction of complexity in filling ITR's:	1	0	0	0	0	0	0	0	0	0	5.5
5045	Council meetings should be open to the public and the press	in favor of	Transparency is the first key to real democracy. Although today, Council meetings are partially live-streamed, most of the meetings are behind closed doors. This is an especially big problem with the Eurogroup and Eurosummit, which are shady informal meetings.  Or think about all the meetings between diplomats (Coreper) and civil servants (working groups and committees), where ±90% of decisions are made, for the Council to be rubberstamped. Meetings that most citizens don't even know about. 	0	1	0	0	1	0	0	0	0	1	4.333333333333333
7283	We should give up developing electric vehicles	in favor of	The development of electric vehicle batteries is a highly polluting industry. Even the batteries will bring very serious pollution if they cannot be recycled.	0	0	0	0	0	0	0	0	0	1	4.333333333333333
1853	We should adopt a zero-tolerance policy in schools	against	a zero tolerance policy is unfair for minimal infractions.	0	1	0	0	0	0	0	0	0	1	4.333333333333333
1214	We should ban cosmetic surgery	against	if people want to get work done it is their choice	0	0	0	1	0	0	1	1	0	0	5.5
4355	We should legalize sex selection	in favor of	this will lead to fewer unwanted children and improve parental satisfaction	0	1	0	0	0	0	1	0	0	1	4.333333333333333
69	We should stop the development of autonomous cars	against	the use of autonomous cars should result in a substantial reduction in road traffic accidents which currently are largely a result of human error.	0	0	0	0	0	0	0	0	0	1	4.333333333333333
4426	We should end mandatory retirement	against	mandatory retirement allows new workers to take the place of older workers that are past their prime and just need to retire.	1	0	0	0	0	0	0	0	0	1	4.333333333333333
4901	The European Union's asylum system needs to implement its humanitarian principles	in favor of	Yes, though some countries have other problems right now. Give member states the possibility to choose: more refugees & more money & support or less refugees & less money & support. Very simple.	0	0	0	0	0	0	1	0	0	1	4.333333333333333
6878	The use of public defenders should be mandatory	against	public defenders can never be truly independent of the justice system that pays them, therefore they shouldn't be mandatory	0	1	0	0	0	0	1	0	0	1	4.333333333333333
3565	We should adopt atheism	in favor of	atheism gives everyone a clean slate of non belief	1	0	0	0	0	0	1	0	0	1	4.333333333333333
571	We should ban the use of child actors	against	if parents agree for their kids to do acting, i can`t see any problem with it.	0	0	0	0	0	0	1	0	0	1	4.333333333333333
5237	European citizens want quality of life and are not interested in world supremacy	against	I have never heard anyone talking in Europe about world supremacy. So it seems kind of pointless that this is a goal of EU policy.	0	0	0	0	0	0	0	0	0	1	4.333333333333333
4368	We should abolish the three-strikes laws	in favor of	all crimes are not equal with thee strikes laws murder is the same as jay walking. each crime should include a number of factors and not just an arbitrary number.	0	1	0	0	0	0	0	0	0	1	4.333333333333333
4550	We should adopt libertarianism	in favor of	libertarianism reduces the oppression of big government and gives more freedom to the pople	0	0	0	0	0	0	1	0	0	0	5.5
6347	Entrapment should be legalized	against	entrapment can cause people to break the law that may not have if such a easy opportunity hadn't arisen.	0	0	0	0	0	0	0	0	0	1	4.333333333333333
3449	We should adopt a multi-party system	against	Minority parties have too much power. A winning party often has to offer concessions to small, minority parties in order to form a government.	0	0	0	0	1	0	1	0	0	0	5.5
1822	We should subsidize journalism	against	journalism is self sustaining and subsidizing it gives the government control over content.	0	0	0	0	0	0	1	0	0	1	4.333333333333333
3588	We should subsidize Wikipedia	against	if the government provides funding to wikipedia the impartiality and therefore reliability of the information held on there may be compromised	0	1	0	0	0	0	1	0	0	1	4.333333333333333
4077	We should limit judicial activism	against	judicial activism allows poorly or misconceived legislation to be reconsidered	1	0	0	0	0	0	1	0	0	1	4.333333333333333
3852	We should abolish capital punishment	against	"the old saying ""an eye for an eye"" exists for a reason.  if a person commits a horrible act, than swift punishment is not only a good thing but deserved."	0	0	0	0	0	0	0	0	0	1	4.333333333333333
2182	We should abandon the use of school uniform	in favor of	mandatory uniform policies denying parents rights to raise children without government intervention	0	0	0	0	0	0	1	0	0	0	5.5
2794	We should adopt a multi-party system	in favor of	a multi-party system would help create more options for voters.	0	1	0	0	0	0	1	0	0	1	4.333333333333333
2464	We should legalize cannabis	in favor of	the war on drugs has not stopped people from using cannabis.	0	1	0	0	0	0	1	0	0	1	4.333333333333333
770	We should ban the use of child actors	against	banning child actors would limit movies and tv shows. anything with children in the story would be unable to be made. television and movies for children would no longer exist either.	0	0	0	1	0	0	1	0	0	0	5.5
2729	We should subsidize journalism	against	we should not subsidize journalism as they are private companies and can raise tons of money without our fear of bad reporting because their company would tank if they reported bad news.	0	0	0	0	0	0	1	0	0	1	4.333333333333333
7357	We should ease the education involution.	in favor of	The overall test-taking ability of students has improved, but the top stream universities and other quality educational resources have not increased proportionally.	1	0	0	0	0	0	0	0	0	0	5.5
6166	The vow of celibacy should be abandoned	in favor of	it should be abandoned because they have the same desires as every human has	0	0	0	1	0	0	0	1	0	0	5.5
4253	We should legalize sex selection	in favor of	sex selection should be allowed so that families can have children of the gender they desire without overpopulating in an attempt to gain the desires sex. selection would reduce births of an unwanted sex.	0	1	0	0	0	0	1	0	0	1	4.333333333333333
5478	The use of public defenders should be mandatory	in favor of	mandatory use of public defenders makes it more likely that a defendant will have a fair trial.	0	0	0	0	0	0	0	0	0	1	4.333333333333333
5326	We need a revision of the current asylum policy in the European Union.	against	There are Memberstaates in the European Union, that do not want any asylum seekers in their country. For example, Denmark sends back all Syrens and other Arabians.	0	0	0	0	0	0	1	0	0	1	4.333333333333333
6150	Assisted suicide should be a criminal offence	against	assisted suicide shouldn't be a criminal offence because it allows the patient to have control over their final decisions	0	0	0	0	0	0	1	0	0	0	5.5
3523	We should stop the development of autonomous cars	in favor of	there are much more important things to spend money on than autonomous cars - for example the threats posed by climate change and the pollution of our oceans.	0	0	0	0	0	0	0	0	0	1	4.333333333333333
4397	We should adopt a multi-party system	in favor of	it will give a stronger representation of the electorate.	0	0	0	0	1	0	0	0	0	1	4.333333333333333
3951	We should abolish the Olympic Games	in favor of	the olympic games are a big business where the only winners are the big capitalists	0	0	0	0	1	0	0	0	0	1	4.333333333333333
353	We should subsidize student loans	against	there are other ways to channel student aid that is not subsidizing loans	1	1	0	0	1	0	0	0	0	1	4.333333333333333
5738	Payday loans should be banned	against	payday loans help those who are unable to obtain standard loans from banks.	1	1	0	0	1	0	1	0	0	1	4.333333333333333
2125	We should subsidize Wikipedia	against	we shouldn't subsidize wikipedia because pages on wikipedia is user created and isn't always accurate	1	1	0	0	0	0	1	0	0	1	4.333333333333333
4275	We should abolish the three-strikes laws	against	we should not abolish the three-strikes laws but we could improve them so that people who have committed only a minor offence are not jailed for life.	1	1	0	0	0	0	0	0	0	1	4.333333333333333
4296	We should adopt atheism	against	you can not force a religion or lack there of on someone	0	0	0	0	0	0	1	0	0	1	4.333333333333333
3378	We should abolish the three-strikes laws	in favor of	we should abolish the three-strikes law because the definition of a previous violent offense could be arbitrary and prisons need to be places for rehabilitation, not excessive punishment.	0	1	0	0	0	0	0	0	0	1	4.333333333333333
3572	We should introduce compulsory voting	in favor of	compulsory voting would make sure that each and every person's voice is heard and provide a more accurate system of making sure the person elected is the one the people really want.	1	0	0	0	1	0	1	0	0	1	4.333333333333333
3897	We should ban algorithmic trading	against	people should be free to use a computer trading program at their own risk	0	0	0	0	0	0	1	0	0	0	5.5
5013	The EU should focus more on ensuring the success of the internal market, and on improving its competitiveness	in favor of	The more dynamic the economy, the stronger the innovation and worldwide influence the EU will have, including soft power.	0	0	0	0	1	0	1	0	0	0	5.5
6608	Intelligence tests bring more harm than good	against	intelligence tests help teachers to learn how best to teach certain students and are essential in this environment.	1	1	0	0	0	0	0	0	0	0	5.0
5399	The vow of celibacy should be abandoned	in favor of	there is a serious shortage of priests and this can be remedied by abandoning the vow of celibacy.	0	1	0	0	1	0	1	0	0	1	4.333333333333333
3359	We should ban telemarketing	against	it is an effective method for lead generation and qualification for marketing.	1	0	0	0	0	0	1	0	0	1	4.333333333333333
6335	Surrogacy should be banned	against	parents who want a biological child but can't need surrogates in order to have their own genetic children.	0	1	0	0	0	0	1	0	0	0	5.0
3200	We should ban whaling	in favor of	it is cruel and really is not necessary.	0	0	0	0	0	0	0	0	0	1	4.333333333333333
2739	We should subsidize Wikipedia	against	it could lead to donors trying to influence the content	0	1	0	0	0	0	0	0	0	1	4.333333333333333
2682	We should limit executive compensation	against	there should not be a limit to executive compensation, they deserve to be compensated based on the profits of the company.	1	0	0	0	1	0	0	0	0	0	5.5
1687	We should limit executive compensation	against	executive compensation packages are necessary to attract the best qualified people into a company - it is simply market economics, supply and demand.	1	0	0	0	1	0	1	0	0	1	4.333333333333333
886	We should legalize organ trade	against	people would sell organs because to them money is more important than health, putting them at risk.	0	1	0	0	1	0	1	0	0	0	5.0
258	We should abolish capital punishment	in favor of	recent dna evidence have proved that some death penalty inmates to be innocent. executing one innocent person is an enough proof that the capital punishment should be abolished.	0	1	0	0	0	0	0	0	0	1	4.333333333333333
6280	Payday loans should be banned	against	Payday loans should not be banned because people have a right to enter into contracts	0	0	0	0	0	0	1	0	0	0	5.5
1629	We should end the use of economic sanctions	against	we should not end the use of economic sanctions because in the long term they can achieve significant results such as the end of the apartheid regime in south africa	0	0	0	0	1	0	0	0	0	1	4.333333333333333
1396	We should abolish intellectual property rights	against	we shouldnt abolish intellectual property rights if you have come up with a new idea for something then it should be exclusive to you and you should be acknowledged for it	1	0	0	0	1	0	1	0	0	0	5.5
597	We should subsidize student loans	in favor of	student loans should be subsidized as this allows those from marginalized or poorer sections of society to access good education	1	0	0	0	0	0	0	0	0	1	4.333333333333333
3881	We should adopt a zero-tolerance policy in schools	against	a zero-tolerance policy in schools shouldn't be adopted because the smallest little unimportant things could lead to a student being suspended.	0	1	0	0	0	0	0	0	0	1	4.333333333333333
6573	We should abandon television	against	no, television is a form of entertainment for people	0	0	0	1	0	0	0	1	0	0	5.5
5223	The EU itself and its people should understand and accept there are a lot of Europeans outside the EU. EU does not equal to Europe	against	The EU is an association, an international organization, and has nothing to do with Europe as a territory. European people may live inside or outside the EU. I think has nothing to do with arrogance. 	0	0	0	0	0	0	1	0	0	1	4.333333333333333
5607	The use of public defenders should be mandatory	against	people may choose to defend themselves, if they believe it to be in their best interests	0	0	0	0	0	0	1	1	0	0	5.5
5103	We need to move towards drug reform, which will change our outdated drug policy. 	in favor of	Today, cannabis repression is simply a political posture aimed to target rightwing voters, not a rational policy. 	0	0	0	0	0	0	1	0	0	1	4.333333333333333
2223	We should ban algorithmic trading	against	people deserve to have the best trading options	1	0	0	0	1	0	1	0	0	1	4.333333333333333
206	We should adopt libertarianism	in favor of	our country need to adopt the less intervention supported by libertarianism. people need to make their own choice and be responsible for the outcome.	0	1	0	0	0	0	1	0	0	0	5.0
4668	Companies should fight moonlighting	against	As per a study published by the Academy of Management Journal in 2021, moonlighting can provide a sense of control and motivation, which can improve the productivity of employees.	1	0	0	0	1	0	1	0	0	0	5.5
3290	We should subsidize space exploration	in favor of	from exploring other planets we can learn more about our own.	1	0	0	0	0	0	1	0	0	1	4.333333333333333
6613	Intelligence tests bring more harm than good	against	the intelligence tests help to know more about the children's abilities so we can draw better educational strategies for each type of need	1	1	0	0	0	0	0	0	0	1	4.333333333333333
7024	We should tax heavily or refuse to import products not manufactured in the European Union that do not comply with our climate standards	in favor of	Heavy taxation of imported goods will encourage the relaunch of European production, which is more environmentally friendly.	0	0	0	0	0	0	0	0	0	1	4.333333333333333
954	We should subsidize space exploration	in favor of	subsidizing space exploration is a positive move to help advance our space program.	1	1	0	0	0	0	1	1	0	0	5.0
5020	The EU should implement a common pension fund	in favor of	I find it distressing and unreasonable to force an individual to leave behind their hard-earned pension pot. There should be a mechanism that stops this practice. Just as I can move myself, my family, furniture, car, and bank accounts freely within the EU, I should have the same right to move and merge my pensions into a single unit. 	0	0	0	0	0	0	1	0	0	1	4.333333333333333
90	We should introduce compulsory voting	against	compulsory voting goes against people's liberties and freedoms.	0	0	0	0	0	0	1	0	0	0	5.5
5623	Holocaust denial should be a criminal offence	against	holocaust denial shouldn't be a criminal offense because it goes against freedom of speech	0	0	0	0	0	0	1	0	0	1	4.333333333333333
2494	We should adopt libertarianism	in favor of	We should adopt libertarianism because individuals know their own best interests better than any third party.	0	0	0	0	0	0	1	0	0	0	5.5
6828	Blockade of the Gaza Strip should be ended	in favor of	The blockade creates discourse around the issue of Hamas and Israel.	1	0	0	0	0	0	1	0	0	1	4.333333333333333
6901	Intelligence tests bring more harm than good	in favor of	intelligence tests bring more harm than good because when one learns their number, then they try to live their life to that number.	1	0	0	0	0	0	0	0	0	1	4.333333333333333
3674	We should legalize sex selection	in favor of	sex selection is a safe tool to help parents attain the family they dream of, thus should be legalized	0	1	0	0	0	0	1	0	0	0	5.0
5878	We should subsidize vocational education	against	The salaries of vocational school graduates are significantly less than those earned by college graduates with bachelors degrees. Better to subsidize 4-year colleges than vocational schools.	1	0	0	0	1	0	0	0	0	0	5.5
2759	We should abolish intellectual property rights	against	intellectual property rights are vital to ensure those taking the initial financial risks with new concepts are ultimately those who experience the greatest reward, and don't see there work misappropriated.	1	0	0	0	1	0	1	0	0	1	4.333333333333333
640	We should fight for the abolition of nuclear weapons	in favor of	Fallout from nuclear weapons gets carried across the world by the wind, we must abolish nuclear weapons so that conflicts between individual states don't cause nuclear damage in neighboring states.	0	0	0	0	0	0	1	0	0	1	4.333333333333333
3463	We should introduce compulsory voting	against	forcing people to vote will cause an unwanted outcome in elections. having no vote is as much speech as voting.	1	0	0	0	0	0	1	0	0	0	5.5
1694	We should cancel pride parades	against	everyone has a right to celebrate and show pride.  otherwise it would be discrimination.	0	0	0	0	0	0	1	0	0	1	4.333333333333333
2545	We should legalize sex selection	in favor of	we should legalize sex selection because i think people should be able to pick if they want their child to be a boy or a girl	0	1	0	0	0	0	1	0	0	0	5.0
2855	We should subsidize Wikipedia	in favor of	subsidization would improve the reach and dissemination of wikipedia's information, enabling translation into more marginal languages for example.	1	1	0	0	1	0	1	0	0	1	4.333333333333333
6831	Surrogacy should be banned	against	surrogacy is a good thing because give a chance to other people to have kids	0	1	0	0	0	0	1	0	0	1	4.333333333333333
6014	Intelligence tests bring more harm than good	against	I.Q. testing  allows students to understand and focus on their intellectual strengths	1	1	0	0	0	0	1	0	0	0	5.0
2711	We should oppose collectivism	in favor of	collectivism does not allow one person to stand out from the others, which can be negative	1	0	0	0	1	0	1	1	0	0	5.5
5043	The president of the European Commission should be elected by the people of the EU	against	In Germany, the President of the Executive is not elected by the people directly either. The reason for this is the horrible experience during the Third Reich. The Parliament - as the only constitutional institution being directly elected - has a stronger stand if the President is not elected directly. However I definitely support, that the Parliament becomes stronger and more influential. 	1	0	0	0	1	0	0	0	0	0	5.5
1478	We should abolish intellectual property rights	against	people working hard to invite something and should be awarded for it.	1	1	0	0	1	0	1	0	0	1	4.333333333333333
4078	We should ban the use of child actors	in favor of	Many child actors end up being exploited by the studios and even their own management and families.	1	1	0	0	0	0	0	0	0	1	4.333333333333333
3094	We should legalize organ trade	in favor of	Organ sales will allow for more research to be done on living, usable organs.	0	0	0	0	0	0	1	0	0	0	5.5
5574	Surrogacy should be banned	against	when a couple is not able to have their own kids by natural way, surrogacy is only the option and knowing that surrogacy should never be banned.	0	1	0	0	0	0	0	1	0	0	5.0
2333	We should abolish intellectual property rights	in favor of	we should abolish intellectual property rights because it discourages new ideas.	1	0	0	0	0	0	1	0	0	0	5.5
366	We should ban algorithmic trading	against	algorithmic trading allows for greater numbers of trades to happen, getting more people involved in the economy	1	0	0	0	1	0	0	1	0	0	5.5
1507	We should adopt a multi-party system	in favor of	In a multi-party system, minority needs are better catered to.	0	0	0	0	0	0	0	0	0	1	4.333333333333333
7105	We should prohibit certain energy-intensive cryptocurrencies	in favor of	According to BBC: 'Bitcoin uses more electricity annually than the whole of Argentina'	0	0	0	0	0	0	0	0	0	1	4.333333333333333
3658	We should adopt a zero-tolerance policy in schools	against	students who are suspended will loose out on classes and might fail exams or even drop out of school as a result.	0	1	0	0	0	0	0	0	0	0	5.0
2266	We should abolish intellectual property rights	against	companies invest billions into research, if there are no rights it would dissuade companies from conducting research in the first place.	1	0	0	0	1	0	1	0	0	0	5.5
7124	We should include all costs of nuclear energy in our comparisons, for example insurance and disposal	against	If you want to do it for nuclear power, then it would be better to do it for every single kind of energy production methods. It’s also important then to include the complete cycle of all the energies, the human cost, the extraction of primary resources, in the case of renewable energy, take into account the necessary energy storage, and so on and so forth.	0	1	0	0	0	0	0	0	0	1	4.333333333333333
315	We should abolish the Olympic Games	against	the olympics have long been the goal for athletes to aim for to be the very best so abolishing the games would take away their dreams and ambitions.	1	0	0	0	0	0	1	1	0	0	5.5
3192	We should ban cosmetic surgery	against	the government should not outlaw safe procedures that can be done to the body.	0	0	0	0	0	0	1	0	0	0	5.5
5637	Surrogacy should be banned	against	the couples who can`t have their own kids this is the only way to get them and should not be banned by all means.	0	1	0	0	1	0	1	0	0	1	4.333333333333333
7122	We should not produce unnecessary garbage	in favor of	Things that are one-time use only, like most packaging and the like, should be radically focused on recycling potential.	0	0	0	0	0	0	0	0	0	1	4.333333333333333
2809	We should adopt libertarianism	in favor of	there is no need for oppressive restraints on people's behaviour so we should adopt libertarianism.	0	0	0	0	0	0	1	0	0	1	4.333333333333333
1851	We should oppose collectivism	in favor of	this practice does not allow an individual their own thoughts and actions.	0	0	0	0	0	0	1	0	0	0	5.5
4616	IT recruiters should consider skills instead of a degree in programming	against	Achieving excellence in anything takes time. Through graduation, students gain so much knowledge in the relevant field. So, it’s easier for employers to train these students for the industrial requirements.	1	0	0	0	0	0	0	0	0	0	5.5
4781	Aadhaar should be made mandatory in India	against	Failed biometric authentication.	0	0	0	0	0	0	1	0	0	0	5.5
28	We should subsidize Wikipedia	against	wikipedia can form biased opinions on topics or misinform the general public and therefore should not be subsidized	0	0	0	0	0	0	1	0	0	1	4.333333333333333
1414	We should abolish the three-strikes laws	in favor of	there are times when it makes sense for people to get another chance	0	1	0	0	0	0	0	0	0	1	4.333333333333333
972	We should ban algorithmic trading	against	this helps traders make more informed decisions	1	0	0	0	0	0	0	0	0	1	4.333333333333333
3953	We should abolish capital punishment	in favor of	capital punishment is cruel and unusual	0	0	0	0	0	0	0	0	0	1	4.333333333333333
4361	We should ban algorithmic trading	against	we shouldn't ban algorithmic trading because it can stop risky bid due to human emotions interfering	1	1	0	0	0	0	0	0	0	1	4.333333333333333
5214	The EU should immediately end the refugee deal with Turkey.	against	Immigration should not be part of humanitarian aid. Humanitarian aid should be delivered directly to Africa / Asia. The Turkey deal should eventually be abolished.	1	1	0	0	0	0	0	0	0	1	4.333333333333333
6618	Foster care brings more harm than good	against	children that would have been neglected otherwise now have a fighting chance.	1	0	0	0	0	0	0	0	0	1	4.333333333333333
2593	We should subsidize Wikipedia	in favor of	wikipedia provides information that is free and easy to get on any subject	1	1	0	0	0	0	1	0	0	1	4.333333333333333
6163	The use of public defenders should be mandatory	in favor of	public defenders do not have an agenda besides the task at hand and are more efficient than a lawyer who is trying to rack up the fees.	1	1	0	0	1	0	0	0	0	1	4.333333333333333
7019	We should prohibit the sale of washing machines without suitable filters	in favor of	Prohibiting washing machines without suitable filters will prevent groundwater pollution.	0	0	0	0	0	0	0	0	0	1	4.333333333333333
2590	We should abolish intellectual property rights	in favor of	intellectual property rights stifle growth and information by stopping the free-flowing of ideas.	1	0	0	0	0	0	1	0	0	1	4.333333333333333
3202	We should subsidize journalism	in favor of	we need to subsidize journalism so that it continues to draw in good people	1	1	0	0	0	0	0	0	0	1	4.333333333333333
520	We should limit executive compensation	against	an executive has worked hard to get to that position through study and prior work experience. they should be compensated for their value to the company.	1	0	0	1	1	0	0	0	0	1	4.333333333333333
3390	We should cancel pride parades	against	it is essential that people realize the whole world is diverse. by promoting these parades we are showing the world that you need to be proud of who you are regardless or gender or orientation.	0	0	0	0	0	0	0	0	0	1	4.333333333333333
5901	Intelligence tests bring more harm than good	in favor of	I.Q. tests are much too narrow and potentially dangerous if relied on to classify people	1	0	0	0	0	0	0	0	0	1	4.333333333333333
856	We should legalize prostitution	in favor of	Everyone has the right to bodily autonomy. If a person chooses to sell his or her body for sex, it should not be illegal.	0	0	0	1	0	0	1	1	0	1	4.333333333333333
1204	We should ban the use of child actors	against	and if we forbid it, who will play the role of the children? this is a decision only of parents and children, the government should not get involved	0	1	0	0	0	0	1	0	0	0	5.0
7026	We should put in place policies for the protection of insects	in favor of	A rethinking of current agricultural practices, in particular a serious reduction in pesticide usage and its substitution with more sustainable, ecologically-based practices, is urgently needed to slow or reverse current trends, allow the recovery of declining insect populations, and safeguard the vital ecosystem services they provide. 	0	0	0	0	0	0	0	0	0	1	4.333333333333333
3872	We should abolish safe spaces	in favor of	people need to learn how to survive in this world so no safe spaces would benefit this	1	0	0	0	0	0	1	0	0	0	5.5
1914	We should adopt atheism	in favor of	atheism could be of great benefit because it would foster more scientific ideas which could prevent our demise from global warming and other looming challenges	1	0	0	0	0	0	1	0	0	1	4.333333333333333
4826	British people who are residents in an EU country should have EU-wide rights	in favor of	I think this is a good idea, but unfortunately it's framed as a British/brexit issue. However, the wider concept of a common EU visa / migration system is a compelling one. Harmonising the system to a common visa regime offers many advantages.	1	0	0	0	0	0	0	0	0	0	5.5
3791	We should abolish safe spaces	in favor of	safe spaces aren't necessary and help people hide from issues rather than face them	1	1	0	0	0	0	0	0	0	1	4.333333333333333
2903	We should legalize prostitution	in favor of	women should have the right to decide what to do with their body and that should include being able to sell it.	0	0	0	0	1	0	1	1	0	0	5.5
6969	Hindi should be the National language of India	in favor of	Hindi is spoken by more than half of India. As no single language is spoken by entire India, it is much better to make the majoritarian language as the national language.	0	0	0	0	0	0	0	0	0	1	4.333333333333333
2856	We should abandon the use of school uniform	in favor of	the school uniform does not allow for the uniqueness and expression of the individual	0	0	0	0	0	0	1	1	0	0	5.5
4520	We should abolish the three-strikes laws	in favor of	the three-strikes law should be abolished. each convicted crime should be punished individually.  it isn't right to judge a person solely on their criminal history.	0	1	0	0	0	0	1	0	0	1	4.333333333333333
4377	We should ban algorithmic trading	against	algorithmic trading uses computers to analyze vast amounts of data to provide the best decisions in a way that humans are not capable of.	1	0	0	0	0	0	0	0	0	1	4.333333333333333
5472	We should subsidize vocational education	in favor of	subsidizing vocational education would prepare people for careers and jobs.	1	0	0	0	1	0	1	1	0	0	5.5
7339	We should prevent the disorderly expansion of capital.	in favor of	Capital combined with Internet technology, using asymmetric advantages such uncontrolled expansion, snatching the rice bowls of small businessmen and vendors, has constituted a violation of the basic ethics of society.	0	0	0	0	0	0	0	0	0	1	4.333333333333333
1947	We should ban algorithmic trading	in favor of	this form of trading removes the human element which can have dangerous consequences.	1	1	0	0	1	0	0	0	0	0	5.0
57	We should limit executive compensation	against	executives deserve the money as they do a stressful and demanding job leading large organizations that hire large number of people.	1	0	0	0	0	0	0	0	0	0	5.5
1277	We should abolish the three-strikes laws	in favor of	three -strikes laws take discretion away from judges.  a person committing a minor crime could be sentenced to life if he had a criminal history from long ago.  these laws backlog our courts, cram our prisons.	1	1	0	0	1	0	0	0	0	1	4.333333333333333
4617	IT recruiters should consider skills instead of a degree in programming	in favor of	Any skill can be learned and mastered even if we do not have a degree in that. And programming is no exception.	1	0	0	0	0	0	1	0	0	0	5.5
4743	India should accept Rohingya refugees	in favor of	Accepting refugees escaping from death situations is surely an act of humanity. Rohingya people have been treated brutally by the Burmese government due to racism. Being a neighboring country, we should be accepting those people who are in deep distress.	0	1	0	0	0	0	0	0	0	1	4.333333333333333
6379	We should subsidize vocational education	against	people should pay for their own vocational education in the way that students pay for their own university studies.	0	0	0	0	0	0	1	0	0	1	4.333333333333333
1220	We should legalize sex selection	in favor of	sex selection should be legal for parents to select the sex of the child.  parents with all boys or all girls should have the choice of selecting the other sex.	0	1	0	0	0	0	1	1	0	1	4.333333333333333
1576	We should ban algorithmic trading	against	we shouldn't ban algorithmic trading because it gets more done than using single instructions and it's more systematic	1	0	0	0	1	0	1	1	0	1	4.333333333333333
1762	We should ban whaling	against	We should not ban whaling because there are whale species that could be sustainably harvested, albeit not all whale species.	0	1	0	0	1	0	0	0	0	1	4.333333333333333
684	We should introduce compulsory voting	against	voting should be a choice for every person	0	0	0	0	1	0	1	0	0	0	5.5
3445	We should subsidize Wikipedia	in favor of	it is a valuable resource so a subsidy would help by allowing the website to produce and edit more quality articles	1	0	0	0	1	0	0	0	0	0	5.5
4466	We should abolish intellectual property rights	against	for multiple reasons the right of intellectual property should not be abolished since it gives others the participation of making their intellect known and putting it into practice in various activities	1	0	0	0	0	0	1	1	0	0	5.5
5992	Surrogacy should be banned	against	surrogacy enables infertile couples to raise their own family.	0	1	0	0	0	0	0	0	0	0	5.0
3783	We should adopt libertarianism	in favor of	people should be free to live like they wish	0	0	0	0	0	0	1	0	0	0	5.5
7246	We should promote awareness in society of what migrants are contributing. 	against	Misconceptions like the view that mass migration is somehow 'good' need to be clearly pointed out.	0	1	0	0	0	0	0	0	0	1	4.333333333333333
324	We should adopt a zero-tolerance policy in schools	against	students should be able to state their opinions and by so learn to mature.  by punishing at first sign of disobedience we are just have conformity not learning.	0	0	0	0	0	0	1	0	0	1	4.333333333333333
3775	We should abolish the three-strikes laws	in favor of	three-strike laws should be abolished as it negatively impact minorities and people of color who are more likely to commit crime due to poverty issues.	0	0	0	0	0	0	0	0	0	1	4.333333333333333
3976	We should limit executive compensation	against	executive compensation should be at the discretion of the company who employs them	0	0	0	0	1	0	1	0	0	0	5.5
4052	We should subsidize embryonic stem cell research	in favor of	subsidized embryonic stem cell research will advance medical science more rapidly than would otherwise be the case	1	0	0	0	0	0	1	0	0	1	4.333333333333333
5950	Homeschooling should be banned	against	homeschooling has proven beneficial for many children	1	1	0	0	0	0	1	0	0	0	5.0
4739	US-Mexico border wall is a good thing	against	US treaties with Mexico won't let them build anything on the Rio Grande River and the areas around it. Furthermore, most of the areas along the border in Texas are privately owned which leaves a large part of the border uncovered. So, building the wall is not going to bring any change.	1	0	0	0	0	0	0	0	0	1	4.333333333333333
2606	We should ban cosmetic surgery for minors	in favor of	minors are unable to make such a life changing decision as cosmetic surgery	0	1	0	0	0	0	0	0	0	0	5.0
7088	We should put a cap on personal wealth and annual income	against	Yes, Communism worked great, everywhere they tried. Oh wait...	1	0	0	0	0	0	0	0	0	0	5.5
3740	We should ban the use of child actors	against	we should not ban the use of child actors because it would be awfully strange to watch programs and never see a child as that is not real life.	0	0	0	0	0	0	1	0	0	1	4.333333333333333
5287	There should be centers of excellence in science and education	against	There has to be better funding for research, but it should not be administered top-down. Let researchers decide rather than politicians. Do not stifle research by bureaucracy. At the time being, with large consortia getting multi-million euro grants, the application process has become too complicated for most researchers. Rather invest in reproducible, transparent, open research. 	0	0	0	0	0	0	1	0	0	1	4.333333333333333
492	We should introduce compulsory voting	in favor of	compulsory voting would make the election practice fairer.	0	1	0	0	1	0	0	0	0	1	4.333333333333333
4088	We should end mandatory retirement	against	mandatory retirement allow new workers a chance	0	0	0	0	0	0	0	0	0	1	4.333333333333333
6490	Surrogacy should be banned	against	some people want families but cannot because of other issues not have children.  if surrogacy can give people a family with no harm done then why should a law even be considered.	0	1	0	0	0	0	1	0	0	1	4.333333333333333
7372	Carbon emissions trading should be limited.	against	Setting tough standards on carbon emissions can suppress industrial upgrading in developing countries and prevent them from challenging the monopoly advantage of EU countries in high-end industries.	1	0	0	0	1	0	0	0	0	0	5.5
2954	We should legalize sex selection	in favor of	if the technology exists them it should be up to individuals to decide what sex child they have as this will effect them more than anyone else.	0	0	0	0	0	0	1	0	0	0	5.5
2170	We should subsidize space exploration	in favor of	science is important and can be beneficial to society.	1	1	0	0	0	0	1	1	0	1	4.333333333333333
5339	The European Union should be harder towards irreparable migrants, those who do not value their lives in peace, security, and prosperity.	against	The emphasis on negative stereotypes towards migrants comes mostly from people who don't know Africans or other migrants or refugees. 	0	0	0	0	0	0	1	0	0	1	4.333333333333333
2641	We should ban human cloning	against	human cloning shows us pushing the boundaries of science to their fullest potential.  think of all we can learn if we perfect cloning.  it shows how far man has come and can continue to go.	1	0	0	0	0	0	1	0	0	1	4.333333333333333
4403	We should ban cosmetic surgery	against	cosmetic surgery is a choice between a doctor and a patient, and laws should not be made that infringe on those choices.	0	0	0	0	0	0	1	0	0	0	5.5
4667	Companies should fight moonlighting	against	Some people moonlight to pursue their passion when the earnings from their passion cannot replace the salary from their main job. Several entrepreneurs take this route and leave their jobs once they earn enough from their new ventures.	1	0	0	0	1	0	1	0	0	0	5.5
6316	Holocaust denial should be a criminal offence	against	people have the right to think as they feel. it is our right.	0	0	0	0	0	0	1	0	0	1	4.333333333333333
4577	Technology is making us feel less human	in favor of	Our decision-making skills are also getting affected as we are now asking search engines to know what is best. We are depending on the knowledge base of the internet even at offices to finish the work at hand. This affects cognitive skills ( to think, read, learn, remember, and reason), which is an essential quality of humans.	1	0	0	0	0	0	1	0	0	0	5.5
1810	We should subsidize journalism	in favor of	When newspapers worry more about the bottom line than the headlines, the quality of the papers goes down resulting in poor pop journalism that panders to the public and the advertisers.	1	0	0	0	0	0	1	0	0	1	4.333333333333333
2095	We should ban the use of child actors	against	without child actors there will be no characters for actual children to relate to	1	1	0	0	1	0	1	1	0	0	5.0
4215	We should legalize organ trade	against	the organ trade hurts impoverished people	0	0	0	0	0	0	0	0	0	1	4.333333333333333
4136	We should limit executive compensation	in favor of	executives get paid enough as it is, no need to give more	0	0	0	0	0	0	0	0	0	1	4.333333333333333
2994	We should oppose collectivism	in favor of	as individuals we have a right to not be grouped into one thought process.	0	0	0	0	0	0	1	0	0	0	5.5
1910	We should abolish the Olympic Games	in favor of	Sport does nothing for the survival of the human race and yet masses of resources are still ploughed into it for events like the Olympic Games while issues like poverty are swept under the carpet.	0	1	0	0	0	0	0	0	0	1	4.333333333333333
2390	We should legalize sex selection	in favor of	we should legalize sex selection as it is a parents right to choose and many families may want a girl after many boys and so sex selection will help ensure a wanted pregnancy.	0	1	0	0	1	0	1	0	0	0	5.0
6996	We should promote the use of nuclear energy instead of renewable energy sources	in favor of	'People highlight various risks, but any generation technology comes with risks: the largest electricity-related disaster (Banquiao dam in 1976) took the lives of 200000 people (!) or just recently 70 people in Russia, but nobody talks about hydropower being 'deadly' or complaining about states providing insurance for such massive projects, because it happens for all projects of such scale. 	0	0	0	0	0	0	0	0	0	1	4.333333333333333
6762	The use of public defenders should be mandatory	in favor of	in order to make sure that cases aren't tied up in appeals courts, defendants who can't afford their own attorney should be mandated to use a public defender to ensure a fair trial.	0	1	0	0	0	0	0	0	0	1	4.333333333333333
6550	Intelligence tests bring more harm than good	against	intelligence tests are but one way to give teachers a means to see if a child needs special courses.  an entire course of instruction is not based on just one test, it is only one tool.	1	1	0	0	0	0	0	0	0	1	4.333333333333333
4235	We should abandon the use of school uniform	against	School uniform is adequate. It is useful for leveling people social position and for children concentration in class	1	1	0	0	0	0	0	0	0	1	4.333333333333333
2956	We should subsidize journalism	against	subsidizing journalism is unfair. you're basically paying someone to spread your own beliefs.	1	0	0	0	0	0	1	0	0	1	4.333333333333333
368	We should subsidize journalism	against	when you subsidize journalism you are making the reporting agency less likely to report anything bad about the place that is providing the funding. therefore you are getting less accurate news.	0	1	0	0	0	0	1	0	0	1	4.333333333333333
5439	Holocaust denial should be a criminal offence	against	people have freedom of speech, and ignorance does not equal a criminal offense. if that was true, too many people would be criminals based on the amoint of ignorance out there.	0	0	0	0	0	0	1	0	0	1	4.333333333333333
2771	We should limit executive compensation	against	Executive level employees have worked hard to achieve the level they have  and should be compensated for this.	1	0	0	0	1	0	0	0	0	0	5.5
6406	The vow of celibacy should be abandoned	against	celibacy vows are a choice that people should be allowed to make.	0	0	0	0	0	0	1	0	0	0	5.5
4015	We should abolish capital punishment	in favor of	Capital punishment has historically been unfairly used more against minorities and the weak people in society, and I believe it's true today	0	0	0	0	0	0	0	0	0	1	4.333333333333333
3133	We should end mandatory retirement	in favor of	Older workers  provide maturity and experience and can be loyal and productive employees past the age of 65 or even 70	1	0	0	0	0	0	1	0	0	1	4.333333333333333
373	We should ban the use of child actors	against	child actors should be allowed to work and contribute their talents to society.	1	0	0	0	0	0	1	0	0	1	4.333333333333333
2463	We should subsidize journalism	against	subsidised journalism leaves us at risk of governmental interference in the news we are allowed to see.	0	0	0	0	0	0	1	0	0	1	4.333333333333333
7094	We should reduce environment pollution by limiting number of people in Europe	against	The nations of Europe are the most responsible for the state of the global climate and we need to take the responsibility.	0	1	0	0	1	0	0	0	0	1	4.333333333333333
2395	We should ban missionary work	in favor of	missionary work is a waste of time and should be completely banned.	1	0	0	0	0	0	0	0	0	0	5.5
1335	We should abolish zoos	against	zoos are working to breed endangered species	0	1	0	0	0	0	0	0	0	1	4.333333333333333
904	We should ban human cloning	in favor of	human cloning should be banned as it is unnatural and serves no purpose in the world. individuality would be lost.	0	0	0	0	1	0	1	0	0	1	4.333333333333333
2457	We should ban the use of child actors	in favor of	we should ban the use of child actors because it strips them of childhood, let them be children and play and mess around	0	0	0	1	0	0	1	0	0	0	5.5
3527	We should prohibit school prayer	in favor of	we have a separation of church and state and the state runs the public schools.	0	0	0	0	0	0	1	0	0	1	4.333333333333333
3084	We should adopt libertarianism	against	we should not adopt libertarianism because the government would have too much control over people	0	0	0	0	0	0	1	0	0	0	5.5
3266	We should abolish intellectual property rights	in favor of	ideas should be available to anyone who wishes to persue them.	1	0	0	0	0	0	1	0	0	0	5.5
130	We should abolish safe spaces	in favor of	Safe spaces stifle dialogue about controversial topics, such as race, gender and religion.	0	0	0	0	0	0	1	0	0	0	5.5
4936	We need legal ways of migration.	against	Migrants have a complete lack of critical thinking.  	1	0	0	0	0	0	1	0	0	0	5.5
6458	Homeschooling should be banned	in favor of	homeschooling should be banned because educational institutions still provide a better education.	1	0	0	0	0	0	0	0	0	0	5.5
3714	We should limit executive compensation	against	an owner of a company should be allowed to make as much money as possible	1	0	0	0	1	0	0	0	0	0	5.5
3308	We should abolish intellectual property rights	in favor of	we need to abolish intellectual property rights and let people innovate and create without having to worry about who owns what	0	0	0	0	0	0	1	0	0	0	5.5
2915	We should abandon the use of school uniform	in favor of	school uniform limits the ability of young people to develop their identity and express who they are	0	0	0	0	0	0	1	0	0	1	4.333333333333333
4441	We should end mandatory retirement	against	We should not end mandatory retirement because the world is already over-populated and people need to retire so that others can back-fill their jobs.	0	0	0	0	0	0	1	0	0	1	4.333333333333333
4175	We should adopt a multi-party system	in favor of	a multi-party system would bring more choices for people to speak up and vote.	1	0	0	0	1	0	1	0	0	0	5.5
14	We should cancel pride parades	against	there are parades for every group and it is discrimination not to give gays their parade	0	0	0	0	0	0	0	0	0	1	4.333333333333333
3762	We should ban missionary work	in favor of	missionary work preaches false information to the most unfortunate of the world.	0	1	0	0	0	0	0	0	0	1	4.333333333333333
7036	We should protect 20% of land in each European country to restore biodiversity	in favor of	This is really crucial in order to stop warming, locally, eventually regionally or nationally, and globally. The more intact ecosystems we have, the more likely we can stop global warming.	1	0	0	0	0	0	0	0	0	1	4.333333333333333
880	We should limit executive compensation	in favor of	executive compensation too often fails to deliver and as such causes working issues, therefore it should not only be limited but stopped completely.	1	0	0	0	1	0	0	0	0	1	4.333333333333333
5868	Homeopathy brings more harm than good	in favor of	there is no proof that  homeopathy works.	0	1	0	0	1	0	0	0	0	1	4.333333333333333
6903	Intelligence tests bring more harm than good	against	without intelligence tests to use as a benchmark, it would be impossible to assess someones capability and provide them with appropriate level tasks.	1	0	0	0	0	0	0	0	0	1	4.333333333333333
1625	We should ban whaling	in favor of	whales could be in danger of going extinct if fisherman can go out and kill them.	0	0	0	0	0	0	0	0	0	1	4.333333333333333
3760	We should abolish intellectual property rights	against	abolishing intellectual property rights removes the financial incentive to innovation.	1	0	0	0	1	0	1	0	0	0	5.5
3999	We should ban cosmetic surgery for minors	against	all people should be able to decide what they want to do with their own bodies.  this includes minors as well.	0	0	0	0	0	0	1	0	0	0	5.5
3155	We should subsidize journalism	against	journalists are not often regulated so anyone could say whatever they want and not be providing true information	0	1	0	0	0	0	0	0	0	1	4.333333333333333
7175	We should protect the European border.	in favor of	Frontex is the way to protect the European border. It should completely take over every border, land, sea, and air. Otherwise, it will just take over all the good personnel of a member state, causing even more problems at the border.	1	0	0	0	0	0	0	0	0	0	5.5
1070	We should ban algorithmic trading	against	algorithmic trading enables a more level playing field in the trading of shares.	1	0	0	0	1	0	0	0	0	1	4.333333333333333
4908	The European Union should enforce the energy transition in its member states	in favor of	why should every country in the EU be sovereign in energy production? Within the countries also not every region is sovereign in this sense. We need to take advantage of the geographic potentials of the european continent for pragmatic solutions	1	1	0	0	1	0	0	0	0	1	4.333333333333333
5837	Intelligence tests bring more harm than good	in favor of	some people are very intelligent but have a difficult time when it comes to taking tests.  therefore they could be labeled as less intelligent as they really are.	1	0	0	0	0	0	0	0	0	1	4.333333333333333
1113	We should ban telemarketing	against	telemarketing is a perfectly valid marketing approach, and is a primary driver of economic activity.	1	0	0	0	1	0	1	0	0	0	5.5
482	We should legalize organ trade	against	we would end up in bidding wars where only the rich could be helped	0	0	0	0	0	0	0	0	0	1	4.333333333333333
4229	We should end mandatory retirement	in favor of	some people are capable of working way beyond the retirement age and should be able to work and increase their retirement funds as long as they ant.	1	0	0	0	1	0	1	0	0	0	5.5
4412	We should ban missionary work	against	Banning missionary work would constitute a religious act by non-religious people and would therefore be hypocritical.	0	1	0	0	0	0	0	0	0	1	4.333333333333333
2146	We should abolish intellectual property rights	in favor of	we should abolish intellectual property rights because new ideas are often an extension of old ideas and intellectual property rights can therefore inhibit creativity.	0	0	0	0	1	0	1	0	0	1	4.333333333333333
159	We should ban fast food	against	we all have the right to eat what we want, to prohibit a specific type of food is an abuse of power	0	0	0	1	0	0	1	1	0	1	4.333333333333333
5822	Surrogacy should be banned	against	surrogacy is the answer to prayers for many couples who cannot have their own child, the gift of a baby by the surrogate is the ultimate gift, the chance of a family.	0	1	0	0	0	0	0	0	0	0	5.0
2709	We should abolish intellectual property rights	against	copyright laws protect artistic creations.	0	0	0	0	0	0	1	0	0	0	5.5
3145	We should limit executive compensation	in favor of	we should not spend a fortune on the richest of the rich, it is unnecessary and elitist	0	0	0	0	0	0	0	0	0	1	4.333333333333333
4962	We do not need immigration from non-European or non-first-world countries 	against	Migration has been a fact of history and successful societies have found ways to turn migration into strength. In our case in order to alleviate the current challenge in the long term we need to alleviate migration pressure by making it attractive for migrants to stay put and help develop their own countries. Such a helpful project, a European Marshal Plan for Africa would be a good project to invest in. The long-term return on investment would be more than financial: A friendly neighbor continent, good relationships, access to the African market, and natural resources. That is not a short-term fix. And there is no short-term fix. We have to play the long game!	1	1	0	0	0	0	1	0	0	1	4.333333333333333
4129	We should oppose collectivism	in favor of	While society and the collective may be long lasting, individuals are only afforded a single life, and therefore should prioritize that over the lives of others.	0	0	0	0	0	0	1	0	0	0	5.5
4273	We should end mandatory retirement	in favor of	some people are not ready to retire at the mandatory age and want to keep working	1	1	0	0	1	0	1	0	0	0	5.0
1748	We should abolish intellectual property rights	against	intellectual property rights protect those who have spent time and ingenuity on development of an idea and ensures they can be rewarded accordingly for their inspiration.	1	1	0	0	1	0	1	0	0	1	4.333333333333333
3664	We should end mandatory retirement	in favor of	The cost of training new employees can be incredibly high, and policies of mandatory retirement force businesses to waste their fungible resources rather than keeping competent older individuals employed.	1	0	0	0	1	0	0	0	0	0	5.5
2445	We should limit judicial activism	against	sometimes politics becomes so corrupt and untenable, that the only way to make change in the country is through judicial activism.	0	0	0	0	1	0	1	0	0	1	4.333333333333333
1437	We should cancel pride parades	against	we should not cancel pride parades because people have a right to have a way to voice their sexual preferences	0	0	0	0	0	0	1	0	0	1	4.333333333333333
1900	We should adopt a zero-tolerance policy in schools	against	zero-tolerance results in an overly disciplinarian approach, and is unable to distinguish between all the subtle gradations of rule-breaking.	0	1	0	0	0	0	0	0	0	1	4.333333333333333
1154	We should abandon the use of school uniform	in favor of	School uniforms reinforce a gender binary by often requiring women to wear traditionally feminine clothing like skirts and dresses and men to wear traditionally masculine pants.	0	1	0	0	0	0	1	0	0	1	4.333333333333333
48	We should ban human cloning	in favor of	human cloning is an unnatural act that goes against the laws of nature.  it is too dangerous of an act and is something man should not be tampering with.	0	0	0	0	0	0	0	0	0	1	4.333333333333333
2573	We should ban algorithmic trading	against	algorithmic trading helps people trade with a smaller risk of financial losses.	1	1	0	0	1	0	0	0	0	0	5.0
87	We should oppose collectivism	in favor of	treating everyone as a large group unit is not helpful for people who have different individual needs.	0	0	0	0	0	0	1	1	0	1	4.333333333333333
3418	We should ban cosmetic surgery	in favor of	we should ban it because it gives people a unrealistic view on how a natural body or face should look.	0	0	0	0	0	0	0	0	0	1	4.333333333333333
6726	Holocaust denial should be a criminal offence	against	freedom of speech and thought should be protected	0	0	0	0	0	0	1	0	0	1	4.333333333333333
3105	We should abolish capital punishment	against	some people have committed such unspeakable crimes that they don't deserve to live	0	0	0	0	0	0	0	0	0	1	4.333333333333333
6805	The use of public defenders should be mandatory	in favor of	the use of public defenders should be mandatory because nobody deserves preferential treatment.	0	0	0	0	0	0	0	0	0	1	4.333333333333333
1466	We should introduce compulsory voting	against	people should be allowed to not vote as a way to protest the government	1	0	0	0	1	0	1	0	0	0	5.5
3473	We should abolish zoos	in favor of	we should abolish zoos because it makes animals prisoners	0	0	0	0	0	0	1	0	0	1	4.333333333333333
1995	We should subsidize journalism	in favor of	we need journalists to keep us informed as to what is going on in the world	0	1	0	0	1	0	1	0	0	1	4.333333333333333
2838	We should subsidize embryonic stem cell research	against	an embryo is basically a baby that has not implanted yet. this is potential human life.	0	0	0	0	0	0	0	0	0	1	4.333333333333333
7075	We should include limited profitability enterprises in the EU treaties	in favor of	I'd like to see inclusive legislation which considers all sorts of social businesses, gives them good protection and possibilities to develop. We need a EU social business lab to help develop, foster and research social businesses. 	1	0	0	0	0	0	0	0	0	1	4.333333333333333
3942	We should abandon the use of school uniform	against	uniforms let students be on equal grounds and have them judge each other by character instead of wealth	0	0	0	0	0	0	0	0	0	1	4.333333333333333
4370	We should subsidize journalism	in favor of	subsidizing journalism would help crowd out the every increasing false news market. if the false news market could not compete with legitimate news, less people would be exposed to dangerous false news.	0	1	0	0	0	0	0	0	0	1	4.333333333333333
803	We should legalize sex selection	against	sex selection promotes abortion and gender inequality	0	0	0	0	0	0	0	0	0	1	4.333333333333333
5080	The EU government should encourage people to eat less meat	against	Horrible idea. Next, you will limit water or air?! This is not the way to move on climate change. You can do much more via mass politics and not focus on individuals or limit their freedoms. If you want to stop eating meat, do so, I won't.	0	0	0	0	1	0	1	0	0	1	4.333333333333333
4178	We should abolish intellectual property rights	in favor of	intellectual property rights prevent the free flow of information and innovation, and should be abolished.	0	0	0	0	0	0	1	0	0	0	5.5
2939	We should adopt libertarianism	in favor of	because it protects the rights of the individual to live as they see fit, it promotes acceptance of the rights of all individuals within society, creating a more inclusive society.	1	0	0	0	0	0	1	0	0	1	4.333333333333333
7012	We should support short-distance economies	in favor of	Economies within a short distance, decentralization, and localization can be efficient tools for protecting the climate and the environment. Less transportation, consumption of local resources, and a high level of self-reliance in the energy and food sector lead to lower carbon footprints.	1	0	0	0	0	0	1	0	0	1	4.333333333333333
1814	We should introduce compulsory voting	against	some people just don't have an opinion about who to vote for	0	0	0	0	0	0	1	0	0	0	5.5
498	We should adopt a zero-tolerance policy in schools	against	zero tolerance leaves no room for individual cases where it may do more harm than good	0	1	0	0	0	0	0	0	0	1	4.333333333333333
3615	We should abolish capital punishment	in favor of	The death penalty is disproportionally used against the poor and minorities.	0	0	0	0	0	0	0	0	0	1	4.333333333333333
3210	We should subsidize journalism	against	subsidizing journalism will create biased reporting	1	0	0	0	1	0	1	0	0	1	4.333333333333333
4742	India should accept Rohingya refugees	in favor of	India has always been kind to refugees. Hence, the same spirit should be continued in the case of Rohingya community.	0	1	0	0	0	0	0	0	0	1	4.333333333333333
2362	We should abolish the three-strikes laws	in favor of	three strikes laws lack nuance and fail to evaluate circumstances around crimes committed.	0	1	0	0	0	0	1	0	0	1	4.333333333333333
2574	We should ban cosmetic surgery for minors	against	minors should have a choice in what to do with their bodies	0	0	0	0	1	0	1	1	0	0	5.5
5851	Homeschooling should be banned	against	a parent knows best what is good for their kid	0	1	0	0	0	0	1	0	0	0	5.0
2132	We should ban telemarketing	against	telemarketing can help companies reach a wider audience.	1	1	0	0	1	0	0	0	0	0	5.0
7098	We should promote a plant-based diet	in favor of	While it is only promoted/suggested and not a mandatory, its ok.	0	0	0	0	0	0	1	0	0	0	5.5
44	We should abolish capital punishment	in favor of	capital punishment has been proven ineffective in reducing crime rates.	0	0	0	0	0	0	0	0	0	1	4.333333333333333
410	We should ban algorithmic trading	against	algorithmic trading is faster and more accurate than human guesswork and so provides greater value to shareholders.	1	0	0	0	1	0	0	0	0	1	4.333333333333333
4824	British people who are residents in an EU country should have EU-wide rights	against	The British voted to leave the EU therefore all British have the same obligations as immigrants from non-EU countries.	0	1	0	0	0	0	1	0	0	1	4.333333333333333
4620	IT recruiters should consider skills instead of a degree in programming	in favor of	Now, we have so many online course platforms through which we can learn almost any skill from experts. We can also get certificates if we pass the tests. So, as Tim Cook said a 4-year degree seems old and traditional. 	1	0	0	0	0	0	1	0	0	1	4.333333333333333
7301	We should ban the trading of virtual currencies.	against	Every transaction of virtual currency generated in the blockchain technology Internet cannot be forged, and it will not be manipulated by individuals, so it has a good anti-counterfeiting feature.	0	0	0	0	1	0	0	0	0	1	4.333333333333333
3498	We should abolish zoos	in favor of	zoos are cruel and contain wild animals in such tiny spaces when they need to run free so zoos should be abolished.	0	0	0	0	0	0	0	0	0	1	4.333333333333333
3683	We should abolish zoos	against	zoos are the only way we can preserve endangered species.	0	0	0	0	0	0	0	0	0	1	4.333333333333333
7294	We should ban the trading of virtual currencies.	against	Virtual currencies have changed the way of commercial realization. The birth of virtual currency, the token system, is designed to overturn the current business logic.	0	0	0	0	0	0	1	0	0	0	5.5
639	We should ban fast food	against	banning this is a slippery slope to all sorts of objectively unhealthy food on the market	0	0	0	0	0	0	0	0	0	1	4.333333333333333
4210	We should adopt atheism	in favor of	atheism is a helpful belief, if everybody adopted it there would be no wars	0	0	0	0	0	0	0	0	0	1	4.333333333333333
3717	We should legalize sex selection	in favor of	people should be able to utilize new sciences as they please.	0	0	0	0	0	0	1	0	0	0	5.5
7279	We should abolish the 996 overtime system	against	Corporate management seeks to maximize profits, and China's 996 overtime system can reduce operating costs, especially labor costs.	1	0	0	0	1	0	0	0	0	0	5.5
6278	Intelligence tests bring more harm than good	against	intelligence tests are essential because they ensure pupils receive the education that is right for them	1	0	0	0	0	0	1	0	0	1	4.333333333333333
2274	We should adopt atheism	against	we should not adopt atheism because people have a right to believe what ever they want	0	0	0	0	0	0	1	0	0	0	5.5
610	We should abolish intellectual property rights	against	without intellection property rights there is no incentive to research and develop new products	1	0	0	0	0	0	1	0	0	0	5.5
1065	We should ban algorithmic trading	against	algorithmic trading merely enables better decisions in investments utilising technology and intelligence	1	1	0	0	1	0	0	0	0	1	4.333333333333333
1847	We should ban whaling	in favor of	whaling  should be banned because they're killed inhumanely.	0	0	0	0	0	0	0	0	0	1	4.333333333333333
6422	Foster care brings more harm than good	in favor of	Foster care providers are afforded a stipend for each child they take in, leading to the unfortunate situation of too many people taking advantage of the system and providing inadequate care in exchange for government funds.	0	1	0	0	0	0	0	0	0	1	4.333333333333333
6826	Intelligence tests bring more harm than good	against	intelligence tests provide an easy way of assessing the capabilities of individuals.	1	0	0	0	0	0	0	0	0	1	4.333333333333333
6298	We should abandon television	against	Television is the gateway for many to news and education as well as entertainment, it still provides a very valuable function.	1	0	0	1	0	0	1	1	0	0	5.5
6209	Foster care brings more harm than good	against	foster care is open to children who have been lacking love from their parents. they are nurtured and given love by people who have a lot to offer	0	1	0	0	0	0	0	0	0	0	5.0
1928	We should subsidize space exploration	in favor of	we need to find a new planet with resources before we use ours up, putting more into space exploration would help accomplish this.	1	1	0	0	1	0	1	0	0	1	4.333333333333333
7349	We should crack down on unreasonably high incomes.	in favor of	The implementation of property taxes, taxes on the rich, capital gains taxes, asset transfer taxes, etc. The fundamental factor leading to the disparity between the rich and the poor in the past decades is not the pay gap, but the gap brought about by the growth of capital investment.	0	0	0	0	0	0	0	0	0	1	4.333333333333333
3966	We should abandon the use of school uniform	in favor of	School uniforms are often sexist, having different requirements for each gender.	0	0	0	0	0	0	1	0	0	1	4.333333333333333
1773	We should adopt libertarianism	in favor of	libertarianism promotes freedom and liberty in the more fair form for all. the foundation of our country is built on these ideas. there is more equality and freedom through libertarianism.	0	0	0	0	0	0	1	0	0	1	4.333333333333333
514	We should ban the use of child actors	in favor of	the use of child actors exploits a child and can have negative effects on them	0	1	0	0	0	0	1	0	0	0	5.0
4510	We should adopt a zero-tolerance policy in schools	against	we should not adopt a zero-tolerance policy in schools because some of the teachers would misuse the policy	0	1	0	0	0	0	0	0	0	1	4.333333333333333
4366	We should limit executive compensation	against	they are at the top and should be able to make as much as possible.	1	0	0	0	1	0	1	0	0	0	5.5
42	We should abolish the Olympic Games	against	Olympic Games should not be banned. They are the tissue that solidify the friendship between nations in the world and a reminder of a peaceful world which should be the world vision	0	1	0	0	0	0	0	0	0	1	4.333333333333333
5555	We should abandon television	in favor of	we need to abandon tv as it is outdated and there are other venues that provide better entertainment	0	0	0	1	0	0	1	1	0	0	5.5
3979	We should legalize prostitution	in favor of	a man or woman has the right to do what they wish with their body, and if they choose to sell it for sex, the government should not interfere.	0	0	0	0	0	0	1	0	0	0	5.5
7311	We should protect our privacy in the Internet age.	against	The data provided by privacy can be used to analyze user preferences and needs, and can quickly learn about the shortcomings of the product, correspondingly update more business models, and help achieve business improvement. Help companies gain greater competitiveness.	1	0	0	0	0	0	0	0	0	1	4.333333333333333
2033	We should ban the use of child actors	against	these days, child actors are provided with tutors while on set to ensure their education is minimally disrupted and there is more support than there used to be	1	1	0	1	0	0	1	0	0	0	5.0
5570	Intelligence tests bring more harm than good	in favor of	Intelligence tests bring more harm than good because they undermine self esteem for children with lower scores than their classmates.	0	0	0	0	0	0	0	0	0	1	4.333333333333333
2465	We should abolish the three-strikes laws	in favor of	We should abolish the three-strikes laws because they introduce arbitrary punishment for some crimes over others, when the action was the same.	0	1	0	0	0	0	0	0	0	1	4.333333333333333
6145	We should abandon television	against	it can be very educational and full of facts	1	0	0	0	0	0	1	0	0	0	5.5
3802	We should ban algorithmic trading	in favor of	algorithmic trading or computer controlled trading does not allow for last minute trade that take into consideration small rising stocks.	1	0	0	0	0	0	0	0	0	1	4.333333333333333
6303	The use of public defenders should be mandatory	against	whether or not to usa a public defender should be a choice made by the defendant, not the government.	0	0	0	0	0	0	1	0	0	1	4.333333333333333
5458	Holocaust denial should be a criminal offence	against	people have the right to think what they'd like.	0	0	0	0	0	0	1	1	0	0	5.5
