	Conclusion	Stance	Premise	Achievement	Benevolence	Conformity	Hedonism	Power	Security	Self-direction	Stimulation	Tradition	Universalism	Score
6651	Holocaust denial should be a criminal offence	against	holocaust denial is protected under free speech so long as the people are merely denying it and not being violent about it, who are we to say they can't	0	0	1	0	0	0	1	0	0	0	3.0
6114	The vow of celibacy should be abandoned	against	they hold a very high title to which they agreed to be held by all rules.	0	0	1	0	0	0	0	0	1	0	3.5
4981	There should be no immigration from non-European or non-first-world countries 	in favor of	We need to stop all funding to NGOs and all migration organizations within the EU. Then can we talk about how to help the people already here and how to help real people in need.	0	1	0	0	0	1	0	0	0	0	3.0
6982	Military training should be made compulsory for all in India	in favor of	Compulsory military training can also make people stronger physically &amp; emotionally.	0	0	0	0	0	1	0	0	0	0	3.0
3313	We should cancel pride parades	in favor of	they lead to an inconvenience to road users	0	0	1	0	0	1	1	0	0	0	3.0
2221	We should cancel pride parades	in favor of	pride parades have become dangerous because right-wing opponents have tried to disrupt them with violence	0	0	1	0	0	1	0	0	0	0	3.0
3447	We should end mandatory retirement	against	older workers are not as efficient as they age. there comes a point where they need to retire and allow more able bodied younger people to take these jobs.	1	0	0	0	0	1	0	0	1	0	3.0
729	We should legalize cannabis	against	legalizing marijuana leads to more marijuana-related medical emergencies cases and unintentional cannabis overdose injuries among children	0	1	1	0	0	1	0	0	0	0	3.0
6019	Foster care brings more harm than good	in favor of	children with behavioral problems could not adapt well to new homes	0	1	0	0	0	1	0	0	1	0	3.0
4143	We should abolish the right to keep and bear arms	in favor of	Gun ownership only breeds more violence. Guns sold on the consumer market today are inexcusably far too powerful for mere self-defense purposes.	0	1	0	0	0	1	0	0	0	0	3.0
2971	We should ban algorithmic trading	in favor of	algorithms can be hacked and therefore the data isn't safe, and should therefore be banned.	0	1	0	0	0	1	0	0	0	0	3.0
4389	We should subsidize journalism	against	subsidizing everything a person does can drain the pocket overtime.	0	0	0	0	0	1	0	0	0	0	3.0
6866	We should subsidize vocational education	against	vocational education is unhelpful traditional learning should be encouraged	1	1	0	0	0	0	1	0	1	0	3.0
3841	We should ban fast food	against	people should be able to choose what they put into their bodies.	0	0	0	0	0	0	1	0	0	0	3.0
3385	We should ban cosmetic surgery for minors	against	minors still have the ability to make choices, as long as there is informed consent.	0	0	0	0	0	0	1	0	0	0	3.0
2563	We should oppose collectivism	against	collectivism helps to keep everyone in line since the group can ban anyone that steps out.	0	0	1	0	0	1	0	0	0	0	3.0
744	We should adopt an austerity regime	in favor of	austerity regimes needs to be adopted to reduce budget deficits and debt crises	1	1	1	0	0	1	0	0	0	0	3.0
6660	We should subsidize vocational education	in favor of	vocational education can be used as the easy way out for students not willing to put in the work of real college	1	0	0	0	0	0	1	0	0	0	3.0
6813	Homeschooling should be banned	against	homeschooling is a better way to help talented kids get an in-depth knowledge of  the subject they are really good at,	1	0	0	0	0	0	1	0	0	0	3.0
655	We should ban private military companies	in favor of	private military companies have no governmental controls and can do more harm then good.	0	0	0	0	0	0	1	0	0	0	3.0
5998	The vow of celibacy should be abandoned	against	the vow of celibacy shouldn't be abandoned - people should be allowed to do whatever they want to do,	0	0	0	0	0	0	1	0	1	0	3.0
1249	We should ban targeted killing	against	sometimes we need to eliminate threats from afar and not risk putting people in more danger so target killing is necessary.	0	0	0	0	0	1	0	0	0	0	3.0
5079	The EU should develop a European Youth Platform for mental health	in favor of	Such a platform if it provides youngsters with free or at least affordable mental-health assistance, will help them finally able to overcome our society’s barriers to taking care of our mental health and emotional well-being. 	0	0	0	0	0	1	0	0	0	0	3.0
1982	We should ban telemarketing	in favor of	telemarketing is intrusive and violates the right to private property	0	0	0	0	0	0	1	0	0	0	3.0
1230	We should ban private military companies	in favor of	private military companies are not viable solutions because they do nothing to actually solve the problem in the long-term	1	1	0	0	0	1	0	0	0	0	3.0
1363	We should oppose collectivism	against	collectivism gives people something to work on as a team and builds relationships.	1	0	0	0	0	1	0	0	0	0	3.0
1752	We should subsidize embryonic stem cell research	in favor of	embryonic research has proven effective in finding cures for many diseases such as cancer.	1	1	0	0	0	1	1	0	0	0	3.0
5519	Assisted suicide should be a criminal offence	against	people should be allowed to die with dignity if they choose to.	1	0	0	0	0	0	1	0	0	0	3.0
897	We should prohibit school prayer	against	we should not prohibit school prayer because it would violate rights some religions	0	0	0	0	0	0	1	0	1	0	3.0
3172	We should ban the Church of Scientology	in favor of	it is necessary to eliminate the church of scientology for the safety of people	0	1	0	0	0	1	0	0	0	0	3.0
6830	Assisted suicide should be a criminal offence	against	sometimes people who are unable to end their own lives, are in so much pain and anguish that it is cruel to make them keep living, their loved ones need to be able to help them legally.	0	1	1	0	0	0	1	0	0	0	3.0
2975	We should introduce compulsory voting	against	american citizens have the right to choose whether or not they want to vote.	0	0	0	0	0	0	1	0	0	0	3.0
3614	We should legalize cannabis	in favor of	people should be able to decide themselves if they want to use it	0	0	0	0	0	0	1	0	0	0	3.0
2516	We should ban cosmetic surgery for minors	in favor of	minors are not mature enough to make such life altering decisions	0	1	0	0	0	0	0	0	0	0	5.0
983	We should ban telemarketing	in favor of	telemarketing has reached epidemic levels with unregulated frequency that most people would consider a public nuisance.	0	0	1	0	0	1	1	0	0	0	3.0
3608	We should legalize prostitution	in favor of	legalizing prostitution will allow it to be carried out in a safe environment	0	1	1	0	0	1	1	1	0	0	3.0
5256	We do not need immigration from non-European or non-first-world countries. 	in favor of	Immigration is a class issue. At the same time integration is important. Those against this policy should be made to send their children to multicultural schools in order to help with integration.  	0	1	0	0	0	1	0	0	0	0	3.0
3946	We should legalize organ trade	in favor of	organ trade facilitates better health for those who can afford it and better financial outcomes for thouse who provide the organs, hence it should be legalized.	0	0	0	0	0	1	0	0	0	0	3.0
4092	We should legalize cannabis	against	Legalizing cannabis will increase recreational use which could lead to more car accidents caused by people driving while under the influence.	0	0	1	0	0	1	0	0	0	0	3.0
176	We should legalize organ trade	in favor of	Organ sales increase the likelihood that people with rare blood types or conditions can find an organ.	0	1	0	0	0	1	1	0	0	0	3.0
3759	We should adopt atheism	against	we should not adopt atheism because in this country it's a right to practice religion and to believe in god if you so choose.	0	0	0	0	0	0	1	0	1	0	3.0
984	We should legalize sex selection	in favor of	We should legalize sex selection because a ban leads to dangerous back alley procedures, and to more abortions and female infanticide	0	1	0	0	0	1	1	1	0	0	3.0
727	We should subsidize embryonic stem cell research	in favor of	the investigations with mother cells could mean the definitive advance for the human race	1	0	0	0	0	1	1	1	0	0	3.0
4698	India should have 'One Nation - One Election' policy 	against	Frequent elections in the country will bring politicians back to the public frequently whereas cutting down on elections would mean making them lazy for the rest of the term and suddenly becoming overactive during the election year.	1	1	0	0	0	0	0	0	0	0	3.5
6093	We should subsidize vocational education	in favor of	We should subsidize vocational education because there is a compelling state interest in a more skilled workforce.	1	1	0	0	0	1	0	0	0	0	3.0
3300	We should subsidize Wikipedia	in favor of	wikipedia should be financed different ways	1	0	0	0	0	1	0	0	0	0	3.0
3555	We should adopt a multi-party system	in favor of	multi-party systems are proven around the world to work better	1	0	0	0	0	1	0	0	0	0	3.0
4182	We should ban cosmetic surgery	against	people have a right to bodily autonomy and should make their own decisions about their bodies	0	0	0	0	0	0	1	0	0	0	3.0
7302	We should ban the trading of virtual currencies.	against	The trading of virtual currency is secretly named, so as to ensure the privacy protection of his own information content and data information, prevent the leakage of his own data, and improve the safety factor of the system software.	0	0	0	0	0	0	1	0	0	0	3.0
5106	Coronavirus protection should be advertised on TV and social media	against	That's a terrible idea. The government propaganda machine is already going at full steam. Do you have any idea what the psychological impact of these kinds of messages is when you blast them at people all day every day for over a year?  Depression, suicides, and domestic violence are all the consequences of living in a hopeless and high-stress environment for a protracted period of time and are at record levels throughout Europe. In this entire covid crisis the so-called 'health experts' have consequently ignored the fact that your mental state has a direct influence on your health. i.e.: If you're stressed out, you're more likely to get sick. Instead, they have willfully created panic. Just like your ad would.	1	0	0	0	0	1	1	0	0	0	3.0
1717	We should abolish the three-strikes laws	against	three-strikes laws help people realize that what they did was wrong and change their ways before they end up in jail for life.	0	1	1	0	0	1	0	0	0	0	3.0
7334	We should prohibit capital monopoly.	in favor of	The purpose of anti-monopoly is not to combat a few monopolies, but to oppose the abuse of monopoly.	0	0	1	0	0	0	1	0	0	0	3.0
2500	We should subsidize embryonic stem cell research	in favor of	embryonic stem cell research is important in helping to cure diseases and defects.	1	1	0	0	0	1	0	0	0	0	3.0
5840	We should abandon television	in favor of	television giving most lies to the people and knowing that people will be distracted from truth.	0	1	0	0	0	0	1	0	0	0	3.0
2488	We should abolish the right to keep and bear arms	against	we should keep the right to keep and bear arms to protect ourselves from dangerous situations and to keep our homes and our families safe.	0	1	0	0	0	1	0	0	0	0	3.0
951	We should ban cosmetic surgery for minors	against	cosmetic surgery might be the only hope for children born with disfigurements that would have severe impact on self-esteem and lead to psychological issues and childhood trauma.	1	1	0	0	0	1	1	0	0	0	3.0
6472	Entrapment should be legalized	in favor of	it should be legal so that police can get all the drug dealers off the streets	0	0	1	0	0	1	0	0	0	0	3.0
5182	The EU should recognize Taiwan as an independent sovereign state	in favor of	China is acting against European values and violating intellectual property rights.	0	0	1	0	0	0	0	0	1	0	3.5
2812	We should subsidize embryonic stem cell research	against	embryonic stem cell research is against god's will and should be stopped.	0	0	1	0	0	0	0	0	1	0	3.5
3547	We should ban factory farming	against	we need to feed a large population & factory farming helps ensure we  can do that	1	1	0	0	0	1	0	0	0	0	3.0
6317	Entrapment should be legalized	in favor of	entrapment should be considered as legal as giving huge benefit for safe and secure society.	0	0	1	0	0	1	0	0	0	0	3.0
4738	Driverless cars should be allowed in India	in favor of	If driverless cars are allowed in India, they can be used for a variety of other purposes also such as delivery or pickup service, which will also save time and human resources.	1	1	0	0	0	1	0	0	0	0	3.0
2287	We should cancel pride parades	in favor of	pride parades are offensive to a lot of people	0	0	1	0	0	1	0	0	0	0	3.0
4326	We should ban the Church of Scientology	against	people have a right to believe in anything they want to. even though some people are very sceptical of this so called church, society still has a right to practice whatever religion they choose.	0	0	0	0	0	0	1	0	1	0	3.0
312	We should introduce compulsory voting	against	not everyone has a strong opinion on every topic.  those who choose not to participate should have the freedom not to.	0	0	0	0	0	1	1	0	0	0	3.0
713	We should adopt atheism	against	people have the freedom to choose any religion, atheism should not be forced upon people	0	0	0	0	0	0	1	0	1	0	3.0
1872	We should ban fast food	in favor of	fast food has brought so much health damage to our society that control of this type of food is necessary	1	1	0	0	0	1	0	0	0	0	3.0
5992	Surrogacy should be banned	against	surrogacy enables infertile couples to raise their own family.	0	1	0	0	0	0	0	0	0	0	5.0
6521	Social media brings more harm than good	against	social media has allowed us to connect to likeminded individuals around the world whom we wouldn't be able to communicate with otherwise.	0	0	0	0	0	1	0	0	0	0	3.0
3256	We should ban the use of child actors	against	with proper safe-guards in place, including responsible parenting and limited working hours, there is no reason why child actors cannot lead a full life whilst having a career.	1	1	0	0	0	1	1	0	0	0	3.0
172	We should abandon the use of school uniform	against	school uniforms are a good way to keep our kids from looking too sexualized from what they wear	0	0	1	0	0	1	0	0	1	0	3.0
3916	We should abolish the right to keep and bear arms	against	It should not be abolished, it is a tradition, it should be controlled but not removed	0	1	0	0	0	0	1	0	1	0	3.0
5830	The vow of celibacy should be abandoned	against	the vow of celibacy should not be abandoned because if people honor this there would be less deceased in the world	0	0	1	0	0	1	0	0	1	0	3.0
2174	We should ban the use of child actors	against	if a child wants to act they have every right to	1	0	0	0	0	0	1	0	0	0	3.0
2249	We should ban cosmetic surgery for minors	against	we should not ban cosmetic surgery for minors because sometimes they need it if they were in accidents or born deformed	0	0	0	0	0	1	1	0	0	0	3.0
384	We should legalize organ trade	against	Selling organs is dangerous, leading to many deaths on the operating table.	0	0	0	0	0	1	0	0	0	0	3.0
5765	The vow of celibacy should be abandoned	against	celibacy is a major tenant of the catholic church and should be allowed to remain it is a freedom of practice of religion concept. it is a show of faithfulness to god,  a degree of purity most will never have.	0	0	1	0	0	0	1	0	1	0	3.0
64	We should legalize organ trade	in favor of	if we legalize the organ trade we will save lives, by ensuring that more people who need an organ transplant actually get one.	0	0	0	0	0	1	1	0	0	0	3.0
5566	Homeopathy brings more harm than good	in favor of	homeopathy is not an accredited professional, thus allowing anyone who wishes to practice to do so, without qualifications or knowledge of the human body.	1	0	0	0	0	0	0	0	0	0	3.5
6378	Homeschooling should be banned	in favor of	a lot of times, people who homeschool aren't qualified to teach all the subjects needed for a high school  diploma.	1	0	1	0	0	0	1	0	0	0	3.0
7305	We should protect our privacy in the Internet age.	in favor of	Most people have to rely on centralized information distribution and dissemination platforms to publish information. It is easy to control the output and control of ideology, social ideas and hotspots.	0	0	0	0	0	1	0	0	0	0	3.0
7085	We should preserve European culture	in favor of	We should embrace and protect our culture which stands at the basis of our successful society.  We also should watch out for some Europhiles in Brussels who think our culture should be replaced by multi-culturalism because it fits the EU plans better.	1	0	0	0	0	0	0	0	1	0	3.5
5603	Foster care brings more harm than good	in favor of	According to multiple studies, children who go through the foster care system are more likely to deal with mental health issues and disorders than their peers.	0	1	0	0	0	1	0	0	0	0	3.0
5185	There should be no immigration from non-European or non-first-world countries 	in favor of	European citizens are the future of Europe! 	1	0	0	0	0	1	0	0	1	0	3.0
1884	We should adopt a zero-tolerance policy in schools	in favor of	a zero-tolerance policy in schools provides a structured and safe environment for children to learn.	1	1	1	0	0	1	0	0	0	0	3.0
418	We should abolish safe spaces	against	safe spaces are essential to people struggling its mental health problems and getting rid of them would increase their likelihood of abusing drugs to cope.	0	0	0	0	0	1	0	0	0	0	3.0
2974	We should adopt libertarianism	against	libertarianism would lessen government control and lead to anarchy.	0	0	1	0	0	1	0	0	0	0	3.0
6244	Foster care brings more harm than good	in favor of	children in foster care lack stability.	0	1	0	0	0	1	0	0	1	0	3.0
4494	We should ban human cloning	in favor of	human cloning lets people play god.	0	0	1	0	0	0	0	0	1	0	3.5
2719	We should ban missionary work	against	missionaries help feed the hungry, build housing and educate people so we should not stop them even if they are advocating their personal religious beliefs at the same time	0	1	0	0	0	1	0	0	0	0	3.0
980	We should cancel pride parades	in favor of	pride parades are disruptive and cause chaos in towns where they are held.	0	0	1	0	0	1	0	0	0	0	3.0
1781	We should end mandatory retirement	against	We should not end mandatory retirement because the current system in countries like Germany where this is common is not broken.	1	0	1	0	0	1	1	0	1	0	3.0
126	We should stop the development of autonomous cars	in favor of	autonomous cars are prohibitively expensive	0	0	0	0	0	1	0	0	0	0	3.0
4469	We should abolish the right to keep and bear arms	against	the freedom to bear arms has always been a basic right in this country.  people have the right to protect themselves.	1	0	0	0	0	1	1	0	1	0	3.0
610	We should abolish intellectual property rights	against	without intellection property rights there is no incentive to research and develop new products	1	0	0	0	0	0	1	0	0	0	3.0
3606	We should stop the development of autonomous cars	in favor of	we should stop the development of autonomous cars because they won't be able to react in some emergency situations like people will	1	0	0	0	0	1	0	0	0	0	3.0
4493	We should ban fast food	against	people have the free will to choose what they want to eat regardless of how unhealthy it is	0	0	0	0	0	0	1	1	0	0	3.0
3214	We should ban human cloning	against	we should not ban human cloning because the potential scientists can find a cure for a disease	1	1	0	0	0	1	1	0	0	0	3.0
2077	We should ban missionary work	against	missions can provide much needed infrastructure and healthcare projects.	0	1	0	0	0	1	0	0	0	0	3.0
6315	Surrogacy should be banned	in favor of	surrogacy should be banned as it can create complicated and painful situations for the mother and adoptive mother.	0	1	0	0	0	1	0	0	1	0	3.0
305	We should subsidize student loans	in favor of	students should be able to pursue higher education without worrying about being able to afford it. subsidizing students loans would make education more accessible.	1	0	0	0	0	1	0	0	0	0	3.0
4470	We should ban algorithmic trading	against	this should not be banned as it makes trading easier and simpler.	1	0	0	0	0	0	0	1	0	0	3.5
5313	Asylum seekers should only be able to file asylum applications from their home or neighboring country.	in favor of	If asylum applications are filed from abroad the costs for EU taxpayers to handle asylum seekers are reduced. 	0	1	1	0	0	1	0	0	0	0	3.0
1123	We should stop the development of autonomous cars	in favor of	autonomous cars strip drivers of the ability to drive as they please	0	0	0	0	0	1	1	1	0	0	3.0
5454	Foster care brings more harm than good	in favor of	Unlike orphanages in which siblings can largely stay together with the hope of being adopted together, the foster care splits siblings up based on available homes and does very little to try and reunite families.	0	1	0	0	0	1	0	0	0	0	3.0
7245	We should remove unauthorized asylum seekers or migrants.	in favor of	Unauthorized asylum seekers or migrants have no right to be in the country where they are unauthorized.	0	0	1	0	0	0	0	0	0	0	3.5
2030	We should ban cosmetic surgery for minors	against	Increased demand for cosmetic surgery increases innovation, helping people who need conventional surgery.	1	1	0	0	0	1	1	0	0	0	3.0
1016	We should adopt libertarianism	in favor of	libertarianism disavows government control and allows people to have liberties that have been stifled by the governing body.	0	0	0	0	0	1	1	0	0	0	3.0
3954	We should legalize cannabis	against	Cannabis use is too often a gateway  to other harder drugs such as cocaine and heroin so should remain illegal.	0	0	1	0	0	1	0	0	0	0	3.0
6854	Homeopathy brings more harm than good	against	many people find symptomatic relief by using homeopathic remedies	0	0	0	0	0	1	1	0	0	0	3.0
5784	Surrogacy should be banned	in favor of	this is too dangerous for the  parents to be. often the surrogate mother changes her mind.	0	1	0	0	0	1	0	0	0	0	3.0
6253	The vow of celibacy should be abandoned	against	celibacy is connection to the god and any banning on it would be sin and should not be touched.	0	0	1	0	0	0	0	0	1	0	3.5
4354	We should adopt an austerity regime	against	in tough economic times it is critical to increase consumer spending and demand. this cannot be done through an austerity regime.	1	0	0	0	0	1	0	0	0	0	3.0
2738	We should ban the Church of Scientology	against	we live in a free society where people should be allowed to practise whatever religion they choose.	0	0	0	0	0	0	1	0	1	0	3.0
5554	We should abandon television	in favor of	i thinkwe should abandon television only social and educational	1	0	0	0	0	1	0	1	0	0	3.0
3069	We should cancel pride parades	against	people have the right to express themselves.	0	0	0	0	0	0	1	0	0	0	3.0
6821	Foster care brings more harm than good	against	foster care gives children a safer place to go than with abusive family members.	0	0	0	0	0	1	0	0	0	0	3.0
5858	Holocaust denial should be a criminal offence	against	we are supposed to be a modern society of free thought. if someone wants to deny the holocaust, it is their intellectual right.	0	0	0	0	0	0	1	0	0	0	3.0
2653	We should cancel pride parades	against	pride prides are an expression of free speech and therefore, constitutionally protected.	0	0	1	0	0	1	1	0	0	0	3.0
569	We should subsidize space exploration	in favor of	we should subsidize space exploration because someday we may have to leave earth behind once we deplete all our resources or because of a nuclear war.	0	1	0	0	0	1	1	0	0	0	3.0
6156	Assisted suicide should be a criminal offence	in favor of	someone who would assist another person attempt suicide should be locked up.  these people need help to be convinced that suicide is not the answer rather than assisted in their task.	1	1	1	0	0	1	0	0	0	0	3.0
6274	Foster care brings more harm than good	against	foster care ensures that children have a stable home which can not be given with their parents.	0	1	0	0	0	1	0	0	0	0	3.0
280	We should legalize organ trade	in favor of	legalizing organ trade would being about more healthy organs and tissue for transplanting then currently is available.	0	1	0	0	0	1	0	0	0	0	3.0
2807	We should ban cosmetic surgery	in favor of	cosmetic surgery is risky in that it can cause adverse affects.	0	1	0	0	0	1	0	0	0	0	3.0
6146	Foster care brings more harm than good	in favor of	children generally do better when kept in their family home with apropriate help and support rather being placed in foster care	0	1	0	0	0	1	0	0	0	0	3.0
6176	Homeschooling should be banned	against	homeschooling is an excellent alternative for children who are unable to attend normal schools for either emotional or psychological reasons.	0	1	0	0	0	1	1	0	0	0	3.0
6307	Social media brings more harm than good	in favor of	social media is addictive to young people to the point where it affects their education because they are distracted from their studies.	1	0	1	0	0	1	0	0	0	0	3.0
1500	We should legalize organ trade	in favor of	legalizing organ trade would alleviate the shortage of organ donations that the medical system constantly faces.	0	1	0	0	0	1	0	0	0	0	3.0
5200	There should be no immigration from non-European or non-first-world countries 	in favor of	The migrants that are already (legally) here should be taught western values so they and their families can integrate/assimilate, as the age-old saying goes 'when in Rome, do as the Romans do'.	0	0	1	0	0	1	0	0	1	0	3.0
2998	We should ban cosmetic surgery for minors	in favor of	cosmetic surgery for minors is dangerous as they may not be emotionally advanced enough to understand the long term implications and effects.	0	1	0	0	0	1	0	0	0	0	3.0
6427	We should subsidize vocational education	against	subsidizing vocational education is unnecessary as those who have learnt trades can end up making a lot of money.	0	0	0	0	0	0	1	0	0	0	3.0
5129	The current differing legal cultures of the Member States need to be developed into a common legal culture in Europe	against	Legal traditions are different for a reason. They are the result of centuries of organic legal evolution. They cannot be overwritten with a stroke of a pen. 	0	0	1	0	0	0	0	0	1	0	3.5
702	We should oppose collectivism	in favor of	collectivism is a communist strategy and we must reject	1	0	0	0	0	1	1	0	0	0	3.0
1962	We should ban cosmetic surgery	against	cosmetic surgery helps people feel better about their appearance, which can help them create positive changes in other areas of their life.	0	0	0	0	0	1	0	1	0	0	3.0
1464	We should end mandatory retirement	in favor of	we should end mandatory retirement because a person should be able to work for as long as they wish as long as they do not pose as a safety threat to those around them.	1	0	0	0	0	0	1	0	0	0	3.0
4670	Companies should fight moonlighting	against	Moonlighting can help in upskilling. A few people want to learn new skills apart from what they are working on in their primary job. This can help them in developing expertise in their field. Some might get bored with monotonous jobs and hence take up second jobs to learn new skills and thereby make their days exciting.	1	0	0	0	0	0	1	1	0	0	3.0
2213	We should legalize cannabis	against	cannabis creates a stoner subculture which is a blight on our society.	0	0	1	0	0	1	0	0	0	0	3.0
6197	Assisted suicide should be a criminal offence	against	assisted suicide is a compassionate way to help people choosing to end their life in a nonviolent way.	0	1	0	0	0	1	1	0	0	0	3.0
4144	We should ban private military companies	in favor of	private military compnaies do not have the dedication to uphold the lives of citizens, resulting in collateral damage of human lives.	0	0	0	0	0	1	0	0	0	0	3.0
1560	We should stop the development of autonomous cars	against	autonomous cars are the future and some cities already have them.	0	0	0	0	0	0	1	0	0	0	3.0
5204	There should be no illegal migration	in favor of	Entering the EU without a permit automatically excludes a person from any right to receive asylum. 	0	0	1	0	0	1	0	0	0	0	3.0
2126	We should abolish capital punishment	against	Without capital punishment we would have more problems with over-crowding in prisons.	0	0	1	0	0	1	0	0	0	0	3.0
343	We should subsidize embryonic stem cell research	in favor of	supporting embryonic stem cell research is important because it is the future of medicine and it can help scientists to find new cures for diseases.	1	1	0	0	0	1	1	1	0	0	3.0
6629	Intelligence tests bring more harm than good	against	intelligence tests helps to find out gifted kids	1	0	0	0	0	0	0	0	0	0	3.5
6499	We should subsidize vocational education	in favor of	Many of the careers offered at vocational schools provide  essential services to the community.	1	1	0	0	0	1	1	1	0	0	3.0
4931	We need an integrated migration and border policy.	in favor of	The EU member states need to lift together instead of trying to push the burdens onto each other or external nations.	0	1	0	0	0	0	0	0	0	0	5.0
132	We should ban the use of child actors	in favor of	we should ban the use of child actors since it puts so much pressure on them. they should be growing up with a stable life and just enjoy being a kid.	0	0	0	0	0	1	1	0	0	0	3.0
1755	We should adopt libertarianism	in favor of	libertarianism gives us real freedom and keeps the government out of our lives	0	0	0	0	0	0	1	1	0	0	3.0
4836	Frontex should regularly publish transparency reports	against	Frontex interfering with the national border guards doing their sacred duty to protect the border, and then sending anonymous reports to criticize these brave men and women is quite abhorrent. 	0	0	1	0	0	0	0	0	0	0	3.5
5936	Social media brings more harm than good	in favor of	social media brings more harm than good because it allows bullying and online harrassment to take place completely anonymously	0	1	1	0	0	1	0	0	0	0	3.0
1837	We should ban missionary work	in favor of	missionaries basically bribe the poor to change to their religion.	0	0	1	0	0	0	1	1	1	0	3.0
3578	We should ban algorithmic trading	against	we should not put up barriers to what is essentially the application of technology and intelligent application of maths to trading. this prevents progression	1	0	0	0	0	0	1	0	0	0	3.0
1082	We should ban human cloning	against	we shouldn't ban human cloning as it could help aid genetic medical problems	1	1	0	0	0	1	0	0	0	0	3.0
3611	We should legalize prostitution	against	we should not legalize prostitution. it is not right for women or men to make a living by having sex. it will lead to a society in which marriages fall apart and children are harmed in the process.	0	1	1	0	0	1	0	0	0	0	3.0
6460	Social media brings more harm than good	in favor of	cyber bullying continues to be an unresolved issue as well as vulnerability to lack of privacy.	0	0	1	0	0	1	1	0	0	0	3.0
1798	We should end mandatory retirement	in favor of	this measure allows to move pieces in the companies and refresh the work schemes and to adapt to the new times	1	0	0	0	0	0	1	0	0	0	3.0
6647	Intelligence tests bring more harm than good	against	Intelligence tests bring more good than harm because they let teachers identify gifted students who might otherwise go unnoticed because they are shy, ESL, or otherwise do not stand out at first.	1	0	0	0	0	0	0	0	0	0	3.5
4834	Europe should have stronger borders	in favor of	Europe can no longer afford to neglect to defend its external borders and promote policies that favor illegal migration and fuel human trafficking. Strong and effective borders are the pre-condition to any aspect of a common migration policy.	0	0	1	0	0	1	1	0	0	0	3.0
921	We should legalize cannabis	in favor of	the healing properties of cannabis are necessary to alleviate the health of many patients who do not have access to it due to its restriction	0	0	0	0	0	1	1	0	0	0	3.0
6064	The vow of celibacy should be abandoned	against	Remaining celibate has a long history and a major tenet of some religions	0	0	1	0	0	0	0	0	1	0	3.5
3968	We should ban missionary work	in favor of	Missionary workers often travel to foreign countries on false premises, such as to teach or provide aid. But they are really there to spread Christianity.	0	1	0	0	0	0	1	0	1	0	3.0
6004	Homeopathy brings more harm than good	against	homeopathy is better than the alternative prescribed medications that have serious side effects.	0	0	0	0	0	1	1	0	0	0	3.0
6847	Blockade of the Gaza Strip should be ended	against	the blockade of the gaza strip keeps more arms from entering through there which in turn saves lives.	0	0	0	0	0	1	0	0	0	0	3.0
6179	We should subsidize vocational education	against	vocational education is positive but to be subsidize from the government is wrong as there is other causes which should be subsidized.	1	0	0	0	0	1	1	0	0	0	3.0
3055	We should abolish the three-strikes laws	against	the three-strikes law shouldn't be abolished because by having the law it keeps repeat offenders in prisons and gets them off of the streets.	0	0	1	0	0	1	0	0	0	0	3.0
5843	Payday loans should be banned	in favor of	loans only further encourage people to take on debt and buy things they can't afford	0	1	0	0	0	1	0	0	0	0	3.0
2257	We should stop the development of autonomous cars	in favor of	autonomous cars are dangerous because they are operated by a computer which can malfunction or be hacked.	0	1	1	0	0	1	0	0	0	0	3.0
3900	We should legalize sex selection	in favor of	there seems to be no harm to wanting to choose the sex of your baby, particularly if there are hereditary diseases which affect your family that could be stopped by choosing one sex over the other.	0	1	0	0	0	1	1	0	0	0	3.0
4623	IT recruiters should consider skills instead of a degree in programming	against	Even though the new programming languages are replacing the old ones, the basic concepts are the same for almost all the programming languages. So, the one who has a degree in coding will have an advantage over the student from a non-IT background.	1	0	0	0	0	0	0	0	0	0	3.5
1830	We should abolish the right to keep and bear arms	in favor of	there is no rational purpose for arming the populace; it causes more problems than it solves.	0	0	1	0	0	1	0	0	0	0	3.0
6989	Women can be in combat roles	against	There are no much facilities and infrastructure in Indian Army to allow women in combat roles.	0	0	0	0	0	0	0	0	1	0	3.5
3833	We should subsidize Wikipedia	in favor of	wikipedia should be subsidized as it a valuable educational tool.	1	0	0	0	0	0	1	0	0	0	3.0
954	We should subsidize space exploration	in favor of	subsidizing space exploration is a positive move to help advance our space program.	1	1	0	0	0	0	1	1	0	0	3.0
6320	We should abandon television	in favor of	television should be abandoned because it worsens eyesight.	0	0	0	0	0	1	0	0	0	0	3.0
174	We should ban the Church of Scientology	in favor of	the church of scientology is a predatory, litigation-happy organization that serves no good purpose in the world.	1	1	0	0	0	1	0	0	0	0	3.0
3064	We should adopt libertarianism	against	libertarianism sounds brilliant as a theory, but government and societies require rules and frameworks to function, and abolishing these would only lead to chaos.	0	0	1	0	0	1	0	0	0	0	3.0
1626	We should legalize sex selection	against	sex selection could create places where boys outnumber girls by  a lot since there are many places that value boys more than girls, and this could create problems as they get older	0	0	0	0	0	1	0	0	1	0	3.0
5076	There is a necessity for a European framework for the free movement of intensivists 	in favor of	The pandemic has put European Intensive Care Units (ICUs) under extreme pressure. The most important lesson learned early on in the chaos of the pandemic was that equipment and medicines are necessary to save lives, but without adequately trained human resources, these elements are irrelevant. Ventilators don’t operate themselves.   We saw patients in very critical condition being moved away from their families from one Member State to another to receive treatment while allowing the doctors to move would be much more efficient and less life-threatening for the patients. 	1	0	0	0	0	1	1	0	0	0	3.0
1575	We should ban cosmetic surgery for minors	in favor of	we should ban cosmetic surgery for minors because society is making an unrealistic view on children and expecting them to grow up too quickly.	0	0	0	0	0	1	0	0	0	0	3.0
5192	There should be a federal Constitution for a European Federation 	in favor of	The EU is established on treaties, but treaties have no soul. Only a constitution has a soul, provided it is well designed: from, by, and for the people.	0	0	0	0	0	1	0	0	0	0	3.0
3104	We should ban algorithmic trading	in favor of	since algorithmic trading is all computer based, it opens a door for hackers to infiltrate and corrupt trading platforms.	0	1	1	0	0	1	0	0	0	0	3.0
5865	Intelligence tests bring more harm than good	against	intelligence tests often help children excel by allowing them to be placed in appropriate classes or programs based on their individual abilities.	1	1	0	0	0	0	0	0	0	0	3.5
5803	Intelligence tests bring more harm than good	in favor of	intelligence tests bring more harm than good because it will give people low self esteem if they get a low score on the test	0	1	0	0	0	1	0	0	0	0	3.0
6587	The vow of celibacy should be abandoned	against	the vow of celibacy is a very personal and religious choice for some that serve in the ministry and we should not dictate what those personal and religious beliefs should be.	0	0	0	0	0	0	1	0	1	0	3.0
6599	The vow of celibacy should be abandoned	against	this is an established tenet of certain churches. abandoning it would infringe on their freedom of religion	0	0	1	0	0	0	1	0	1	0	3.0
3862	We should abandon the use of school uniform	against	School uniforms can alleviate peer pressure due to clothing choices.	0	0	1	0	0	1	0	0	0	0	3.0
815	We should ban cosmetic surgery for minors	in favor of	minors are too immature to make this decision	1	1	0	0	0	1	0	0	0	0	3.0
1552	We should legalize sex selection	against	we shouldn't legalize sex selection because is moral action in society	0	0	1	0	0	1	0	0	1	0	3.0
3087	We should subsidize student loans	against	if people want to go to college, they need to work hard and earn enough to go	0	1	0	0	0	0	1	0	0	0	3.0
2561	We should abolish the right to keep and bear arms	in favor of	Keeping and bearing arms is dangerous because accidents happen and people could die needlessly.	0	1	0	0	0	1	0	0	0	0	3.0
6667	Holocaust denial should be a criminal offence	in favor of	it should be a criminal offense because of the horrible factual documented suffering that occurred & it should not be trivialized & lied about	0	1	1	0	0	0	0	0	0	0	3.5
5579	Foster care brings more harm than good	against	for a child to live in a foster home must be better than alternatives.  they have a chance of a loving home and even adoption.	0	1	0	0	0	1	0	0	0	0	3.0
1551	We should legalize prostitution	against	legalizing prostitution would erode moral values and reduce the safety of women so it should never be legal.	0	0	1	0	0	1	0	0	1	0	3.0
279	We should ban algorithmic trading	against	algorithmic trading provides people with more opportunities when it comes to trading.	0	1	0	0	0	0	1	0	0	0	3.0
1268	We should prohibit school prayer	against	if parents want their kids to pray at school so be it	0	1	0	0	0	0	1	0	1	0	3.0
1476	We should adopt a multi-party system	against	a multi-party system weakens speed of decision making and ensures no progress is made so we should not adopt it.	0	0	1	0	0	1	1	0	1	0	3.0
6195	We should subsidize vocational education	against	vocational education as an option in schools discourages students from pursuing higher education degrees form universities	1	0	0	0	0	0	1	0	0	0	3.0
3808	We should oppose collectivism	in favor of	collectivism makes people lazy.  why work hard if other people will do it for you?  we should encourage individualism instead where people are encouraged to be innovative and hard working.	1	1	0	0	0	0	1	0	0	0	3.0
4752	Betting and gambling should be legalized in India	against	There is no guarantee that illegal gambling activities will stop.	0	0	1	0	0	0	0	0	0	0	3.5
2014	We should subsidize student loans	against	we should not subsidize student loans because people need to work hard to get their education	1	1	0	0	0	0	1	0	0	0	3.0
3229	We should stop the development of autonomous cars	in favor of	autonomous cars can be easily hacked to cause widespread accidents.	0	0	0	0	0	1	0	0	0	0	3.0
3847	We should ban cosmetic surgery for minors	against	they should be allowed if they are medically necessary.	0	0	0	0	0	1	0	0	0	0	3.0
1871	We should adopt atheism	against	this country was founded on christian principles; we cannot abandon these customs.	0	0	0	0	0	0	1	0	1	0	3.0
358	We should ban telemarketing	against	telemarketing shouldn't be banned, this is a free country and people have the right to call others and solicit items.	0	0	0	0	0	1	1	0	0	0	3.0
4731	News channels are breaking rules to give Breaking news	in favor of	Reporters often try to make victims speak on the incident. Even in the cases of death, reporters rush to the incident and ask questions the victim's family, when they really need some space and time to grieve.	0	0	1	0	0	0	1	0	0	0	3.0
2564	We should legalize prostitution	against	legalizing prostitution promotes the sex trafficking industry	0	0	1	0	0	1	0	0	0	0	3.0
3844	We should ban the use of child actors	in favor of	we should ban the use of child actors because they belong in school	1	0	1	0	0	0	0	0	0	0	3.5
6984	Military training should be made compulsory for all in India	against	Some people do not have enough strength to participate in such intense trainings. They may seem normal from outside but may have mental illnesses. Military trainings can be emotionally and physically daunting for them. In such cases compulsory trainings will be a threat to their life.	1	0	0	0	0	1	0	0	0	0	3.0
6604	Assisted suicide should be a criminal offence	in favor of	i think that an assisted suicide should be a criminal offence because is not legal	0	0	1	0	0	0	0	0	0	0	3.5
4724	We can rely on Cryptocurrencies like Bitcoins	against	Ransomware hackers demanded their payment through bitcoins, because it protects identity of the person in financial transactions.	0	1	0	0	0	1	0	0	0	0	3.0
5727	Foster care brings more harm than good	in favor of	foster care cannot replace the support structure of a real family	0	1	0	0	0	1	0	0	1	0	3.0
3506	We should subsidize Wikipedia	in favor of	wikipedia is an important resource for people looking for information	1	0	0	0	0	0	1	0	0	0	3.0
165	We should adopt libertarianism	against	We should not adopt libertarianism because we need the government to provide essential services that are unprofitable.	0	1	0	0	0	1	0	0	0	0	3.0
5682	Intelligence tests bring more harm than good	in favor of	intelligence tests are really not so much about intelligence but about the ability to take a test so, of course, it does more harm than good in that it will label people wrongly based on their test-taking.	1	0	0	0	0	1	0	0	0	0	3.0
6797	Foster care brings more harm than good	against	foster care was established to help a child with a home rather than an orphanage.  it is not just a warehouse for kids but helps them develop by learning what it is to be in a loving home.	0	1	0	0	0	1	0	0	0	0	3.0
7207	We should prevent the surveillance state	in favor of	The number of video surveillance and control and intervention rights for public authorities is steadily increasing (at least according to my subjective feeling). This puts our free way of life at risk. A person who feels monitored will never really act freely. 	0	0	0	0	0	0	1	0	0	0	3.0
766	We should stop the development of autonomous cars	against	development of autonomous car will make traffic and parking  easier	1	1	0	0	0	1	0	0	0	0	3.0
6382	The vow of celibacy should be abandoned	in favor of	The vow of celibacy is an outdated concept that causes unnecessary stress on those who take them.	0	0	0	0	0	1	0	0	0	0	3.0
7354	We should ease the education involution.	in favor of	Parents play an important role in the education in-volume, and parents with insufficient determination can easily be held hostage by the general environment and bring anxiety to their children, causing a vicious cycle.	1	1	0	0	0	1	0	0	0	0	3.0
3781	We should ban whaling	against	Whaling is an important cultural practice for the Japanese. Rather than banning it, it should be regulated.	0	0	0	0	0	0	0	0	1	0	3.5
5568	Intelligence tests bring more harm than good	in favor of	it does because it is a test that cant cover a persons full knowledge or personality and may brand someone smart when they're not or stupid when they are smart andit could have a major impact on the person.	1	0	0	0	0	1	0	0	0	0	3.0
7292	We should ban the trading of virtual currencies.	in favor of	Virtual currency-related business activities are illegal financial activities, and the provision of services by overseas virtual currency exchanges to Chinese residents through the Internet is also illegal financial activities.	0	0	1	0	0	0	0	0	0	0	3.5
3441	We should introduce compulsory voting	against	no one should be forced to do anything in our country.	0	0	0	0	0	0	1	0	0	0	3.0
6295	Payday loans should be banned	against	Payday loans help people in need when they have an unexpected expense (such as a medical emergency) and cannot wait or cannot qualify for a traditional loan.	0	1	0	0	0	1	0	0	0	0	3.0
4203	We should introduce compulsory voting	against	the penalties on not voting would bring backlash from the society	0	0	0	0	0	1	1	0	0	0	3.0
3364	We should legalize cannabis	against	it is a gateway drug, and we don't want to encourage people to go down this dangerous path.	1	1	1	0	0	1	0	0	0	0	3.0
6628	Assisted suicide should be a criminal offence	against	people have a basic right to bodily autonomy, deciding whether or not to die with minimal suffering and dignity is integral to that right.	0	0	1	0	0	0	1	0	0	0	3.0
3643	We should abolish safe spaces	in favor of	"safe spaces stop young people from developing the ""thick skin"" required to navigate everyday post-university life. the real world does not care about your feelings."	1	1	0	0	0	0	1	0	0	0	3.0
778	We should ban the Church of Scientology	in favor of	the church of scientology is a cult and it should be banned.	0	0	0	0	0	1	1	0	0	0	3.0
4861	The EU needs strong advertising and recruitment strategies for students and qualified employees	in favor of	The EU has, for too long, seen a net exodus or brain drain of highly qualified people.	1	0	0	0	0	1	0	0	0	0	3.0
6527	Holocaust denial should be a criminal offence	against	if one does not believe that the holocaust occurred, then that is there right to practice freedom of speech as defined in the constitution.	0	0	1	0	0	0	1	0	0	0	3.0
2293	We should cancel pride parades	in favor of	pride parades promote improper lifestyles	0	1	1	0	0	0	0	0	1	0	3.5
573	We should abandon the use of school uniform	against	the school uniform generates in the student respect and adherence to the rules. eliminating the use of school uniform goes against the establishment of routine and responsibility towards the institution	0	1	1	0	0	1	0	0	1	0	3.0
2421	We should introduce compulsory voting	in favor of	voting is so important. voter turnout would be much higher if compulsory voting was introduced.	0	1	1	0	0	1	1	1	0	0	3.0
658	We should ban telemarketing	against	telemarketing is very economical and it provides an easy way for companies to offer their products and services to people.  telemarketers are merely asking whether someone wants something or not.	0	0	1	0	0	0	0	0	0	0	3.5
5813	Homeschooling should be banned	against	we have already proven that home-schooled kids attend more extra-curricular activities than public-school kids	1	0	0	0	0	0	0	1	0	0	3.5
3346	We should ban human cloning	against	human cloning helps to eradicate diseases and should not be banned	0	0	0	0	0	1	0	0	0	0	3.0
1034	We should legalize sex selection	against	sex selection is playing god, will create gender imbalances and create negative stereotypes concerning male/female preferences.	0	0	0	0	0	1	0	0	1	0	3.0
409	We should abolish the three-strikes laws	against	a criminal will think twice about committing a crime knowing that the next crime he commits might mean life imprisonment.	0	0	1	0	0	1	0	0	0	0	3.0
253	We should adopt a zero-tolerance policy in schools	against	the zero-tolerance policy is not a good thing at all , kids getting punished for their actions and humiliated in front of a audience is really not the great thing to do.	0	1	0	0	0	0	1	0	0	0	3.0
6892	Payday loans should be banned	against	customers have access to a financial option designed to cover small expenses that arise often and are unexpected should not be eliminated	0	0	0	0	0	1	1	0	0	0	3.0
2642	We should ban fast food	in favor of	Fast food is a leading cause of obesity in the world and needs to be banned.	0	0	0	0	0	1	0	0	0	0	3.0
6925	Consumerism brings more harm than good	against	The middle class benefited tremendously from consumerism. Increased job opportunities, wages, and cheaper goods helped raise their living standards tremendously. The new world order gave them hope that even they could have luxuries like the elite. Through business, they could climb up the social ladder.	1	0	0	0	0	1	0	1	0	0	3.0
6164	Homeschooling should be banned	in favor of	homeschooling prevent children to socialize and confront with others, therefore it should be banned.	0	0	0	0	0	1	0	0	0	0	3.0
587	We should legalize organ trade	in favor of	legal organ trade would help prevent wait lists	1	1	0	0	0	1	0	0	0	0	3.0
6877	We should abandon television	in favor of	too many people sit in front of the television instead of doing physical activity, which is a factor in the increase of obesity	0	0	0	0	0	1	0	0	0	0	3.0
1064	We should ban missionary work	against	it is important that we help the less fortunate.	0	1	0	0	0	1	0	0	1	0	3.0
1018	We should ban the use of child actors	against	child actors are an important part of the acting industry and should continue to be allowed with restrictions to ensure the child's well being.	0	1	0	0	0	0	0	1	0	0	3.5
3361	We should ban whaling	against	banning whaling would take away a tradition from some cultures they've had for hundreds of years.	0	0	0	0	0	0	0	0	1	0	3.5
6870	Homeschooling should be banned	against	homeschooling can lead to a better learning outcome for many children who struggle in the traditional classroom.	1	0	0	0	0	0	1	0	0	0	3.0
4733	Women are better managers than men	in favor of	In general, they've coherent minds, are punctual and are dedicated to their work. These inbuilt qualities do make them better managers than men.	1	0	0	0	0	0	0	0	0	0	3.5
4749	WikiLeaks is not a bane	in favor of	WikiLeaks has won a number of awards, including The Economist's New Media Award in 2008 and Amnesty International's UK Media Award in 2009.	1	0	0	0	0	0	0	0	0	0	3.5
6705	Foster care brings more harm than good	against	children in foster care grow up in loving families that want children	0	1	0	0	0	1	0	0	0	0	3.0
4524	We should ban cosmetic surgery	against	some severe birth defect can be fixed by cosmetic surgery and these people have a right to live their life without the stigma of their  disformity tormenting them for their entire life.	0	1	0	0	0	1	1	0	0	0	3.0
4514	We should ban targeted killing	against	targeted killing allows for prime targets and organizers of terror with ingrain beliefs that result in deadly consequences and should be assassinated for protection of lives.	0	0	0	0	0	1	0	0	0	0	3.0
6600	Social media brings more harm than good	in favor of	children lack social skills when face to face with their peers because they haven't developed skills away from social media.	1	0	1	0	0	1	0	0	0	0	3.0
653	We should oppose collectivism	in favor of	people should be encouraged to individuals	0	0	1	0	0	0	0	0	0	0	3.5
1770	We should subsidize journalism	against	we already are in high enough debt, we don't need to make it worse be subsidizing pointless things.	0	0	0	0	0	1	0	0	0	0	3.0
2625	We should ban human cloning	in favor of	human cloning should be banned as it is equivalent to playing god.	0	1	1	0	0	0	0	0	0	0	3.5
5224	We need an immediate cessation of all immigration.	in favor of	The EU needs to establish a legal means of preventing illegal migration that is encouraged by the Turkish government and by privately funded NGOs, which are acting against the interest of the EU. 	0	0	1	0	0	1	0	0	0	0	3.0
676	We should introduce compulsory voting	against	this is a free country and citizens should have the right to vote or not to vote.	0	0	0	0	0	1	1	0	0	0	3.0
6201	The vow of celibacy should be abandoned	in favor of	the psychological consequences of celibacy are evident after several cases of pedophilia, i do not think the church should persist in this	0	1	1	0	0	1	0	0	0	0	3.0
721	We should ban telemarketing	in favor of	it is a form of harassment to be contacted constantly by telemarketers.	0	0	1	0	0	1	1	0	0	0	3.0
2997	We should introduce compulsory voting	against	it should be the right of the individual whether to vote or not to vote.	0	0	0	0	0	0	1	0	0	0	3.0
6194	Holocaust denial should be a criminal offence	against	making this a criminal offence is against freedom of speech, people who are prosecuted and locked up for this offence would then become political prisoners in what would become an oppressive regime.	0	0	0	0	0	1	1	0	0	0	3.0
6566	Payday loans should be banned	against	there are emergency circumstances in which people need money in a hurry and payday loans assist them in acquiring it.	0	1	0	0	0	1	0	0	0	0	3.0
5602	Holocaust denial should be a criminal offence	against	thought crimes should not be punishable.	0	0	0	0	0	0	1	0	0	0	3.0
2603	We should ban cosmetic surgery	in favor of	cosmetic surgery is not needed, and vain.	0	1	0	0	0	0	0	0	0	0	5.0
5957	Holocaust denial should be a criminal offence	against	free speech should not be a criminal offense.	1	0	0	0	0	0	1	0	0	0	3.0
7327	We should open up three-child policy to encourage childbirth.	against	The people at the Health Planning Commission thought there would be a population explosion after opening up childbirth, but in reality people don't want to have children, whether you restrain them or not.	0	1	0	0	0	0	1	0	0	0	3.0
6799	Foster care brings more harm than good	against	foster care can help a child find a family that truly loves them and gives them everything they need	0	1	0	0	0	1	0	0	0	0	3.0
31	We should ban the Church of Scientology	in favor of	there are questions of it's legitimacy and whether it is a cult as well as the fact that members have to pay more to move up the levels thereby leading some to come into financial troubles due to this	0	1	0	0	0	1	0	0	0	0	3.0
2010	We should prohibit school prayer	in favor of	separation of church and state applies here since schools are sponsored by the state. mandatory prayer would be a major violation of this.	0	0	1	0	0	0	1	0	1	0	3.0
3674	We should legalize sex selection	in favor of	sex selection is a safe tool to help parents attain the family they dream of, thus should be legalized	0	1	0	0	0	0	1	0	0	0	3.0
6801	Social media brings more harm than good	in favor of	social media has brought down levels of happiness and self-satisfaction by making us constantly compare ourselves to an idealized version of our friends.	0	1	0	0	0	1	0	0	0	0	3.0
6893	We should subsidize vocational education	in favor of	We should subsidize vocational education because everyone relies on skilled tradespeople.	1	1	0	0	0	1	0	0	0	0	3.0
1288	We should ban cosmetic surgery for minors	against	minors should be able to make decisions to have cosmetic surgery if it will help their self-confidence.	1	1	0	0	0	1	1	0	0	0	3.0
917	We should adopt gender-neutral language	against	gender-neutral language is unnecessary.	0	1	0	0	0	0	0	0	1	0	3.5
6013	We should subsidize vocational education	against	vocational education should not be subsidized as it would place extra strain on the education budget.	0	0	0	0	0	1	0	0	0	0	3.0
1521	We should adopt libertarianism	in favor of	libertarianism maximizes personal freedom and frees people from the inherent debt and tyranny of big government.	0	0	0	0	0	1	1	0	0	0	3.0
4153	We should ban cosmetic surgery	in favor of	some people who overindulge with plastic surgery may have a mental illness and are on a pathway to self destructive behavior where they are never happy with their new changes	0	0	1	0	0	1	0	0	0	0	3.0
1362	We should legalize prostitution	against	prostitution is a dangerous profession	0	0	1	0	0	1	0	0	0	0	3.0
6537	Assisted suicide should be a criminal offence	against	people should have the right to decide how and when they want to die, particularly if they are suffering from a terminal illness	0	0	0	0	0	0	1	1	0	0	3.0
3098	We should adopt atheism	against	atheism should not be adopted as it would be offensive to various religious groups.	0	0	1	0	0	0	0	0	1	0	3.5
1530	We should ban fast food	in favor of	fast food is unhealthy and causes obesity	0	0	0	0	0	1	0	0	0	0	3.0
6704	The vow of celibacy should be abandoned	against	a vow of celibacy is necessary to the clergy so they can focus every bit of their lives to the church and to god without human distractions.	1	1	1	0	0	0	0	0	1	0	3.5
1678	We should ban fast food	in favor of	we should ban fast food because it is essentially just making obesity the most convenient lifestyle	0	0	1	0	0	1	0	0	0	0	3.0
5867	The vow of celibacy should be abandoned	against	the vow of celibacy should not be abandoned because that is part of some religions	0	0	1	0	0	0	0	0	1	0	3.5
2264	We should stop the development of autonomous cars	in favor of	taxis are already available for people that want to be driven so autonomous cars aren't necessary.	1	0	0	0	0	0	0	0	0	0	3.5
1183	We should ban human cloning	against	human cloning will provide necessary organs when there are few resources	0	0	0	0	0	1	0	0	0	0	3.0
6575	Payday loans should be banned	against	payday loans shouldn't be banned for our well with society	0	0	0	0	0	1	1	0	0	0	3.0
3671	We should adopt a zero-tolerance policy in schools	in favor of	we should adopt a zero-tolerance policy because it will keep kids disciplined and the schools will be safer	0	0	1	0	0	1	0	0	0	0	3.0
3859	We should abolish the right to keep and bear arms	against	People should have the right to defend themselves against the criminal elements of society.	0	0	0	0	0	1	1	0	0	0	3.0
350	We should subsidize space exploration	in favor of	space exploration is the next frontier.	1	0	0	0	0	0	1	1	0	0	3.0
2329	We should legalize sex selection	in favor of	we should be able to choose the sex we wish to have.	0	0	0	0	0	0	1	0	0	0	3.0
4484	We should fight for the abolition of nuclear weapons	against	nuclear weapons development leads to other non-combative discoveries, such as nuclear energy.	1	0	0	0	0	0	1	0	0	0	3.0
2050	We should ban missionary work	in favor of	missionary work is very dangerous for the people involved and provides little benefit to those being ministered to	0	1	0	0	0	1	0	0	0	0	3.0
6743	Intelligence tests bring more harm than good	against	intelligence tests are very useful to determine who needs extra help in core learning and who can be pushed to excel, meaning both high and low scorers are more equipped to reach their full potential.	1	1	0	0	0	0	1	0	0	0	3.0
4551	We should subsidize space exploration	in favor of	we should because we can still learn so much about space.	1	0	0	0	0	0	1	0	0	0	3.0
5449	Homeopathy brings more harm than good	against	homeopathy often gives people hope to cure some illnesses that will never be cured without modern medicine.	0	1	0	0	0	1	1	0	1	0	3.0
320	We should ban human cloning	against	we should allow human cloning as this will be beneficial to scientific advances in the future.	1	1	0	0	0	0	1	0	0	0	3.0
2615	We should ban private military companies	in favor of	private companies have less strict guidelines and less oversight which makes them careless	1	1	1	0	0	1	0	0	0	0	3.0
1976	We should subsidize student loans	in favor of	Student loan costs are becoming outrageous putting people in debt for life.	0	0	0	0	0	1	0	0	0	0	3.0
1607	We should adopt atheism	against	people have the freedom to religion and forcing them to chose a non religious entity is unconstitutional.	0	0	0	0	0	0	1	0	1	0	3.0
6380	Intelligence tests bring more harm than good	against	IQ tests allows students to understand and focus on their intellectual strengths.	1	1	0	0	0	0	1	0	0	0	3.0
6436	Assisted suicide should be a criminal offence	against	people should not have to suffer unduly and a person that assists them in ending it should not be a criminal.	0	0	0	0	0	0	1	0	0	0	3.0
2893	We should abolish safe spaces	against	Safe spaces give people the ability to process issues at their own pace without the added stress of judgement from others.	0	1	0	0	0	1	1	0	0	0	3.0
6554	Foster care brings more harm than good	in favor of	foster kids frequently suffer from depression and turn to drugs later on in life	1	0	1	0	0	1	0	0	0	0	3.0
6730	Social media brings more harm than good	in favor of	studies have shown that social media geared towards young people have caused suicide to go up.	0	0	0	0	0	1	0	0	0	0	3.0
5850	Social media brings more harm than good	in favor of	social media is addictive. people are spending more time in virtual worlds and less time experiencing  personal human interactions.	0	0	1	0	0	0	0	1	0	0	3.5
5833	Holocaust denial should be a criminal offence	in favor of	denying that the holocaust did not exist is a crime to humanity and disrespects the lives of millions of people who suffered.	0	1	1	0	0	0	0	0	0	0	3.5
2898	We should ban fast food	against	many brands are now offering healthier options such as salads & vegetarian foods, just because its called fast food doesn't mean its unhealthy	0	1	0	0	0	1	1	0	0	0	3.0
5508	Intelligence tests bring more harm than good	in favor of	IQ tests can make test-takers discouraged if they receive a bad score. They may not make an effort to succeed, since they already expect to fail.	1	0	0	0	0	0	0	0	0	0	3.5
5002	We need a single immigration policy.	in favor of	But also those people who fear migrants, thinking they are all criminals (while 99% of them are people coming to work, improving their family's life, and paying taxes) will need someone to pay their retirement benefits/ pensions and to push their wheelchairs...	0	0	0	0	0	1	0	0	0	0	3.0
1811	We should subsidize embryonic stem cell research	against	this type of investigations always end up perverting and end up fulfilling dark objectives	0	0	1	0	0	0	0	0	0	0	3.5
5151	Ideology should be aimed at popularizing the best human qualities and stopping everything that is directed against a human	in favor of	Aggression, division, and violence we see in mass media should be stopped. Only the best human qualities should be promoted, this way we will raise a generation of kind, caring, and responsible people.	0	1	1	0	0	0	0	0	0	0	3.5
5576	Homeopathy brings more harm than good	against	homeopathy does not bring more harm than good because it is alternative medicine and some people believe that it is helpful in curing people	0	1	0	0	0	1	1	0	0	0	3.0
3945	We should cancel pride parades	in favor of	pride parades are often have displays of almost naked people and sexual imagery.	0	0	1	0	0	0	0	0	0	0	3.5
3089	We should ban fast food	against	people have the right to decide for themselves what they want to eat	0	0	0	0	0	1	1	0	0	0	3.0
5660	Foster care brings more harm than good	against	sometimes foster care is the safest option for a child. it is far better to remove a child who is being looked after by parents who cannot be trusted not to harm the child.	0	1	0	0	0	1	0	0	0	0	3.0
5074	The President of the European Commission should be directly elected by direct universal suffrage	against	To have a chance that one candidate (with a good chance to win) comes from your own country, I think people from little countries can wait 40 years. This will definitely destroy the European belonging feeling you want to promote with this idea.	0	0	0	0	0	1	0	0	0	0	3.0
5776	Homeopathy brings more harm than good	against	homeopathy does not cause harm, even the placebo effect has been shown to work for some patients if they believe that it will cure them	1	1	1	0	0	1	1	0	0	0	3.0
6646	We should subsidize vocational education	against	Subsidizing vocational education takes money away from other, more worthy causes that help society at large.	0	1	0	0	0	1	0	0	0	0	3.0
1901	We should abolish the right to keep and bear arms	in favor of	there are many people killed every year by guns that were improperly secured	0	1	0	0	0	1	0	0	0	0	3.0
6642	Homeschooling should be banned	in favor of	there is no regulation of homeschooling, so there are many children who do not receive adequate professional tutoring	1	0	1	0	0	0	0	0	0	0	3.5
1955	We should ban cosmetic surgery	in favor of	plastic surgery carries risk and when it goes wrong, the nhs have to pay to repair the damage if the patient is suffering or at risk of serious illness.	0	1	0	0	0	1	0	0	0	0	3.0
6512	Foster care brings more harm than good	in favor of	many children get stuck in the foster care system, having neither their biological family nor a permanent adoptive family	0	1	0	0	0	1	1	0	0	0	3.0
3914	We should stop the development of autonomous cars	against	many people who are not capable to drive, would be able to commute easily with autonomous cars	1	0	0	0	0	1	1	0	0	0	3.0
2828	We should prohibit school prayer	in favor of	prayer in schools should be prohibited, at least in public school as it is a violation of the separation of church and state.	0	0	1	0	0	0	1	0	0	0	3.0
5414	The vow of celibacy should be abandoned	against	keeping moral strength is important to society and refraining from sex is one way to do it	0	1	1	0	0	0	0	0	1	0	3.5
3986	We should ban the Church of Scientology	against	people have the right to freedom of religion and should be allowed to be part of the church of scientology as a constitutional right.	0	0	1	0	0	0	1	0	1	0	3.0
5904	The vow of celibacy should be abandoned	against	the vow of celibacy should not be abandoned because it is a centuries old practice that is considered sacred and holy.	0	0	0	0	0	0	0	0	1	0	3.5
4692	College education should be free for everyone	in favor of	Some students are taking education loans to study and then they have to work hard to repay their loans. Many people are forced to take up jobs immediately after college to repay loans. But with free education, they will have the liberty in career choices like choosing a job or becoming entrepreneurs or experimenting with gigs, etc.	0	0	0	0	0	1	1	0	0	0	3.0
6364	The use of public defenders should be mandatory	against	the use of public defenders shouldn't be mandatory because people should be able to pick their lawyers not have one forced on them	0	0	0	0	0	0	1	0	0	0	3.0
6650	Homeschooling should be banned	against	homeschooling should not be banned since this allows learning to be specifically tailored to the individual child and produces the optimal learning environment.	1	0	0	0	0	0	0	0	0	0	3.5
6811	Homeopathy brings more harm than good	in favor of	homeopathy  creates the mindset that things such as vaccines can be replaced, which in turn can cause the death of others.	0	0	0	0	0	1	0	0	0	0	3.0
156	We should stop the development of autonomous cars	in favor of	they can cause accidents if the equipment fails.	0	0	0	0	0	1	0	0	0	0	3.0
5572	Homeschooling should be banned	in favor of	homeschooling can lead to children not knowing the curriculum and therefore struggling in later life.	1	0	0	0	0	1	0	0	0	0	3.0
3525	We should legalize cannabis	against	the use without measure of cannabis harms the mental health of the people therefore it is necessary that the intention to legalize cannabis be eliminated	0	0	0	0	0	1	0	0	0	0	3.0
4338	We should abolish capital punishment	in favor of	Administering lethal injection violates the Hippocratic oath of doctors.	0	0	1	0	0	0	0	0	1	0	3.5
5668	Assisted suicide should be a criminal offence	against	Assisted suicide helps those who are in pain due to a devastating disease end their own lives on their own terms.	0	0	0	0	0	0	1	0	0	0	3.0
4505	We should ban factory farming	against	factory farming brings more food to the table at lower prices	1	1	0	0	0	1	0	0	0	0	3.0
6415	Homeopathy brings more harm than good	in favor of	none of the products have been tested and some actually have very harmful effects.	0	0	1	0	0	1	0	0	0	0	3.0
6323	The vow of celibacy should be abandoned	against	celibacy is a test of faith and an opportunity through denial to express the importance of that faith. if you make a vow its important to keep to it otherwise it becomes worthless	0	0	1	0	0	0	1	0	1	0	3.0
6208	Foster care brings more harm than good	against	foster care provides a loving atmosphere as opposed to a group home.	0	1	0	0	0	1	0	0	0	0	3.0
1380	We should legalize prostitution	against	legalising prostitution may promote the spread of sexually transmitted diseases.	0	0	1	0	0	1	0	0	0	0	3.0
2425	We should subsidize Wikipedia	in favor of	wikipedia is a valuable common resource that need  more money to work better	1	0	0	0	0	0	1	0	0	0	3.0
5443	Entrapment should be legalized	in favor of	entrapment should be legalized because it can be useful to weed out all the criminals. if you are entrapped, your true self will show if you commit a crime.	0	0	0	0	0	1	0	0	0	0	3.0
3653	We should ban the Church of Scientology	against	We should not ban the church of scientology since people should be able to join any religion they want to.	0	0	0	0	0	0	1	0	1	0	3.0
2178	We should abolish safe spaces	in favor of	they prevent people from being able to express their opinions that might bother someone	0	0	0	0	0	0	1	0	0	0	3.0
2832	We should ban human cloning	against	This could provide organs for transplant patients in dire need as well as many other medical advancements.	1	0	0	0	0	1	1	0	0	0	3.0
3583	We should abolish the right to keep and bear arms	in favor of	by allowing citizens to own guns, the chances of these weapons being stolen by criminals is increased, allowing guns to fall into the wrong hands would be disastrous	0	1	0	0	0	1	0	0	0	0	3.0
1966	We should legalize sex selection	against	it should not be legal, it is  costly and morally wrong	0	1	0	0	0	1	0	0	1	0	3.0
50	We should prohibit school prayer	against	allowing children to pray and take some quiet time in school can be beneficial for their mental health.	0	0	0	0	0	1	0	0	1	0	3.0
4039	We should ban cosmetic surgery	in favor of	cosmetic surgery creates an unhealthy body image in media for children to try and conform to.	0	0	0	0	0	1	1	0	0	0	3.0
6123	Homeschooling should be banned	in favor of	homeschooling doesn't allow the child to have the same social aspect that they would attain at a regular school.	0	1	0	0	0	1	0	0	0	0	3.0
617	We should abolish the right to keep and bear arms	in favor of	the right to keep and bear arms should be abolished because countries with strict gun control are far safer because they have far fewer incidents of violent gun crime	0	0	1	0	0	1	0	0	0	0	3.0
122	We should adopt a zero-tolerance policy in schools	in favor of	children need to learn boundaries and consequences for their actions. they learn faster if there is immediate repercussions than if you let them do it over and over again.	0	1	1	0	0	1	0	0	0	0	3.0
538	We should adopt a multi-party system	against	a multiparty system blurs the citizenship of a vision and model of country. we should not adopt a multiparty system because it would waste valuable time to agree	1	0	1	0	0	1	0	0	0	0	3.0
1286	We should abolish safe spaces	against	young people aren't conscious of what effect what they say has on someone else and a safe space prevents them from doing anything to anyone else	0	0	1	0	0	1	1	0	0	0	3.0
1636	We should abolish the Olympic Games	in favor of	the olympic games should be abolished as they have become a massive corporate sponsorship opportunity that is subject to bribery, cheating and politics	0	1	1	0	0	0	0	0	1	0	3.5
6951	Indian government should increase the minimum legal age of marriage for girls from 18 to 21 years	against	As per the government data of 2017, the average age of marriage for women is increased to 22.1 years. So, the change is voluntary. The change was mainly due to the improving education among women. So, the solution lies in encouraging education for girls, conducting awareness programs on the importance of education, financial independence and the consequences of teenage pregnancies should be conducted instead of passing a law to bring a real change in society.	1	0	0	0	0	0	1	0	0	0	3.0
4465	We should ban private military companies	against	Without private military companies, the military would be ill equipped and not able to get the tools they need,	1	0	0	0	0	1	0	0	0	0	3.0
4403	We should ban cosmetic surgery	against	cosmetic surgery is a choice between a doctor and a patient, and laws should not be made that infringe on those choices.	0	0	0	0	0	0	1	0	0	0	3.0
3999	We should ban cosmetic surgery for minors	against	all people should be able to decide what they want to do with their own bodies.  this includes minors as well.	0	0	0	0	0	0	1	0	0	0	3.0
4271	We should ban cosmetic surgery for minors	against	if a minor has a deformity or scarring, they should be able to have it corrected.	0	0	0	0	0	1	1	0	0	0	3.0
177	We should abolish the right to keep and bear arms	against	the right to bear arms is a fundamental right since the creation of  this country, and should be protected.	0	0	0	0	0	1	1	0	1	0	3.0
7288	We should ban the trading of virtual currencies.	in favor of	Virtual currency is a money laundering channel for criminals.	0	0	1	0	0	0	0	0	0	0	3.5
6408	Foster care brings more harm than good	against	people who provide foster care do so because they want to provide a loving home for children	0	1	0	0	0	0	0	0	0	0	5.0
6515	The use of public defenders should be mandatory	against	people have the right to decline counsel, if they so choose.  public defenders are already overworked, which causes them to unintentionally do an incompetent job in their clients' defense	1	0	0	0	0	1	1	0	0	0	3.0
2334	We should abolish the Olympic Games	in favor of	the olympic games is now redundant as a sporting competition because there are so many professional competitions for sports.	1	0	0	0	0	0	0	0	0	0	3.5
2527	We should oppose collectivism	against	We should support collectivism because it leads to more investment in the community and more growth in the long term.	1	1	0	0	0	0	0	0	0	0	3.5
4200	We should end mandatory retirement	against	mandatory retirement is necessary in some fields to let go of the older, more error-prone workers.	1	0	0	0	0	0	0	0	0	0	3.5
6791	We should abandon television	in favor of	television causes obesity in children as it prevents them from being active.	0	0	0	0	0	1	0	0	0	0	3.0
6150	Assisted suicide should be a criminal offence	against	assisted suicide shouldn't be a criminal offence because it allows the patient to have control over their final decisions	0	0	0	0	0	0	1	0	0	0	3.0
1660	We should abolish the Olympic Games	in favor of	there is too much scandal and controversy that comes out every time the olympics come around.	0	1	1	0	0	0	0	0	0	0	3.5
3170	We should adopt libertarianism	against	we should not adopt libertarianism because that would be forcing a way of life on people that don't want it	0	0	0	0	0	0	1	1	0	0	3.0
3778	We should legalize sex selection	against	countries that used sex selection, like china, now have a problem with two many older men and not enough women to marry them and have more children for the next generation.	0	0	0	0	0	1	0	0	0	0	3.0
1479	We should ban the Church of Scientology	in favor of	the church of scientology is nothing more then a cult that brachurch of scientologyinwashes people.	0	1	0	0	0	1	1	0	0	0	3.0
795	We should ban fast food	in favor of	fast food threatens the health of many americans.	0	0	0	0	0	1	0	0	0	0	3.0
2091	We should adopt atheism	against	anyone is entitled to believe in whatever they want, god or no god	0	0	0	0	0	1	1	0	1	0	3.0
3713	We should abolish the three-strikes laws	against	if people do not learn from their mistakes and corrections then they are unfit to live among society.	0	1	1	0	0	0	0	0	0	0	3.5
1581	We should abolish the right to keep and bear arms	in favor of	there have been too many terrible shootings where the perpetrator has found it easy to amass weapons. making th is harder may limit these shootings.	0	1	1	0	0	1	0	0	0	0	3.0
3904	We should abolish the right to keep and bear arms	against	even if guns fall into the wrong hands, law abiding citizens should be allowed to protect themselves in whichever manner they feel safest with.	0	1	0	0	0	1	1	0	0	0	3.0
4310	We should subsidize student loans	against	student loans should not be subsidized just because people chose to go to colleges that we beyond their means.	0	1	1	0	0	0	1	0	0	0	3.0
46	We should subsidize space exploration	against	there are more important things to spend public funds on such as health care, housing and education.	0	0	0	0	0	1	0	0	0	0	3.0
3025	We should abolish the Olympic Games	against	the olympic games give athletes from all over the world a chance to compete and showcase their talents.	1	0	0	0	0	1	1	0	0	0	3.0
3933	We should adopt atheism	against	people are guided by religion on how to conduct their live and its been around for thousands of years	0	0	0	0	0	0	0	0	1	0	3.5
1355	We should introduce compulsory voting	against	compulsory voting shouldn't be introduce because it forces undecided people to vote for a random people will ruin the quality of elections	1	0	0	0	0	0	1	0	0	0	3.0
4325	We should oppose collectivism	against	collectivity, a group of people can get far more done than individually.	1	0	0	0	0	0	0	0	0	0	3.5
2876	We should ban the Church of Scientology	in favor of	"we should ban the church of scientology because any church that has ""cult like"" teachings should never be allowed to exist."	0	1	0	0	0	1	1	0	1	0	3.0
6363	Blockade of the Gaza Strip should be ended	against	the blockade helps to keep more weapons from entering the area by ship and lessen the ability for violence.	0	1	0	0	0	1	0	0	0	0	3.0
3539	We should stop the development of autonomous cars	in favor of	autonomous cars are not trustable in every aspect of safety. we can't trust the robots and their ability to react in such a situation which humans will react in according of situation.	1	0	0	0	0	1	0	0	0	0	3.0
3341	We should ban cosmetic surgery	in favor of	we should ban cosmetic surgery was dangeous inothe paid bad	0	1	0	0	0	1	0	0	0	0	3.0
5401	Assisted suicide should be a criminal offence	against	if someone is in extreme pain why make them suffer? this is not criminal	0	0	0	0	0	0	1	0	0	0	3.0
5322	Every young European should be asked to go live in another country for 1 year at least	against	No duck would like to live with eagles or sparrows.  That's nature, not wishful thinking.	0	0	0	0	0	0	1	0	0	0	3.0
2484	We should subsidize embryonic stem cell research	in favor of	embryonic stem cell research is important in finding cures.	0	1	0	0	0	0	1	0	0	0	3.0
4616	IT recruiters should consider skills instead of a degree in programming	against	Achieving excellence in anything takes time. Through graduation, students gain so much knowledge in the relevant field. So, it’s easier for employers to train these students for the industrial requirements.	1	0	0	0	0	0	0	0	0	0	3.5
2869	We should subsidize student loans	against	the public should not pay for other peoples lifestyle choices	0	1	0	0	0	1	1	0	0	0	3.0
3823	We should abolish safe spaces	against	in this world of bullying and political devisivness, people need places to go feel safe	0	0	0	0	0	1	0	0	0	0	3.0
6124	Homeschooling should be banned	in favor of	home-schooled children aren't socialized properly and may have difficulty adapting to the general populace	0	0	0	0	0	1	0	0	0	0	3.0
1330	We should subsidize space exploration	in favor of	the future of the human race will rely on moving to other planets in the future therefore we need to subsidize space exploration to speed up research.	1	0	0	0	0	1	1	0	0	0	3.0
866	We should legalize organ trade	in favor of	organs are expensive, and a legal trade can allow for someone in desperate need to get an organ without money or wait times.	0	1	0	0	0	1	1	0	0	0	3.0
1779	We should ban telemarketing	in favor of	we should ban telemarketing because it is annoying and there is no way to tell if the offer is legitimate.	0	1	1	0	0	1	1	0	0	0	3.0
5138	The European Union, as a Union of values, should limit its support to countries that do not want to adhere to European values and violate the rights of their citizens	against	This is an attempt to combine the 'Multi-speed Europe' concept with the idea that European principles and values can be used as ideological clubs to beat those who engage in wrongthinking over the head with. If you insist on a set of shared EU principles and values that go beyond a mere symbolic declaration, these principles and values must include our real heritage: the Judeo-Christian values that have made Europe great. Traditional family values are first and foremost. All these values must be clearly defined in a legal sense.	0	0	1	0	0	0	0	0	1	0	3.5
5845	Social media brings more harm than good	in favor of	social networks push people to isolate themselves socially	0	0	1	0	0	1	1	0	0	0	3.0
2905	We should prohibit school prayer	against	Prayer can be a good way to unite a school and help children to focus on the day ahead.	1	0	1	0	0	1	0	0	1	0	3.0
3235	We should subsidize space exploration	against	space exploration need only be done by the private sector.	0	1	0	0	0	0	0	0	0	0	5.0
1993	We should legalize prostitution	in favor of	prostitution should be legalized as it provides a service and reduces rape and sex crimes	0	0	0	0	0	1	0	0	0	0	3.0
54	We should legalize cannabis	against	cannabis is highly addictive, studies show up to one-in10 users develop dependence over time	0	0	0	0	0	1	1	0	0	0	3.0
6608	Intelligence tests bring more harm than good	against	intelligence tests help teachers to learn how best to teach certain students and are essential in this environment.	1	1	0	0	0	0	0	0	0	0	3.5
200	We should oppose collectivism	against	supporting collectivism is important because groups value is most important in the society which we live today.	1	0	1	0	0	1	0	0	0	0	3.0
1279	We should stop the development of autonomous cars	against	autonomous cars would help the elderly.	0	1	1	0	0	1	0	0	0	0	3.0
5032	The European Union needs to equip itself with the institutional and legal tools to resolve democratic conflicts on sovereignty within its own borders.	in favor of	Catalonia must become independent from the Spanish dictatorial repression that tries to end the Catalan language and culture.	0	0	0	0	0	0	1	0	1	0	3.0
72	We should legalize cannabis	in favor of	Legalizing marijuana would lead to a reduction in gang-related drug violence.	0	0	0	0	0	1	0	0	0	0	3.0
4874	The European Union should support and integrate immigrant people to ensure that they live with dignity and equality with all European citizens	against	Successful migration is only possible when there is a vacancy in the host country, and the migrant has the required qualifications. Unlimited mass migration is the greatest existential threat to the EU.  Even more so than the CO2 threat.	0	0	0	0	0	1	0	0	0	0	3.0
5583	Surrogacy should be banned	in favor of	surrogacy is not a needed thing.  there are enough children in need of adoption that using a surrogate to have a baby so it has your genetic makeup is just selfish.	0	1	0	0	0	0	0	0	1	0	3.5
2396	We should legalize sex selection	in favor of	people should be allowed to pick the sex of their baby, only they know what's best for their child and what kind of life they'll have	0	1	0	0	0	0	1	0	0	0	3.0
3046	We should stop the development of autonomous cars	against	autonomous cars will help prevent wrecks in the future.	0	1	0	0	0	1	0	0	0	0	3.0
2700	We should ban cosmetic surgery for minors	against	parents of minors should be the people making the determination as they know the needs of their own children over government enforcing bans that impede on such.	0	1	0	0	0	0	1	0	0	0	3.0
1978	We should oppose collectivism	in favor of	no two people are entirely alike.  ignoring individual differences and needs does not best serve the whole	0	0	0	0	0	0	1	0	0	0	3.0
515	We should abolish the right to keep and bear arms	against	we should not abolish the right to keep and bear arms because it is a constitutional right to own weapons to protect ourselves.	0	1	0	0	0	1	1	0	1	0	3.0
627	We should abolish the Olympic Games	against	olympic games gives the world a chance to see the talent of many athletes from around the world	0	0	0	0	0	0	0	1	0	0	3.5
3123	We should adopt a zero-tolerance policy in schools	in favor of	we should adopt a zero-tolerance policy in schools then all the children will more likely behave	0	0	1	0	0	0	0	0	0	0	3.5
3211	We should introduce compulsory voting	against	many people are uninformed about the issues and we are better off with them not voting	1	1	0	0	0	1	1	0	0	0	3.0
1605	We should adopt a multi-party system	against	a multi party system will lead to the rise of fringe groups that do not represent the will of the people.	0	0	1	0	0	1	0	0	1	0	3.0
3905	We should ban fast food	in favor of	fast food is unhealthy for us with its ingredients and the way its made	0	0	0	0	0	1	0	0	0	0	3.0
1008	We should adopt a multi-party system	against	multiple parties make choosing a leader harder	1	1	0	0	0	1	0	0	1	0	3.0
3455	We should introduce compulsory voting	against	being forced to do anything inhibits freedom.	0	0	0	0	0	0	1	0	0	0	3.0
2059	We should legalize sex selection	in favor of	Knowing the gender of your baby makes it easier to purchase items for the baby before its birth.	1	1	0	0	0	1	1	0	0	0	3.0
7316	We should restrict minors from playing online games.	against	Instead of banning games, it might be better to increase young people's awareness of life and society, and to promote self-awareness and active thinking among students.	1	1	0	0	0	0	1	0	0	0	3.0
598	We should legalize prostitution	against	legalizing prostitution can many women as well as children vulnerable to the dangerous and immoral legal acceptance of prostitution.	0	1	1	0	0	1	0	0	0	0	3.0
2520	We should ban private military companies	in favor of	the military is the last thing that should be profit driven, reliance on such companies can invoke catastrophe.	1	1	0	0	0	1	1	0	0	0	3.0
4648	5G services should be available across India	in favor of	The government will be able to improve its governance and give a boost to its digital India initiative, which aims to ensure the government’s services are made available to citizens electronically, making the country digitally empowered in the field of technology.	1	1	0	0	0	1	1	0	0	0	3.0
4569	We should encourage people to take part in Fit India Movement	in favor of	This movement has the potential to make more people embrace traditional Indian martial art forms like Kathi Samu, Musti Yudha, etc, and traditional dance forms and also healthy Indian snacks. And as a byproduct, this may result in creating some jobs.	0	0	0	0	0	1	0	1	1	0	3.0
4550	We should adopt libertarianism	in favor of	libertarianism reduces the oppression of big government and gives more freedom to the pople	0	0	0	0	0	0	1	0	0	0	3.0
2774	We should adopt a zero-tolerance policy in schools	in favor of	the security of child and teachers is esential for all	0	0	1	0	0	1	0	0	0	0	3.0
4356	We should abolish safe spaces	against	we should not abolish safe spaces because they help many people	0	1	0	0	0	0	0	0	0	0	5.0
5549	Homeschooling should be banned	against	homeschooling should not be banned because some kids get picked on and a safe home setting is best place to learn.	1	0	0	0	0	1	0	0	0	0	3.0
671	We should adopt libertarianism	in favor of	libertarianism allows people to make their own choices without government interference.	0	0	0	0	0	0	1	0	0	0	3.0
2253	We should stop the development of autonomous cars	in favor of	autonomous cars could increase accidents	0	0	0	0	0	1	0	0	0	0	3.0
7241	We should stop immigration.	in favor of	The organization of mass migration is a heinous crime. No more immigration from non-European or non-first-world countries.	0	1	1	0	0	1	1	0	0	0	3.0
1232	We should cancel pride parades	in favor of	religious individuals may object to pride parades	0	0	1	0	0	0	1	0	1	0	3.0
6406	The vow of celibacy should be abandoned	against	celibacy vows are a choice that people should be allowed to make.	0	0	0	0	0	0	1	0	0	0	3.0
5822	Surrogacy should be banned	against	surrogacy is the answer to prayers for many couples who cannot have their own child, the gift of a baby by the surrogate is the ultimate gift, the chance of a family.	0	1	0	0	0	0	0	0	0	0	5.0
6345	Social media brings more harm than good	in favor of	people use social media to spam people.	0	1	1	0	0	0	1	0	0	0	3.0
6360	Homeopathy brings more harm than good	against	in conjunction with medical care, it can give people hope	0	1	0	0	0	1	0	0	0	0	3.0
6987	Adultery should be criminalized	against	Families will be broke if one of the parent sends the other one to jail. It creates a lot of mental trauma to the children involved.	0	1	0	0	0	1	0	0	0	0	3.0
5530	Entrapment should be legalized	in favor of	when a person is entrapped, it is because they pose a danger to the community hence the need for it.	0	0	0	0	0	1	0	0	0	0	3.0
137	We should ban missionary work	in favor of	people should keep their religion to themselves	0	0	1	0	0	1	1	0	0	0	3.0
1485	We should prohibit school prayer	in favor of	Many students do not believe in prayer and school prayer should be stopped because it does infringe on other students' rights not to pray.	0	0	0	0	0	0	1	0	1	0	3.0
4610	Political parties should be brought under RTI (Right to Information) Act	against	If political parties come under the RTI, it will affect their smooth internal functioning. Rivals may use RTI to malign each other. Also, since the political parties are not connected to the public directly, an RTI would be invalid.	1	1	1	0	0	1	1	0	0	0	3.0
6478	Social media brings more harm than good	against	For a company, social media platforms are a great way to keep in touch with their customer base and showcase new products.	1	0	0	0	0	0	0	0	0	0	3.5
7074	We should improve migration policies 	against	It may be great to admit a few talented immigrants, but the EU is now following its steep nose dive leading to the rapid disappearance of Europe.	1	0	0	0	0	1	0	0	1	0	3.0
183	We should subsidize embryonic stem cell research	against	it is against certain religious beliefs and can be seen as immoral	0	0	1	0	0	1	0	0	1	0	3.0
3129	We should abandon the use of school uniform	against	school uniforms makes sure bullying and kids getting picked on is kept at a minimum.	0	0	1	0	0	1	0	0	0	0	3.0
4383	We should ban human cloning	against	cloning could prevent defective genes from being passed	0	0	0	0	0	1	0	0	0	0	3.0
4021	We should ban human cloning	against	human cloning could give us a better understanding of the human body thus leading to medical breakthroughs.	1	0	0	0	0	1	1	0	0	0	3.0
514	We should ban the use of child actors	in favor of	the use of child actors exploits a child and can have negative effects on them	0	1	0	0	0	0	1	0	0	0	3.0
3093	We should ban cosmetic surgery for minors	in favor of	yes i think that we should ban cosmetic surgery for minors because in not fot them	0	1	1	0	0	0	0	0	0	0	3.5
2187	We should adopt atheism	against	freedom to choose a religion is a human right	0	0	0	0	0	0	1	0	1	0	3.0
1630	We should ban telemarketing	against	telemarketing is a form of sales that has been around for years and without it many jobs would be lost.	1	1	0	0	0	1	0	0	0	0	3.0
6248	Homeschooling should be banned	against	children who homeschool have surpassed their public school peers in standardized testing by an overall 10% better performance.	1	0	0	0	0	0	0	0	0	0	3.5
1246	We should legalize prostitution	against	legalizing prostitution sends the message that prostitution is okay, but it is not. prostitution is just the tip of the iceberg of human trafficking and abuse. it should not be condoned.	0	0	1	0	0	1	0	0	0	0	3.0
5445	We should abandon television	in favor of	people spend too much time watching television at the cost of more active pursuits	0	0	0	0	0	1	0	0	0	0	3.0
4847	Immigrants should receive help from the EU through integration programs	in favor of	It is essential that European principles and values are taught to migrants, including an explanation of the reasoning behind these principles and values. It would be best that this is provided both in the person's mother tongue and in the language of the host country. 	1	1	0	0	0	0	0	0	1	0	3.5
5003	The EU should immediately end the refugee deal with Turkey.	against	Without the refugee deal, the migrants will return to invade us. 	0	1	0	0	0	1	0	0	0	0	3.0
6192	Homeopathy brings more harm than good	against	when no effective alternatives exist the placebo effects of homeopathy are to be supported.	1	1	0	0	0	1	0	0	0	0	3.0
5283	The European Union has no other choice than to reject all immigration, except for workers they need.	in favor of	The EU is not responsible for the entire World.	0	1	1	0	0	1	1	0	0	0	3.0
5857	Foster care brings more harm than good	against	Foster care provides a safe, secure environment for neglected and abused children.	0	1	0	0	0	1	0	0	0	0	3.0
108	We should subsidize journalism	against	We should not subsidize journalism because there is already sufficient coverage of major issues from different viewpoints without government action.	0	0	0	0	0	1	1	0	0	0	3.0
3956	We should ban factory farming	against	we should not ban factory farming as it is the most efficient method of farming to produce enough food for the population.	1	1	0	0	0	1	0	0	0	0	3.0
2397	We should ban whaling	against	if a county wants to hunt and kill whales they should be allowed to do so	0	0	0	0	0	0	1	0	1	0	3.0
6395	Homeschooling should be banned	in favor of	homeschooling is not a  viable option for students as many colleges do not recognize them as accredited.	1	1	0	0	0	1	0	0	0	0	3.0
971	We should ban human cloning	against	cloning of organs can and will save many lives, people who need organ transplants could be saved by cloning organs for them rather than waiting for others to die, cloned limbs would also help disabled people.	0	1	0	0	0	1	0	0	0	0	3.0
6807	Foster care brings more harm than good	against	foster care helps many children that need love and support from others.	0	1	0	0	0	1	0	0	0	0	3.0
198	We should ban human cloning	against	though it may sound awful, human cloning can provide perfect matches for organ transplants and prolong the lives of people.	0	1	0	0	0	1	0	0	0	0	3.0
636	We should stop the development of autonomous cars	against	we should not stop the development of autonomous cars because it will help the people more easily on driving and will provide more safety.	0	0	0	0	0	1	0	0	0	0	3.0
5691	Foster care brings more harm than good	against	most foster families are good and provide a safe environment.	0	1	0	0	0	0	0	0	0	0	5.0
5747	Assisted suicide should be a criminal offence	in favor of	assisted suicide is heartless and inhumane	0	1	0	0	0	0	0	0	1	0	3.5
4123	We should ban factory farming	against	factory farming supports our large consumption of meat, and without it people would not be able to meet their demands for meat.	1	1	0	0	0	1	0	0	0	0	3.0
1494	We should ban telemarketing	against	under any circumstance, telemarketing is a source of employment for many people. banning it will result to tens of thousands losing their jobs.	1	0	0	0	0	1	1	0	0	0	3.0
2326	We should adopt libertarianism	in favor of	we should adopt libertarianism because it gives citizens more freedom to live their live how they want	0	0	0	0	0	1	1	1	0	0	3.0
2973	We should subsidize Wikipedia	against	wikipedia has always been free to use and should continue to be free without subsidies.	0	0	1	0	0	1	0	0	0	0	3.0
1602	We should ban the use of child actors	in favor of	there is a risk of children exploitation by forcing them to act things they wouldn't normally do in life	0	1	1	0	0	0	0	0	0	0	3.5
2659	We should ban telemarketing	in favor of	telemarketers  try to force a product or service without caring if you even need it	0	1	1	0	0	0	0	0	0	0	3.5
2062	We should subsidize embryonic stem cell research	in favor of	embryonic stem cell research should be subsidized to speed up the rate that cures for serious illness are identified speedily.	1	1	0	0	0	1	1	0	0	0	3.0
1409	We should adopt libertarianism	against	we should not adopt libertarianism because total individuality would create chaos.	0	0	1	0	0	1	0	0	0	0	3.0
5052	The President of the European Commission should be directly elected by direct universal suffrage	against	A direct election of a European president is a travesty of democracy. It would be only a mediatic competition among 'plastic' leaders.  Something very similar to The Simulacra (Dick's 1964 science fiction novel).  We are not a 'nation', we are a confederation of nations.	0	0	0	0	0	0	1	0	0	0	3.0
5703	Foster care brings more harm than good	against	couples who cannot have children of their own, are able to love and care for a child	0	1	0	0	0	0	0	1	0	0	3.5
66	We should ban private military companies	in favor of	private military companies could be a danger to our national security because their motives are financial in nature which means they could act in ways that are not in our country's best interest politcally.	0	0	0	0	0	1	0	0	0	0	3.0
4348	We should legalize organ trade	in favor of	organ trade should be legalized to help meet the demand of patients waiting for a life saving transplant	0	1	0	0	0	1	1	0	0	0	3.0
6056	We should abandon television	in favor of	we should abandon television because people just want to sit around watching and becoming lazy	1	1	1	0	0	0	0	1	0	0	3.5
6130	The vow of celibacy should be abandoned	against	the vow of celibacy shouldn't be abandoned for the divinity and holy spirit	0	0	1	0	0	0	0	0	1	0	3.5
5899	Surrogacy should be banned	against	surrogacy is a way to bring the happiness of parenthood to a couple who would otherwise not have been able to enjoy it	0	1	0	0	0	1	1	0	0	0	3.0
3690	We should prohibit school prayer	against	school prayer brings people together in fostering an atmosphere of peace and understanding, and should be seen as a message of universality rather than an appeal to a single religion.	0	0	0	0	0	1	0	0	1	0	3.0
3975	We should ban targeted killing	in favor of	target killing is just another word for assassinations which are against international laws.	0	0	1	0	0	0	0	0	0	0	3.5
4382	We should abandon the use of school uniform	against	the use of school uniforms can eliminate many social issues among students.	0	1	1	0	0	1	0	0	0	0	3.0
4764	Homeschooling should be encouraged in India 	in favor of	Children can better explore themselves when they do not have constraints.	0	0	0	0	0	0	1	0	0	0	3.0
6161	Intelligence tests bring more harm than good	against	they help to identify gifted children and help parents to develop their children talents	1	1	0	0	0	0	1	0	0	0	3.0
6200	Payday loans should be banned	in favor of	payday loans are legalized usury and lead families into a debt trap that they can never escape.	0	1	1	0	0	1	0	0	1	0	3.0
3174	We should ban human cloning	against	can lead to many medical breakthroughs that may help cure and or treat many different disease	1	1	0	0	0	1	1	0	0	0	3.0
5284	 Foreign Policy at the EU level should be based on an absolute majority, not unanimity.	against	Changing the EU foreign policy voting procedure will cause serious problems.	1	0	1	0	0	1	0	0	1	0	3.0
6209	Foster care brings more harm than good	against	foster care is open to children who have been lacking love from their parents. they are nurtured and given love by people who have a lot to offer	0	1	0	0	0	0	0	0	0	0	5.0
1193	We should introduce compulsory voting	against	if someone has no choice it is wrong to insist that they choose	0	0	0	0	0	0	1	0	0	0	3.0
107	We should subsidize space exploration	in favor of	there is so much more to explore and learn about space that subsidising space exploration would bring us closer to learning and understanding what is beyond our planet.	1	0	0	0	0	0	0	0	0	0	3.5
4238	We should ban cosmetic surgery	against	banning cosmetic surgery is like banning freedom of speech.	0	0	0	0	0	0	1	0	0	0	3.0
5963	Foster care brings more harm than good	in favor of	children may never have somewhere to call a forever home because they're moved around so much, and therefore can't form attachments to any specific family.	0	1	0	0	0	1	0	0	0	0	3.0
526	We should oppose collectivism	against	collectivism enables communities to work together for the greater good.	1	0	0	0	0	1	0	0	0	0	3.0
1002	We should legalize organ trade	in favor of	legalising organ trade would put an end to the black market trading.	0	1	1	0	0	1	0	0	0	0	3.0
5916	The vow of celibacy should be abandoned	against	the vow of celibacy is necessary for those embracing a religious career, it helps them focusing on spiritual matters rather than physical needs	0	0	1	0	0	0	0	0	1	0	3.5
2969	We should legalize organ trade	against	organ trade opens up a new crime opportunity with people killing to obtain organs needed	0	0	1	0	0	1	0	0	0	0	3.0
1241	We should cancel pride parades	in favor of	people dont want to have gay people thrown in their face if they dont approve of them	0	0	1	0	0	0	1	0	1	0	3.0
233	We should ban the Church of Scientology	in favor of	the church of scientology encourages the isolation of it's members. this may lead to some members essentially being help against their will.	0	1	0	0	0	1	1	0	0	0	3.0
4933	Permanent non-EU nationals who are living in the European Union should have more rights.	against	Paying taxes is not enough, if you want to become a citizen with full rights you need to fully embrace the country you live in.	0	0	0	0	0	1	0	0	1	0	3.0
5693	Homeopathy brings more harm than good	against	homeopathy has been proven to have a successful effect on many people, so if the end results are good it has to be worth a shot.	1	0	0	0	0	1	1	0	0	0	3.0
3053	We should legalize organ trade	in favor of	if we legalize the organ trade will will be able to save more lives and keep these organs out of the hands of the crime network.	0	0	1	0	0	1	0	0	0	0	3.0
2765	We should legalize organ trade	in favor of	we should legalize organ trade because people would benefit by having a better life	0	1	0	0	0	1	0	0	0	0	3.0
826	We should ban targeted killing	against	TARGETED KILLING MAKES THE WORLD A SAFER PLACE REMOVING THOSE PEOPLE WHO AIM TO HARM OTHERS	0	0	0	0	0	1	0	0	0	0	3.0
2676	We should ban the Church of Scientology	against	freedom of religion should allow the church of scientology to keep operating	0	0	1	0	0	0	1	0	1	0	3.0
5751	Surrogacy should be banned	in favor of	surrogacy has led to numerous problems in recent times. there's been cases of forced surrogacy. there's been surrogate mothers who refuse to give the child to the parents. it's safer to do away with it.	0	1	0	0	0	1	1	0	0	0	3.0
3425	We should abolish capital punishment	against	people need to learn how to follow rules so capital punishment should be allowed	0	0	1	0	0	1	0	0	0	0	3.0
3747	We should adopt a zero-tolerance policy in schools	in favor of	we need to have the safest possible learning environment, as this enables students to perform at their best.	1	0	0	0	0	1	0	0	0	0	3.0
5744	We should abandon television	in favor of	television makes people lazy and they get fat	1	0	1	0	0	1	1	0	0	0	3.0
2394	We should legalize prostitution	against	prostitution is immoral and goes against all the values ​​of a decent society	0	0	1	0	0	1	0	0	1	0	3.0
2426	We should adopt atheism	against	the right to practice religion is a personal freedom that cannot be taken away as it is a source of comfort to many.	0	0	0	0	0	1	1	0	1	0	3.0
6778	Foster care brings more harm than good	in favor of	foster care has mostly bought medical problems to the children and lead to many deaths.	0	1	0	0	0	1	0	0	0	0	3.0
988	We should abandon the use of school uniform	against	school uniforms will stop children from wearing and showing offense logos, words, etc., to their peers.	0	0	1	0	0	1	0	0	0	0	3.0
6332	We should subsidize vocational education	against	Subsidies should be given only if they lead to a general public good, and careers for a select few people who go to vocational schools do not qualify as a public good.	0	1	0	0	0	1	1	0	0	0	3.0
4976	The EU should immediately end the refugee deal with Turkey.	against	The EU leadership fails to carry out its fundamental duties: guard its border and protect its own people. Even 30 years after Schengen was introduced. 	0	1	0	0	0	1	0	0	0	0	3.0
1033	We should abandon the use of school uniform	against	school uniform enables all children to look the same, thus reducing the likelihood of bullying.	0	0	1	0	0	1	0	0	1	0	3.0
5523	Holocaust denial should be a criminal offence	against	People have the right to free speech even if their perspectives are vile and abhorrent. This means the state can't criminalize holocaust denial.	0	0	0	0	0	0	1	0	0	0	3.0
1645	We should stop the development of autonomous cars	against	we should not because it will cause much less accidents on the road.	1	1	1	0	0	1	0	0	0	0	3.0
545	We should adopt libertarianism	against	We should not adopt libertarianism because people's lives are better when they know they have a social safety net to fall back on, and that they won't starve if they lose their job.	0	1	0	0	0	1	0	0	0	0	3.0
5407	Assisted suicide should be a criminal offence	in favor of	Assisted suicide is a criminal offence as it centers on the intentional death of a human being.	0	1	0	0	0	1	0	0	0	0	3.0
3183	We should ban factory farming	against	factory farming is an efficient way of providing affordable for for people. without it the price of meat will escalate and will be beyond the pocket of many people.	1	1	0	0	0	1	0	0	0	0	3.0
6308	Holocaust denial should be a criminal offence	against	you can not tell a person how they should or should not believe and making holocaust denial a criminal offense is an unnecessary intrusion.	0	0	0	0	0	0	1	0	0	0	3.0
357	We should subsidize Wikipedia	in favor of	wikipedia is a wonderful source of information for students and adults alike.	1	0	0	0	0	0	1	0	0	0	3.0
2116	We should adopt atheism	against	atheism will destroy the world by unleashing godless people running the government with no morals or ethics and should not be adopted.	0	1	1	0	0	1	0	0	0	0	3.0
1411	We should ban the Church of Scientology	against	scientology should not be banned as people have the right to worship in whatever religion they wish and in a way they wish to.	0	0	0	0	0	0	1	0	1	0	3.0
5804	Social media brings more harm than good	in favor of	social media can be detrimental to mental health as it can lead to inaccurate ideas about other people's lives. this is because people will often post the best parts of their lives.	0	0	0	0	0	1	0	0	0	0	3.0
3960	We should subsidize embryonic stem cell research	in favor of	embryonic stem cell research could lead to massive scientific break through that could save millions of lives. funding this would mean the difference of life and death to many people.	1	0	0	0	0	1	1	0	0	0	3.0
89	We should prohibit school prayer	in favor of	prayer in schools violates a person's right to follow whatever religion they choose.	0	0	0	0	0	0	1	0	1	0	3.0
1668	We should oppose collectivism	in favor of	collectivism decreases individual rights by forcing them to conform to what the group deems best	0	0	0	0	0	0	1	0	0	0	3.0
2082	We should legalize organ trade	in favor of	adapting such a practice will abolish the black market where such a trade takes place.	0	1	1	0	0	1	0	0	0	0	3.0
6174	Surrogacy should be banned	in favor of	Surrogacy should be banned as there are many children and babies who need adopting and that would be a better way for childless couples to have families.	0	1	1	0	0	0	0	0	0	0	3.5
1120	We should ban the Church of Scientology	in favor of	this church has harmed countless people and should be labeled more as a cult	0	1	0	0	0	1	0	0	0	0	3.0
604	We should subsidize embryonic stem cell research	in favor of	embryonic stem cell research is an advanced medicine progress that should not be stopped	1	0	0	0	0	1	0	1	0	0	3.0
6822	We should subsidize vocational education	in favor of	Vocational education is key to getting more skilled workers,	1	0	0	0	0	1	0	0	0	0	3.0
1069	We should end mandatory retirement	in favor of	Mandatory retirement forces people who are still excellent at their jobs to quit working long before they are ready.	1	0	1	0	0	0	1	0	0	0	3.0
855	We should subsidize embryonic stem cell research	against	embryonic stem cell research requires the destruction of human embryos and so is considered unethical by many people	0	1	0	0	0	0	0	0	1	0	3.5
5757	Entrapment should be legalized	in favor of	people should be allowed to entrapment because it's another way to express themselves	0	0	0	0	0	0	1	0	0	0	3.0
6095	Assisted suicide should be a criminal offence	against	it is more humane to help the person die than to let them suffer excruciating pain	0	1	0	0	0	1	1	0	0	0	3.0
4863	The EU should have common taxation and social policy	in favor of	The future is 'work mobility'; thus we need to simplify taxation, enhance remote working opportunities, and enable inter-country recruitment for companies.	1	0	0	0	0	1	1	0	0	0	3.0
6620	We should subsidize vocational education	in favor of	our workforce is too focused on white collar jobs and we need hands on dirty work to keep america running	1	1	0	0	0	1	0	0	0	0	3.0
7239	We should punish illegal immigrants and only accept legal immigrants.	in favor of	Countries that send immigrants illegally are not trustable and should get blacklisted for traveling toward Europe or economically.	0	1	1	0	0	1	0	0	0	0	3.0
3099	We should ban the use of child actors	in favor of	we should prohibit this because it affects the development and normal behavior of children	1	1	0	0	0	1	0	0	0	0	3.0
2920	We should adopt a zero-tolerance policy in schools	in favor of	zero tolerance in schools to avoid further shootings and also to avoid cases of bullying	0	0	1	0	0	1	0	0	0	0	3.0
7310	We should protect our privacy in the Internet age.	in favor of	Attackers can use their own security-aware enterprise users as a breakthrough to attack from the short end of the barrel, making other enterprise users of the same cloud platform equally dangerous.	0	0	1	0	0	1	0	0	0	0	3.0
2182	We should abandon the use of school uniform	in favor of	mandatory uniform policies denying parents rights to raise children without government intervention	0	0	0	0	0	0	1	0	0	0	3.0
6983	Military training should be made compulsory for all in India	against	Most of the reserve force will not be utilized, which means huge amounts of expenditure on trainings will go in vain.	0	0	0	0	0	1	0	0	0	0	3.0
2427	We should adopt a zero-tolerance policy in schools	in favor of	zero-tolerance policies provide a safe space	0	0	0	0	0	1	0	0	0	0	3.0
6109	Homeschooling should be banned	against	homeschooling should not be banned because it is a right for parents to educate their children in their comfort of home	0	1	0	0	0	1	1	0	0	0	3.0
6222	Intelligence tests bring more harm than good	in favor of	they can lead to a feeling of insecurity	0	0	0	0	0	1	0	0	0	0	3.0
6416	The use of public defenders should be mandatory	against	Making the use of public defenders mandatory is an unfair obligation placed on a state.	0	0	0	0	0	1	1	0	0	0	3.0
3261	We should ban cosmetic surgery	against	cosmetic surgery as helped a lot of accident victims regain there injured and lost body parsty	0	0	0	0	0	1	1	0	0	0	3.0
3111	We should adopt a zero-tolerance policy in schools	in favor of	this would ensure everyone got punished if they broke a rule	0	1	1	0	0	0	0	0	0	0	3.5
6217	Intelligence tests bring more harm than good	against	intelligence testing can help a child receive specialized assistance if found to be of a lower iq and requiring such.	1	1	0	0	0	0	0	0	0	0	3.5
3974	We should stop the development of autonomous cars	against	autonomous cars are the future. much safer than driving home drunk.	0	0	0	0	0	1	0	0	0	0	3.0
6077	Intelligence tests bring more harm than good	in favor of	intelligence tests bring more harm than good because people can get competitive over them which can lead to isolation.	0	1	0	0	0	1	0	1	0	0	3.0
3726	We should ban cosmetic surgery	in favor of	cosmetic surgery can cause medical problems in the long run	0	0	0	0	0	1	0	0	0	0	3.0
2179	We should abandon the use of school uniform	against	School uniforms do not limit self-expression. Students still have weekends and holidays to pick their own outfits.	0	0	1	0	0	1	1	0	1	0	3.0
4330	We should stop the development of autonomous cars	in favor of	they are not yet ready to be on the roads, they could be very dangerous.	1	0	0	0	0	1	0	0	0	0	3.0
5653	Payday loans should be banned	against	they can be useful in emergency situations	0	1	0	0	0	1	1	0	0	0	3.0
1276	We should abandon the use of school uniform	against	school uniforms should still be used because they can increase student focus	1	0	1	0	0	1	0	0	1	0	3.0
2380	We should end mandatory retirement	in favor of	people should be allowed to retire when they are ready	0	0	0	0	0	0	1	0	0	0	3.0
4081	We should subsidize embryonic stem cell research	against	we should not subsidize embryonic stem cell research. we should not play god.	0	0	0	0	0	0	0	0	1	0	3.5
4320	We should legalize cannabis	against	cannabis use leads to the use of other drugs.	0	1	1	0	0	1	0	0	0	0	3.0
3497	We should ban fast food	in favor of	fast food is high fat and unhealthy food	0	1	0	0	0	1	0	0	0	0	3.0
3056	We should ban targeted killing	in favor of	targeted killing is the same thing as murder and should be banned	0	0	1	0	0	1	0	0	0	0	3.0
6654	Entrapment should be legalized	in favor of	entrapment helps catch many criminals.	0	0	0	0	0	1	0	0	0	0	3.0
2834	We should abolish safe spaces	against	safe places are good for students to be free from any conflicts	0	1	0	0	0	1	0	0	0	0	3.0
2996	We should ban human cloning	in favor of	by copying something you can not get a pure copy.  each copy that is made is worse then the other meaning that no one knows what can happen with cloning.	1	0	0	0	0	0	0	0	0	0	3.5
6458	Homeschooling should be banned	in favor of	homeschooling should be banned because educational institutions still provide a better education.	1	0	0	0	0	0	0	0	0	0	3.5
2715	We should ban whaling	against	whaling has been an intergral part of many cultures for centuries.	0	0	0	0	0	0	1	0	1	0	3.0
5948	Social media brings more harm than good	against	Social media brings people together who are separated by great distances.	0	1	0	0	0	1	0	1	0	0	3.0
3734	We should subsidize student loans	in favor of	student loans are a good deal for students, student loans allow for some students go to school that may have not been able to go to school before	1	1	0	0	0	1	0	0	0	0	3.0
1051	We should abolish safe spaces	in favor of	abolishing safe spaces has to be recognized because people who has such a problems already have support from institutions and doctors.	1	1	1	0	0	0	0	0	0	0	3.5
2288	We should ban the use of child actors	in favor of	we should ban the use of child actors because it can hurt them mentally and emotionally for the rest of their lives.	0	1	0	0	0	1	0	0	0	0	3.0
5000	There should be no illegal migration.	against	What does legal migration look like? People can not ask for asylum at an Embassy or Consulate. So people actually have to come to the EU and enter the EU if they want to ask for asylum in the EU. This has caused inhumane and dangerous circumstances as we see in the Mediterranean Sea.	0	1	0	0	0	1	0	0	0	0	3.0
3023	We should subsidize student loans	in favor of	most people can't afford to go to college, and we don't want them to graduate with massive debts	1	0	0	0	0	1	0	0	0	0	3.0
6626	Surrogacy should be banned	in favor of	Surrogacy can put women in danger because pregnancy is unpredictable.	0	0	0	0	0	1	0	0	0	0	3.0
4000	We should adopt atheism	against	religion gives people a belief if a better life	0	0	0	0	0	1	1	0	1	0	3.0
1192	We should ban human cloning	against	human cloning opens up a path never before filled with benefits for human beings, allowing in the future the eradication of many diseases.	1	0	0	0	0	1	1	0	0	0	3.0
1424	We should stop the development of autonomous cars	in favor of	the cars can be dangerous and cause accidents if the equipment fails.	0	0	0	0	0	1	0	0	0	0	3.0
2183	We should legalize cannabis	against	cannabis is a gateway drug that can lead people to try harder drugs, so it should remain illegal.	0	1	1	0	0	1	0	0	0	0	3.0
5786	Foster care brings more harm than good	against	foster care do not bring more harm than good because there are many trusted institutions that are taking care people more properly especially the older ones.	0	1	1	0	0	1	0	0	0	0	3.0
959	We should adopt libertarianism	in favor of	Libertarianism increases individual liberties by preventing the government from controlling every aspect of our lives.	0	0	0	0	0	0	1	1	0	0	3.0
2868	We should subsidize student loans	in favor of	students need help with the burden of college costs and shouldn't have to go into crippling debt to get an education.	0	1	0	0	0	1	0	0	0	0	3.0
3692	We should ban cosmetic surgery for minors	against	some children may require cosmetic surgery for health reasons, such as a cleft palate, therefore it should not be banned.	0	0	0	0	0	1	1	0	0	0	3.0
4974	We do not need immigration from non-European or non-first-world countries. 	in favor of	Multiculturalism creates chaos wherever it exists. Sweden's Stockholm has become the Rape Capital of the West, and the number of bombs and shootings has skyrocketed as well in that country. France is bordering on civil war, whole territories are not under state control anymore. Europe needs to stop migration and asylum indefinitely. We need to put our European peoples first, much like the entire world is doing while our civilization is committing suicide based on values imposed by sanctimonious narcissists. 	0	0	0	0	0	1	0	0	0	0	3.0
436	We should abolish safe spaces	in favor of	safe spaces should be abolished as this it just makes our society weak.	1	0	1	0	0	1	0	0	1	0	3.0
6369	We should abandon television	in favor of	television is bad for your eyes and should be banned to save the population	0	0	0	0	0	1	0	0	0	0	3.0
9	We should adopt an austerity regime	in favor of	we should adopt an austerity regime because it is unfair to expect future generations to settle the debts that we run up	0	1	0	0	0	1	0	0	0	0	3.0
2141	We should adopt atheism	against	one of the most basic human rights is the freedom of religion, and asking anyone to give up that right to believe in whatever they choose is wrong.	0	0	0	0	0	0	1	0	1	0	3.0
6287	We should abandon television	in favor of	too much of peoples time is spent watching television	0	0	0	0	0	1	1	0	0	0	3.0
1155	We should abolish the right to keep and bear arms	against	we should not abolish the right to keep and bear arms because people have a right to defend themselves if someone has the intention of harming you or breaking into your house.	0	1	0	0	0	0	1	0	1	0	3.0
6177	Foster care brings more harm than good	against	foster care can put in healthy homes children with problems	0	1	1	0	0	1	0	0	0	0	3.0
853	We should legalize prostitution	in favor of	When prostitution is illegal, prostitutes are defenseless, and are often harassed and abused.	0	0	0	0	0	1	1	1	0	0	3.0
1333	We should ban the Church of Scientology	against	people are free to follow the religion they choose, no matter how out there the beliefs are.	0	0	0	0	0	0	1	0	1	0	3.0
3108	We should prohibit school prayer	against	School prayer provides a quiet moment of contemplation for students in a busy world and teaches them the power of prayer and trust.	0	1	1	0	0	1	0	0	1	0	3.0
1606	We should abandon the use of school uniform	in favor of	some students can not afford school uniforms and or may not be comfortable in them, which is distracting.	1	1	0	0	0	1	0	0	0	0	3.0
867	We should ban the use of child actors	in favor of	Child actors are forced to grow up way too fast, they are thrown into a world of drugs and sex at an early age.   Kids should be away from all that until Hollywood is safe for them.	0	1	0	0	0	1	0	0	0	0	3.0
738	We should ban cosmetic surgery	in favor of	the long term effects of new procedures have not been studied enough to know if they are safe.	0	1	0	0	0	1	0	0	0	0	3.0
2545	We should legalize sex selection	in favor of	we should legalize sex selection because i think people should be able to pick if they want their child to be a boy or a girl	0	1	0	0	0	0	1	0	0	0	3.0
5330	Migration should not be the solution.	in favor of	The EU should acknowledge the fact that increasing birth rates in Europe, and supporting European families to have (more) children is the most appropriate long-term solution. 	0	1	0	0	0	1	0	0	1	0	3.0
2732	We should limit judicial activism	in favor of	judicial activism allows judges to argue their own views instead of making decisions based on existing constitutional law.	1	0	0	0	0	1	0	0	0	0	3.0
6242	Assisted suicide should be a criminal offence	in favor of	assisting suicide is the same of assisting murder.  both are crimes.	0	0	1	0	0	1	0	0	0	0	3.0
2271	We should oppose collectivism	in favor of	we should oppose collectivism because it lessens creativity and individuality.	0	0	0	0	0	0	1	0	0	0	3.0
1499	We should ban fast food	in favor of	fast food is bad for children and is extremely poor quality	0	1	1	0	0	1	0	0	0	0	3.0
876	We should legalize cannabis	against	legalising cannabis could normalise it and encourage more children to partake	0	1	1	0	0	1	0	0	0	0	3.0
3286	We should oppose collectivism	against	collectivism is society working for the benefit of the masses and not for individual gain	0	1	0	0	0	1	0	0	0	0	3.0
762	We should ban missionary work	in favor of	missionary work is dangerous and not necessary	1	0	0	0	0	1	0	0	0	0	3.0
1490	We should cancel pride parades	in favor of	being lgbt is against many large religions, people should not be forced to witness such parades because of such.	0	0	1	0	0	0	0	0	1	0	3.5
4999	There should be no illegal migration.	against	What does legal migration look like? People can only ask for asylum from within the EU and must officially do so at the Point of Entry. This has caused inhumane circumstances as we see at Camp Moria in Greece. 	0	1	0	0	0	1	0	0	0	0	3.0
7219	We should stop Brussels from imposing ideologies, concrete policies to develop in exchange for financial aid, interference in agricultural production or legislating in judicial matters	against	National identities are important and have to be preserved, but nowadays these are not the key to the success. We need to be united, aligned, and, above all, independent from any extra-EU hegemon!	1	0	0	0	0	1	1	0	0	0	3.0
1024	We should ban private military companies	against	this helps cover more issues; the current government is too short staffed to deal with all of the problems.	0	1	0	0	0	1	0	0	0	0	3.0
4659	Social media is making us less social	in favor of	Trolling on social media is a big menace. It is affecting the self-esteem of many people and is also making them avoid forming social connections.	0	1	1	0	0	1	0	0	0	0	3.0
3308	We should abolish intellectual property rights	in favor of	we need to abolish intellectual property rights and let people innovate and create without having to worry about who owns what	0	0	0	0	0	0	1	0	0	0	3.0
1549	We should limit judicial activism	in favor of	we should limit judicial activism so that we do not depart from the constitution.	0	0	1	0	0	0	0	0	1	0	3.5
7097	We should reduce environment pollution by limiting number of people in Europe	against	We just need to define the values and laws of our utopia and give people the resources to join together in building it.	1	1	0	0	0	1	0	0	0	0	3.0
6683	The vow of celibacy should be abandoned	in favor of	the catholic church doesn't have enough priests and abandoning this vow will encourage more young men to join	0	0	0	0	0	0	1	0	1	0	3.0
3370	We should ban fast food	in favor of	obesity is rising at an alarming rate and fatty foods and sugar filled drinks are shown to be one of the biggest contributors so fast food should be banned because those foods are sold there.	0	1	0	0	0	1	0	0	0	0	3.0
5487	Assisted suicide should be a criminal offence	in favor of	assisted suicide should be a criminal offence because it could force some doctors to perform this act without their consent	0	1	1	0	0	0	1	0	0	0	3.0
6267	We should subsidize vocational education	against	we should not subsidize vocational education because the responsibility should only fall on those who are wanting to go to school.	1	1	0	0	0	0	1	0	0	0	3.0
6648	Social media brings more harm than good	against	social media allows people to connect with others	0	0	0	0	0	1	0	0	0	0	3.0
3549	We should adopt an austerity regime	in favor of	we should adopt an austerity regime to help pay the country'd unending debt	0	0	0	0	0	1	0	0	0	0	3.0
1944	We should ban the Church of Scientology	in favor of	We should ban the Church of Scientology as it does not behave in an open and transparent manner, and therefore causes issues in society.	0	1	1	0	0	1	0	0	0	0	3.0
2783	We should ban fast food	in favor of	fast food should be banned because it is nutritionally lacking in many essential nutrients, plus it provides substances that are totally unhealthy to the human diet, such as excess fat and sugar.	0	0	0	0	0	1	0	0	0	0	3.0
2988	We should stop the development of autonomous cars	in favor of	autonomous cars will take away many jobs and lead to a skills drain	1	0	0	0	0	1	0	0	0	0	3.0
567	We should ban the Church of Scientology	in favor of	we should ban the church of scientology as many ex-members report manipulation and bullying and it has been reported to be a cult which has seperated families.	0	1	0	0	0	1	1	0	1	0	3.0
533	We should abolish intellectual property rights	against	if we abolish the rights, then companies will stop developing products and ideas as they will know that there is no way they can make back the cost of r&d and so will run at losses	1	0	0	0	0	1	1	0	0	0	3.0
5851	Homeschooling should be banned	against	a parent knows best what is good for their kid	0	1	0	0	0	0	1	0	0	0	3.0
4767	Stray animals should be killed	in favor of	Stray dogs are often carriers of diseases because of the lack of care.	0	0	0	0	0	1	0	0	0	0	3.0
579	We should stop the development of autonomous cars	in favor of	autonomous cars leave both passengers and pedestrians vulnerable to malicious hacking which could cause wide scale destruction.	0	0	0	0	0	1	1	0	0	0	3.0
2333	We should abolish intellectual property rights	in favor of	we should abolish intellectual property rights because it discourages new ideas.	1	0	0	0	0	0	1	0	0	0	3.0
6404	Homeschooling should be banned	in favor of	homeschooling is not regulated enough.	1	0	1	0	0	1	0	0	0	0	3.0
502	We should abolish the Olympic Games	in favor of	it costs too much to build for the games and never use those buildings again	0	1	0	0	0	1	0	0	0	0	3.0
3360	We should adopt a zero-tolerance policy in schools	in favor of	we should adopt a zero tolerance policy in schools because it will scare kids into behaving	0	0	1	0	0	0	0	0	0	0	3.5
873	We should legalize cannabis	in favor of	legalizing cannabis will make it easier for those who need it for medical reasons to acquire it.	0	0	0	0	0	1	1	0	0	0	3.0
2302	We should prohibit school prayer	in favor of	prayer should be not done in school, children are in school to learn	1	0	1	0	0	0	1	0	0	0	3.0
6158	Surrogacy should be banned	in favor of	surrogacy should be banned because it could cause emotional damage to the carrier.	0	0	0	0	0	1	0	0	0	0	3.0
6641	Surrogacy should be banned	against	surrogacy is the only way some couples can have a child of their own.	0	1	0	0	0	0	1	0	0	0	3.0
5429	Entrapment should be legalized	in favor of	entrapment is sometimes a necessary tool to get the needed proof of criminal activity.	0	0	1	0	0	1	0	0	0	0	3.0
1315	We should adopt atheism	against	we should not adopt atheism as people have the right to believe the way they want when it come to a higher power.	0	0	0	0	0	0	1	0	1	0	3.0
681	We should ban telemarketing	in favor of	unwanted telemarketing is a form of harassment, it's extremely annoying and it's got so out of hand that people are unable to avoid or opt out of it.	0	1	0	0	0	1	1	0	0	0	3.0
2229	We should ban fast food	in favor of	fast food should be banned to fight obeisity.	0	0	0	0	0	1	0	0	0	0	3.0
5295	We need a better migration policy.	in favor of	Africa is the only continent where the number of young people continues to increase.  	0	0	0	0	0	1	0	0	0	0	3.0
7176	We should increase the salaries of artisans	against	I think that people should grow, learn and move into better-paid jobs. Today there are fantastic opportunities, e.g. Artificial General Intelligence is being built, and human anti-aging and even rejuvenation therapies are being developed: these are only a few areas where the most pressing need of humanity is being met. People should move into such jobs. For the manual work - there are robots coming. We should not try to distort market forces and stop development.	1	1	0	0	0	1	1	0	0	0	3.0
7171	We should support Frontex.	in favor of	Frontex is a key agency and is called to play a crucial role in the coming years. Yet, it lacks the necessary political support it deserves to carry out its mission. 	1	0	0	0	0	0	0	0	0	0	3.5
1899	We should ban cosmetic surgery	in favor of	some cosmetic surgery can cause infections and produce results that can disfigure a person forever.	0	1	0	0	0	1	0	0	0	0	3.0
3224	We should ban cosmetic surgery	in favor of	cosmetic surgery is  putting people's lives at risk, so we should really ban it	0	0	0	0	0	1	0	0	0	0	3.0
1129	We should subsidize student loans	against	students loans should not be subsidized as it is a students choosing to continue to go to school on their own accord and whim, not a requirement to be the burden of others.	0	0	0	0	0	1	1	0	0	0	3.0
3153	We should ban cosmetic surgery	in favor of	the risks of cosmetic surgery are not worth the small gains that result from it	0	0	0	0	0	1	0	0	0	0	3.0
4617	IT recruiters should consider skills instead of a degree in programming	in favor of	Any skill can be learned and mastered even if we do not have a degree in that. And programming is no exception.	1	0	0	0	0	0	1	0	0	0	3.0
6708	Homeschooling should be banned	in favor of	homeschooling closes students off from peer to peer interaction	0	1	0	0	0	1	0	0	0	0	3.0
2776	We should introduce compulsory voting	against	compulsory voting shouldn't be introduced because it violates freedom of choice.	0	0	0	0	0	0	1	0	0	0	3.0
34	We should adopt gender-neutral language	against	we should not have to change our language to accommodate those who do not adhere to a specific gender	0	0	0	0	0	1	0	0	1	0	3.0
7337	We should prohibit capital monopoly.	against	Monopolies can sometimes protect the public interest in infrastructure areas such as energy and transportation, which are vital to the livelihood of the nation.	1	1	0	0	0	1	0	0	0	0	3.0
3774	We should ban cosmetic surgery for minors	against	More investment into cosmetic surgery has overflow benefits for reconstructive and general surgery to due innovative technology and techniques.	1	0	0	0	0	1	1	0	0	0	3.0
6495	Social media brings more harm than good	against	social media allows people to stay connected with family members who live a long distance apart.	0	1	0	0	0	1	0	0	0	0	3.0
6493	Entrapment should be legalized	in favor of	Entrapment should be legalized as it is a useful tool to catch criminals when other strategies have failed.	1	1	0	0	0	1	0	0	0	0	3.0
2112	We should ban fast food	in favor of	fast food leads to poor choices, which lead to diseases like diabetes and obesity.	0	1	1	0	0	1	0	0	0	0	3.0
2441	We should legalize organ trade	in favor of	We should legalize the organ trade so that operations are performed safely by licensed physicians in hospitals.	1	1	1	0	0	1	0	0	0	0	3.0
4870	The European Union should support and integrate immigrant people to ensure that they live with dignity and equality with all European citizens	against	You are justifying the genocide of indigenous Europeans who, when asked, always reject these 'refugees'.	0	0	0	0	0	1	0	0	1	0	3.0
5213	The EU should immediately end the refugee deal with Turkey.	against	The EU leadership fails to carry out its fundamental duties: guard its border and protect its own people. Even 30 years after Schengen was introduced. 	1	1	1	0	0	1	0	0	0	0	3.0
1681	We should ban human cloning	against	human cloning could help humanity by creating being with similar organ types that could be donated to the sick	0	1	0	0	0	1	1	0	0	0	3.0
6722	Social media brings more harm than good	against	social media allows people that are shy to form friendships they otherwise wouldn't have.	1	1	0	0	0	1	0	0	0	0	3.0
618	We should ban fast food	against	fast food shouldn't be banned because it helps people save times	0	1	0	0	0	1	0	0	0	0	3.0
4765	Uniforms should be mandatory in schools	in favor of	If the children are used to uniforms, they will no issues in the future if their profession demands uniform.	0	0	1	0	0	0	0	0	0	0	3.5
6233	Surrogacy should be banned	in favor of	surrogate mothers can become too attached to the babies and suffer emotionally	0	1	1	0	0	1	0	0	0	0	3.0
5759	Foster care brings more harm than good	against	foster care allows children to stay in a family environment as opposed to institutions	1	1	0	0	0	1	0	0	0	0	3.0
3543	We should adopt libertarianism	in favor of	libertarianism should be adopted as it will give more freedom to people to live their lives as they wish.	0	0	0	0	0	0	1	1	0	0	3.0
5227	We need an inclusive and pluralistic European society	against	Europe is full and cannot accept more illegal migrants. Those persons must be sent back and have to ask for approval from their state of origin.	0	0	1	0	0	1	0	0	0	0	3.0
3782	We should end mandatory retirement	in favor of	we should end mandatory retirement because no one has the right to tell another person when they have to stop working. it is an individual's choice and should be left up to them when they wish to call it quits.	0	0	0	0	0	0	1	0	0	0	3.0
2222	We should end mandatory retirement	in favor of	different people age differently so if a person can phyisically and mentally handle a job, the more power to them	1	0	0	0	0	0	1	0	0	0	3.0
5226	There should be a stronger EU on the world scene	in favor of	EU should show more strength when dealing with foreign powers. In addition, there should be a vision about where we want to go in the long term with the EU, and this is in an increasingly complex (and sometimes hostile) world. 	1	0	0	0	0	1	0	1	0	0	3.0
5626	Homeopathy brings more harm than good	in favor of	homeopathy isn't fda approved and can cause all sorts of problems and side effects.	0	0	1	0	0	1	0	0	0	0	3.0
5683	Homeopathy brings more harm than good	in favor of	Problems can arise if homeopathy is used to treat serious illnesses, rather than seeking treatment by traditional, western medicine.	0	1	0	0	0	1	0	0	0	0	3.0
6981	The Internet should be censored	in favor of	Rapidly increasing piracy need to be curtailed through censorship.	0	0	1	0	0	0	1	0	0	0	3.0
3769	We should ban algorithmic trading	against	we shouldn't ban algorithmic trading because there is nothing wrong with it. if a person wants to use algorithms to trade instead of making investment decisions based on emotion, we should allow it.	0	0	0	0	0	0	1	0	0	0	3.0
3744	We should legalize prostitution	against	often females prostitutes are vulnerable and have drug and alcohol problems. they are only prostitutes because they are desperate.	0	0	0	0	0	1	1	0	0	0	3.0
105	We should adopt an austerity regime	in favor of	an austerity regime will help to reduce the deficit of the country	0	1	0	0	0	1	0	0	0	0	3.0
3618	We should subsidize embryonic stem cell research	in favor of	we should subsidize embryonic stem cell research so that it can continue research into finding solutions to complex medical needs.	1	0	0	0	0	1	1	0	0	0	3.0
890	We should subsidize journalism	in favor of	keeping journalist in work helps the nation keep up with the news	0	0	0	0	0	1	1	0	0	0	3.0
4375	We should subsidize space exploration	in favor of	we should subsidize space exploration to find what information is available in our solar system.	0	0	0	0	0	0	1	0	0	0	3.0
283	We should adopt libertarianism	in favor of	we should adopt libertarianism because it cause less outside interference in your personal life	0	1	1	0	0	0	1	1	0	0	3.0
3829	We should adopt a zero-tolerance policy in schools	against	kids needs their freedom and to learn from mistakes	1	1	1	0	0	0	1	0	0	0	3.0
3281	We should ban private military companies	in favor of	private military companies should be banned because these jobs depend on government funding	0	0	0	0	0	1	0	0	0	0	3.0
5874	Foster care brings more harm than good	in favor of	most are into doing foster care for the paycheck, which leaves the children neglected.	0	1	0	0	0	1	0	0	1	0	3.0
302	We should abolish capital punishment	against	capital punishment is a real deterant to crime and should not be abolished.	0	0	0	0	0	1	0	0	0	0	3.0
5512	We should subsidize vocational education	in favor of	subsidies for vocational education would help solve the problem of skills shortages in many trades	1	1	0	0	0	1	0	0	0	0	3.0
1846	We should adopt libertarianism	against	there is no one right belief for all people and insisting that everyone is a libertarian deprive free choice	0	0	0	0	0	1	1	0	0	0	3.0
7341	We should prevent the disorderly expansion of capital.	in favor of	Capital cannot be allowed to take advantage of the power of science and technology to form a monopoly in this particular field, allowing millions of hawkers to have their rice bowls taken away.	0	0	0	0	0	1	0	0	0	0	3.0
5175	The EU needs tougher border protection	against	Building walls is a sign of fear and weakness.	1	0	1	0	0	0	0	0	0	0	3.5
6915	Referendums are good for the society	against	Referendums at times can lead to ill-informed decisions. Since the general public is politically inexperienced, they may not be able to gauge the long-term implications of their decisions.	1	0	0	0	0	0	0	0	0	0	3.5
3645	We should ban the Church of Scientology	against	i think it should not be forbidden, and let people choose what they want to do	0	0	0	0	0	0	1	0	1	0	3.0
3866	We should stop the development of autonomous cars	in favor of	they have already shown that they cannot avoid all accidents.	0	0	0	0	0	1	0	0	0	0	3.0
4399	We should introduce compulsory voting	against	people should not be forced to vote any more than they should be forced to have insurance or be fined for the lack of.	0	0	0	0	0	0	1	0	0	0	3.0
5217	Humanitarian organizations should be financially responsible in relation to illegal immigration.	in favor of	A humanitarian association that helps a migrant to enter the EU illegally should also be dragged in front of the court for not taking the illegals to the closest safe port. In 90% of the cases, the closest port lies in Africa. 	0	1	1	0	0	1	0	0	0	0	3.0
6481	Blockade of the Gaza Strip should be ended	in favor of	its deterring every day citizens from getting goods they need.	0	1	0	0	0	1	0	0	0	0	3.0
4100	We should prohibit school prayer	against	school prayer should not be prohibited because it allows students a period of quiet reflection that may help create the correct atmosphere for study	1	0	1	0	0	1	1	0	1	0	3.0
6857	Holocaust denial should be a criminal offence	against	free thinking for all should never be a crime.	0	0	0	0	0	0	1	0	0	0	3.0
2633	We should ban missionary work	against	missionary work is very helpful to many	0	1	0	0	0	0	0	0	1	0	3.5
179	We should adopt a multi-party system	against	adopting a multi-party system leads to the formation weak and unstable coalition governments	0	0	0	0	0	1	0	0	1	0	3.0
3812	We should ban cosmetic surgery	against	a lack of confidence due to appearance can have a crippling impact on poeple's lives and cosmetic surgery can help reduce this.	1	0	0	0	0	1	1	0	0	0	3.0
7077	We should increase the EU budget by including more direct contributions	in favor of	Having many individuals in the EU paying a voluntary tax can contribute big time to the perceived democratic legitimacy of the EU. 	0	1	1	0	0	1	0	0	0	0	3.0
4621	IT recruiters should consider skills instead of a degree in programming	in favor of	In many of India’s engineering colleges, we can easily pass the subjects even if do not have much knowledge in those subjects. That is the reason many companies are not able to find suitable talent even if there are so many eligible graduates. So, the willingness to become an expert in the field is more important than a degree. 	1	1	1	0	0	0	1	0	0	0	3.0
6313	We should subsidize vocational education	in favor of	vocational education allows to develop citizens with skills still necessary for our society	1	1	0	0	0	1	0	0	0	0	3.0
1777	We should legalize cannabis	against	cannabis can potentially provide a route into experimenting with harder drugs.	0	1	1	0	0	1	0	0	0	0	3.0
4259	We should subsidize journalism	against	Journalism would not remain independent if it received subsidies from the government.	0	0	0	0	0	0	1	0	0	0	3.0
1870	We should legalize sex selection	against	sex selection could lead to genetic abnormalities and start society on a slippery slope of genetic editing at a time when it is an imperfect, untested procedure that could lead to horrific outcomes.	0	1	0	0	0	1	0	0	0	0	3.0
7277	We should abolish the 996 overtime system	against	For the poor people, if they can go to the Internet factory, China's 996 overtime system is a blessing, twelve hours a day, six days a week, can also rest a day, quite good.	1	0	0	0	0	1	0	0	0	0	3.0
3495	We should ban cosmetic surgery for minors	in favor of	the drive around cosmetic surgery and body modification of minor should be nipped in the bud. a minor should be concerned about academics not cosmetics.	1	0	1	0	0	0	0	0	0	0	3.5
7356	We should ease the education involution.	in favor of	Parents' overwhelming fear-dominated anxiety is the greatest enemy of education; the intent of education should be to make a person become a better version of himself.	1	0	0	0	0	0	1	0	0	0	3.0
5387	Entrapment should be legalized	in favor of	anyone who commits a crime should be prosecuted	0	0	1	0	0	1	0	0	0	0	3.0
4014	We should legalize organ trade	in favor of	Anyone who wants to sell an organ would be made fully aware of the risks involved, in which case they should be allowed to make that choice.	0	1	0	0	0	1	1	0	0	0	3.0
4071	We should abolish the right to keep and bear arms	against	if people are denied the right to bear arms, they take away their right to feel protected, especially when your country shows that they are not capable of doing so.	0	1	0	0	0	1	1	0	0	0	3.0
1025	We should ban the Church of Scientology	in favor of	the church of scientology should be banned simply because it's wrong for a belief system to dictate how your medical care can and cannot happen - like psychiatry.	0	0	0	0	0	1	1	1	0	0	3.0
3751	We should adopt an austerity regime	against	austerity regime will put more pressure on taxpayers	0	0	0	0	0	1	0	0	0	0	3.0
1453	We should legalize organ trade	against	we should not legalize organ trade because some people would be getting bad organs	0	1	0	0	0	1	0	0	0	0	3.0
6266	Intelligence tests bring more harm than good	against	intelligence tests help to identify people that need extra help and therefore are an essential tool	1	1	0	0	0	0	0	0	0	0	3.5
4148	We should subsidize student loans	in favor of	we should subsidize student loans because it can help them manage future finances	0	0	0	0	0	1	0	0	0	0	3.0
5993	Surrogacy should be banned	against	surrogacy helps those not able to conceive have a family.	0	1	0	0	0	0	1	0	0	0	3.0
4532	We should ban cosmetic surgery for minors	in favor of	Minors with cosmetic surgery are less likely to be able to properly take care of the surgical sites, making them more prone to infection afterward.	1	0	0	0	0	1	0	0	0	0	3.0
1023	We should adopt gender-neutral language	against	there is no reason to adopt gender-neutral language as the fact that genders do exist and the differences do matter is indisputable!	0	1	0	0	0	0	0	0	1	0	3.5
691	We should subsidize embryonic stem cell research	in favor of	we should subsidize embryonic stem cell research because it will help many people as long as it is successfully done.	1	1	0	0	0	1	0	0	0	0	3.0
6533	Homeopathy brings more harm than good	in favor of	someone with a serious life-threatening disease might put all their trust in homeopathy rather than using more proven medicine.	1	1	0	0	0	1	1	0	0	0	3.0
3201	We should adopt libertarianism	against	libertarianism is wrong and will deploy mess and confuse to our society.	0	0	1	0	0	1	0	0	0	0	3.0
5068	The European Union needs to equip itself with the institutional and legal tools to resolve democratic conflicts on sovereignty within its own borders.	in favor of	There are several international treaties, including those of the United Nations and those of the European Union—to which the member states are bound—that recognize the right to self-determination of peoples. Unfortunately, the European Union does not provide any sufficient and appropriate mechanism in order to allow the citizens and the peoples of the Union, i.e. individually and collectively, to enjoy that right. I thus approve and endorse the proposal for a clarity mechanism on the right to self-determination within the European Union, facilitating an internal enlargement process for greater subsidiarity.	0	0	1	0	0	0	1	0	0	0	3.0
6107	Intelligence tests bring more harm than good	in favor of	a bad score in an intelligence test is a blow to people sense of worth, hurting not only their feeling's but also this society's development.	0	0	0	0	0	1	1	0	0	0	3.0
3749	We should abolish zoos	against	zoos are good source of information for the public to learn about animals up close	1	0	0	0	0	0	1	0	0	0	3.0
6441	Assisted suicide should be a criminal offence	in favor of	since suicide is illegal then anyone who assists it is also committing an illegal act	0	1	1	0	0	0	0	0	0	0	3.5
465	We should abandon the use of school uniform	in favor of	Adolescents can be very self-conscious about their appearance. If a student thinks their uniform is unflattering, it may cause them discomfort and embarrassment.	0	0	0	0	0	1	0	0	0	0	3.0
2889	We should abolish the Olympic Games	in favor of	the olympic games should be abolished because they are a financial drain on host cities	0	0	1	0	0	1	0	0	0	0	3.0
6605	Surrogacy should be banned	against	there are cases where surrogacy is the only way that a couple can have a biologically related child	0	1	0	0	0	1	0	0	0	0	3.0
955	We should ban algorithmic trading	against	algorithmic trading can do a job that humans are not able to do	1	1	0	0	0	0	0	0	0	0	3.5
2557	We should legalize sex selection	in favor of	it helps to insure that the parents get the gender of the child they want and will love	0	1	0	0	0	0	1	0	0	0	3.0
2602	We should end mandatory retirement	in favor of	mandatory retirement forces people to end careers before they are ready	1	0	0	0	0	0	1	0	0	0	3.0
4956	We need an inclusive and pluralistic European society.	in favor of	There need to be some rules for integration:Integration does not mean giving up European values and culture.	0	0	0	0	0	0	0	0	1	0	3.5
5050	The EU should synchronize national elections 	in favor of	National elections synchronization would finally make it possible to strengthen the effectiveness of the Council of the EU, by eliminating the blockages caused by the constant renewal of Ministers, which considerably slows down decision-making.  	1	0	0	0	0	0	0	0	0	0	3.5
2140	We should legalize prostitution	against	legalising prostitution could lead to more people becoming involved in organised crime.	0	0	1	0	0	1	0	0	0	0	3.0
2068	We should introduce compulsory voting	against	no one should be forced to vote. it goes against the principles of our nation and its freedoms. it is a right, but that doesn't mean anyone has to do it.	0	0	0	0	0	0	1	0	1	0	3.0
6614	Intelligence tests bring more harm than good	in favor of	intelligence tests bring more harm than good because it will make people feel dumb if they get a low score	0	0	1	0	0	1	0	0	0	0	3.0
2594	We should ban factory farming	in favor of	we should ban factory farming as it poses a huge health risk by passing on diseases and bacteria to people.	0	0	0	0	0	1	0	0	0	0	3.0
4249	We should introduce compulsory voting	against	the democratic process is all about freedom of choice, and voting should be a voluntary process too.	0	0	0	0	0	0	1	0	0	0	3.0
4586	We should strengthen laws to fight against terrorism	in favor of	There is a growing threat of lone-wolf terrorism. Lone wolf terrorists do not have any association with terrorist organizations, but they commit terror attacks alone by themselves. This new amendment to UAPA has the potential to curb lone-wolf terrorism.	0	1	0	0	0	1	0	0	0	0	3.0
4660	Social media is making us less social	in favor of	In the book “iGen”, it was mentioned that in the next decade we may see more young people who know just the right emoji for a situation — but not the right facial expression. This can become true if we prefer virtual life over real life.	1	0	1	0	0	1	0	0	0	0	3.0
6986	Adultery should be criminalized	against	Law should not interfere in the personal lives.	0	0	0	0	0	0	1	0	0	0	3.0
6829	Surrogacy should be banned	against	surrogacy is an excellent way for infertile couples to have a family of their own.	0	1	0	0	0	1	0	0	0	0	3.0
4609	Political parties should be brought under RTI (Right to Information) Act	in favor of	Political parties are central to the functioning of Democracy. Political Parties go on to form the government. The government policies are then governed by the party’s ideology. Thereby, it becomes essential for political parties to come under the ambit of RTI.	1	1	1	0	0	0	0	0	0	0	3.5
4941	Migration should not be the solution.	in favor of	For increasing the birthrate and supporting young families, Hungary should be an example. We should not rely on migration for this.	0	1	0	0	0	1	0	0	0	0	3.0
523	We should legalize prostitution	in favor of	We should legalize prostitution since it should be out in the open. controlled and supervised- instead of hidden. this is most efficient way to improve sex workers conditions and pave their way to independence.	0	0	0	0	0	1	1	0	0	0	3.0
2690	We should subsidize student loans	against	graduates earn more over a lifetime than their peers, this gives them plenty of opportunity to repay their debts.	1	1	0	0	0	1	1	0	0	0	3.0
5652	Homeschooling should be banned	against	homeschooling allows for one on one teaching as well as allowing a student to learn in a safe environment	1	0	0	0	0	0	1	0	0	0	3.0
944	We should subsidize embryonic stem cell research	against	some religions do not believe in this sort of research.	0	0	0	0	0	0	1	0	1	0	3.0
6285	Intelligence tests bring more harm than good	against	sometimes these tests help identify people's strengths.	1	1	0	0	0	0	0	0	0	0	3.5
3321	We should ban missionary work	in favor of	missionary work should be banned because it is becoming more dangerous for americans to be in foreign countries.	0	1	0	0	0	1	0	0	0	0	3.0
2368	We should abolish capital punishment	in favor of	Being killed by lethal injection or being electrocuted is not always smooth and painless, sometimes it causes a painful death	0	0	0	0	0	1	0	0	0	0	3.0
2252	We should abolish safe spaces	against	safe spaces allow for those who are triggered to go somewhere to seek a space free of triggers	0	1	1	0	0	1	1	0	0	0	3.0
3920	We should ban private military companies	against	military companies provide valuable expertise to supplement the armed forces	1	1	0	0	0	1	0	0	0	0	3.0
3662	We should abandon the use of school uniform	in favor of	school uniforms are an expense that many families can't afford. there are plenty of ways to get very cheap clothing, but discounted uniforms are more difficult to obtain.	0	0	0	0	0	1	1	0	0	0	3.0
6691	Homeschooling should be banned	in favor of	homeschooling should be banned as the quality of education received at home is considerably less than what you would receive at a school.	1	0	0	0	0	0	0	0	0	0	3.5
4705	India should accept Rohingya refugees	against	Accommodating refugees will cause resettling of some Indians. The Indian government tried to give shelter to Rohingyas by resettling some in the Jammu region. This may not be the right step and will cause distress to the resettled Indians.	0	0	1	0	0	1	1	0	0	0	3.0
6234	Foster care brings more harm than good	in favor of	foster care brings more harm than good because you do not know for sure the foster care giver is a good care giver, abuses incidents are very likely, they living in a dangerous environment	0	1	0	0	0	1	0	0	0	0	3.0
4149	We should ban the Church of Scientology	against	we shouldn't ban the church of scientology because the religion rigths	0	0	0	0	0	0	0	0	1	0	3.5
5649	Foster care brings more harm than good	in favor of	foster care is often detrimental to children as they are passed through many families and a stable home is often not provided.	0	1	0	0	0	1	0	0	1	0	3.0
3702	We should subsidize embryonic stem cell research	in favor of	embryonic stem cells have already been proven to have the capability to save lives. with more research who knows how many more uses they could have in reducing illness and improving quality of life.	1	0	0	0	0	1	1	0	0	0	3.0
93	We should adopt libertarianism	against	there are so many people in the world we all have to appreciate that we need to adopt certain rules and etiquette which everyone follows, if everyone pleased themselves no one would help each other.	0	1	1	0	0	1	0	0	0	0	3.0
3004	We should ban telemarketing	in favor of	telemarketing is an invasion of privacy, especially when they call at late hours, during meals and/or repetitively even after asking for the call to stop.	0	0	1	0	0	0	1	0	0	0	3.0
4763	Homeschooling should be encouraged in India 	in favor of	Every child is different. Homeschooling allows to design the curriculum based on the student's capabilities and interests.	1	0	0	0	0	0	1	0	0	0	3.0
4957	We need an inclusive and pluralistic European society.	in favor of	There need to be some rules for integration:Integration does not mean completely open borders.	0	1	1	0	0	1	0	0	0	0	3.0
5599	Payday loans should be banned	in favor of	payday loans are ineffective and make people go deeper into debt	1	1	0	0	0	1	0	0	0	0	3.0
2274	We should adopt atheism	against	we should not adopt atheism because people have a right to believe what ever they want	0	0	0	0	0	0	1	0	0	0	3.0
6418	Blockade of the Gaza Strip should be ended	in favor of	blockade of the gaza strip should be ended because it's causing a humanitarian crisis.  basic needs of the people are not being met because of it.	0	0	0	0	0	1	0	0	0	0	3.0
3654	We should fight for the abolition of nuclear weapons	in favor of	Nuclear weapon development takes incredibly intelligent scientists and makes them work on something that is destructive to society, we'd rather they used their intellect to develop helpful technologies which can only happen if we abolish nukes.	1	1	0	0	0	1	0	0	0	0	3.0
5719	Entrapment should be legalized	in favor of	valuable information can often be gained through entrapment	1	1	1	0	0	1	0	0	0	0	3.0
3363	We should legalize organ trade	against	The risk of giving an organ or even part of an organ is very high.	0	0	1	0	0	1	0	0	0	0	3.0
6489	Homeschooling should be banned	against	homeschooling should will  allowed to continue as its important to allow parents to allow their child to be educated at home if they feel that its the best option for their child.	0	1	0	0	0	0	1	0	0	0	3.0
1829	We should ban the use of child actors	against	child actors are supervised constantly, are well taken care of, and have tutors on set to keep them from falling back in school.	1	1	0	0	0	1	0	0	0	0	3.0
5331	Migration should not be the solution.	in favor of	For increasing the birthrate and supporting young families, Hungary should be an example. We should not rely on migration for this.	0	1	0	0	0	1	1	0	1	0	3.0
901	We should stop the development of autonomous cars	in favor of	autonomous cars have already caused multiple fatalities and are being used on public roads right now without being adequately tested. the makers are literally using human lives to beta test their products.	1	1	0	0	0	1	0	0	0	0	3.0
2778	We should ban cosmetic surgery	against	everyone has a right to make this choice	0	0	0	0	0	0	1	0	0	0	3.0
6980	The Internet should be censored	in favor of	Internet censorship helps in maintaining Cybersecurity.	0	0	0	0	0	1	1	0	0	0	3.0
1265	We should adopt libertarianism	in favor of	libertarianism give more freedom to the people and cuts out government influence in their lives.	0	0	0	0	0	0	1	0	0	0	3.0
4411	We should fight for the abolition of nuclear weapons	against	we must protect ourselves and these weapons allow us to	1	0	0	0	0	1	0	0	0	0	3.0
720	We should prohibit school prayer	against	we shouldn't prohibit school prayer because is important for religious education	1	0	0	0	0	0	1	0	1	0	3.0
2038	We should adopt gender-neutral language	against	our society needs to be able to label and identify a person as a male or female for many reasons such as taxes, employment, health care, etc, so we should not adopt a gender neutral language.	1	0	1	0	0	0	0	0	1	0	3.5
1902	We should ban missionary work	against	the missionary work bring the good idea for the people	0	1	0	0	0	0	0	0	1	0	3.5
4427	We should prohibit school prayer	against	school prayer adds structure to a students life and enables them to display their beliefs.	0	0	1	0	0	1	0	0	1	0	3.0
648	We should abolish intellectual property rights	in favor of	intellectual property rights are expensive to maintain and hold back the spread of new ideas	1	0	0	0	0	0	0	0	0	0	3.5
5664	Holocaust denial should be a criminal offence	against	Making Holocaust denial a criminal offense will force deniers underground, and their activity will be hard to monitor.	0	0	0	0	0	0	1	0	0	0	3.0
2657	We should ban the Church of Scientology	against	people have the right to follow whatever religion they choose, even if they worship a science fiction novel.	0	0	0	0	0	0	1	0	1	0	3.0
4828	British people who are residents in an EU country should have EU-wide rights	in favor of	It is truly a pity that many people lost many of their rights overnight, one year ago. It is actually a pity that the UK even made such a decision. Brexit was the decision of generally uninformed or misinformed people who can't be blamed for it. Especially the ones that actually voted to remain or the ones that didn't get to vote at all. The truth is that the UK was always sort of the 'black sheep' in the EU. Even historically, the UK was often somewhat 'detached' from European politics and issues.	0	1	0	0	0	1	0	0	0	0	3.0
6185	Social media brings more harm than good	against	Social media makes communication easier, especially for long distance situations, like moving somewhere after finishing school.	0	1	0	0	0	1	0	0	0	0	3.0
5613	Social media brings more harm than good	in favor of	social media causes harm by people trying to live up to their peers.	0	0	0	0	0	1	0	0	0	0	3.0
134	We should legalize prostitution	in favor of	prostitution should be legal as it can be controlled & monitored easier & be less dangerous	0	0	0	0	0	1	0	0	0	0	3.0
2382	We should abandon the use of school uniform	in favor of	school unifoorm creates a sense of community and takes away some aspects that can lead to bullying	0	0	1	0	0	1	0	0	0	0	3.0
6229	Intelligence tests bring more harm than good	against	intelligence test ensure people are competent.	1	0	0	0	0	0	0	0	0	0	3.5
4211	We should adopt an austerity regime	in favor of	The governments has a duty to make sure the economy doesn't collapse in times of recession	0	0	0	0	0	1	0	0	0	0	3.0
2226	We should ban cosmetic surgery	against	people should be free to choose for themselves	0	0	0	0	0	1	1	0	0	0	3.0
6215	Holocaust denial should be a criminal offence	in favor of	Denying that Holocaust in front of people who were affected by it can cause severe mental/emotional trauma.	0	0	1	0	0	0	0	0	0	0	3.5
1273	We should ban fast food	against	fast food enables people who lead busy lives to be able to have meals on the go.  this way they do not miss meals.	0	1	0	0	0	1	1	1	0	0	3.0
1869	We should ban missionary work	against	missionary work helps many people who are in distress	0	1	0	0	0	0	1	0	0	0	3.0
5835	We should abandon television	in favor of	television encourages people to be lazy and as a consequence they put on weight.	0	0	1	0	0	1	0	0	0	0	3.0
7299	We should ban the trading of virtual currencies.	against	Portable, because it is a virtual currency, so it is highly portable when it is bought and sold.	1	0	0	0	0	0	0	0	0	0	3.5
6282	We should abandon television	in favor of	too much time is wasted looking at a screen	1	1	1	0	0	0	0	0	0	0	3.5
2694	We should adopt an austerity regime	in favor of	helping our government and our country is mandatory for all of us and austerity regime must be adopted.	0	1	1	0	0	1	0	0	0	0	3.0
5917	Foster care brings more harm than good	against	foster care families become a dynamic support system to children and a safe and stable home where love for a child is demonstrated	0	1	0	0	0	1	0	0	0	0	3.0
5633	Holocaust denial should be a criminal offence	in favor of	it is a fact that the holocaust happened, and asserting otherwise not only a lie, but dangerous as well.	0	1	0	0	0	1	0	0	0	0	3.0
3967	We should legalize sex selection	against	most people believe that sex selection is immoral and unethical and leads to serious societal issues.	0	0	1	0	0	1	0	0	0	0	3.0
4003	We should prohibit school prayer	in favor of	while at school the focus should be on learning. prayer is a distraction and unnecessary. why not just pray before school or after?	1	0	1	0	0	0	1	0	0	0	3.0
3728	We should ban cosmetic surgery	in favor of	there is no reason to have cosmetic surgery except for vainity and it carries risks so it should be banned	0	0	0	0	0	1	0	0	0	0	3.0
330	We should abandon the use of school uniform	in favor of	we should abandon the use of school uniform because people need to be free to express their thoughts on clothing	0	0	0	0	0	0	1	0	0	0	3.0
4960	There should be no immigration from non-European or non-first-world countries 	in favor of	European citizens are the future of Europe! 	0	0	0	0	0	1	0	0	0	0	3.0
2606	We should ban cosmetic surgery for minors	in favor of	minors are unable to make such a life changing decision as cosmetic surgery	0	1	0	0	0	0	0	0	0	0	5.0
5741	Social media brings more harm than good	against	social media allows friends and family to stay in contact a lot easier.	0	1	0	0	0	1	0	0	1	0	3.0
2733	We should adopt libertarianism	against	libertarianism is a form of selfishness which promotes the rights of the individual over the rights of everyone.	1	0	0	0	0	1	0	0	0	0	3.0
1905	We should subsidize student loans	in favor of	we need an educated workforce so the loan rate students take should be low and subsidised to get this workforce.	1	1	0	0	0	1	0	0	0	0	3.0
4720	Triple Talaq should be abolished	against	Triple talaq should happen in three stages with time gaps. This allows time for reconciliation and arbitration. As instant divorce is a misuse of triple talaq, banning the provision itself is not the solution.	0	1	1	0	0	0	1	0	1	0	3.0
6239	The vow of celibacy should be abandoned	in favor of	the vow of celibacy is an outdated tradition that deters otherwise eligible men from priesthood	0	0	0	0	0	1	0	0	1	0	3.0
1881	We should stop the development of autonomous cars	in favor of	autonomous cars can be dangerous and promote reckless behavior, so they should discontinue making them.	0	1	1	0	0	1	0	0	0	0	3.0
204	We should adopt a zero-tolerance policy in schools	in favor of	a zero tolerance policy will scare the children into behaving and following the rules.	0	0	1	0	0	0	0	0	0	0	3.5
6219	The use of public defenders should be mandatory	against	this takes away freedom of choice in terms of hiring a lawyer that suits your own needs.	1	0	0	0	0	0	1	0	0	0	3.0
3260	We should ban telemarketing	in favor of	telemarketing is considered a nuisance to many and other forms of advertising are much more effective and less invasive.	1	0	1	0	0	0	1	0	0	0	3.0
5215	There should be no immigration from non-European or non-first-world countries 	in favor of	Europe must stay Europe and people must not be imposed a cultural and religious change they do not want and which is insane. Look at what the Arabic or north African countries have become, after 1400 years of Islam.	0	1	0	0	0	1	1	0	1	0	3.0
1349	We should ban cosmetic surgery for minors	in favor of	we should ban cosmetic surgery for minors because is nocive for health	0	1	0	0	0	1	0	0	0	0	3.0
5400	Intelligence tests bring more harm than good	in favor of	intelligence tests can prevent someone from pursuing their passion which they may be able to achieve with hard work	1	0	0	0	0	0	1	0	0	0	3.0
6503	Assisted suicide should be a criminal offence	against	people have the right to their bodies and if they wish to die they should be able to get help to do so.	0	1	0	0	0	0	1	0	0	0	3.0
211	We should ban human cloning	in favor of	humans don't have the right to play god with genetics	0	0	1	0	0	0	0	0	0	0	3.5
6475	Surrogacy should be banned	in favor of	Surrogacy can cause legal problems on the paternal rights for the child.	0	1	1	0	0	0	0	0	1	0	3.5
2494	We should adopt libertarianism	in favor of	We should adopt libertarianism because individuals know their own best interests better than any third party.	0	0	0	0	0	0	1	0	0	0	3.0
2842	We should ban fast food	against	people are free to eat whatever they choose. it's a cheap and fast way for people to get a meal when they are in a hurry or can't afford the expensive organic and natural foods.	0	0	0	0	0	1	1	0	0	0	3.0
1116	We should ban cosmetic surgery for minors	in favor of	minors cannot be trusted to make decisions about cosmetic surgery that may affect them adversely as they grow up.	0	1	1	0	0	1	0	0	0	0	3.0
17	We should subsidize embryonic stem cell research	in favor of	embryonic stem cell research should be subsidized because it may lead to the development of treatments for a number of serious medical conditions.	0	0	0	0	0	1	0	0	0	0	3.0
4090	We should legalize prostitution	against	we should not legalize prostitution why do we have to do this are there any countries now that  made prostitution legal?	0	0	1	0	0	0	0	0	1	0	3.5
6659	We should subsidize vocational education	in favor of	not everyone is suited to work in an office. we also need mechanics and truck drivers and hair dressers etc. by subsidizing voed for these jobs we will be able to continue to teach the hands on employees.	1	0	0	0	0	1	0	0	0	0	3.0
3347	We should abolish capital punishment	against	capital punishment can influence better behavior	0	1	1	0	0	0	0	0	0	0	3.5
7323	We should open up three-child policy to encourage childbirth.	against	What people want is the right and freedom to be able to plan their own children.	0	1	0	0	0	0	1	0	0	0	3.0
516	We should ban telemarketing	in favor of	telemarketing is annoying for people as they do not request a phone call and vunerable people such as the elderly often feel threatened into taking part.	0	0	1	0	0	1	1	0	0	0	3.0
5220	We don't need immigration from non-European or non-first-world countries. 	in favor of	The country of origin should absolutely be the most important criterion for deciding who we let into our countries. 160 Frenchman would still be alive if we put the welfare of our own above people whose countries the Americans have bombed to shreds.	0	0	0	0	0	1	1	0	0	0	3.0
1638	We should introduce compulsory voting	in favor of	it is everyone's national duty to at least vote in elections	0	1	1	0	0	0	0	0	0	0	3.5
1823	We should ban cosmetic surgery	in favor of	cosmetic surgery is ruining the confidence of young girls and making them feel like their not good enough without such surgeries.	0	0	0	0	0	1	0	0	0	0	3.0
6036	Social media brings more harm than good	against	social media brings long distance family together and keeps them in contact for years to come rather than only through family reunions	0	1	0	0	0	1	0	0	0	0	3.0
5946	We should abandon television	in favor of	television should be abandoned because it causes people to be lazy and unproductive in their lives.	1	1	1	0	0	1	0	0	0	0	3.0
947	We should stop the development of autonomous cars	against	autonomous cars could prevent traffic jams and accidents.	1	0	0	0	0	1	0	0	0	0	3.0
5573	Surrogacy should be banned	in favor of	surrogacy is like buying babies and it should be banned.	0	0	1	0	0	0	0	0	1	0	3.5
218	We should ban fast food	in favor of	is leading to increased obesity and many health problems.	1	0	1	0	0	1	0	0	0	0	3.0
5531	We should subsidize vocational education	in favor of	not everyone can has the academic requirements for university education. we do still need vocational trades and skills and it makes sense to support people seeking to gain these skills.	1	1	0	0	0	0	1	0	0	0	3.0
7306	We should protect our privacy in the Internet age.	in favor of	Extremely serious information asymmetry. It is difficult for individuals to know what information is being collected about them, who is collecting it, and what it is being used for.	0	0	0	0	0	1	1	0	0	0	3.0
3444	We should subsidize embryonic stem cell research	in favor of	embryonic stem cell research helps save and improve lives.	0	0	0	0	0	1	0	0	0	0	3.0
5101	Alternative medicine should be more accepted	in favor of	Traditional, complementary, and integrative medicine is a safe and efficient way to improve well-being, and happiness and prevent illness. Also, an innumerable amount of people have got significant palliation or even total cure in cases, which the official health care system, unfortunately, couldn't help. This is clearly an area, where countries, civilizations, and schools of thought could learn a lot from each other.	1	0	0	0	0	1	1	0	1	0	3.0
4766	Uniforms should be mandatory in schools	in favor of	It reduces financial burden, because there is no need to buy many clothes.	0	0	0	0	0	1	0	0	0	0	3.0
6539	Homeopathy brings more harm than good	in favor of	people that could have survived with proper medical attention but instead take the path of homeopathy to their detriment is a tragedy.	1	1	0	0	0	1	0	0	0	0	3.0
5807	Intelligence tests bring more harm than good	against	intelligence tests give confidence to those placed behind their level	1	0	0	0	0	1	1	0	0	0	3.0
3835	We should subsidize Wikipedia	in favor of	wikipedia is the largest online encyclopedia in the world and we must ensure its proper functioning	1	0	0	0	0	0	1	0	0	0	3.0
6672	Holocaust denial should be a criminal offence	in favor of	The consequences of denying the horrors of the Holocaust are too dangerous to allow.	0	1	0	0	0	1	0	0	0	0	3.0
4337	We should prohibit school prayer	in favor of	school is not the place to practice religion since it is run by the state.	0	0	1	0	0	0	1	0	0	0	3.0
4954	There should be no immigration from non-European or non-first-world countries. 	in favor of	Halt all immigration from non-European or non-first-world countries into the EU.	0	0	1	0	0	1	0	0	0	0	3.0
6400	Payday loans should be banned	against	payday loans are crucial financial crutches for customers which should remain available.	0	1	0	0	0	1	0	0	0	0	3.0
1091	We should introduce compulsory voting	against	compulsory voting will be difficult to enforce on the elderly and others who will have a difficult time voting.	0	0	0	0	0	0	1	0	0	0	3.0
4579	Technology is making us feel less human	in favor of	We are increasingly depending on technological devices to guide us. For example, we keep reminders on smartphones and google the questions for answers. We are outsourcing the activities that require intelligence to technology. Thinking, remembering things, and analyzing are essential qualities of humans. Too much dependence on technology is making us less human.	1	0	0	0	0	0	1	1	0	0	3.0
1613	We should ban the Church of Scientology	in favor of	we should ban them because it is a cult that expects members to pay lots of money to join, and if anyone tries to leave they make their life hell.	0	1	0	0	0	1	0	0	0	0	3.0
3038	We should ban fast food	in favor of	fast foods are generally greasy and fattening.  by banning them it would help control some of the obesity in the country.	0	0	0	0	0	1	0	0	0	0	3.0
4086	We should legalize cannabis	against	cannabis has many dangerous side effects, including hallucinations and respiratory issues.	0	0	1	0	0	1	0	0	0	0	3.0
3526	We should adopt a zero-tolerance policy in schools	in favor of	adopting zero-tolerance in school will solve the big issues which schools all around country face it today.	1	1	1	0	0	1	0	0	0	0	3.0
3029	We should adopt gender-neutral language	against	Gendered language has served us for centuries in literature and culture, there is no need to change now.	0	0	0	0	0	0	0	0	1	0	3.5
5582	Payday loans should be banned	in favor of	these companies take advantage of needy people with outrageous fees.	0	0	0	0	0	1	0	0	0	0	3.0
1210	We should subsidize embryonic stem cell research	in favor of	embryonic stem cell research may lead to life-saving treatments such as the growing of spare organs, which can save many lives.	1	1	0	0	0	1	0	0	0	0	3.0
4395	We should ban the Church of Scientology	against	everyone has the right to follow whatever religion they want regardless of how strange it may seem to outsiders.	0	0	0	0	0	0	1	0	1	0	3.0
548	We should abolish the right to keep and bear arms	against	the right to keep and bear arms is one of the tenets of our country	0	0	0	0	0	1	0	0	1	0	3.0
6588	We should subsidize vocational education	against	taxes are already too high, and vocational education grants would be too onerous.	0	0	0	0	0	1	0	0	0	0	3.0
3315	We should adopt a zero-tolerance policy in schools	against	children are still growing and forming their own personalities - a zero-tolerance policy allows no room for mistakes, at a time when children are testing boundaries and they need some flexibility to develop	1	1	0	0	0	0	1	0	0	0	3.0
3184	We should prohibit school prayer	against	we should not prohibit school prayer because this country was founded and based on the christian belief system.	0	0	0	0	0	0	1	0	1	0	3.0
214	We should legalize cannabis	against	we should not legalize cannabis then more children will get a hold of it	0	0	0	0	0	1	0	0	0	0	3.0
5665	We should abandon television	in favor of	we should abandon television because it can cause a screen addiction	0	0	0	0	0	1	0	1	0	0	3.0
7174	We should stop immigration.	in favor of	The organization of mass migration is a heinous crime. No more immigration from non-European or non-first-world countries.	0	0	0	0	0	1	0	0	0	0	3.0
6368	Homeopathy brings more harm than good	against	many people don't trust doctors and would rather take matters into their own hands; it's their body and they can try whatever homeopathic remedy they want	0	0	0	0	0	0	1	0	0	0	3.0
1659	We should abolish the right to keep and bear arms	in favor of	we should abolish the right to keep and bear arms since it leads to more violence and higher crime rights.	0	0	1	0	0	1	0	0	0	0	3.0
2856	We should abandon the use of school uniform	in favor of	the school uniform does not allow for the uniqueness and expression of the individual	0	0	0	0	0	0	1	1	0	0	3.0
3865	We should stop the development of autonomous cars	against	autonomous cars can help people to do more long distance traveling that will allow them to arrive refreshed and less anxious.	1	0	0	0	0	1	0	1	0	0	3.0
2409	We should subsidize Wikipedia	in favor of	wikipedia is an invaluable space for knowledge and should be preserved	1	1	0	0	0	0	0	0	0	0	3.5
6894	Payday loans should be banned	against	payday loans can wire people that need money fast the money they need	0	0	0	0	0	1	1	0	0	0	3.0
129	We should adopt a zero-tolerance policy in schools	in favor of	a zero tolerance policy at school is a good idea because children need to be disciplined as it might cut crime in the future.	0	0	1	0	0	1	0	0	0	0	3.0
6596	Homeschooling should be banned	against	homeschooling provides a family that is close	0	1	0	0	0	1	0	0	1	0	3.0
2413	We should ban factory farming	against	factory farming is an efficient way to produce cheap food for the masses.	1	1	0	0	0	1	0	0	0	0	3.0
3717	We should legalize sex selection	in favor of	people should be able to utilize new sciences as they please.	0	0	0	0	0	0	1	0	0	0	3.0
2511	We should ban fast food	against	fast food is itself not harmful but it is the number of times it is eaten and the quantity that is unhealthy	0	1	1	0	0	1	1	0	0	0	3.0
679	We should abandon the use of school uniform	in favor of	should uniforms are costly and children should be allowed to where their own cheaper clothes	0	0	0	0	0	1	1	0	0	0	3.0
315	We should abolish the Olympic Games	against	the olympics have long been the goal for athletes to aim for to be the very best so abolishing the games would take away their dreams and ambitions.	1	0	0	0	0	0	1	1	0	0	3.0
4001	We should ban private military companies	against	we shouldn't ban private military companies because in risk of national defense	0	0	0	0	0	1	0	0	0	0	3.0
6716	We should abandon television	in favor of	Television has led to the laziness of people mentally and physically.	1	0	1	0	0	1	0	0	0	0	3.0
6399	Homeopathy brings more harm than good	against	natural medicine is safer and is proven to work as well as traditional medicine.	1	0	0	0	0	1	1	0	0	0	3.0
543	We should legalize cannabis	in favor of	Too much drugs depend on the availability of cannabis. legalizing it will make development of these drugs quicker	0	0	0	0	0	1	1	0	0	0	3.0
5218	There should be no immigration from non-European or non-first-world countries 	in favor of	We need to stop all funding to NGOs and all migration organizations within the EU. Then can we talk about how to help the people already here and how to help real people in need.	0	1	0	0	0	1	0	0	0	0	3.0
2217	We should abolish the right to keep and bear arms	in favor of	the right to keep and bear arms is putting everyone in danger and making mass-shootings more easily done.	0	0	0	0	0	1	0	0	0	0	3.0
3291	We should abandon the use of school uniform	in favor of	school uniform does not allow for individuals to express themselves and grow as a person	0	0	0	0	0	0	1	1	0	0	3.0
6843	Foster care brings more harm than good	in favor of	taking children away from their own parents destroys families which is why foster care brings more harm than good.	0	1	0	0	0	0	0	0	0	0	5.0
38	We should ban fast food	in favor of	fast food is bad for our health and we really should ban any of it	0	0	0	0	0	1	0	0	0	0	3.0
1538	We should ban telemarketing	in favor of	telemarketing is an annoyance.  allowing people to bother you by calling unsolicited is a nuisance and should be eliminated.	0	0	1	0	0	1	1	0	0	0	3.0
5574	Surrogacy should be banned	against	when a couple is not able to have their own kids by natural way, surrogacy is only the option and knowing that surrogacy should never be banned.	0	1	0	0	0	0	0	1	0	0	3.5
939	We should adopt a multi-party system	against	introducing a multi-party system would be detrimental to stability and consistency of our political system	0	0	0	0	0	1	0	0	0	0	3.0
6228	The vow of celibacy should be abandoned	against	celibacy is a time honored tradition that allows priests to focus solely on their commitment to the church	0	1	1	0	0	0	0	0	1	0	3.5
1553	We should end mandatory retirement	in favor of	we should end mandatory retirement because not all people have the same stamina as others and can work longer than others.	1	0	0	0	0	0	1	0	0	0	3.0
6045	Homeschooling should be banned	in favor of	many parents aren't educated well enough to teach their children.	1	1	1	0	0	1	0	0	0	0	3.0
4932	Europe is getting older and should be open to more migration from Asia, and southeast Asia.  	in favor of	We need to accept more immigrants to combat the aging of the European population. Immigrants do also grow old but before then they generally have children.	1	0	0	0	0	1	0	0	0	0	3.0
2485	We should abolish the Olympic Games	against	olympic games is one way to show unity	0	0	0	0	0	1	0	0	0	0	3.0
70	We should ban cosmetic surgery	in favor of	cosmetic surgery is unnecessary and dangerous.	0	0	0	0	0	1	0	0	0	0	3.0
3937	We should ban the Church of Scientology	against	the country has freedom of religion and the church of scientology is a form of religion.	0	0	1	0	0	1	1	0	1	0	3.0
2660	We should prohibit school prayer	in favor of	schools are part of the state system. since we have a legal obligation to keep the separation of church and state we can't allow prayer in schools as this would violate that.	0	0	1	0	0	0	1	0	0	0	3.0
5408	Social media brings more harm than good	in favor of	social media brings more harm than good because it causes people to judge themselves too harshly in comparison of the seemingly perfect lives of others online.	0	0	0	0	0	1	1	0	0	0	3.0
4523	We should ban algorithmic trading	in favor of	algorithmic trading is computer based and does not allow for any type of inspiration in trading.	1	0	0	0	0	0	1	1	0	0	3.0
663	We should abolish intellectual property rights	against	intellectual property rights mean that the people who come up with ideas or products get the financial gains from said product and so makes people more likely to innovate	1	0	0	0	0	0	0	0	0	0	3.5
5315	Asylum seekers should only be able to file asylum applications from their home or neighboring country.	in favor of	If asylum applications are filed from abroad the security risks for asylum seekers are greatly reduced.	0	1	0	0	0	1	0	0	0	0	3.0
4944	Asylum seekers should only be able to file asylum applications from their home or neighboring country.	in favor of	If asylum applications are filed from abroad the costs for EU taxpayers to handle asylum seekers are reduced. 	0	0	0	0	0	1	0	0	0	0	3.0
4243	We should subsidize embryonic stem cell research	in favor of	embryonic stem cells can potentially save lives for many diseases such as diabetes	0	0	0	0	0	1	0	0	0	0	3.0
1088	We should ban fast food	in favor of	fast food should be banned because it is full of unhealthy ingredients that contribute to the failing of american health.	0	1	0	0	0	1	0	0	0	0	3.0
2076	We should adopt libertarianism	in favor of	The more rights we have as individuals, the happier we are.	0	0	0	0	0	1	1	0	0	0	3.0
6690	Assisted suicide should be a criminal offence	against	a person who is terminally ill and suffering should be given the right to end his suffering, under medical supervision.	0	0	0	0	0	0	1	0	0	0	3.0
2585	We should ban missionary work	in favor of	we should ban missionary work as it could be dangerous	0	1	0	0	0	1	0	0	0	0	3.0
5265	The EU should immediately end the refugee deal with Turkey.	in favor of	Turkey is an enemy. It uses this deal to make a threat. Stop it now and send patrols to the Greek border or welcome them.	0	0	0	0	0	1	0	0	0	0	3.0
4722	Triple Talaq should be abolished	against	It is part of their faith and personal laws can’t be challenged. Article 25 (i) of Indian constitution provides freedom of religion.	0	0	1	0	0	0	0	0	1	0	3.5
1182	We should legalize prostitution	against	when prostitution moves into a neighborhood, so do drugs and violence	0	1	1	0	0	1	0	0	1	0	3.0
2373	We should abandon the use of school uniform	against	school uniforms show pride and community and provide fewer distractions from learning.	1	0	1	0	0	1	0	0	0	0	3.0
461	We should ban missionary work	against	Missionary work has helped to civilize entire socities.	0	1	1	0	0	1	0	0	1	0	3.0
4750	WikiLeaks is not a bane	against	Criminals may take advantage of this.	0	1	1	0	0	1	0	0	0	0	3.0
1267	We should abolish intellectual property rights	in favor of	intellectual property rights are absurd, we deserve to express what we think it does not matter if another already thinks so	1	0	0	0	0	0	1	0	0	0	3.0
208	We should adopt libertarianism	in favor of	libertarianism is the true path to real freedom and autonomy for all	0	0	0	0	0	0	1	0	0	0	3.0
5609	The vow of celibacy should be abandoned	against	the holy scriptures say many things that are not accepted by the traditions of the church, so that the man who wants to remain holy must be celibate.	0	1	1	0	0	0	0	0	1	0	3.5
118	We should ban the Church of Scientology	in favor of	scientology is actually a wealthy cult and members are abused physically and financially.	0	0	0	0	0	1	1	0	0	0	3.0
1693	We should legalize cannabis	against	marijuana is damaging mentally and physically	0	0	0	0	0	1	0	0	0	0	3.0
3161	We should ban targeted killing	against	Targeted killing will help clean up the streets faster.	0	1	0	0	0	1	0	0	0	0	3.0
488	We should ban algorithmic trading	in favor of	we should ban algorithmic trading because most people have no idea how it works and if it is good for them or not	1	0	0	0	0	0	1	0	0	0	3.0
5540	The vow of celibacy should be abandoned	in favor of	if we are talking about priests then nothing in the bible says holy men cannot take wives and have families and this a healthy thing for them.	0	1	0	0	0	0	0	0	1	0	3.5
4173	We should legalize cannabis	in favor of	cannabis has medical benefits that could be used to give relief to people with chronic illnesses.	0	0	0	0	0	1	0	0	0	0	3.0
6529	Entrapment should be legalized	in favor of	entrapment should be legalized because it helps a lot of police officers close their cases	1	0	0	0	0	1	1	0	0	0	3.0
5630	The vow of celibacy should be abandoned	against	celibacy holds many virtues, offers protection from disease as well as prevents unwanted pregnancies.	0	0	1	0	0	1	1	0	0	0	3.0
4757	Technology is rising Unemployment rates	in favor of	If any business depends heavily on human labour, it tends to fail as it cannot cope up with the competition from the technologically advanced competitors.	1	0	0	0	0	1	0	0	0	0	3.0
6352	Surrogacy should be banned	against	surrogacy is a beautiful act and so appreciated by the parents who could not have a child any other way.  we can't end this.	0	1	0	0	0	1	1	0	0	0	3.0
3084	We should adopt libertarianism	against	we should not adopt libertarianism because the government would have too much control over people	0	0	0	0	0	0	1	0	0	0	3.0
1855	We should subsidize embryonic stem cell research	in favor of	if we subsidize embryonic stem cell research, we can likely find cures for many conditions and diseases.	1	0	0	0	0	1	1	0	0	0	3.0
6715	We should subsidize vocational education	against	many trade skills are overcrowded as it is, and this would overload the market	1	0	0	0	0	1	0	0	0	0	3.0
558	We should subsidize embryonic stem cell research	in favor of	embryonic stem cell research  can lead to new cures for diseases.	1	1	0	0	0	1	1	0	0	0	3.0
5356	There should be an enlargement of the European Union.	against	It's not a good idea to pursue further enlargement. The greater the territory, the harder it is to control and keep problems from appearing. Every large empire in history fell because it grew to such size that it couldn't be properly managed and ruled over. Examples from history don't become suddenly invalid because we're living in the 21st century.	0	0	0	0	0	1	0	0	0	0	3.0
6687	Assisted suicide should be a criminal offence	in favor of	suicide is illegal and so is killing, so how is assisted suicide going to be legal?	0	0	1	0	0	1	0	0	0	0	3.0
3878	We should abandon the use of school uniform	in favor of	the uniforms limit the freedom of expression of the youngest and could be counterproductive in their stage of development	0	0	0	0	0	1	1	0	0	0	3.0
549	We should ban missionary work	in favor of	missionary work is risky to participate in.	0	0	0	0	0	1	0	0	0	0	3.0
4591	India should store the data within the territorial boundaries of the country	against	Storing data in India means higher operational costs for payment system operators. Because in other countries they have cheaper alternatives. And also for cross-border transactions, they have to store the data in two places, which increases costs. There is a probability that these extra costs may pass on to the consumers.	0	0	0	0	0	1	0	0	0	0	3.0
5194	Humanitarian organizations should be financially responsible in relation to illegal immigration.	in favor of	A humanitarian association that helps a migrant to enter the EU illegally, should lose its government/EU funding.	0	0	1	0	0	1	0	0	0	0	3.0
6319	The vow of celibacy should be abandoned	against	if someone wants to prove themselves by taking such a serious vow, then they should be free to do so.	0	0	1	0	0	0	1	0	1	0	3.0
3343	We should legalize cannabis	against	cannabis has been proven to cause psychiatric problems in users thus it would be to our detriment to legalise it.	0	0	0	0	0	1	0	0	0	0	3.0
6780	Surrogacy should be banned	in favor of	surrogacy should be banned because more often than not, the woman carrying the baby becomes attached and when they give the child up, causes emotional stress on that woman.	0	0	0	0	0	1	0	0	0	0	3.0
1961	We should abolish intellectual property rights	in favor of	intellectual property rights should be abolished as an individual's thoughts or creative abilities are their own and should not be controlled or owned by a company.	0	0	0	0	0	0	1	0	0	0	3.0
1204	We should ban the use of child actors	against	and if we forbid it, who will play the role of the children? this is a decision only of parents and children, the government should not get involved	0	1	0	0	0	0	1	0	0	0	3.0
5585	We should abandon television	against	Television offers a variety of entertainment and information that families can enjoy together	1	1	0	0	0	0	0	0	0	0	3.5
7314	We should restrict minors from playing online games.	against	Children's addiction to games may not be a problem of games in essence, but a comprehensive problem of family education, children's habits, hobby training and so on.	1	1	1	0	0	0	0	0	0	0	3.5
650	We should abandon the use of school uniform	in favor of	school uniforms are a way of stifling the creativity and individuality of students.	1	1	0	0	0	0	0	0	0	0	3.5
6119	We should abandon television	in favor of	there is a lot of violence and sex on television that is not appropriate for children	0	1	1	0	0	0	0	0	1	0	3.5
1377	We should abolish the Olympic Games	against	the olympic games inspire children and people of all ages to enjoy and participate in sports.	1	0	0	0	0	0	1	1	1	0	3.0
3799	We should legalize prostitution	in favor of	prostitution should be allowed if the participants both agree.	0	0	0	0	0	0	1	0	0	0	3.0
4058	We should abandon the use of school uniform	against	it is a good way to instill discipline	0	1	1	0	0	0	0	0	0	0	3.5
2256	We should legalize cannabis	against	cannabis is a illegal drug for a reason, it is harmful dangerous drug that alters your mental capacity and should remain illegal.	1	0	1	0	0	1	0	0	0	0	3.0
5249	There should be a European Common Defence and Security Alliance	in favor of	We need to revisit the idea of a defense union that is independent of NATO. National armies of EU states should be able to cooperate. This includes the same equipment, the same training and the same battle language.  	1	0	0	0	0	1	1	0	0	0	3.0
734	We should prohibit school prayer	against	school prayer should be allowed in school because it is what our country was founded on.  those who disagree could just abstain from the prayer.	0	0	0	0	0	0	1	0	1	0	3.0
3860	We should oppose collectivism	in favor of	We should oppose collectivism as it forces people to be part of group mentality in order to achieve anything.	0	0	0	0	0	0	1	0	0	0	3.0
2954	We should legalize sex selection	in favor of	if the technology exists them it should be up to individuals to decide what sex child they have as this will effect them more than anyone else.	0	0	0	0	0	0	1	0	0	0	3.0
3339	We should abolish safe spaces	in favor of	safe spaces are a breeding ground for indoctrinators and dangerous sects	0	1	1	0	0	1	1	0	0	0	3.0
6578	The vow of celibacy should be abandoned	against	the vow of celibacy when used honestly means more focus on the flock than the priest's own family so should be kept.	1	1	0	0	0	0	1	0	1	0	3.0
5902	We should abandon television	in favor of	Television is an outdated modality that lures people into inactive passivity, it is dangerous to well-being and should be banned	0	0	0	0	0	1	1	0	0	0	3.0
1029	We should adopt a zero-tolerance policy in schools	in favor of	i agree that a zero-tolerance policy in schools is a good idea since it would mean that our children are safer when they go to school.	1	0	1	0	0	1	0	0	1	0	3.0
1588	We should legalize organ trade	against	people will sell their organs risking their lives	0	0	1	0	0	1	0	0	0	0	3.0
7173	We should stop immigration.	in favor of	The official UN definition of the word 'genocide' includes imposing measures intended to prevent births within the group and forcibly transferring children of the group to another group. This is what the EU is doing to its own member states by allowing immigration into Europe from the Middle East and Africa.  Therefore, I can only conclude that EU bureaucrats hate native Europeans.	0	1	1	0	0	1	0	0	0	0	3.0
419	We should abolish intellectual property rights	against	having intellectual property rights is a deterrent for those that would steal another persons ideas and creations so we must not abolish that.	1	0	1	0	0	0	1	0	0	0	3.0
1020	We should ban fast food	in favor of	fast food has almost non nutritional value. it is full of bad unhealthy ingredients and is causing the rise in health problems and obesity in the nation.	1	1	0	0	0	1	0	0	0	0	3.0
3460	We should ban fast food	in favor of	we should ban fast food because it is not good for people's health and they are very unhealthy in terms of calories	0	0	0	0	0	1	0	0	0	0	3.0
1563	We should subsidize embryonic stem cell research	against	the government doesnt need to be in control of science	0	0	0	0	0	0	1	0	1	0	3.0
2460	We should abolish the right to keep and bear arms	against	the right to keep and bear arms is a constitutional right and provides comfort and safety for families who use them responsibly.	0	1	0	0	0	1	1	0	1	0	3.0
3939	We should end mandatory retirement	in favor of	Ending mandatory retirement will help reduce the burden of older populations on state pension systems.	0	0	0	0	0	1	0	0	0	0	3.0
5970	Payday loans should be banned	against	the payday loan should not be prohibited because each individual is free to negotiate with another individual. free market law. the state should not interfere.	0	0	0	0	0	1	1	0	0	0	3.0
1296	We should legalize organ trade	against	we shouldn't legalize organ trade because is horror for familiys	0	1	1	0	0	0	0	0	0	0	3.5
2087	We should cancel pride parades	in favor of	some pride parades can get overtly sexual, blurring the line of public decency.	0	0	1	0	0	0	1	0	1	0	3.0
3372	We should ban factory farming	against	factory farming produces more quantity resulting in lower prices and more choices.	1	0	0	0	0	1	1	0	0	0	3.0
4850	Immigrants should receive help from the EU through integration programs	against	Europe needs more women to have children and raise them in a good manner, which helps transmit our culture: our culture is a praise to the world and must be saved from globalization invasion and destruction.	0	1	0	0	0	0	0	0	1	0	3.5
7362	We should vigorously develop the countryside.	against	The future of the rural market will certainly be prosperous, but at present it is barren, and the risk of investing in business is still relatively high. This largely limits young people's footsteps.	1	0	0	0	0	1	0	0	0	0	3.0
3014	We should abolish the right to keep and bear arms	against	The right to keep and bear arms is a constitutional right and should never be abolished as it allows personal protection	0	0	1	0	0	1	1	0	0	0	3.0
3533	We should ban telemarketing	against	i don't think that is a good idea to ban telemarketing , there are people working in this kind of jobs and they are good at what they do , most of the time they advertise very well.	1	1	0	0	0	1	1	0	0	0	3.0
566	We should ban missionary work	against	we should not ban missionary work because if people want to help out others that is their business and no one elses	0	1	0	0	0	1	1	0	1	0	3.0
4367	We should subsidize journalism	in favor of	we ought to subsidize journalism to get young people interested in the field	1	0	0	0	0	0	1	0	0	0	3.0
2336	We should adopt a zero-tolerance policy in schools	in favor of	this would show that schools are serious about stamping out bullying and bad behavior. too many people get away with bad things because schools are scared to punish them.	0	0	1	0	0	0	0	0	0	0	3.5
3735	We should ban fast food	in favor of	we should ban fast food because obesity the biggest health crisis in the country	0	0	0	0	0	1	0	0	0	0	3.0
4730	News channels are breaking rules to give Breaking news	in favor of	If anyone accuses any celebrity, the news will be breaking news for days on news channels. This is an infringement of personal rights. News channels are ignoring the basic thing that the allegations are not proved yet.	0	1	1	0	0	0	1	0	0	0	3.0
4132	We should stop the development of autonomous cars	in favor of	autonomous cars are dangerous, more dangerous than a single person could ever be.  we're trusting a computer program to make life and death decisions.	1	0	0	0	0	1	0	0	0	0	3.0
2991	We should cancel pride parades	in favor of	pride parades can be a dangerous place	0	1	0	0	0	1	0	0	0	0	3.0
5717	We should abandon television	in favor of	television corrupts  peoples brains and takes away from productivity.	1	0	1	0	0	0	1	0	0	0	3.0
1460	We should abolish the Olympic Games	in favor of	we should abolish the olympic games because the pressure placed on athletes can cause mental health issues	0	1	0	0	0	1	0	0	0	0	3.0
2859	We should ban telemarketing	in favor of	telemarketing is an annoyance and unnecessary approach	0	1	0	0	0	1	0	0	0	0	3.0
5527	We should abandon television	in favor of	television rots peoples brains so should be abandoned.	1	0	0	0	0	0	1	0	0	0	3.0
978	We should subsidize journalism	in favor of	presentation of information is important and needs help to keep it viable and reliable.	1	1	0	0	0	0	0	0	0	0	3.5
3872	We should abolish safe spaces	in favor of	people need to learn how to survive in this world so no safe spaces would benefit this	1	0	0	0	0	0	1	0	0	0	3.0
1667	We should legalize prostitution	against	we should not legalize prostitution because they spread too many deceases so we need to get rid of prostitution	0	0	1	0	0	1	0	0	0	0	3.0
5251	The EU should conclude an agreement with the United Kingdom and create together a European pillar of NATO	against	Forty years of UK membership in the European Union have clearly proven that it is not a good idea to conclude agreements with England.	1	0	0	0	0	0	0	0	0	0	3.5
6583	Entrapment should be legalized	in favor of	entrapment can be a useful tool in proving that someone is guilty of a crime when traditional methods have failed.	1	0	0	0	0	1	0	0	0	0	3.0
3213	We should legalize cannabis	against	Marijuana is part of drug culture so using it leads to other, much more dangerous drug use.	0	1	1	0	0	1	0	0	0	0	3.0
1342	We should stop the development of autonomous cars	in favor of	Autonomous cars have caused deadly accidents and they will never be safe enough for widespread public use.	1	1	0	0	0	1	0	0	0	0	3.0
2940	We should subsidize Wikipedia	in favor of	wikipedia provides a wealth of information on any subject you can think of. this is highly benificial to the education system and should be subsidized.	1	1	0	0	0	0	1	0	0	0	3.0
4391	We should legalize organ trade	in favor of	legalizing organ trade will help people looking for a specific organ to find it easier.	1	1	0	0	0	1	1	0	0	0	3.0
5534	Assisted suicide should be a criminal offence	in favor of	killing another person is wrong and should be banned	0	1	1	0	0	1	0	0	0	0	3.0
300	We should ban the use of child actors	against	we shouldn't ban the use of child actors because it is a way for children to find a career early in their life	1	0	0	0	0	0	0	0	0	0	3.5
369	We should end mandatory retirement	against	the companies that have the mandatory retirement policy maintain a rotation of employees fresher and updated with the new times	1	0	0	0	0	0	1	0	0	0	3.0
3054	We should subsidize embryonic stem cell research	against	subsidizing embryonic stem cell research can lead to forced gathering of the stem cells and may even cause worse reactions.	0	0	1	0	0	1	0	0	0	0	3.0
6962	Hindi should be the national language of India	in favor of	English is not native to India, but Hindi is.	0	0	0	0	0	0	0	0	1	0	3.5
3171	We should subsidize space exploration	in favor of	the country needs to be prepared against other countries that use space exploration to advance both offensive and defensive strategies	1	0	0	0	0	1	1	0	0	0	3.0
6213	Social media brings more harm than good	against	social media connects and assists people in an emergency situation.	1	1	0	0	0	1	0	0	0	0	3.0
6789	Homeschooling should be banned	in favor of	homeschooling simply provides an extra opportunity for parents to push extremist beliefs onto children.	1	0	1	0	0	0	1	0	0	0	3.0
3649	We should ban fast food	in favor of	fast food is no good for anyone because it makes people fat and unhealthy.	0	0	0	0	0	1	0	0	0	0	3.0
1257	We should adopt an austerity regime	against	an austerity regime would be harmful	1	0	0	0	0	0	1	1	0	0	3.0
6014	Intelligence tests bring more harm than good	against	I.Q. testing  allows students to understand and focus on their intellectual strengths	1	1	0	0	0	0	1	0	0	0	3.0
2534	We should adopt gender-neutral language	against	we should not adopt this, it would be confusing to young children. the way we've done things still works and there's no need to change it.	1	0	0	0	0	0	0	0	1	0	3.5
6121	Homeopathy brings more harm than good	in favor of	people using homeopathic remedies instead of conventional medicine are more likely to die from a serious illness.	0	1	0	0	0	1	0	0	0	0	3.0
3848	We should legalize organ trade	in favor of	we should legalise organ trade because it could save so many lives.	0	0	0	0	0	1	0	0	0	0	3.0
3538	We should ban factory farming	against	factory farming is a necessary tactic to provide the food resources our population requires, it does not need to be cruel, it can merely be efficient	1	1	0	0	0	1	0	0	0	0	3.0
5808	Holocaust denial should be a criminal offence	against	it's just freedom of speech, you can't arrest someone for not believing something	1	0	1	0	0	0	1	0	0	0	3.0
434	We should ban targeted killing	against	We should not ban targeted killing as it is the only way to deal with particular criminals who are otherwise not able to be captured or killed.	0	0	1	0	0	1	0	0	0	0	3.0
5864	Holocaust denial should be a criminal offence	against	why should anyone be told they cannot deny something even if it happened?  freedom of speech, surely.	0	0	0	0	0	0	1	0	0	0	3.0
5416	Surrogacy should be banned	in favor of	a surrogate carrying a baby could try to keep it since they gave birth to it.	0	1	1	0	0	0	0	0	0	0	3.5
6145	We should abandon television	against	it can be very educational and full of facts	1	0	0	0	0	0	1	0	0	0	3.0
6210	Homeschooling should be banned	in favor of	homeschooling does not give children social interaction.	1	0	0	0	0	1	0	1	0	0	3.0
5353	We need legal ways of migration.	against	Migrants sell drugs.	0	1	1	0	0	1	0	0	0	0	3.0
3786	We should legalize prostitution	against	prostitution is extremely dangerous and keeping it illegal is in the best interest of society.	0	0	1	0	0	1	0	0	0	0	3.0
5755	Assisted suicide should be a criminal offence	against	Assisted suicide should not be a criminal offence as people should not be expected to live in vegetative states and need help to make their own decisions to die a reality.	0	0	0	0	0	1	1	0	0	0	3.0
2630	We should legalize cannabis	against	we shouldn't legalize cannabis as it could introduce more drugs to the user	0	0	1	0	0	1	0	0	0	0	3.0
3821	We should abolish intellectual property rights	against	people should be able to guarantee income from inventions to recover development cost	0	0	0	0	0	1	0	0	0	0	3.0
6482	We should subsidize vocational education	in favor of	vocational education is necessary to train workers for skilled work such as plumbing and electrical trades.	1	0	0	0	0	0	1	0	0	0	3.0
25	We should ban the Church of Scientology	in favor of	they are nothing but a cult and manipulate their members	0	0	0	0	0	0	1	0	0	0	3.0
4462	We should legalize organ trade	in favor of	"organ trade is excellent way to continue the process to help more people who are in need of a new organ, a ""pay it forward"" concept and should be legal"	0	1	0	0	0	1	1	0	0	0	3.0
4352	We should introduce compulsory voting	against	people should have the right to not vote.	0	0	0	0	0	0	1	0	0	0	3.0
2769	We should adopt gender-neutral language	against	gender-neutral language should not be adopted as it will cause resentment among those who strongly identify with either their birth or adopted sex	0	1	1	0	0	0	0	0	0	0	3.5
2365	We should stop the development of autonomous cars	against	autonomous cars can help those without the capability of driving be able to have consistent transportation when they don't otherwise.	1	0	0	0	0	1	0	0	0	0	3.0
4420	We should abolish the right to keep and bear arms	in favor of	school shootings are at an all time high and abolishing this right is only necessary	0	0	0	0	0	1	0	0	0	0	3.0
397	We should subsidize student loans	in favor of	too many students have defaulted on loans or are paying them for many years.  by subsidizing these students we can assist in stopping this.	0	0	0	0	0	1	0	0	0	0	3.0
3058	We should prohibit school prayer	in favor of	we should prohibit school prayer, the us courts have consistently ruled that it is unconstitutional	0	0	1	0	0	0	1	0	0	0	3.0
1081	We should subsidize student loans	in favor of	subsidised student loans would encourage everyone to go to university if they thought they wouldn't have any debt at the end of the studies.	1	0	0	0	0	1	1	0	0	0	3.0
4344	We should subsidize student loans	in favor of	due to the obligations of the students it is sometimes difficult to get a job, we must help them pay their loans so that they do not leave school	1	0	0	0	0	1	0	0	0	0	3.0
32	We should abolish the three-strikes laws	against	this law keeps communities safe by not letting criminals run rampant with only slaps on the wrist	0	0	1	0	0	1	0	0	0	0	3.0
5409	Foster care brings more harm than good	in favor of	many children in the foster care system have issues that can destroy a family.	0	1	0	0	0	1	0	0	0	0	3.0
668	We should stop the development of autonomous cars	in favor of	it is just another way for lazy people to do as little as possible.	0	1	0	0	0	0	0	1	0	0	3.5
7088	We should put a cap on personal wealth and annual income	against	Yes, Communism worked great, everywhere they tried. Oh wait...	1	0	0	0	0	0	0	0	0	0	3.5
5004	We need a better EU migration policy.	in favor of	It is absurd that such an EU policy about migration is lacking.  	0	0	1	0	0	0	0	0	0	0	3.5
4234	We should abolish the right to keep and bear arms	in favor of	we are getting to the point where even children cannot go to school and be 100% safe - this has to be stopped.	1	0	0	0	0	1	0	0	0	0	3.0
3103	We should stop the development of autonomous cars	against	autonomous cars eliminate the hazards of driving distracted and drunk driving.  removing these hazards from our roadways will make us all safer.	0	0	1	0	0	1	0	0	0	0	3.0
1897	We should ban telemarketing	in favor of	telemarketing is annoying to most people and takes away time from people's busy days.	0	1	1	0	0	0	0	0	0	0	3.5
2251	We should adopt a zero-tolerance policy in schools	in favor of	adopting a zero tolerance rule in schools is good for safety.	0	0	1	0	0	1	0	0	0	0	3.0
605	We should ban human cloning	against	human cloning can provide a way for science to overcome negative qualities in humans, such as birth defects, so overall it is a positive technology that should be allowed to flourish.	1	0	0	0	0	1	0	0	0	0	3.0
949	We should ban the use of child actors	in favor of	using child actors can create unimaginable pressure ans stress on the child if they become a star or the production is a success and this can lead to substance abuse problems to cope with said pressure	0	1	0	0	0	1	0	0	0	0	3.0
3374	We should stop the development of autonomous cars	in favor of	autonomous vehicles will lead to an increase in road accidents	0	0	0	0	0	1	0	0	0	0	3.0
4709	India should accept Rohingya refugees	in favor of	Accepting refugees escaping from death situations is surely an act of humanity. Rohingya people have been treated brutally by the Burmese government due to racism. Being a neighboring country, we should be accepting those people who are in deep distress. 	0	1	0	0	0	1	0	0	0	0	3.0
5559	Foster care brings more harm than good	in favor of	Foster children do not always get proper medical care. Foster kids are covered medically under Medicaid but each year, fewer and fewer healthcare providers accept Medicaid.	0	0	0	0	0	1	0	0	0	0	3.0
2031	We should abandon the use of school uniform	in favor of	the school uniform gives no individuality to students	0	0	0	0	0	0	1	0	0	0	3.0
493	We should ban fast food	against	fast food is good for busy people allowing the to pick up something to eat on the go.	0	0	0	0	0	1	1	1	0	0	3.0
1519	We should abolish the right to keep and bear arms	in favor of	america far and away has the highest gun related homicides of any developed nation, to say nothing of the multiple mass shootings per year.	0	0	1	0	0	1	0	0	0	0	3.0
3284	We should abolish the right to keep and bear arms	in favor of	The right to keep and bear arms should be abolished because when writing the Second Amendment the founding fathers couldn't have forseen the development of such destructive modern day weaponry.	0	0	1	0	0	1	0	0	0	0	3.0
1751	We should legalize organ trade	in favor of	legalizing organ trade would make it safer by moving it out of the hands of unscrupulous people operating in the black market.	0	1	0	0	0	1	0	0	0	0	3.0
4217	We should subsidize embryonic stem cell research	in favor of	this will help to establish cures for disabilities and diseases	1	1	0	0	0	1	1	0	0	0	3.0
2058	We should adopt gender-neutral language	in favor of	gender nuetral language fits in with the progressive agenda.	0	0	1	0	0	1	0	0	0	0	3.0
1399	We should ban cosmetic surgery for minors	in favor of	it causes more harm than good when the surgery in minors is not for health	0	1	0	0	0	1	0	0	0	0	3.0
2173	We should abandon the use of school uniform	in favor of	school uniform requirements curtail any individual creativity and self-expression at an important age of self-discovery and should be abandoned.	0	0	0	0	0	0	1	0	0	0	3.0
6555	Assisted suicide should be a criminal offence	in favor of	Assisted suicide should be a criminal offence as if the person cannot make their own decisions and actions then it would be impossible to know if the person helping wasn't just murdering them.	0	0	0	0	0	1	0	0	0	0	3.0
4209	We should abolish the right to keep and bear arms	in favor of	Gun violence is a huge problem and there are too many mass shootings.   If people didn't have guns many lives would be saved.  Less suicides would happen too as guns are just too easy to use.	0	0	1	0	0	1	0	0	0	0	3.0
6385	Foster care brings more harm than good	in favor of	foster care families don't really take care of the children and instead use them to earn extra income	0	0	1	0	0	1	0	0	0	0	3.0
3005	We should ban missionary work	in favor of	missionary work sometimes forces religion on people	0	0	1	0	0	0	0	0	0	0	3.5
6900	Assisted suicide should be a criminal offence	against	people who are terminally ill and don't want to suffer any more have a right to ask for help to end their lives	0	1	0	0	0	0	1	0	0	0	3.0
3648	We should ban cosmetic surgery	against	a ban would only increase the already concerning trend to go to dangerous surgeons abroad	0	0	1	0	0	1	1	0	0	0	3.0
4198	We should legalize sex selection	against	Gender selection is an extremely expensive medical process.	0	0	0	0	0	1	0	0	0	0	3.0
2476	We should legalize organ trade	in favor of	at this time many people are dying because they do not get an organ transplant. organ trade would incentivize people to be more prepared to have their relatives organs transplanted to save others	0	1	0	0	0	1	0	0	0	0	3.0
6397	The vow of celibacy should be abandoned	against	the vow of celibacy should be up to each individual.	0	0	0	0	0	0	1	0	0	0	3.0
441	We should adopt a zero-tolerance policy in schools	in favor of	zero-tolerance policies are helpful as they stop children misbehaving	0	0	1	0	0	0	0	0	0	0	3.5
6068	Payday loans should be banned	against	payday loans should not be banned because sometimes people need the money ahead of time for emergencies	0	1	1	0	0	1	0	0	0	0	3.0
4710	India should accept Rohingya refugees	against	Allowing refugees is a potential security threat to any country. Refugees can be an easy prey to terrorists. They may take advantage of the situation and may carry out illegal activities using refugees.	0	0	1	0	0	1	0	0	0	0	3.0
1527	We should ban fast food	in favor of	fast food is leading to an obesity epidemic and a health crisis.	0	0	0	0	0	1	0	0	0	0	3.0
2945	We should ban human cloning	in favor of	human cloning in the wrong hands could be very dangerous to society	0	1	0	0	0	1	0	0	1	0	3.0
2308	We should ban telemarketing	in favor of	telemarketing is annoying at best and an invasion of privacy at its worst.	0	1	1	0	0	1	1	0	0	0	3.0
974	We should oppose collectivism	against	collectivism bands people together to solve problems in their communities	1	1	0	0	0	1	1	0	0	0	3.0
1431	We should subsidize embryonic stem cell research	against	embryonic stem cell research is controversial and therefore should not receive government funding.	0	1	0	0	0	0	0	0	1	0	3.5
221	We should ban fast food	against	fast food is great when you need a quick meal on the run and it is more nutritious than snacking on chocolate bars or unhealthy snacks.	0	0	0	0	0	1	1	1	0	0	3.0
5391	Social media brings more harm than good	in favor of	social media results in the fomo culture which is unhealthy for individuals.	0	0	0	0	0	1	1	0	0	0	3.0
7276	We should abolish the 996 overtime system	in favor of	"China's 996 overtime system leaves you with no room to learn and improve, forever trapped in a ""rat trap""."	1	0	0	0	0	1	0	0	0	0	3.0
401	We should legalize sex selection	in favor of	parents have every right to decide whether they give birth to a boy or a girl.	0	1	0	0	0	0	1	0	0	0	3.0
4577	Technology is making us feel less human	in favor of	Our decision-making skills are also getting affected as we are now asking search engines to know what is best. We are depending on the knowledge base of the internet even at offices to finish the work at hand. This affects cognitive skills ( to think, read, learn, remember, and reason), which is an essential quality of humans.	1	0	0	0	0	0	1	0	0	0	3.0
6138	Surrogacy should be banned	in favor of	surrogacy can be dangerous for the surrogate, and can create an emotional bond between birth mother and child that makes it very difficult for the birth mother to surrender the child to the surrogate couple	0	1	0	0	0	1	0	0	1	0	3.0
5444	Homeschooling should be banned	against	if the parents can provide a better education than what their local schools offer, they should be allowed to do so.	0	1	0	0	0	0	1	0	0	0	3.0
6012	Social media brings more harm than good	in favor of	Social media sucks people in and causes them to waste time they could be using productively.	0	0	1	0	0	0	1	0	0	0	3.0
2668	We should prohibit school prayer	against	we shouldn't prohibit school prayer as it's a human right to be able to pray	0	0	0	0	0	0	1	0	0	0	3.0
4531	We should adopt gender-neutral language	against	there is no need to adopt gender-neutral language because people should be addressed with appropriate genders.	0	0	1	0	0	0	1	0	1	0	3.0
865	We should abolish the right to keep and bear arms	against	it is a fundamental right of american citizens to keep and bear arms and to remove that right would simply drive arms trading underground.	0	0	0	0	0	1	1	0	1	0	3.0
5509	We should abandon television	in favor of	excessive television watching leads to a sedentary lifestyle and obesity	0	0	0	0	0	1	0	0	0	0	3.0
3262	We should ban telemarketing	in favor of	we should ban telemarketing since it is a nuisance to the people who they berate with phone calls.  very few of the people called are interested.  wasting peoples time needs to be stopped.	0	1	1	0	0	0	1	0	0	0	3.0
5879	The vow of celibacy should be abandoned	against	celibate people aren't at risk of sexually transmitted infections or diseases and therefore are healthier, so it shouldn't be abandoned.	0	0	0	0	0	1	0	0	1	0	3.0
5320	The EU should change its internal structure.	in favor of	Without change, the EU will be following the route of the USSR and other communist countries, who after 70 years of trying to build a social paradise ended in poverty and suppression.	0	0	0	0	0	1	1	0	0	0	3.0
1331	We should ban factory farming	against	this method increases meat products to meet the high demand.	1	0	0	0	0	0	0	0	0	0	3.5
1125	We should ban telemarketing	in favor of	telemarketing can cause distress for people who do not know how to get rid of the callers.	0	0	1	0	0	1	1	0	0	0	3.0
4599	India should store the data within the territorial boundaries of the country	against	Data localization may result in government surveillance of its citizens.	0	1	0	0	0	0	1	0	0	0	3.0
6732	The vow of celibacy should be abandoned	in favor of	the vow of celibacy should be abandoned as monogamy is a personal choice and has nothing to do with the legal rights of married couples, it is a personal matter between them.	0	0	0	0	0	0	1	0	0	0	3.0
3239	We should ban cosmetic surgery	against	cosmetic surgery is vital for people like burn victims to heal and feel more normal.	0	0	0	0	0	1	0	0	0	0	3.0
2851	We should adopt a zero-tolerance policy in schools	in favor of	it is a good measure, since our youth currently lack responsibility and discipline, and with this we favor more that ability	0	1	1	0	0	1	0	0	1	0	3.0
4466	We should abolish intellectual property rights	against	for multiple reasons the right of intellectual property should not be abolished since it gives others the participation of making their intellect known and putting it into practice in various activities	1	0	0	0	0	0	1	1	0	0	3.0
1096	We should adopt gender-neutral language	against	we should not adopt gender-neutral language because the majority of people do identify with a gender and want to be addressed as such.	0	0	1	0	0	1	1	0	1	0	3.0
6108	Assisted suicide should be a criminal offence	against	everyone is entitled to chose how to not just live but also end their life.	0	1	0	0	0	1	1	0	0	0	3.0
30	We should legalize prostitution	against	legalizing prostitution will further demean a woman or man and result in unnecessary violence.	0	0	1	0	0	0	0	0	0	0	3.5
3196	We should abolish the right to keep and bear arms	against	the right to keep and bear arms should not be abolished because it allows people to defend themselves	0	0	0	0	0	1	1	0	0	0	3.0
535	We should subsidize space exploration	against	space exploration doesn't have any immediate benefits for the general public	0	1	0	0	0	1	0	0	0	0	3.0
820	We should adopt a zero-tolerance policy in schools	in favor of	it makes a school a safe place for children to learn	0	1	1	0	0	1	0	0	0	0	3.0
4784	Organ donation should be made compulsory	in favor of	Many people are in need of organ replacement surgeries to survive. There is a shortage of organ donors. Hence compulsory organ donation after death can ensure that no one will die due to the non-availability of healthy organs.	0	0	0	0	0	1	0	0	0	0	3.0
6309	Assisted suicide should be a criminal offence	against	people suffering with no chance for recovery deserve to choose this type of death to end suffering and loss of dignity.	0	0	0	0	0	0	1	0	0	0	3.0
3203	We should ban missionary work	against	if people are proud of their religion and want to travel and spread the word, they should be able to freely. first amendment rights!	1	1	0	0	0	0	1	0	1	0	3.0
813	We should ban human cloning	against	human cloning is simply another avenue of science to explore, and it is vital to push back the boundaries in order to open up possible potential cures for disease and medical issues.	1	0	0	0	0	1	1	0	0	0	3.0
3060	We should end mandatory retirement	against	Mandatory retirement ensures that companies and professions are constantly infusing their workforces with fresh talent.	1	0	0	0	0	0	1	0	0	0	3.0
427	We should limit judicial activism	against	judicial activism must be supported by all means because judges  knows law and they acting inside the law by judicial activism.	0	0	1	0	0	1	0	0	0	0	3.0
1057	We should ban cosmetic surgery for minors	against	some facial abnormalities or perceived abnormalities cause significant mental distress to young people, influencing their development, when cosmetic surgery could positively transform their lives.	0	1	0	0	0	1	1	0	0	0	3.0
6104	The vow of celibacy should be abandoned	against	the vow of celibacy is critical to keeping the priest focused on spiritual matters that are central to his responsibilities in the church and to his congregation.	1	1	1	0	0	0	0	0	1	0	3.5
4900	The European Union's asylum system needs to implement its humanitarian principles	in favor of	We already have successful programs for students from refugee camps. Enhance that.	1	1	0	0	0	0	0	0	0	0	3.5
5625	The vow of celibacy should be abandoned	against	it is the bedrock of catholisism that priests are celibate and to abandon this would be expecting catholics to rethink or abandon their beliefs to their detriment.	0	0	0	0	0	0	0	0	1	0	3.5
2069	We should subsidize embryonic stem cell research	in favor of	embryonic stem cell research has the potential to open up a whole new field of healthcare and medicine	1	0	0	0	0	1	1	0	0	0	3.0
433	We should ban whaling	against	whaling is part of a great number of cultures	0	0	1	0	0	0	0	0	1	0	3.5
6636	We should abandon television	in favor of	televisions should be abandoned as families need to spend more time together doing activities instead of being mindlessly staring at a television.	0	1	0	0	0	1	0	0	0	0	3.0
1967	We should ban cosmetic surgery for minors	in favor of	minors are not fully mentally or emotionally developed enough yet to  be able to process the ramifications of cosmetic surgery on their life.	1	0	1	0	0	1	0	0	0	0	3.0
687	We should ban telemarketing	against	Telemarketing is an excellent tool if used sensitively and with caution	1	0	1	0	0	0	1	0	0	0	3.0
2664	We should abolish the right to keep and bear arms	against	gun ownership is a personal right and a form of personal protection in an ever-increasingly hostile and dangerous world.	0	1	0	0	0	1	1	0	0	0	3.0
6584	Foster care brings more harm than good	against	it is better for a child to be in a home where there is a family	0	1	0	0	0	1	0	0	0	0	3.0
1083	We should legalize organ trade	against	organ trade must remain illegal. there is far too much potential for corruption and human trafficking/murder if organs can be sold.	0	1	1	0	0	1	0	0	0	0	3.0
5005	We need a better EU migration policy.	in favor of	The EU is driving in the dark with the lights switch off. 	1	1	0	0	0	0	0	0	0	0	3.5
4324	We should adopt gender-neutral language	in favor of	over sensitive people will be offended if we don't.	0	0	1	0	0	0	0	0	0	0	3.5
2638	We should ban the use of child actors	in favor of	we should ban the use of child actors as they should be concentrating on getting an education first	1	0	1	0	0	0	1	1	0	0	3.0
3065	We should ban human cloning	in favor of	without knowing the long term effects of cloning, it shouldn't be attempted on humans because it could be medically problematic.	0	0	0	0	0	1	0	0	0	0	3.0
602	We should adopt gender-neutral language	in favor of	it would make people who are gender challenged feel better.	0	0	0	0	0	1	0	0	0	0	3.0
2130	We should end mandatory retirement	against	mandatory retirement helps keep the number of workplace incidents down.	1	1	1	0	0	1	0	0	0	0	3.0
3366	We should adopt a zero-tolerance policy in schools	in favor of	zero tolerance will improve educational standards and behaviour leading to better learning outcomes.	1	1	1	0	0	1	0	0	0	0	3.0
1862	We should legalize organ trade	against	Selling organs puts the seller in incredible risk of further injury and decreases their quality of life.	0	0	0	0	0	1	0	0	0	0	3.0
4657	Social media is making us less social	in favor of	By following friends on social media and not communicating with them privately, we can only know the things they post on their accounts. We may not know much about what is really happening in their lives. That means we will have no meaningful connections with friends. The convenience of contacting people online made us prefer it over meeting them outside.	0	1	0	0	0	1	0	0	0	0	3.0
6966	Human Gene editing is a good thing	in favor of	Some people who believe in modifying the genes believe that it not only increases the span of life but also increases the quality of life.	0	0	0	0	0	1	0	0	0	0	3.0
6793	Entrapment should be legalized	in favor of	entrapment can help rid our society of criminals and therefore should be legalized	0	0	0	0	0	1	0	0	0	0	3.0
10	We should adopt gender-neutral language	against	gender neutral language is just another way to try to please a group.  we have two sexes, men and women and they should be differentiate by the use of words.	0	0	1	0	0	0	0	0	1	0	3.5
5854	Homeschooling should be banned	against	homeschooling is best for children where the schools in the area are not conducive to learning	0	1	0	0	0	0	1	0	0	0	3.0
1689	We should ban human cloning	in favor of	human cloning could be dangerous in the wrong hands, for example dictators who could use it for unethical reasons.	0	1	0	0	0	1	0	0	1	0	3.0
13	We should subsidize journalism	in favor of	It is important for news organizations to transfer to new forms of media, like the internet, but it is costly and requires subsidization.	0	0	0	0	0	0	1	0	0	0	3.0
5552	We should abandon television	in favor of	Television contributes to the obesity epidemic because people spend far too much time inside in front of  the tv being inactive.	1	1	1	0	0	1	0	0	0	0	3.0
2029	We should ban the Church of Scientology	against	freedom of religion is freedom of religion.  there is no picking and choosing based on how others feel about it.  let the people do as they please, even if it's church of scientology.	0	0	1	0	0	0	1	0	1	0	3.0
697	We should cancel pride parades	in favor of	we should cancel pride parades because it is forcing views some people don't agree with in their face	0	0	0	0	0	0	1	0	1	0	3.0
3810	We should introduce compulsory voting	against	compulsory voting violates the freedom of choice.	0	0	0	0	0	0	1	0	1	0	3.0
2009	We should adopt a zero-tolerance policy in schools	in favor of	We should adopt a zero-tolerance policy in schools as children of school age are in a formative state and will learn good lessons for life including what is and isn't allowed in a good society.	0	0	1	0	0	0	0	0	0	0	3.5
733	We should legalize cannabis	against	allowing people to use a gateway drug like cannabis is steering them towards a life of addiction.	0	0	1	0	0	1	0	0	0	0	3.0
3197	We should ban missionary work	against	missionary work has other benefits beyond spreading religion, it makes a huge impact on small communities in poor countries that need help.	0	0	0	0	0	1	0	0	1	0	3.0
6189	Surrogacy should be banned	in favor of	Carrying a baby is an emotionally difficult experience. There are fluctuations in hormones, as well as the potential for depression during and after a pregnancy.	0	1	0	0	0	1	0	0	1	0	3.0
4085	We should adopt libertarianism	against	people need rules to maintain a civil society	0	0	1	0	0	1	0	0	1	0	3.0
4887	We need a common migration and asylum policy, based on respect for rights and equal treatment	against	Before we focus on ensuring that immigrants have nice conditions in the EU, we should first focus on ensuring that our own people can live respected lives in their own countries. Countries where they paid taxes and supported with their own labor. So that they are supported when they get ill, when they need help taking care of their kids and when they one day retire. EU still hasn't properly managed to achieve this in all member states. As such those member states should focus on repairing and improving the situation for their own people first and once those countries are up to standard and have free resources left, then we can speak of improving the situation for immigrants.	0	1	0	0	0	1	0	0	0	0	3.0
4331	We should ban factory farming	against	factory farming is an efficient solution to food supply problems.	1	1	0	0	0	1	0	0	0	0	3.0
3057	We should oppose collectivism	against	We should support collectivism because it encourages people to take responsibility for their community, which eases the burden on the state.	0	1	0	0	0	1	0	0	0	0	3.0
5705	The use of public defenders should be mandatory	against	The use of public defenders should not be mandatory because it will discourage law students from going into criminal litigation, since the pay is much lower for public defenders than private.	1	0	0	0	0	1	0	0	0	0	3.0
4581	Technology is making us feel less human	against	Technology is enabling us to work from home. This facility is helping employers to be more understanding towards employees. Many companies are now adding elements to work culture with the help of technology to make employees feel important.	0	0	0	0	0	1	1	0	0	0	3.0
900	We should ban the Church of Scientology	against	this country was founded by the freedom of religion, so people should have the right to follow any church they want.	0	0	0	0	0	0	1	0	1	0	3.0
2462	We should abandon the use of school uniform	in favor of	school uniforms place an unneeded financial burden on parents that are already paying large sums for private schools besides the fact that dress clothes are uncomfortable and add distraction to learning.	0	0	0	0	0	1	1	1	0	0	3.0
4776	We should ban kids' reality shows	in favor of	Almost all reality shows involves the process of eliminating participants one by one at each level. Facing defeat infront of everyone is not that easy for children. This may put an emotional toll on children.	0	0	1	0	0	1	0	0	0	0	3.0
1032	We should adopt atheism	against	we live in an open society where freedom of religious expression is allowed. to go against that would be a betrayal of western values.	0	0	0	0	0	0	1	0	1	0	3.0
2556	We should ban fast food	against	fast food is okay in moderation and doesn't need to get banned	0	0	1	0	0	1	1	0	0	0	3.0
6028	Social media brings more harm than good	against	social media connects people together	0	0	0	0	0	1	0	1	0	0	3.0
1547	We should legalize prostitution	against	legalizing prostitution would lead to an increase of child abductions for the sex trade.	0	0	1	0	0	1	0	0	0	0	3.0
2233	We should prohibit school prayer	against	thats what is wrong with the schools today, they took god out.	0	0	0	0	0	0	0	0	1	0	3.5
7315	We should restrict minors from playing online games.	against	Ban them from playing games and they may indulge in short videos on Douyin.	0	0	0	0	0	0	1	0	0	0	3.0
2343	We should legalize cannabis	against	cannabis can lead to experimentation with more dangerous drugs.  legalizing it would make it easier for youth to acquire.	0	0	1	0	0	1	0	0	0	0	3.0
4632	Artificial intelligence brings more harm than good	in favor of	With all the data and algorithms our apps and gadgets, without our conscious knowledge, are making decisions for us. Decision-making is (was) one of the qualities that made humans different from others	0	0	0	0	0	0	1	0	0	0	3.0
4169	We should adopt a zero-tolerance policy in schools	in favor of	zero tolerance policies lead to better outcomes in schools	1	1	1	0	0	0	0	0	0	0	3.5
696	We should abolish intellectual property rights	in favor of	intellectual property rights should be abolished as they stifle innovation and allows the creation of monopolies and giant corporations	1	0	0	0	0	0	1	0	0	0	3.0
4432	We should adopt a zero-tolerance policy in schools	in favor of	zero-tolerance policy should be adopted to teach children disciplined and to help prepare them for a life where rules apply.	1	0	1	0	0	0	0	0	0	0	3.5
4111	We should adopt libertarianism	in favor of	we should adopt libertarianism because it helps many people	1	1	0	0	0	0	0	0	0	0	3.5
5393	Foster care brings more harm than good	in favor of	foster care can be horrible for the child when moving from home to home and never settling down in one place.	0	1	0	0	0	1	0	0	0	0	3.0
5708	Homeschooling should be banned	in favor of	homeschooling prevents children from socializing with other children which can cause problems for them in the future.	0	0	0	0	0	1	0	0	0	0	3.0
166	We should subsidize student loans	against	a person's education should be the responsibility of themselves	0	1	1	0	0	0	1	0	0	0	3.0
52	We should abolish intellectual property rights	in favor of	ip rights enable large corporations to have a stranglehold over creators designs and work and should be abolished	0	0	0	0	0	0	1	0	0	0	3.0
448	We should stop the development of autonomous cars	against	autonomous cars will reduce the human margin of error to near zero and make for a safer commute.	1	0	0	0	0	1	0	0	0	0	3.0
1983	We should ban cosmetic surgery	in favor of	cosmetic surgery causes unnecessary risks to the patient for a purely narcissistic procedure.	0	1	1	0	0	1	0	0	0	0	3.0
2984	We should legalize sex selection	in favor of	legalizing medical sex selection can prevent the abortion of unwanted gendered babies	0	1	0	0	0	1	0	0	0	0	3.0
6781	Homeschooling should be banned	in favor of	it's not guaranteed homeschooling provides a good education	1	0	0	0	0	0	0	0	0	0	3.5
212	We should abolish the right to keep and bear arms	in favor of	Firearms are typically far more dangerous to the owner and his/her family than any intruder, due to misuse, murder, and suicide.	0	1	0	0	0	1	0	0	0	0	3.0
5394	Social media brings more harm than good	in favor of	social media can be incredibly addicting and cause depression based on popularity contests. we shouldn't use it so much because it can cause suicide and cyber bullying.	0	0	0	0	0	1	0	0	0	0	3.0
4704	India should accept Rohingya refugees	against	India is the second most populous country in the world. It is already difficult for the Indian government to provide food security and basic necessities to all the people of India. Adding more burden to this will worsen the situation.	0	0	0	0	0	1	0	0	0	0	3.0
4262	We should adopt gender-neutral language	against	we need to stop changing everything to conform to the few people who are offended.	0	0	0	0	0	0	0	0	1	0	3.5
6841	Surrogacy should be banned	against	surrogacy should  not be banned because it is a important part to prospective infertile parents.	0	1	0	0	0	1	1	0	0	0	3.0
7308	We should protect our privacy in the Internet age.	against	Recording precise data of individuals can improve individual lives; recording huge data of groups can optimize resource allocation.	1	0	0	0	0	1	0	0	0	0	3.0
5547	Surrogacy should be banned	in favor of	surrogacy should be banned as it is put too much emotional drain on the individuals with high expectations that may or may not be possible to deliver.	1	1	0	0	0	1	1	0	0	0	3.0
4534	We should limit executive compensation	against	the compensation to executives is a subject that only competer the companies and not the government. in the market of free competition that we have, it should be like this	0	0	0	0	0	0	1	0	1	0	3.0
1270	We should ban factory farming	against	it is the only way we currently have to feed the masses.	1	1	0	0	0	1	0	0	0	0	3.0
6310	Holocaust denial should be a criminal offence	against	the fundamental rights of individuals to the freedom of thought and expression of that thought as speech is vitally important to the stability and liberty of the populations of democracies.	0	0	0	0	0	0	1	0	1	0	3.0
5561	Foster care brings more harm than good	in favor of	foster care tends to move children from home to home and lacks stability.	0	1	0	0	0	1	0	0	0	0	3.0
3712	We should abolish capital punishment	in favor of	capital punishment has done nothing to actually deter serious crime in this country	1	0	0	0	0	1	0	0	0	0	3.0
3721	We should adopt a multi-party system	against	multi-party systems fragments power so much that nothing ever gets done and government is rendered ineffectual.	1	0	0	0	0	1	0	0	0	0	3.0
4790	Nepotism exists in Bollywood	in favor of	Movie stars of Bollywood often launch their children with much ease in the industry. Such acts serve as the roots of the debate for nepotism. This kind of act has been going on since ages. Hence, nepotism evidently exists in Bollywood.	0	1	0	0	0	0	0	0	0	0	5.0
5484	Homeopathy brings more harm than good	against	homeopathy can  sometimes help those that modern medicine has failed.	0	0	0	0	0	1	0	0	0	0	3.0
6390	We should abandon television	in favor of	"television is a medium that no longer provides anything but mind-numbing ""entertainment"""	1	0	1	0	0	0	0	0	0	0	3.5
2477	We should ban cosmetic surgery	in favor of	cosmetic surgery is unnecessary and does not provide health benefits	0	1	0	0	0	1	0	0	0	0	3.0
1274	We should legalize sex selection	against	Legalizing sex selection will lead to numerous healthy babies being aborted just because they are not the sex that the parents desire.	0	1	0	0	0	0	0	0	1	0	3.5
199	We should abolish intellectual property rights	in favor of	we should abolish intellectual property rights to break to the barriers if innovation, barring people from building on and improving ideas is counter productive	1	0	0	0	0	0	1	0	0	0	3.0
57	We should limit executive compensation	against	executives deserve the money as they do a stressful and demanding job leading large organizations that hire large number of people.	1	0	0	0	0	0	0	0	0	0	3.5
5787	Foster care brings more harm than good	against	foster care families  provide loving homes for children who need support	0	1	0	0	0	1	0	0	0	0	3.0
1926	We should ban telemarketing	against	telemarketing provides jobs, and people should be allowed to use telemarketing to earn a living.	1	0	0	0	0	1	1	0	0	0	3.0
2669	We should ban cosmetic surgery for minors	in favor of	We should ban cosmetic surgery for minors because it sends a message to young people that conventional attractiveness is more important than health.	0	1	0	0	0	1	0	0	0	0	3.0
130	We should abolish safe spaces	in favor of	Safe spaces stifle dialogue about controversial topics, such as race, gender and religion.	0	0	0	0	0	0	1	0	0	0	3.0
2401	We should ban telemarketing	in favor of	telemarketing is harassment. people who did not consent to contact are bombarded by calls from strangers. it's long past time to do away with telemarketing.	0	1	1	0	0	0	1	0	0	0	3.0
999	We should ban telemarketing	in favor of	telemarketing is violative and intrusive. unwanted calls from telemarketers are too much annoying	0	0	1	0	0	1	1	0	0	0	3.0
2649	We should subsidize space exploration	against	we should not subsidize something like space exploration because it would put lives at risk.	0	1	0	0	0	1	0	0	0	0	3.0
2349	We should ban telemarketing	in favor of	telemarketing should be banned because it is just plain annoying.  if someone really wants a product they will go buy it and not wait for someone to call them about it.	0	0	1	0	0	0	0	0	0	0	3.5
20	We should legalize cannabis	against	if you start legalizing drugs it could open up the floodgates for more legalization of dangerous drugs.	0	0	0	0	0	1	0	0	0	0	3.0
2957	We should ban factory farming	against	factory agriculture lowers the costs of the products and ensures its production throughout the year	0	1	0	0	0	1	0	0	0	0	3.0
3766	We should ban missionary work	in favor of	missionary work disrupts indiginous culture and interferes with natural progression of foreign populations.	0	0	0	0	0	1	1	0	1	0	3.0
1149	We should ban fast food	in favor of	there is no fast food that is healthy so banning it would improve public health immeasureably.	0	1	0	0	0	1	0	0	0	0	3.0
117	We should abandon the use of school uniform	in favor of	forcing children into wearing school uniforms shows our children that they cannot think as individuals and must conform to societies way of thinking.	0	0	0	0	0	0	1	1	0	0	3.0
5940	Entrapment should be legalized	in favor of	we need as many tools as possible to catch illegal activity.	1	0	1	0	0	1	0	0	0	0	3.0
301	We should end mandatory retirement	in favor of	some older workers love their job and would be devastated to be forced to stop working	0	0	1	0	0	1	0	0	0	0	3.0
1219	We should ban telemarketing	in favor of	telemarketing is a pock mark on society. it disrupts peoples lives, causes extreme aggravation and pushes unwanted products and services on the poor, elderly and those prone to being taken advantage of.	0	0	1	0	0	1	1	0	0	0	3.0
3842	We should subsidize embryonic stem cell research	against	embryonic sten cell research goes against a variety of christian religious beliefs and should not be subsidized.	0	0	0	0	0	0	0	0	1	0	3.5
724	We should legalize organ trade	in favor of	organ trade between consenting parties should be an option as it can reduce wait times.	0	1	0	0	0	1	0	0	0	0	3.0
660	We should subsidize Wikipedia	in favor of	wikipedia is a valuable source of information in all things and would be missed if it were not able to continue due to lack of support	1	0	1	0	0	0	0	0	0	0	3.5
4036	We should end mandatory retirement	in favor of	i agree with you, many people do not want to retire, they want to continue trading, and they are forced to retire	0	0	0	0	0	0	1	0	0	0	3.0
4978	There should be no immigration from non-European or non-first-world countries 	in favor of	Europe must stay Europe and people must not be imposed a cultural and religious change they do not want and which is insane. Look at what the Arabic or north African countries have become, after 1400 years of Islam.	0	0	0	0	0	1	1	0	1	0	3.0
4506	We should ban cosmetic surgery for minors	against	minors sometimes, unfortunately been involved in car crash and when such a surgery is mandatory, there is no other way.banning surgery for minors, generally will be redicilous.	0	0	0	0	0	1	1	0	0	0	3.0
2921	We should limit judicial activism	in favor of	we should not support judicial activism because laws are laws and should be strictly followed as written and if they are wrong, then the people need to vote to rewrite them.	0	1	1	0	0	0	0	0	0	0	3.5
3893	We should abandon the use of school uniform	in favor of	people should be able to wear whatever they want.  a school uniform stunts students' creativity.	0	0	0	0	0	0	1	1	0	0	3.0
6431	Payday loans should be banned	in favor of	payday loans amount to usury, financially strapped people become overwhelmed by their excess fees.	0	0	0	0	0	1	0	0	0	0	3.0
4456	We should subsidize student loans	against	higher education is not an inherent right. if someone wants to go to college, they should pay for it. the burden shouldn't simply be put on taxpayers instead.	0	1	0	0	0	1	1	0	0	0	3.0
6225	Surrogacy should be banned	in favor of	surrogacy  creates complicated mental situations for the mother and adoptive mother, using a child as a bargaining tool.	0	1	1	0	0	0	0	0	0	0	3.5
6452	The vow of celibacy should be abandoned	against	The vow of celibacy should not be abandoned as religious people have lived this way for a long time and their traditions should be respected.	0	0	0	0	0	0	0	0	1	0	3.5
1912	We should abolish safe spaces	against	We should not abolish safe spaces because people with PTSD need these spaces to overcome their trauma.	0	1	0	0	0	1	0	0	0	0	3.0
709	We should ban cosmetic surgery for minors	against	even minors have the right to bodily autonomy and should be allowed to decide for themselves whether to have cosmetic surgery.	0	0	0	0	0	0	1	0	0	0	3.0
2414	We should cancel pride parades	in favor of	we should cancel pride parades because they entice people who oppose that ideology to cause riots and disrupt the general peace of citizens.	0	0	1	0	0	1	0	0	0	0	3.0
6039	Homeopathy brings more harm than good	against	the placebo effect is a completely valid form of homeopathy and is used by millions	1	0	0	0	0	1	0	0	0	0	3.0
1977	We should stop the development of autonomous cars	in favor of	they will lead to more deaths on the roads	0	0	0	0	0	1	0	0	0	0	3.0
6043	Surrogacy should be banned	in favor of	surrogacy is a unnatural way of reproducing and should be banned.	0	1	1	0	0	0	0	0	1	0	3.5
2258	We should abolish the right to keep and bear arms	against	the right to bear arms is enshrined in the second amendment and must not be violated	0	0	1	0	0	0	1	0	1	0	3.0
4775	We should ban kids' reality shows	against	Reality shows act like a launchpad for children into the film industry. Some of the present singers, choreographers are made into the movies through reality shows for children.	1	0	0	0	0	0	0	0	0	0	3.5
3834	We should ban the Church of Scientology	against	everyone should be given religious freedom so those who want to follow the church of scientology should be allowed to do so and, therefore, it should not be banned.	0	0	0	0	0	0	1	0	1	0	3.0
5257	There should be a stronger partnership between the EU and the African Union	in favor of	Africa has a lot of bright young people with sometimes incredible ideas. If these young people create for example remote learning opportunities for African students, we should not only sponsor such projects but make exchange possible for young people in Europe to create similar items for example to foster MINT skills throughout Europe. Give more opportunities for young people from both sides to meet, exchange, and ventilate new ideas. 	1	0	0	0	0	0	1	0	0	0	3.0
141	We should legalize prostitution	against	it sets a bad example for younger generation and takes them away from the ethics of the society	0	1	1	0	0	1	0	0	1	0	3.0
5009	We do not need immigration from non-European or non-first-world countries. 	in favor of	Immigration is a class issue. At the same time integration is important. Those against this policy should be made to send their children to multicultural schools in order to help with integration. 	0	0	0	0	0	1	0	0	0	0	3.0
237	We should ban the use of child actors	in favor of	the world of acting is a high pressure, extremely stressful place and children should be protected from it.	0	1	1	0	0	0	0	0	0	0	3.5
2480	We should end the use of economic sanctions	in favor of	economic sanctions are not effective.	1	0	0	0	0	1	0	0	0	0	3.0
6756	Foster care brings more harm than good	against	foster care is the best option for children needing to not be with their own family.  they're far superior to a group home setting.	1	1	0	0	0	1	0	0	0	0	3.0
6331	The vow of celibacy should be abandoned	in favor of	the vow of celibacy is no longer relevant in today's society and should be abandoned	0	0	0	0	0	0	1	0	0	0	3.0
915	We should introduce compulsory voting	in favor of	compulsory voting could be used as a way to check population and make sure everyone has current ids.	0	1	1	0	0	1	0	0	0	0	3.0
4419	We should legalize prostitution	against	prostitution should not be legalized as it is an unclean profession	0	0	1	0	0	1	0	0	0	0	3.0
1266	We should oppose collectivism	in favor of	collectivism do more harm than good because isolating individuals is not appropriate and they should be important as individuals and not part of the group.	1	0	0	0	0	0	1	0	1	0	3.0
4778	Censorship of movies is an outdated concept	in favor of	Filmmakers spend lot of money and time to make movies. If parts of the movie is cut in the name of censorship, they will be discouraged to make more movies.	1	0	0	0	0	0	1	0	0	0	3.0
4627	We should adapt the viable pay incentive scheme	in favor of	Variable pay helps in retaining valuable employees. This helps in retaining good talent for long periods of time and thereby, less spending on hiring new talents. This provides stability to the organization.	1	1	0	0	0	1	0	0	0	0	3.0
3066	We should legalize cannabis	in favor of	legalizing cannabis as far as health is concerned can be beneficial since many of these substances are used as treatments for certain diseases	0	1	0	0	0	1	0	0	0	0	3.0
4254	We should ban telemarketing	against	telemarketing is a useful marketing tool for companies to gain new customers.	1	0	0	0	0	0	0	0	0	0	3.5
5558	Payday loans should be banned	in favor of	payday loans do more harm than good because pushing people to their bandories which usually result in family disaster.	0	1	0	0	0	1	0	0	0	0	3.0
308	We should ban the Church of Scientology	in favor of	the church of scientology is a dangerous cult that has caused psychological harm to some of its members and has held some members against their will	0	0	1	0	0	1	1	0	0	0	3.0
101	We should adopt a multi-party system	against	the two-party system is cheaper and easier to operate that any multi-party system	0	0	0	0	0	1	0	0	1	0	3.0
359	We should legalize sex selection	in favor of	when we allow abortion for any reason or purpose, sex selection cannot be excluded. in fact illegal sex selection only increased abortions as the alternative method to select gender	0	0	0	0	0	0	1	0	0	0	3.0
635	We should end mandatory retirement	in favor of	As people continue to have children later and later, mandatory retirement prevents people from being able to provide for their family and dependents.	0	1	0	0	0	1	0	0	0	0	3.0
127	We should abandon the use of school uniform	in favor of	school uniforms cost a lot and might not be affordable for everyone	0	0	0	0	0	1	0	0	0	0	3.0
2024	We should subsidize student loans	against	if we subsidize student loans we could create parasites that never get a degree just to maintain the state subsidy	1	0	1	0	0	1	0	0	0	0	3.0
173	We should legalize sex selection	against	gender selection is essentially playing god.	0	1	0	0	0	0	0	0	1	0	3.5
6747	Payday loans should be banned	against	payday loans help people make ends meet when income sources become constrained.	0	0	0	0	0	1	1	0	0	0	3.0
6355	We should subsidize vocational education	in favor of	vocational education has merits. it provides skill to youth who have left school and reintroduced them in the economic field	1	1	0	0	0	1	1	1	0	0	3.0
568	We should ban telemarketing	against	telemarketing is a job for some and banning it would take jobs away.	1	0	0	0	0	1	1	0	0	0	3.0
425	We should adopt a multi-party system	against	amulti-party system can lead to unstable coalitions in order to get into power	0	0	0	0	0	1	0	0	0	0	3.0
3198	We should oppose collectivism	in favor of	collectivism requires too much individual compromise.	0	0	0	0	0	0	1	0	0	0	3.0
2934	We should abolish the Olympic Games	against	the olympic games are a way for nations to compete in a friendly way and to encourage people of all ages to take up sport.	1	0	0	0	0	1	1	1	0	0	3.0
405	We should ban the use of child actors	in favor of	child actors miss out on socialization with kids their own age and fall behind in school	0	1	0	0	0	1	0	0	0	0	3.0
203	We should subsidize Wikipedia	in favor of	wikipedia is valuable knowledge resource that should not be allowed to go under due to lack of resources and so should be subsidized	1	1	0	0	0	0	1	0	0	0	3.0
5950	Homeschooling should be banned	against	homeschooling has proven beneficial for many children	1	1	0	0	0	0	1	0	0	0	3.0
6129	Intelligence tests bring more harm than good	against	Intelligence tests allow employers and schools to locate areas where test takers need to improve.	1	0	0	0	0	0	1	0	0	0	3.0
2002	We should ban targeted killing	against	targeted killings could allow governments to take out high-profile targets before they can cause mass destruction.	0	0	0	0	0	1	0	0	0	0	3.0
6522	Foster care brings more harm than good	against	foster care is much more personalized than institutions and can provide much better cate	1	1	0	0	0	1	0	0	0	0	3.0
3536	We should stop the development of autonomous cars	in favor of	we should stop the development of autonomous cars because they don't have reflexes like people and therefore would probably not be able to prevent accidents like people can	1	1	0	0	0	1	0	0	0	0	3.0
518	We should abolish safe spaces	in favor of	safe spaces equal non-free speech spaces and that is against the law.	0	0	1	0	0	0	1	0	0	0	3.0
745	We should end mandatory retirement	against	for people who work in skilled manual jobs it comes to a point where it is no longer safe for them work, the retirement age is used to protect people of a certain age as a safety precaution	1	1	1	0	0	1	0	0	0	0	3.0
1628	We should subsidize embryonic stem cell research	in favor of	of all the different stem cells, embryonic have the most promise for scientific research.	0	1	0	0	0	1	0	0	0	0	3.0
7363	We should vigorously develop the countryside.	in favor of	In this field of food we can not be subject to others, even if imported food is cheaper, we can not rely on imports, but to vigorously develop our own level of agriculturalization.	0	0	0	0	0	1	1	0	0	0	3.0
3091	We should legalize sex selection	in favor of	if that's what makes people happy then they should be allowed to do it	0	0	0	0	0	1	1	0	0	0	3.0
4780	Aadhaar should be made mandatory in India	in favor of	Reduction of complexity in filling ITR's:	1	0	0	0	0	0	0	0	0	0	3.5
264	We should abandon the use of school uniform	against	researchers found that in schools across the world with uniform policies students are more disciplined and concentrated	0	0	1	0	0	0	0	0	0	0	3.5
2968	We should ban cosmetic surgery	against	We should not ban cosmetic surgery as people should be allowed to do what they want with their bodies.	0	0	0	0	0	0	1	0	0	0	3.0
2706	We should subsidize Wikipedia	against	wikipedia is a private organisation,the government should not get involved.	0	0	1	0	0	0	1	0	0	0	3.0
5270	Foreign Policy at the EU level should be based on absolute majority, not unanimity	in favor of	Without a change in the voting procedure, Europe will not be capable of doing much in this world.	1	0	0	0	0	0	0	0	0	0	3.5
291	We should ban fast food	in favor of	fast foods are extremely high in calories, and it's easy for a person to exceed the recommended number of calories when they eat fast foods	0	0	0	0	0	1	0	0	0	0	3.0
1585	We should cancel pride parades	in favor of	pride parades cause violence and hate	0	0	1	0	0	1	0	0	1	0	3.0
187	We should ban cosmetic surgery for minors	against	We should not ban cosmetic surgery for minors because there are legitimate cases when it would improve a young person's mental health.	1	1	0	0	0	1	1	0	0	0	3.0
6806	Intelligence tests bring more harm than good	against	intelligence tests bring more good than harm because they let an individual know exactly what their potential is and can take learning paths accordingly.	1	0	0	0	0	0	0	0	0	0	3.5
4756	Technology is rising Unemployment rates	in favor of	Several kinds of jobs are increasingly getting replaced by technology. As per the reports, there is a significant drop in the typists, weavers, construction workers etc.	0	0	0	0	0	1	0	0	0	0	3.0
6335	Surrogacy should be banned	against	parents who want a biological child but can't need surrogates in order to have their own genetic children.	0	1	0	0	0	0	1	0	0	0	3.0
4340	We should ban private military companies	against	it should not be prohibited, i think that the military also has the right to set up their businesses and companies	0	0	1	0	0	0	1	0	0	0	3.0
3266	We should abolish intellectual property rights	in favor of	ideas should be available to anyone who wishes to persue them.	1	0	0	0	0	0	1	0	0	0	3.0
6572	Foster care brings more harm than good	against	there are many capable families who look after foster children and provide a better home than where they were before	1	1	0	0	0	1	0	0	0	0	3.0
6447	Assisted suicide should be a criminal offence	against	assisted suicide is a humane way to end a life as we do with animals in pain and should not be a criminal offence.	0	1	0	0	0	1	1	0	0	0	3.0
6328	Foster care brings more harm than good	against	foster care can help the child find the loving home they need	0	1	0	0	0	1	0	0	0	0	3.0
2799	We should legalize prostitution	against	legalizing prostitution would spread many diseases.	0	1	1	0	0	1	0	0	0	0	3.0
3551	We should stop the development of autonomous cars	in favor of	we do not have the infrastructure required for a safe autonomous driving system how can we code the car to choose between one fatality and another it would destroy the taxi and delivery driver job market	1	1	0	0	0	1	0	0	0	0	3.0
1391	We should ban cosmetic surgery for minors	in favor of	"The ""perfect"" beauty teens aspire to achieve with cosmetic surgery isn't real. Pictures in magazines are often airbrushed or photo-shopped - or otherwise enhanced."	0	1	0	0	0	0	1	0	0	0	3.0
715	We should subsidize embryonic stem cell research	in favor of	we need the cures and treatments we can get by funding stem cell research.	1	0	0	0	0	1	0	0	0	0	3.0
6700	Foster care brings more harm than good	against	foster care brings love and warmth to children who really need it and to give them a chance to have a normal family	0	1	0	0	0	1	0	0	0	0	3.0
859	We should cancel pride parades	in favor of	pride parades have now grown to the point where they are increasingly difficult to police and the scale of the events now need to be looked at to ensure the safety of all participants.	0	0	0	0	0	1	0	0	0	0	3.0
4716	Kids' reality shows should be banned	against	Reality shows give opportunity for children to bring out their hidden talents and to train their skills. It gives them a sense of purpose and direction from a very young age. The present education system doesn’t include other career options such as singing, acting, dancing, games, etc. Reality shows closes this loophole in the education system.	1	0	0	0	0	0	1	1	0	0	3.0
329	We should abolish safe spaces	in favor of	we should abolish safe spaces because those who are easily offended need to grow up	0	0	0	0	0	0	1	0	0	0	3.0
6294	Payday loans should be banned	against	payday loans should not be banned because it can help out in emergency situations	0	1	0	0	0	1	0	0	0	0	3.0
2499	We should abolish safe spaces	against	we adhere to these principles and these spaces to guarantee behaviors that make us feel safe, therefore safe spaces should not be abolished	0	0	1	0	0	1	1	0	0	0	3.0
758	We should subsidize Wikipedia	in favor of	wikipedia would be more accurate if it was subsidized.	1	1	0	0	0	0	0	0	0	0	3.5
5834	Social media brings more harm than good	in favor of	social media provides an easy and anonymous way for bullies to do their worst	0	1	1	0	0	0	1	0	0	0	3.0
7360	We should vigorously develop the countryside.	against	The city is full of opportunities, it gives outworkers prosperity and convenience, and everyone can live in the city with their own power, and even gradually gain a foothold in the city.	0	0	0	0	0	0	1	0	0	0	3.0
239	We should subsidize student loans	in favor of	it's the only way most people can afford college	1	1	0	0	0	0	1	0	0	0	3.0
75	We should ban whaling	against	There is little difference between the whaling industry  and our farming industries; humans are entitled to hunt animals to eat them and utilize them to our benefit.	1	0	0	0	0	0	1	0	0	0	3.0
5859	We should subsidize vocational education	in favor of	with the rising cost of college tuition vocational education is becoming a more attractive option & should be subsidized	1	1	0	0	0	1	0	0	0	0	3.0
6437	Homeopathy brings more harm than good	in favor of	when people use homeopathy instead of traditional medicines their health can suffer.	0	0	0	0	0	1	0	0	0	0	3.0
1631	We should subsidize student loans	in favor of	It is difficult to get a job without a degree these days, so students need help paying to obtain one.	1	1	0	0	0	1	0	0	0	0	3.0
2645	We should abolish the right to keep and bear arms	against	we can't arbitrarily overturn a constitutional amendment.	0	0	1	0	0	1	1	0	1	0	3.0
5019	The EU should put more pressure on the non-euro area member states to adopt the single currency	against	There is a reason why these states don't want to join the common currency: their economies are more flexible and doing far better without it. If we really want more countries to start using the euro, we need to make the euro better, not pressure or force others into our inefficient system. 	1	0	0	0	0	0	1	0	0	0	3.0
6076	Assisted suicide should be a criminal offence	in favor of	assisted suicide should be a criminal offence because it does not allow a person to die a natural death.	0	0	1	0	0	0	0	0	1	0	3.5
0	We should ban human cloning	in favor of	we should ban human cloning as it will only cause huge issues when you have a bunch of the same humans running around all acting the same.	0	0	0	0	0	1	0	0	0	0	3.0
5553	We should subsidize vocational education	against	we shouldn't subsidize vocational education because it should be up to each individual to support themselves for the career route they want to pursue	1	1	1	0	0	0	1	0	0	0	3.0
3901	We should stop the development of autonomous cars	against	they are the way of the future, and they decrease the amount of road accidents.	0	0	0	0	0	1	0	0	0	0	3.0
3925	We should subsidize space exploration	in favor of	The technology developed for space exploration has also had uses in regular life -- subsidizing space exploration would also have positive trickle down effects.	1	1	0	0	0	0	1	0	0	0	3.0
4853	Migrants should be housed in EU bureaucrats' neighborhoods	in favor of	I think EU bureaucrats and politicians should set an example for the rest of, Merkle in particular. They should also donate 30% of their wages to them.	0	1	0	0	0	0	0	0	0	0	5.0
206	We should adopt libertarianism	in favor of	our country need to adopt the less intervention supported by libertarianism. people need to make their own choice and be responsible for the outcome.	0	1	0	0	0	0	1	0	0	0	3.0
5180	We need a better distribution of refugees	against	The dividing of refugees is a long-discussed plan. But in the end, no involved group agreed with these plans. Some countries do not like these people at all. 	0	0	0	0	0	0	1	0	0	0	3.0
2507	We should ban private military companies	in favor of	Private military companies should be banned as they are not obliged to follow the strict rules of engagement that the military must which results in abuse of civilians.	0	1	1	0	0	1	0	0	1	0	3.0
7357	We should ease the education involution.	in favor of	The overall test-taking ability of students has improved, but the top stream universities and other quality educational resources have not increased proportionally.	1	0	0	0	0	0	0	0	0	0	3.5
3756	We should legalize cannabis	against	"we should not legalize cannabis because it can be a ""gateway"" drug."	0	0	1	0	0	1	0	0	0	0	3.0
2831	We should abolish the right to keep and bear arms	against	the right to keep and bear arms is an american constitutional right to protect one's self and family and this right should not be violated.	0	1	1	0	0	1	1	0	0	0	3.0
4788	Nepotism exists in Bollywood	in favor of	The standards of Indian cinemas fall at times because of nepotism. Producers and directors are pushing star kids to launch in their movies, failing to judge their acting skills and screen presence. This leads to flop movies and a loss of quality and standards of the Indian cinemas.	1	0	0	0	0	0	0	0	0	0	3.5
5116	Germany should start paying reparations share for any damaged countries of Europe up to 100 years after its attack on international society	against	Will Russia also pay their share? Will Austria pay for starting WW1 or will it be Serbia? Will Poland and Hungary pay for occupation of parts of Czechoslovakia in 1938/1939? Will France pay for starting napoleonic wars? It is time to forget what happened almost 100 years ago and focus on the future and I say that as a Czech citizen whose country was occupied by Austria, Germany/Poland/Hungary and then by SSSR and all eastern satelite states.	0	1	0	0	0	0	0	0	0	0	5.0
6223	Surrogacy should be banned	against	surrogacy is a beautiful process where women are willing, they choose to participate so let them.	0	1	0	0	0	0	1	0	0	0	3.0
5972	We should abandon television	in favor of	television is a waste of time; people spend hours looking at the box when they could be doing something more worthwhile with their time.	1	0	1	0	0	0	0	1	0	0	3.5
1450	We should ban missionary work	against	missionary work is an effective way to bring christianity to the rest of the world	0	0	0	0	0	0	1	0	1	0	3.0
6609	Assisted suicide should be a criminal offence	in favor of	assisted suicide is wrong and we should try to help the person heal rather than kill themselves	0	1	1	0	0	1	0	0	0	0	3.0
5219	There should be no immigration from non-European or non-first-world countries 	in favor of	We need to agree that people who do not respect our immigration law are detained in centers for repatriation.	0	0	1	0	0	0	0	0	0	0	3.5
5420	We should abandon television	in favor of	we should abandon television as most of the things that are aired are garbage and as we know, garbage in, garbage out.	1	1	1	0	0	1	1	0	0	0	3.0
298	We should abolish the right to keep and bear arms	against	the right to keep and bear arms is enshrined in the constitution and cannot be infringed on or revoked - this would dilute the importance and sanctity of other doctrines.	0	0	0	0	0	1	0	0	1	0	3.0
2551	We should adopt atheism	against	people should have the freedom to believe in a way of their choice. atheism forces people to  believe in one way and this is not the principle of freedom  the usa was founded upon.	0	0	1	0	0	0	1	0	1	0	3.0
5260	The 9th of May (Europe Day) should be a national holiday	in favor of	It is necessary to make Europe Day on May 9th a holiday day. It should replace the respective national holiday of a member country.	0	0	0	0	0	1	0	0	0	0	3.0
3017	We should ban algorithmic trading	against	this trading system keeps buying and selling clean	0	1	1	0	0	0	0	0	0	0	3.5
4380	We should ban cosmetic surgery for minors	in favor of	minors should not get plastic surgery because they are not old enough to make the decision nor have their bodies fully developed.	1	1	1	0	0	1	0	0	0	0	3.0
151	We should abolish safe spaces	in favor of	safe places are not needed. people need to adjust to the world in which they live in and stop trying to always seek protection from the things they don't like.	1	1	0	0	0	0	1	1	0	0	3.0
4593	India should store the data within the territorial boundaries of the country	in favor of	While investigating crimes, there will be a need to access the payment data. If the data is stored abroad, it is very difficult to take permission from that country for access to the data. This causes delays in solving crimes. If the data is stored here within our country, this problem will be avoided.	0	0	0	0	0	1	1	0	0	0	3.0
3077	We should ban factory farming	against	factory farming is needed in our times in order to provide ample food for everyone	0	1	0	0	0	1	0	0	0	0	3.0
7294	We should ban the trading of virtual currencies.	against	Virtual currencies have changed the way of commercial realization. The birth of virtual currency, the token system, is designed to overturn the current business logic.	0	0	0	0	0	0	1	0	0	0	3.0
4431	We should adopt an austerity regime	in favor of	it is important to reduce government spending so that money is available for other vital amenities such as the police force etc.	0	1	0	0	0	1	0	0	0	0	3.0
683	We should ban the use of child actors	in favor of	using child actors keeps the children out of school .	1	0	0	0	0	0	0	0	1	0	3.5
456	We should adopt a multi-party system	in favor of	A multi-party system allows for greater choice in whom to vote for.  It allows each citizen to vote for the party that best fits their beliefs and represents their ideology.	0	0	0	0	0	0	1	0	0	0	3.0
3864	We should stop the development of autonomous cars	in favor of	autonomous cars have not been proven to be safe.	1	0	0	0	0	1	0	0	0	0	3.0
1322	We should ban human cloning	against	we should not ban human cloning because it can help save lifes	1	1	0	0	0	1	1	0	0	0	3.0
5711	Homeschooling should be banned	against	parents are free to educate their children how they see fit	1	0	0	0	0	0	1	0	1	0	3.0
4028	We should subsidize embryonic stem cell research	in favor of	embryonic stem cell research could lead to the discovery of new medical treatments that would alleviate the suffering of many people	1	1	0	0	0	1	1	0	0	0	3.0
6905	We should abandon television	against	television offers so many chances to learn about and see things we would never experience right where we live	1	0	0	0	0	0	1	1	0	0	3.0
6165	Homeopathy brings more harm than good	in favor of	homeopathy can lead people to use herbal remedies and not seek help for bigger issues which can have devestating consequences.	0	0	0	0	0	1	0	0	0	0	3.0
4471	We should ban fast food	in favor of	Fast food is detrimental to our health and spiritual wellbeing, especially to our children and it should be banned for the greater good of mankind.	0	1	0	0	0	1	0	0	0	0	3.0
4440	We should adopt an austerity regime	in favor of	all services have to be paid for, and until the defecit has been reduced, too much money is being wasted on interst payments. once debts have been reduced, that money will be availbale for services.	0	1	1	0	0	1	0	0	0	0	3.0
6279	The vow of celibacy should be abandoned	against	the vow of celibacy symbolizes a priest or nun's commitment to their calling, and is an important show of faith.	0	0	1	0	0	0	1	0	1	0	3.0
5056	The European Union needs to equip itself with the institutional and legal tools to resolve democratic conflicts on sovereignty within its own borders.	in favor of	According to the International Covenant on Civil and Political Rights (the ICCPR), ‘[a]ll peoples have the right of self-determination. By virtue of that right, they freely determine their political status and freely pursue their economic, social and cultural development. The right to self-determination also has its economic content which gives the people the right to freely ‘dispose of their natural wealth and resources without prejudice to any obligations arising out of international economic cooperation, based upon the principle of mutual benefit, and international law.'	0	0	1	0	0	0	1	0	0	0	3.0
24	We should abolish the right to keep and bear arms	against	we should not abolish the right to keep and bear arms as everyone has a right to keep guns as a mean of protection as stated in the constitution.	0	1	1	0	0	0	1	0	0	0	3.0
1634	We should adopt libertarianism	in favor of	libertarianism - and the seeking to maximise freedom and personal autonomy - is a key value and it should be central to the constitution.	0	0	0	0	0	0	1	0	0	0	3.0
2619	We should ban telemarketing	against	telemarketing is a valid means of advertising and is not dangerous for the people	1	0	0	0	0	0	1	0	0	0	3.0
792	We should ban cosmetic surgery	in favor of	cosmetic surgery can sometimes cause harm and disasterous results.	0	1	0	0	0	1	0	0	0	0	3.0
3163	We should adopt atheism	against	everyone has a right to follow the religion they truly believe, therefore we cannot impose atheism	0	0	0	0	0	0	1	0	1	0	3.0
1397	We should abandon the use of school uniform	in favor of	we should abandon the school uniform because it is just another cost for parents to pay on top of all the other costs of a 'free' education.	0	1	0	0	0	1	0	0	0	0	3.0
7343	We should crack down on unreasonably high incomes.	in favor of	Strengthen the regulation and adjustment of high income, protect legitimate income according to law, reasonably adjust excessive income, and encourage high-income people and enterprises to give more back to society.	1	1	1	0	0	0	0	0	0	0	3.5
3230	We should fight for the abolition of nuclear weapons	against	Fighting for the abolition of nuclear weapons is useless - some of it is in the hands of very dangerous people in totalitarian countries which will not obey that demand	0	1	0	0	0	1	0	0	0	0	3.0
3289	We should abolish intellectual property rights	against	intellectual property rights are vital to protect innovation from those wishing to exploit it further along the developmental cycle, and equally vital to encourage entrepreneurs in the first place.	1	0	1	0	0	0	1	0	0	0	3.0
6543	The vow of celibacy should be abandoned	against	no need to abandon the vow of celibacy because it tests the faith and devotion of the priest to god. those that are truly good and spiritual don't need have sexual relations when in a relationship with god.	1	0	1	0	0	0	0	0	1	0	3.5
4871	The European Union should support and integrate immigrant people to ensure that they live with dignity and equality with all European citizens	in favor of	As EU citizens we should never forget how privileged we are, and that we bear a human obligation to help others in need. 	0	1	0	0	0	0	0	0	0	0	5.0
1666	We should oppose collectivism	against	collectivism provides a common goal for everyone to work towards.	1	0	0	0	0	1	0	0	0	0	3.0
6840	Holocaust denial should be a criminal offence	against	holocaust denial cannot be made a criminal offence in a country founded on free speech.	0	0	0	0	0	0	1	0	1	0	3.0
6538	Assisted suicide should be a criminal offence	in favor of	assisted suicide should be a criminal offense because it's just a different name for murder	0	1	1	0	0	1	0	0	0	0	3.0
4110	We should adopt an austerity regime	in favor of	austerity regime can help cities restructure	1	1	0	0	0	1	0	0	0	0	3.0
3412	We should legalize prostitution	in favor of	It has been shown that easily accessible prostitution decreases violence against women more broadly by allowing men safe and consensual outlets.	0	0	1	0	0	1	1	0	0	0	3.0
1856	We should prohibit school prayer	against	school prayer should be allowed in schools, as long as students get the choice of whether or not they want to participate.	0	0	1	0	0	0	1	0	1	0	3.0
2709	We should abolish intellectual property rights	against	copyright laws protect artistic creations.	0	0	0	0	0	0	1	0	0	0	3.0
90	We should introduce compulsory voting	against	compulsory voting goes against people's liberties and freedoms.	0	0	0	0	0	0	1	0	0	0	3.0
3109	We should adopt an austerity regime	against	adopting an austerity regime may negatively impact the demand side of the economy, hampering economic growth.	0	0	0	0	0	1	0	0	0	0	3.0
2692	We should end mandatory retirement	against	Many jobs, like airplane pilots and doctors, are tasked with they physical safety of hundred of others. Companies have an obligation to make sure people holding those positions are the most capable, which old age threatens.	1	1	0	0	0	1	0	0	0	0	3.0
1997	We should adopt a zero-tolerance policy in schools	in favor of	we should adopt a zero tolerance because it will keep the children in check.	0	1	1	0	0	1	0	0	0	0	3.0
4239	We should ban cosmetic surgery	in favor of	cosmetic surgery encourages people to change things that don't need changing.	0	0	0	0	0	1	0	0	0	0	3.0
4729	The Sabarimala verdict is progressive and not a threat to traditions	in favor of	Sabarimala temple is taking funds from government and hence state government has the right to make changes in law for the temple.	0	0	1	0	0	0	0	0	0	0	3.5
2570	We should abolish the three-strikes laws	in favor of	they laws don't stop crime, they just punish people harder.	0	1	0	0	0	1	0	0	0	0	3.0
5607	The use of public defenders should be mandatory	against	people may choose to defend themselves, if they believe it to be in their best interests	0	0	0	0	0	0	1	1	0	0	3.0
5557	Entrapment should be legalized	in favor of	it is a simplified method of finding people who's criminal bahaviour may otherwise often fly under the radar for a very long time.	1	1	1	0	0	1	0	0	0	0	3.0
6764	Payday loans should be banned	in favor of	this type of loans is not allowed by state law or because the lenders decided not to do business on the interest rate and the allowable installments in those states.	0	0	1	0	0	0	0	0	0	0	3.5
4037	We should end mandatory retirement	against	mandatory retirement makes room in the workforce for younger more able bodied individuals to work.	1	0	0	0	0	1	0	0	0	0	3.0
3723	We should legalize prostitution	in favor of	We should legalize prostitution in order to avoid giving young people criminal records that will hurt their job prospects down the line.	1	0	0	0	0	1	1	0	0	0	3.0
1318	We should introduce compulsory voting	against	no one should be forced to do something they do not want to do	0	0	0	0	0	0	1	0	0	0	3.0
2482	We should ban cosmetic surgery	against	we should not ban cosmetic surgery because some people need it done to improve their health and lifestyle	0	0	0	0	0	1	1	1	0	0	3.0
6103	Surrogacy should be banned	in favor of	surrogacy contributes to emotional issues such as having to part with a child carried for nine months and then the possibility of post-partum depression enhanced with not having the child with them.	0	1	0	0	0	1	0	0	1	0	3.0
1263	We should ban the use of child actors	in favor of	child actors grow up to be disfunctional adults because they are missing out on all of the social interaction children need with each other to learn the process of interaction with people their own age.	0	1	0	0	0	1	0	0	0	0	3.0
3458	We should ban private military companies	in favor of	We should ban private military companies as they are not trained and subject to the same scrutiny as the military.	1	1	0	0	0	1	0	0	0	0	3.0
2884	We should ban factory farming	against	The population is growing ever larger and we need efficient ways to produce enough meat for it.	1	1	0	0	0	1	0	0	0	0	3.0
2699	We should ban factory farming	in favor of	factory farming provides negative outcomes across several areas, the most important of which is personal livelihood, so it should be banned.	0	0	0	0	0	1	0	0	0	0	3.0
4758	Chinese products should be banned in India	in favor of	India has a huge trade deficit with China. For the year 2017-18, India's imports from China are worth $76.2 billion dollars, whereas India's exports to China are worth $33 billion dollars. So, there is a need to reduce this trade deficit. 	1	0	0	0	0	1	0	0	0	0	3.0
3732	We should ban private military companies	in favor of	private military companies only purpose is to make money and as a result they don't focus on protection as much as they should be.	1	1	0	0	0	1	0	0	0	0	3.0
3464	We should introduce compulsory voting	in favor of	compulsory voting makes the population more involved in the election process, and would give results that more accurately reflected the will of the electors.	1	1	0	0	0	1	1	0	0	0	3.0
6100	Homeopathy brings more harm than good	in favor of	as homeopathy is unregulated, it can be dangerous because nobody really knows the quality, safety or efficacy of the products that are on sale.	0	0	0	0	0	1	0	0	0	0	3.0
6827	Assisted suicide should be a criminal offence	against	assisted suicides can end the pain of those who are suffering from terminal illnesses.	0	1	0	0	0	1	1	0	0	0	3.0
6717	Surrogacy should be banned	in favor of	Surrogacy can create long term emotional harms when women are separated from their children.	0	0	0	0	0	1	0	0	0	0	3.0
6224	Assisted suicide should be a criminal offence	against	if somebody is going to commit suicide anyway they should be able to do it safely with assistance	0	1	0	0	0	1	1	0	0	0	3.0
6099	Entrapment should be legalized	in favor of	entrapment should be legal because it catches criminals that were already looking to commit the crime anyway.	1	0	1	0	0	1	1	1	0	0	3.0
4682	All countries should take responsibility for accepting refugees	in favor of	All countries should share the responsibility for refugees. Resettlement of the refugees should be done without much delay. They should be provided with skill development courses and employment opportunities to help them in living a dignified life.	1	1	0	0	0	1	0	0	0	0	3.0
5458	Holocaust denial should be a criminal offence	against	people have the right to think what they'd like.	0	0	0	0	0	0	1	1	0	0	3.0
7086	We should preserve European culture	in favor of	Europe’s rapid Islamisation must be stopped. It is, therefore, necessary to stop the illegal migration of African and Asian people who do not fit with European culture.	0	0	0	0	0	1	0	0	1	0	3.0
6381	The vow of celibacy should be abandoned	in favor of	this would allow religious people to have families and relationships.	0	1	0	0	0	0	0	0	0	0	5.0
4404	We should ban factory farming	against	we want cheap food that is readily available at a reasonable price. these methods are cost cutters.	1	0	0	0	0	1	0	0	0	0	3.0
6517	Intelligence tests bring more harm than good	against	intelligence tests provide valuable information about areas of weakness, meaning that the child can benefit from a specially formulated education plan.	1	1	0	0	0	0	0	0	0	0	3.5
6580	Holocaust denial should be a criminal offence	against	free speech is the right of any person who lives in a democracy, to dictate what one can believe or deny such as the holocaust is an infringement of civil liberties.	0	0	1	0	0	0	1	0	0	0	3.0
4364	We should introduce compulsory voting	against	we should not  introduce compulsory voting because in a democracy people should be free to choose their own actions.	0	0	0	0	0	0	1	0	0	0	3.0
3168	We should abolish the three-strikes laws	against	three-strike offenders are habitual criminals and should be treated as such	0	0	1	0	0	1	0	0	0	0	3.0
201	We should ban telemarketing	in favor of	yes ban it, if i wanted to buy something i would know where to look for it without being bothered with constant calls	0	0	1	0	0	0	1	0	0	0	3.0
4129	We should oppose collectivism	in favor of	While society and the collective may be long lasting, individuals are only afforded a single life, and therefore should prioritize that over the lives of others.	0	0	0	0	0	0	1	0	0	0	3.0
2993	We should abolish the right to keep and bear arms	in favor of	firearms in the hands of civilians create societies more prone to violence	0	0	0	0	0	1	0	0	0	0	3.0
5155	The EU should adopt legislative measures aimed at increasing the percentage of women in the political sector	against	Quotas are always disgusting examples of oppression and evil. I don't want anything of that, I want freedom and free choice.	0	0	0	0	0	0	1	0	0	0	3.0
2492	We should abolish safe spaces	against	people with mental illnesses should have a safe place to get away from potential triggers.	0	1	0	0	0	1	0	0	0	0	3.0
6111	Foster care brings more harm than good	in favor of	foster care can leave kids with behavioral problems	0	1	0	0	0	1	0	0	1	0	3.0
133	We should subsidize student loans	in favor of	we should subsidize student loans as these are our future leaders and workers and we want to ensure their success in order to secure the countries success.	1	0	0	0	0	1	0	0	0	0	3.0
407	We should abandon the use of school uniform	against	school uniforms allow children to attend school without peer pressure on clothing.	0	0	0	0	0	1	0	0	0	0	3.0
4025	We should ban fast food	in favor of	fast food is unhealthy, cheap and easy to find and it needs to be banned	0	0	0	0	0	1	0	0	0	0	3.0
3323	We should ban cosmetic surgery for minors	in favor of	"minors should not be able to get cosmetic surgery until they are 18.  if there is no medical necessity all it does is send the wrong message that you can ""fix"" what god gave you."	0	0	0	0	0	1	0	0	0	0	3.0
6954	Cattle slaughter should be banned	against	Many people are dying of hunger in India. Hunger and malnutrition are the biggest problems India is facing right now. Beef is a cheap protein available to poor people. With the cattle slaughter ban, the malnutrition problem worsens further.	0	1	0	0	0	1	0	0	0	0	3.0
3012	We should legalize sex selection	against	if we gave people the right to choose the sex we will have very few females in our world.   they most likely would choose a boy.   let god be the creator of the child and we should never intervene.	0	0	0	0	0	1	0	0	1	0	3.0
5066	The president of the European Commission should be elected by the people of the EU	against	The European Commission has to be independent. It is not allowed to take instructions from any country, lobby group, or anyone else. An elected head of the Commission would make nonsense of the principle of independence that is vital to the trust in the Commission's job. He or she would be beholden to the group that elected him or her and make the job impossible.	1	0	0	0	0	0	1	0	0	0	3.0
5522	Homeopathy brings more harm than good	in favor of	homeopathy is unproven and can be harmful	0	1	0	0	0	1	0	0	0	0	3.0
4302	We should adopt atheism	against	there would be a decrease in morals and morality	0	0	1	0	0	0	1	0	0	0	3.0
1864	We should abolish the right to keep and bear arms	against	the right to keep and bear arms is the bedrock constitutional right of every person both to protect themselves and their families, and banning this would infringe on civil liberties.	0	0	0	0	0	0	1	0	1	0	3.0
6750	Blockade of the Gaza Strip should be ended	against	if the people who live in the gaza strip feel threatened, then they should be able to continue the blockade.	0	0	0	0	0	1	1	0	0	0	3.0
1209	We should ban cosmetic surgery	against	cosmetic surgery helps many people with their self esteem.	0	0	0	0	0	1	0	0	0	0	3.0
1378	We should legalize cannabis	against	marijuana use harms cognitive function -- especially long-term memory -- and is particularly dangerous to the brain development of children and teens.	1	0	1	0	0	1	0	0	0	0	3.0
3696	We should stop the development of autonomous cars	in favor of	these cars are prone to hacking like any other tech and can put millions of lives at risk	0	0	1	0	0	1	0	0	0	0	3.0
4868	The European Union should support and integrate immigrant people to ensure that they live with dignity and equality with all European citizens	against	Either the EU will be a fortress against illegal migration or it will not exist anymore in the future.	0	0	0	0	0	1	0	0	0	0	3.0
3185	We should adopt atheism	against	we are a nation founded on christianity so atheism goes against our natural beginnings.	0	0	0	0	0	1	0	0	1	0	3.0
3022	We should legalize prostitution	against	legalising prostitution would destigmatise an illegal act that is heavily connected to drug-abuse and extortion.	0	0	1	0	0	1	0	0	0	0	3.0
7164	We should protect the European border	in favor of	Frontex deserves much more political support, especially from the European Commission. It is already playing an important role to manage the border and is called to play a crucial one in the coming years. 	0	1	0	0	0	1	0	0	0	0	3.0
1740	We should ban missionary work	against	missionary work can provide assistance to people who need it.	0	1	0	0	0	1	0	0	0	0	3.0
5884	Entrapment should be legalized	in favor of	Entrapment can be a useful tool in bringing down crime syndicates, for example it can be used to bring charges when otherwise there would be no evidence in order to get information.	0	1	1	0	0	1	1	0	0	0	3.0
6468	Surrogacy should be banned	in favor of	surrogacy should be banned. it puts women life in danger by turning them into making machines	0	0	0	0	0	1	0	0	0	0	3.0
5616	Holocaust denial should be a criminal offence	against	while it is terrible to deny what happened during the holocaust everyone is entitled to their opinions.	0	0	0	0	0	0	1	0	0	0	3.0
2430	We should ban algorithmic trading	against	Algorithmic trading makes it easier to stay ahead in the market and not get blindsided by a sudden crash.	1	0	0	0	0	0	0	0	0	0	3.5
537	We should adopt a zero-tolerance policy in schools	in favor of	all schools should adopt a zero-tolerance policy as kids need to know they can not act inappropriately at any given moment when in school.	0	0	1	0	0	0	0	0	1	0	3.5
4056	We should stop the development of autonomous cars	against	autonomous cars reduce the impact of human error on the roads, thus saving lives.	1	1	0	0	0	1	0	0	0	0	3.0
88	We should ban fast food	against	fast food is sometimes the only way poor people can feed their families cheaply. if you ban it then you are taking away someone's only meal.	0	1	0	0	0	1	0	0	0	0	3.0
2635	We should introduce compulsory voting	against	it is not right to force people that do not want to participate in voting to do so.	0	0	0	0	0	0	1	0	0	0	3.0
225	We should ban algorithmic trading	against	if people want to use it then it is their choice	1	0	0	0	0	1	1	1	0	0	3.0
521	We should stop the development of autonomous cars	in favor of	autonomous cars can be hacked and become a dangerous weapon for evil persons	0	1	0	0	0	1	0	0	0	0	3.0
4252	We should ban private military companies	against	Private military companies provide weapons and other items needed by the military, without them, they would be ill equipped.	1	0	0	0	0	1	0	0	0	0	3.0
3135	We should ban the Church of Scientology	against	like other churches, the church of scientology needs to be protected via the separation of church and state.	0	0	1	0	0	0	0	0	1	0	3.5
5462	We should subsidize vocational education	in favor of	vocational education is necessary to ensure that there is not a shortage of qualified trades people in the future, and a subsidy will make this a much more attractive option when deciding a career path.	1	1	0	0	0	1	1	1	0	0	3.0
6474	We should abandon television	in favor of	television is a major reason that childhood obesity exists today.	0	1	1	0	0	1	0	0	0	0	3.0
7160	We should remove illegal immigrants.	in favor of	EU must take action. Help those in need, but only those who respect legal boundaries. Mutual respect is a cornerstone in this subject where we must set limits to protect Europe. 	0	1	1	0	0	1	0	0	0	0	3.0
3875	We should subsidize embryonic stem cell research	in favor of	embryonic stem cell research should be subsidized because it could lead to massive changes in human beings. this type of research could reverse aging, change genes, and learn how to cure diseases.	1	0	0	0	0	1	1	0	0	0	3.0
4066	We should abolish the three-strikes laws	against	this law keeps communities safe from career criminals	0	0	0	0	0	1	0	0	0	0	3.0
4663	NEET exam should be banned	against	But every year, less than 20% of the students are passing the exam. By this, it is evident that the quality of medical education in other countries where Indian students are studying is not at par with the medical education in India. So, it is very important to take steps to provide affordable and high-quality medical education in India.	1	1	0	0	0	0	0	0	0	0	3.5
6245	Social media brings more harm than good	against	social media allows family members and friends to keep abreast of things that are going on in each other's lives.	0	1	0	0	0	1	0	0	0	0	3.0
4755	We should ban alcohol in India	in favor of	Crimes and accidents will be reduced to some extent.	0	0	0	0	0	1	0	0	0	0	3.0
1874	We should ban cosmetic surgery for minors	against	there are conditions where there is a functional impairment such as a deviated septum or cleft palate where surgery is necessary for functional and aesthetic reasons	0	1	0	0	0	1	0	0	0	0	3.0
1852	We should abolish the right to keep and bear arms	against	in a dangerous society, surely a person has the right to protect themselves and their family - this was the initial reasoning behind enshrining 'the right to keep and bear arms', and nothing has changed.	0	1	1	0	0	1	0	0	1	0	3.0
5493	Homeschooling should be banned	in favor of	homeschooling may not be covering core topics or at least not to an adequate level	1	0	0	0	0	0	0	0	0	0	3.5
6306	Surrogacy should be banned	in favor of	children born from surrogacy don't have the attachment to the non-birth mother that they would have with their birth mother	0	1	0	0	0	1	0	0	0	0	3.0
1152	We should cancel pride parades	in favor of	possibly they cause disruption due to city centre's needing to be shut down for regular traffic.	0	0	1	0	0	1	1	0	1	0	3.0
6686	Foster care brings more harm than good	in favor of	children should be allowed to stay with their parents foster care takes them away	0	1	0	0	0	1	1	0	1	0	3.0
4199	We should ban cosmetic surgery	in favor of	cosmetic surgery can involve complex, dangerous medical procedures which shouldn't be carried out for non-medical reasons.	0	0	0	0	0	1	0	0	0	0	3.0
59	We should abandon the use of school uniform	in favor of	School uniforms are too expensive and many parents can not afford the extra expense.	0	0	0	0	0	1	0	0	0	0	3.0
4311	We should legalize cannabis	in favor of	legalizing cannabis may cause fewer people to drink and smoke cigarettes which will lead to a healthier society	0	0	0	0	0	1	0	0	0	0	3.0
6377	Payday loans should be banned	against	payday loans may off the only solution for someone that does not have any other means to avoid a monetary emergency.	0	1	0	0	0	1	0	0	0	0	3.0
2922	We should ban the Church of Scientology	against	people have the right to freedom of religion, even scientology and this right should not be infringed upon.	0	0	0	0	0	0	1	0	1	0	3.0
3365	We should subsidize space exploration	in favor of	space exploration is important for the development and growth of human society and knowledge and should be invested in by the government.	1	0	0	0	0	0	0	0	0	0	3.5
6162	Social media brings more harm than good	in favor of	social media allows predators into your home and skews mindsets.	0	0	0	0	0	1	1	0	0	0	3.0
527	We should ban cosmetic surgery	in favor of	plastic surgery can cause many complications and infections and does not address the underlying self esteem issues of the patient	0	0	0	0	0	1	0	0	0	0	3.0
5644	Social media brings more harm than good	in favor of	social media does more harm as it emboldens people to be more self serving and vain as people do stuff on social media for likes and retweets.	0	0	1	0	0	0	1	0	0	0	3.0
4225	We should cancel pride parades	in favor of	we should cancel pride parades as we need to stop support single groups of people as it only causes more strife.	0	0	1	0	0	1	1	0	0	0	3.0
4405	We should ban algorithmic trading	in favor of	we should ban algorithmic trading because trading on such a large scale across many markets can increase the financial risk and has been blamed for market crashes.	0	0	0	0	0	1	0	0	0	0	3.0
5621	Surrogacy should be banned	against	having a child that is genetically connected to you is very important to many people	0	1	0	0	0	1	1	1	0	0	3.0
3252	We should adopt a multi-party system	against	a multi party system creates chaos by giving too many choices to the people	0	0	0	0	0	1	0	0	0	0	3.0
1825	We should adopt gender-neutral language	against	we shouldn't have to change the british language to conform to others' needs	0	0	0	0	0	1	0	0	1	0	3.0
3386	We should legalize organ trade	in favor of	it would help to get organs faster for the people that need them	1	1	0	0	0	1	1	0	0	0	3.0
3894	We should abolish the three-strikes laws	in favor of	Three strikes laws are difficult to understand or conceptualize, so they are ineffective at preventing crime.	1	0	0	0	0	1	0	0	0	0	3.0
3724	We should prohibit school prayer	against	freedom of religion means children should be able to pray where they want to.	0	0	0	0	0	0	1	0	1	0	3.0
2191	We should cancel pride parades	in favor of	we should cancel pride parades because they put unsavory ideas into our children's heads.	0	1	1	0	0	0	0	0	0	0	3.5
2756	We should legalize cannabis	in favor of	we should legalize cannabis for best healthy of body	0	0	0	0	0	1	0	0	0	0	3.0
2446	We should stop the development of autonomous cars	in favor of	autonomous cars are not road worthy will cause more accidents due to the cars programing unable to anticipate human decisions	0	1	0	0	0	1	0	0	0	0	3.0
714	We should ban fast food	in favor of	fast food has proven to be detrimental to the health of all people and should be banned immediately.	0	0	0	0	0	1	0	0	0	0	3.0
2693	We should subsidize space exploration	in favor of	space exploration should be subsidized as it will benefit us in the future with technology advancements.	1	1	0	0	0	0	1	0	0	0	3.0
7355	We should ease the education involution.	in favor of	"The most fundamental thing is to improve the basic educational literacy of parents and advocate the educational concept of ""how to be a good person is more important than success and happiness is more important than success""."	1	1	1	0	0	1	0	0	0	0	3.0
6358	Holocaust denial should be a criminal offence	against	holocaust denial, although hurtful, is protected free speech.	0	0	1	0	0	0	1	0	0	0	3.0
4067	We should ban the Church of Scientology	against	scientology should not be banned because there is freedom of religion.	0	0	0	0	0	0	1	0	1	0	3.0
5882	Social media brings more harm than good	in favor of	social media allows children to gang up on other children and can lead to mental problems.	1	0	1	0	0	1	0	0	0	0	3.0
5733	Foster care brings more harm than good	in favor of	children is foster care rarely get the nurturing support they need since foster parents don't want to put in the time to get to know and love them, afraid they will leave too quickly.	0	1	0	0	0	1	0	0	0	0	3.0
6339	Surrogacy should be banned	against	couples have the right to explore options for starting a family, and if a third party is willing and able to consent surrogacy should be an option.	0	1	0	0	0	1	1	0	0	0	3.0
3332	We should abolish the three-strikes laws	against	we should not abolish the three-strikes laws because they result in reduced crime rates	0	0	1	0	0	1	0	0	0	0	3.0
4260	We should stop the development of autonomous cars	against	autonomous cars are a thing of the future	1	0	0	0	0	0	0	0	0	0	3.5
3816	We should legalize cannabis	against	cannabis can harm brain chemistry in children.	0	0	0	0	0	1	0	0	0	0	3.0
303	We should oppose collectivism	in favor of	collectivism reduces productivity from individuals as they have no incentive to do better.	1	0	1	0	0	0	1	0	0	0	3.0
6144	Social media brings more harm than good	in favor of	Social media brings more harm than good because social media distracts everyone from their daily lives	0	0	1	0	0	0	0	0	0	0	3.5
2093	We should ban missionary work	against	we should continue to support missionary work as they do so much good for underdeveloped countries by bring goods, medicine and skills to the people of these countries.	0	1	0	0	0	1	0	0	0	0	3.0
4105	We should ban the Church of Scientology	against	banning organisations that happen to hold unorthodox views is a complete violation of free speech, and shouldn't be tolerated in a democracy.	0	0	0	0	0	0	1	0	1	0	3.0
4142	We should ban telemarketing	in favor of	we should ban telemarketing since most would agree it is unwanted solicitation. if i am in the market for an item or service, i will contact the company. they should not be contacting me.	0	0	1	0	0	0	1	0	0	0	3.0
5402	Homeschooling should be banned	against	homeschooling is a good option for children who are bullied, giving them a safe place to learn	1	0	0	0	0	1	1	0	0	0	3.0
5351	We need legal ways of migration.	against	Migrants willingly risk their lives.	1	1	0	0	0	0	0	1	0	0	3.5
3176	We should ban human cloning	against	without further testing and experimentation, the outcome of human cloning will never be known so should not be banned.	0	0	0	0	0	0	1	0	0	0	3.0
3369	We should ban the use of child actors	against	child actors should not be banned just because of a few bad apples.  with good direction, these actors can go on to pay their own college costs and become responsible citizens.	1	1	0	0	0	1	1	0	0	0	3.0
3761	We should adopt a zero-tolerance policy in schools	in favor of	teachers and children should feel safe in schools and a zero-tolerance policy will be beneficial for all.	0	0	1	0	0	1	0	0	0	0	3.0
6336	We should abandon television	in favor of	there is no longer a need for television now that alternative media are available	0	0	0	0	0	0	1	1	0	0	3.0
5541	Surrogacy should be banned	against	surrogacy can help lgbt couple have children.	0	1	0	0	0	0	0	0	0	0	5.0
6560	Payday loans should be banned	in favor of	payday loans have such a high rate of interest that many people have to take out another loan to pay off the first, leaving them in an endless loop of debt	0	1	0	0	0	1	0	0	0	0	3.0
3167	We should abolish the Olympic Games	in favor of	the olympic games are no longer relevant.  they focus on the athletic and competitive nature of humanity.  we must instead focus on the intellectual and collaborative aspects to solve humanity's problems.	1	1	0	0	0	1	0	0	0	0	3.0
6881	Homeschooling should be banned	against	homeschooling is the best way for children to have their specific needs met	1	0	0	0	0	1	1	0	0	0	3.0
7222	We should remove unauthorized asylum seekers and migrants	in favor of	Refugees are here to seek protection and rapid repatriation when it is no longer necessary is a matter of course. When it comes to crimes, people are simply no longer worthy of protection and cannot be expelled because their actions show us that they neither accept nor respect our rules.	0	1	1	0	0	1	0	0	0	0	3.0
3072	We should ban the Church of Scientology	against	everyone has a right to chose a religion to follow, no matter what their beliefs & practices are, it is wrong to ban a religion	0	0	0	0	0	0	1	0	1	0	3.0
4963	We do not need any immigration from non-European or non-first-world countries 	in favor of	Why can't Arab countries shelter refugees from other Arab countries? Same habits, religion and they have enough wealth.	0	1	0	0	0	1	0	0	1	0	3.0
2695	We should legalize cannabis	in favor of	we should legalize cannabis because it can help people with certain health problems be relieved of their symptoms	0	1	0	0	0	1	0	0	0	0	3.0
2646	We should ban cosmetic surgery	in favor of	we should ban cosmetic surgery because the patients might get cancer when it is done over and over again	0	1	0	0	0	1	0	0	0	0	3.0
1646	We should abolish the right to keep and bear arms	in favor of	we should abolish the right to keep and bear arms because too many guns get into the hands of kids	0	1	1	0	0	1	0	0	0	0	3.0
839	We should ban factory farming	against	factory farming is a great way to get more food for everyone	0	1	0	0	0	1	0	0	0	0	3.0
197	We should prohibit school prayer	in favor of	we have seperation of church and state for a reason.  schools are a government entity that is not suppose to be involved with, or support, any particular religion and the two need to stay seperate.	0	0	1	0	0	0	1	0	0	0	3.0
6414	Holocaust denial should be a criminal offence	against	a person's opinions are the beliefs of that individual and the freedom of one's thoughts should not be infringed upon.	0	0	1	0	0	0	1	0	0	0	3.0
1623	We should legalize sex selection	against	legalizing the selection of sex goes against the moral and natural principles of society	0	0	0	0	0	0	0	0	1	0	3.5
1412	We should ban the use of child actors	in favor of	we should ban the use of child actors because they should be in school and learning	1	0	1	0	0	0	1	1	0	0	3.0
547	We should abolish the right to keep and bear arms	in favor of	gun violence is out of control and the only solution is to take away guns	0	0	0	0	0	1	0	0	0	0	3.0
3748	We should ban fast food	in favor of	fast food is one of the leading causes of obesity.	0	0	0	0	0	1	0	0	0	0	3.0
6638	Foster care brings more harm than good	in favor of	foster care  lacks one on one connections.	0	1	0	0	0	1	0	0	0	0	3.0
5629	The vow of celibacy should be abandoned	against	celibacy allows the priest to be completely focused on his parish community without distraction.	1	1	1	0	0	0	0	0	1	0	3.5
6353	Surrogacy should be banned	against	A woman can and should decide on her own what to do with her body, and how she would like to use it. It's not the business of the government.	0	0	1	0	0	0	1	0	0	0	3.0
5564	Foster care brings more harm than good	against	foster care provides temporary shelter for children who would otherwise be on the streets.	0	1	0	0	0	1	0	0	0	0	3.0
2242	We should ban human cloning	in favor of	cloning is controversial and it is against religious ethics	0	0	1	0	0	0	0	0	1	0	3.5
149	We should adopt an austerity regime	against	austerity only leads to economic contraction that endangers the chance of reducing the debt.	0	0	0	0	0	1	0	0	0	0	3.0
4555	We should adopt atheism	against	People should be allowed to choose how to believe freely and not forced to accept the beliefs of atheism.  Each person has a mind and can make their own decision and should be allowed the freedom of choice.	0	0	0	0	0	0	1	0	0	0	3.0
3120	We should stop the development of autonomous cars	in favor of	autonomous cars will always have the possibility to glitch out like any other computer, however in this instance the consequences are much more severe.	0	1	0	0	0	1	0	0	0	0	3.0
5976	Social media brings more harm than good	against	social media provides ways for people to connect where they might not be able to otherwise. reconnecting with old friends, new colleagues, etc. is great via social media.	0	1	0	0	0	1	0	1	0	0	3.0
669	We should stop the development of autonomous cars	against	autonomous cars reduce the risk of human error, thus leading to safer roads.	0	0	0	0	0	1	0	0	0	0	3.0
910	We should ban the use of child actors	against	the roles of child actors cannot be fulfilled by adults so it would be impossible to ban their use.	0	1	0	0	0	0	1	0	0	0	3.0
4909	Serious crimes should lead to rapid expulsion from the EU	in favor of	Not only for committing, but also planning. Especially if an immigrant gets caught planning a terrorist act, he/she must be removed from EU permanently.	0	0	1	0	0	1	0	0	0	0	3.0
81	We should subsidize student loans	in favor of	student loans set children up to be valuable citizens and the state should support this	1	0	0	0	0	1	0	0	0	0	3.0
6067	Social media brings more harm than good	in favor of	people spend so much time on social media that they neglect real life obligations and relationships.	1	1	1	0	0	0	0	1	0	0	3.5
2469	We should ban cosmetic surgery for minors	in favor of	minors don't have the forethought and capacity to make decisions about permanent procedures. they cant fully think through the consequences of plastic surgery. many may end up regretting it.	0	0	0	0	0	1	0	0	0	0	3.0
6850	Holocaust denial should be a criminal offence	against	freedom of speech is an important part of democracy	0	0	0	0	0	0	1	0	1	0	3.0
6673	Social media brings more harm than good	in favor of	social media contributes to the fomo culture.	0	0	1	0	0	1	1	0	0	0	3.0
3508	We should ban cosmetic surgery	in favor of	cosmetic surgery is taking unnecessary risks.	0	0	0	0	0	1	0	0	0	0	3.0
6207	We should subsidize vocational education	against	vocational education should not be subsidized people should fund themselves	0	1	0	0	0	0	1	0	0	0	3.0
2707	We should ban private military companies	against	private military companies are a business like any other and are subject to national and international regulations	0	0	1	0	0	0	0	0	0	0	3.5
594	We should abolish the right to keep and bear arms	against	Citizens should be allowed to defend themselves with lethal force in a life-or-death situation because the police are typically slow to respond to such situations.	0	1	0	0	0	0	0	0	0	0	5.0
3268	We should end mandatory retirement	against	we shouldn't end mandatory retirement it helps the younger generations more likely to find jobs	1	1	0	0	0	1	0	0	0	0	3.0
1654	We should legalize prostitution	in favor of	we should legalize prostitution because it gets prostitutes off the street	0	1	0	0	0	1	0	0	0	0	3.0
4994	We do not need immigration from non-European or non-first-world countries. 	against	I have no trouble with, non-western, immigrants.  I have trouble with 'mass immigration'.  What happens is when they come in large numbers they do not integrate anymore.  They stick to themselves and become a new tribe that tries to change their host country.'	0	0	1	0	0	1	0	0	1	0	3.0
2504	We should ban cosmetic surgery	against	facial surgery is a common reconstruction for people who get involved in car accidents. cosmetic surgeries is the only solution for them to recover their face they destroyed in the accident	0	0	0	0	0	1	1	0	0	0	3.0
2786	We should adopt a zero-tolerance policy in schools	in favor of	this is the only way to maintain order	0	1	1	0	0	1	0	0	0	0	3.0
6852	The use of public defenders should be mandatory	against	people have the right to choose their lawyer. be it someone they pay for or representing themselves. that is an inalienable right in a free society. you can not force public defenders on everyone.	0	0	0	0	0	0	1	0	1	0	3.0
6480	Foster care brings more harm than good	in favor of	foster care brings more harm than good because lots of times the kids just get sent from one home to another over and over and don't get the chance to learn to adapt and the change to love and be loved	0	1	0	0	0	0	0	0	0	0	5.0
2683	We should ban the use of child actors	in favor of	child actors miss out on growing up naturally as a child should, with proper education, stable background and without the pressures of work at a young age and so they should be banned	0	1	0	0	0	1	1	1	1	0	3.0
6389	Homeschooling should be banned	against	homeschooling may be beneficial in certain situations. such as for children who are being bullied.	1	1	1	0	0	0	1	0	0	0	3.0
4939	We need legal ways of migration.	against	Migrants sell drugs.	0	0	1	0	0	1	0	0	0	0	3.0
1489	We should oppose collectivism	in favor of	collectivism too often causes the individual to suffer needlessly	0	0	0	0	0	1	1	0	0	0	3.0
3897	We should ban algorithmic trading	against	people should be free to use a computer trading program at their own risk	0	0	0	0	0	0	1	0	0	0	3.0
5440	Foster care brings more harm than good	in favor of	foster care can fail to meet the needs of children.	0	1	0	0	0	1	0	0	0	0	3.0
5457	Intelligence tests bring more harm than good	against	iq tests are great for determining how smart a person is.   this not only helps with getting into colleges and jobs but a person with a low iq can show that they are a prime candidate for public assistance.	1	0	0	0	0	1	0	0	0	0	3.0
3016	We should legalize organ trade	in favor of	Some people need organs, others have healthy organs that their bodies can function without; it is a win win situation to allow for organs to be sold.	0	1	0	0	0	1	1	0	0	0	3.0
6070	We should abandon television	in favor of	we should abandon television because it causes screen addictions	0	1	1	0	0	1	0	0	0	0	3.0
2325	We should abolish the right to keep and bear arms	against	everyone should be able to bear arms in order to protect themselves, their homes and their families.	0	1	0	0	0	1	1	0	0	0	3.0
316	We should legalize sex selection	in favor of	we should legalize sex selection because the parents are free to decide what gender they want	0	1	0	0	0	0	1	0	0	0	3.0
1510	We should adopt a multi-party system	against	a multi party system is too volatile, there's no stability and no consistency	0	0	1	0	0	1	0	0	1	0	3.0
7202	We should legalize non-violent drug offenses	in favor of	I fully agree that people should not be incarcerated for non-violent drug offenses. Drug addiction should be treated as a health issue. Drug addicts need help. Incarceration does not help them.	0	1	0	0	0	1	0	0	0	0	3.0
3463	We should introduce compulsory voting	against	forcing people to vote will cause an unwanted outcome in elections. having no vote is as much speech as voting.	1	0	0	0	0	0	1	0	0	0	3.0
2261	We should abolish the right to keep and bear arms	against	We should not abolish the right to keep and bear arms as this is our fundamental right and should not be something for debate.	0	0	1	0	0	0	1	0	1	0	3.0
7217	We should put the accent on traditional values and on preserving family life	in favor of	The family is people's foundation and it rests on it all their lives and work, and this needs to be valued.	0	1	0	0	0	1	0	0	1	0	3.0
223	We should abolish the right to keep and bear arms	against	we shouldn't abolish the right to keep and bear arms because it can help stop mass shootings if everyone has a gun	1	1	0	0	0	1	0	0	1	0	3.0
3067	We should ban private military companies	against	private military companies protect assests and officials in war torn areas. they're needed. they don't take money from the tax payers to accomplish their missions and act only defensively.	0	1	0	0	0	1	0	0	0	0	3.0
6862	Foster care brings more harm than good	against	foster care is important to assist families.  they provide resources and support to the children when their parents are unable to care for them.	0	1	0	0	0	1	0	0	0	0	3.0
7216	We should put the accent on traditional values and on preserving family life	in favor of	The traditional family is the cornerstone of European civilization. 	0	1	0	0	0	1	0	0	1	0	3.0
2767	We should ban cosmetic surgery for minors	against	cosmetic surgery for minors should not be banned since their right to autonomy still stands, event if it's applied by their parents (or any other legal guardian).	0	0	0	0	0	0	1	0	1	0	3.0
1851	We should oppose collectivism	in favor of	this practice does not allow an individual their own thoughts and actions.	0	0	0	0	0	0	1	0	0	0	3.0
4477	We should ban algorithmic trading	in favor of	relying on computers to do all this trading for us could lead to technical issues, hacking, or other problems that could lead to a total market crash.	1	0	0	0	0	1	0	0	0	0	3.0
4669	Companies should fight moonlighting	against	The sudden layoffs by several companies especially during the pandemic caused fear in many employees. And hence several people took up side gigs or a second job as a safety net in case they are laid off.	0	0	0	0	0	1	0	0	0	0	3.0
29	We should introduce compulsory voting	in favor of	where compulsory voting exists, in countries like australia, participation rates are the highest in the world. this inevitably leads to more truly representative democracy.	0	0	0	0	0	1	0	0	0	0	3.0
1416	We should ban cosmetic surgery	against	cosmetic surgery is a personal option in a safe environment with minimal risk	1	0	0	0	0	0	1	0	0	0	3.0
934	We should ban the use of child actors	against	the usage of child actors should not be banned as they are an important part of the acting field they have adults who can make rationale decisions for them.	1	1	0	0	0	0	1	0	0	0	3.0
6785	Homeschooling should be banned	in favor of	homeschooling makes it difficult for children to socially intereact with their peers.	1	1	0	0	0	1	0	0	0	0	3.0
3818	We should adopt a zero-tolerance policy in schools	in favor of	there is an increase in anti-social behaviour and lack of respect among schoolchildren these days so a zero-tolerance policy will quickly teach them to respect the rule and people in general	0	0	1	0	0	0	0	0	0	0	3.5
4205	We should subsidize embryonic stem cell research	against	there is no place for embryonic stem cell research in modern society and he practice should not be encouraged through subsidization.	0	0	1	0	0	1	1	0	0	0	3.0
5095	The EU needs a European research center	in favor of	it would help to further unite the nations.	1	1	0	0	0	1	0	0	0	0	3.0
6652	Social media brings more harm than good	against	social media brings together people all over the world with ease.	1	0	0	0	0	1	0	0	0	0	3.0
5174	Imprisonment of foreign criminals should be carried out in their country	in favor of	This will relieve the European prison system. This would encourage many migrants to take responsibility for the laws of the host countries.	1	1	1	0	0	1	0	0	0	0	3.0
2554	We should adopt gender-neutral language	against	there is no need for gender-neutral language. someone could be an actress or an actor and can identify as either without changing the language that we use.	0	0	1	0	0	0	0	0	1	0	3.5
6354	Holocaust denial should be a criminal offence	against	holocaust denial should not be a criminal offence because it would be an infringement of the right to free speech	0	0	1	0	0	0	1	0	0	0	3.0
5584	Foster care brings more harm than good	against	foster carers are by default caring people who do a lot of valuable work	0	0	1	0	0	1	0	1	0	0	3.0
7098	We should promote a plant-based diet	in favor of	While it is only promoted/suggested and not a mandatory, its ok.	0	0	0	0	0	0	1	0	0	0	3.0
2552	We should legalize cannabis	against	to legalize cannabis would be to tell people that it is safe to use, which is untrue, which would result in many more using it and an epidemic in psychological problems	0	1	1	0	0	1	0	0	0	0	3.0
3074	We should abolish capital punishment	in favor of	capital punishment is useless. imprisonment is actually way better since criminal court could incarcerate innocent people	1	1	1	0	0	0	0	0	0	0	3.5
5386	Social media brings more harm than good	in favor of	it gives people a platform to pretend, show off and to bully others. it also makes people believe that everyone else has everything they want and that their lives are perfect, leading to mental health issues.	0	0	1	0	0	0	0	0	0	0	3.5
503	We should legalize cannabis	against	sale of cannabis should not be legalized because it is a dangerous drug and as such is a public health concern	0	0	1	0	0	1	0	0	0	0	3.0
3187	We should ban cosmetic surgery for minors	in favor of	cosmetic surgery for minors should be banned because the risks involved outweigh any benefit that may be acheived	0	1	0	0	0	1	0	0	0	0	3.0
6212	Foster care brings more harm than good	in favor of	foster care can be very traumatizing to kids if they get into a bad foster care facility.	0	0	0	0	0	1	0	0	0	0	3.0
804	We should ban the use of child actors	in favor of	children should be at school and not working. we do not allow children to work in any other way and acting should be no different.	1	1	0	0	0	0	0	0	1	0	3.5
1142	We should subsidize student loans	against	we should not pay for other peoples life style choices	0	1	0	0	0	1	0	0	0	0	3.0
7118	We should reduce environment pollution by limiting number of people in Europe	against	A migrant, with the proper education and support, will in his turn contribute for society, which allows more people to have a fulfilling life.	0	1	0	0	0	1	0	0	0	0	3.0
3742	We should stop the development of autonomous cars	against	autonomous cars will facilitate long commute riding	1	0	0	0	0	1	0	0	0	0	3.0
1895	We should stop the development of autonomous cars	in favor of	we should stop the development of autonomous cars because autonomous cars are bad idea, very dangerous	0	0	1	0	0	1	0	0	0	0	3.0
4753	Betting and gambling should be legalized in India	against	Gambling addiction can lead to increase in crime rates, mental illnesses.	0	0	0	0	0	1	0	0	0	0	3.0
3668	We should legalize cannabis	against	it send the wrong message to society that drug use is acceptable	0	1	1	0	0	1	0	0	0	0	3.0
2829	We should ban factory farming	against	factory farming is necessary  and cannot be abandoned, because it's the way we will always produce things in agricolture	0	0	0	0	0	1	0	0	0	0	3.0
6658	Assisted suicide should be a criminal offence	against	assisted suicide is sometimes the only solution for some people, we should not take it off.	1	0	0	0	0	0	1	0	0	0	3.0
2789	We should stop the development of autonomous cars	in favor of	autonomous cars can make driving more dangerous since their programming can not cover every conceivable instance.	1	1	0	0	0	1	0	0	0	0	3.0
4393	We should legalize organ trade	against	legalizing the organ trade would encourage illegal ways of procuring organs for the profit	0	0	1	0	0	1	0	0	0	0	3.0
4246	We should ban cosmetic surgery	in favor of	It is not worth the risk of cosmetic surgery just for people to look better.	0	0	0	0	0	1	0	0	0	0	3.0
5875	Homeschooling should be banned	in favor of	homeschooling doesnt get children enough interaction with people so they are more likely to be social outcasts	0	1	0	0	0	1	0	1	0	0	3.0
3972	We should ban whaling	against	some tribes depend on whaling resources to survive.	0	0	0	0	0	1	1	0	0	0	3.0
1903	We should subsidize space exploration	against	We should not subsidize space exploration as there are far more important and urgent issues to deal with on earth at this time.	1	1	0	0	0	1	0	0	0	0	3.0
49	We should cancel pride parades	in favor of	why should homosexuals have a pride parade?heterosexuals don't have them!	0	0	1	0	0	0	0	0	1	0	3.5
1260	We should adopt gender-neutral language	against	we should not adopt gender-neutral language because more people than not specify with a certain gender and want to be addressed as such.	0	0	0	0	0	0	1	0	1	0	3.0
4482	We should subsidize space exploration	against	the money spent on subsidizing space exploration could be better spent on other things that help all of society	0	1	0	0	0	1	0	1	0	0	3.0
4614	We should subsidize higher education institutions	in favor of	Indian students perform brilliantly when they go to different countries in the field of research. It means that we don’t lack talent, we lack infrastructure and a healthy environment for our sharp minds.	1	1	0	0	0	0	1	0	0	0	3.0
6487	The vow of celibacy should be abandoned	against	The vow of celibacy is a long standing tradition of many clergy and should be upheld.	0	0	1	0	0	0	0	0	1	0	3.5
1172	We should adopt libertarianism	against	we would crumble without services provided to us via the government - roads, fire stations, and more.	0	0	1	0	0	1	0	0	0	0	3.0
1567	We should ban fast food	in favor of	we should ban fast food as it is very unhealthy and is creating a lazy culture in which people do not cook or eat fresh food.	0	0	1	0	0	1	0	0	0	0	3.0
1723	We should subsidize space exploration	against	The government is already in debt and subsidizing space exploration is not necessary.	0	1	0	0	0	1	0	0	0	0	3.0
670	We should stop the development of autonomous cars	against	autonomous cars can help transport those unable to drive themselves	1	1	0	0	0	1	1	0	0	0	3.0
3250	We should ban private military companies	in favor of	private military companies are mercenaries who can harm our society for greed and we don't need them	0	0	0	0	0	1	1	0	0	0	3.0
4335	We should ban telemarketing	in favor of	telemarketing is unsolicited and often unwelcome	0	1	1	0	0	0	1	0	0	0	3.0
6258	Social media brings more harm than good	against	social media brings more good than harm because it connects people who have similar interests, but are far away from each other - even in different countries.	0	1	0	0	0	1	0	1	0	0	3.0
3658	We should adopt a zero-tolerance policy in schools	against	students who are suspended will loose out on classes and might fail exams or even drop out of school as a result.	0	1	0	0	0	0	0	0	0	0	5.0
3406	We should ban the Church of Scientology	in favor of	The Church of Scientology is a cult that destroys families and should be banned.	0	1	0	0	0	1	0	0	0	0	3.0
238	We should ban whaling	against	if people can get food and other products from whaling that helps sustain them, then it shouldn't be banned.	1	0	0	0	0	1	0	0	0	0	3.0
3652	We should ban fast food	against	Fast food provides people with jobs and is convenient for busy families.	1	1	0	0	0	1	0	0	0	0	3.0
3826	We should legalize cannabis	in favor of	legalizing marijuana will free up police resources because instead of arresting people for pot police would focus on more serious crimes	0	0	1	0	0	1	0	0	0	0	3.0
3873	We should ban cosmetic surgery	in favor of	cosmetic surgery has been known to lead to deaths due to botched jobs. it should be banned so these deaths do not occur.	0	0	0	0	0	1	0	0	0	0	3.0
6231	The use of public defenders should be mandatory	against	people should have the freedom to choose their own.	0	0	0	0	0	0	1	0	0	0	3.0
4602	Political parties should be brought under RTI (Right to Information) Act	against	Political parties are independent bodies, they need not be accountable to the public. They were not established by the constitution or an act of parliament.	0	0	0	0	0	0	1	0	0	0	3.0
2565	We should ban cosmetic surgery	in favor of	a lot of times the physical and emotional after effects of cosmetic surgery defeat the main purpose of getting the surgery.	0	1	0	0	0	1	0	0	0	0	3.0
6810	Foster care brings more harm than good	against	foster care can provide a child with a family dynamic	0	1	0	0	0	1	0	0	0	0	3.0
3597	We should subsidize space exploration	in favor of	we need to continue to explore space as it is part of our world.	0	0	0	0	0	0	1	0	0	0	3.0
5203	We need a better distribution of refugees	against	Illegal immigrants have to be returned to UN refugee camps.   	1	1	1	0	0	1	0	0	0	0	3.0
480	We should ban cosmetic surgery	in favor of	cosmetic surgery is dangerous and should be banned.	0	0	0	0	0	1	0	0	0	0	3.0
3899	We should subsidize journalism	in favor of	journalists put their lives on the line when they report news from war zones, or shootings or natural disasters.	1	1	0	0	0	1	0	1	0	0	3.0
6586	Assisted suicide should be a criminal offence	in favor of	helping a human being to commit suicide devalues human life and can lead to deaths of unstable people who are not mentally competent to make the decision. it should be criminalized.	0	1	1	0	0	0	0	0	0	0	3.5
7364	We should vigorously develop the countryside.	in favor of	There is a lack of employment opportunities in rural areas, as well as inadequate education, medical care and infrastructure. Therefore, we must vigorously develop the rural revitalization strategy and related industries, so that young people can return to rural areas.	1	0	0	0	0	1	0	0	0	0	3.0
2907	We should end mandatory retirement	against	mandatory retirement makes sure that fresh ideas and fresh bodies keep flowing through business which is a good thing.	1	0	1	0	0	0	1	0	0	0	3.0
2175	We should abolish intellectual property rights	against	we shouldn't abolish intellectual property rights because people should have the right to do what they want with their ow property	0	0	0	0	0	0	1	0	0	0	3.0
5234	We do not need immigration from non-European or non-first-world countries. 	against	I have no trouble with, non-western, immigrants.  I have trouble with 'mass immigration'.  What happens is when they come in large numbers they do not integrate anymore.  They stick to themselves and become a new tribe that tries to change their host country.'	0	0	0	0	0	1	0	0	1	0	3.0
2601	We should ban private military companies	against	private military companies offer a valuable service for instances where government military cannot do what needs to be done for fear or repercussions.	0	1	0	0	0	1	1	0	0	0	3.0
4281	We should ban whaling	against	whaling provides a lot of income for people that would then become unemployed if they couldn't do it anymore.	0	0	0	0	0	1	0	0	0	0	3.0
4553	We should legalize organ trade	in favor of	organ trade would help save thousands of lives every year.	0	1	0	0	0	1	0	0	0	0	3.0
6433	We should abandon television	against	this is a free country. people have the choice to watch tv or not	0	0	0	0	0	0	1	0	0	0	3.0
4421	We should abolish capital punishment	in favor of	The death penalty leaves everyone involved in the criminal justice system with residual guilt and trauma over sending someone to their death.	0	1	0	0	0	1	0	0	0	0	3.0
1814	We should introduce compulsory voting	against	some people just don't have an opinion about who to vote for	0	0	0	0	0	0	1	0	0	0	3.0
5792	Surrogacy should be banned	in favor of	surrogacy is just another term for baby selling which is against the law.	0	0	1	0	0	0	0	0	1	0	3.5
2074	We should legalize sex selection	in favor of	sex selection allows families to be balanced.	0	1	0	0	0	1	0	0	0	0	3.0
4027	We should cancel pride parades	in favor of	pride parades are too costly to the cities that hold them in terms of police protection and permitting	0	0	1	0	0	1	0	0	0	0	3.0
3965	We should prohibit school prayer	in favor of	we should prohibit school prayer because religion has no business in school it should be at home and church only	1	0	1	0	0	0	1	0	0	0	3.0
2950	We should ban fast food	against	people should be able to assess the risks of eating fast food themselves	0	1	0	0	0	0	1	0	0	0	3.0
1880	We should prohibit school prayer	in favor of	school prayers are outdated in a modern society, religion is a private matter someone should practice at home	0	0	1	0	0	1	1	0	1	0	3.0
2391	We should ban human cloning	against	we should not ban human cloning because this will lessen our chances for finding cures to the some of the most deadly diseases such as cancer and dementia	0	1	0	0	0	1	1	0	0	0	3.0
5922	Intelligence tests bring more harm than good	against	intelligence test help students end up in classes that help them learn the best.	1	1	1	0	0	0	1	0	0	0	3.0
6795	Foster care brings more harm than good	in favor of	being placed with strangers can be traumatic	0	0	0	0	0	1	0	0	0	0	3.0
6149	Payday loans should be banned	against	payday loans are a life saver for many people who need to make that bill payment on time.	0	1	0	0	0	1	0	0	0	0	3.0
4057	We should abandon the use of school uniform	in favor of	we should abandon the use of school uniform since one should be allowed to express their individuality by the clothes they were.	0	0	0	0	0	0	1	0	0	0	3.0
2909	We should ban cosmetic surgery	against	surgeries are important for people who were in accidents or have birth defects and surgery can help transition them to a normal life.	0	1	0	0	0	1	0	0	0	0	3.0
323	We should cancel pride parades	in favor of	there are things at pride parades that young children should not see, regardless of one's sexual preferences.	0	1	1	0	0	0	0	0	1	0	3.5
5383	Surrogacy should be banned	against	Surrogacy should not be banned as it is the woman's right to choose if she wishes to do this for another couple and be compensated.	0	0	0	0	0	0	1	0	0	0	3.0
2710	We should abolish intellectual property rights	in favor of	we should abolish intellectual property rights as the law is very complex and it is very easy to infringe copyright.	1	0	0	0	0	0	1	0	0	0	3.0
6514	Homeopathy brings more harm than good	in favor of	to rely on what is mostly water to bring health benefits is not benefiting anyone except the seller of the homeopathic 'medicine'.	0	1	0	0	0	1	0	0	0	0	3.0
3845	We should abolish safe spaces	in favor of	safe spaces are an illusion, no place is safe.	0	1	0	0	0	0	0	0	0	0	5.0
5805	Payday loans should be banned	in favor of	yes, you need to make workers aware of what they can really spend, no borrowing	0	0	1	0	0	1	0	0	0	0	3.0
3024	We should ban whaling	against	there are people who live from this activity and you have to get a better job	0	0	0	0	0	1	1	0	0	0	3.0
338	We should subsidize embryonic stem cell research	in favor of	we should subsidize embryonic stem cell research because it is necessary for the betterment of the human race. we may find cures for aging, diseases, or create new stronger genes.	1	0	0	0	0	1	1	0	0	0	3.0
2444	We should ban fast food	in favor of	fast food contributed to the obesity problem in the us	0	0	0	0	0	1	0	0	0	0	3.0
7199	We should stop the mass migration from Africa and the Middle East	in favor of	Those coming from there pretend to be refugees but are actually economic migrants. Slowly but surely these people are destroying Europe because they do not bring anything related to European values. Furthermore, they do not respect or accept European values. They bring crime, terror, and chaos. And after all, if there are no more Europeans in Europe, then what will happen to our beloved continent?	0	0	0	0	0	1	0	0	1	0	3.0
2395	We should ban missionary work	in favor of	missionary work is a waste of time and should be completely banned.	1	0	0	0	0	0	0	0	0	0	3.5
1291	We should abolish the Olympic Games	against	We should not abolish the Olympic Games as they are viewed as the pinnacle of success for many athletes around the world.	1	0	0	0	0	0	0	1	1	0	3.5
860	We should ban private military companies	in favor of	we should ban this because they cant be controlled and could turn against the government or people. they also might cause more problems then help solve them.	0	0	1	0	0	1	0	0	0	0	3.0
2442	We should stop the development of autonomous cars	in favor of	autonomous cars should not be produced as they are dangerous and risky.	0	1	0	0	0	1	0	0	0	0	3.0
3335	We should abolish the three-strikes laws	in favor of	Three strikes laws increase violence against law enforcement since an accused criminal facing the potential for a life sentence is more likely to fight back against law enforcement to escape.	0	1	0	0	0	1	0	0	0	0	3.0
3011	We should abolish intellectual property rights	against	people should have a right of ownership to their creations, ideas, and concepts that they created themselves.	1	1	0	0	0	0	0	0	0	0	3.5
3106	We should ban factory farming	against	we should not ban factory farming because it gives us another source of food.	1	1	0	0	0	1	0	0	0	0	3.0
113	We should ban telemarketing	in favor of	telemarketing is intrusive, annoying and violates privacy	0	0	1	0	0	1	1	0	0	0	3.0
4826	British people who are residents in an EU country should have EU-wide rights	in favor of	I think this is a good idea, but unfortunately it's framed as a British/brexit issue. However, the wider concept of a common EU visa / migration system is a compelling one. Harmonising the system to a common visa regime offers many advantages.	1	0	0	0	0	0	0	0	0	0	3.5
6561	Homeschooling should be banned	against	homeschooling is a great way for kids to get an education if they live a great distance from the school or their parents can't commute there everyday due to money or distance.	1	0	0	0	0	1	0	0	0	0	3.0
3557	We should adopt a zero-tolerance policy in schools	in favor of	a zero-tolerance policy in school would improve behaviour and thus improve results.	1	1	1	0	0	0	0	0	0	0	3.5
3143	We should abolish safe spaces	against	everyone deserves to be safe and has the right to safety.	0	1	1	0	0	1	0	0	0	0	3.0
2835	We should ban missionary work	against	missionaries do great work and go to places that are often neglected by others	0	1	0	0	0	0	0	0	1	0	3.5
4319	We should abolish capital punishment	against	it would save taxpayers from paying for a person to have a room and food for the rest of their natural life if thats their sentence.	0	0	0	0	0	1	0	0	0	0	3.0
3979	We should legalize prostitution	in favor of	a man or woman has the right to do what they wish with their body, and if they choose to sell it for sex, the government should not interfere.	0	0	0	0	0	0	1	0	0	0	3.0
12	We should ban factory farming	in favor of	factory farming cuts too many health and safety corners as opposed to smaller family farms, this leads to potentially unsafe and unhealthy products.	0	0	1	0	0	1	0	0	0	0	3.0
6786	Homeschooling should be banned	in favor of	homeschooling does not provide necessary socialization skills needed in everyday life as well as cooperation among peers.	1	0	0	0	0	1	0	0	0	0	3.0
3634	We should stop the development of autonomous cars	in favor of	autonomous cars are dangerous and will only cause deaths.	0	1	0	0	0	1	0	0	0	0	3.0
6439	The use of public defenders should be mandatory	against	making a public defender mandatory takes away choice from those who may wish to find their own attorney or even just represent themselves.	0	0	0	0	0	0	1	0	0	0	3.0
6601	The use of public defenders should be mandatory	against	the use of public defenders should not be mandatory because a lot of them are not well versed in law.	1	0	0	0	0	0	1	0	0	0	3.0
836	We should ban cosmetic surgery	against	everyone has the right to alter their bodies or appearances in which ever way makes them feel comfortable and at ease.	0	0	0	0	0	1	1	0	0	0	3.0
6202	Surrogacy should be banned	in favor of	surrogacy can be used as a money making tool for the surrogate who may not be acting in the best intentions of the family who want the baby.	0	1	1	0	0	0	0	0	1	0	3.5
2291	We should ban fast food	in favor of	Fast food is leading to a major increase in obesity and other health issues in the U.S.	0	0	0	0	0	1	0	0	0	0	3.0
1619	We should ban the use of child actors	against	many great actors of today started as children and had no problem in their growth	0	0	0	0	0	1	1	1	0	0	3.0
3626	We should ban fast food	against	people should have the freedom to eat what hey want.	0	0	0	0	0	0	1	0	0	0	3.0
3839	We should ban fast food	in favor of	fast food contains ridiculous amounts of harmful ingredients	0	0	0	0	0	1	0	0	0	0	3.0
3050	We should ban the use of child actors	against	many child actors go on to being adult actors without any problems.  if anything, perhaps more screening of children before allowing them to go into the profession.	1	1	0	0	0	1	0	0	0	0	3.0
6802	Foster care brings more harm than good	against	foster care can bring secure home and love to children who lost their parents	0	1	0	0	0	1	0	0	0	0	3.0
1003	We should subsidize student loans	in favor of	we should invest in the young generations and support them in their education, especially when higher education is so expensive.	1	1	0	0	0	1	0	0	0	0	3.0
4781	Aadhaar should be made mandatory in India	against	Failed biometric authentication.	0	0	0	0	0	0	1	0	0	0	3.0
6178	Foster care brings more harm than good	against	foster care is a great thing that enables children to have a family when theirs is not able to take care of them.	0	1	0	0	0	1	0	0	0	0	3.0
1031	We should introduce compulsory voting	against	compulsory voting should not be necessary because people will vote for anyone without researching which could skew outcomes.	1	0	1	0	0	1	1	0	0	0	3.0
466	We should legalize organ trade	in favor of	we should legalize organ trade because many people who are in need of organs have trouble getting good organs.	0	0	0	0	0	1	0	0	0	0	3.0
4055	We should end mandatory retirement	in favor of	ending mandatory retirement is the right thing to help older people.	0	1	1	0	0	0	1	0	0	0	3.0
4300	We should stop the development of autonomous cars	in favor of	an autonomous vehicle can never be programmed to make an ethical decision if faced with a crash situation	0	1	0	0	0	1	0	0	0	0	3.0
2139	We should oppose collectivism	against	No one individuals life is any more intrinsically important or valuable than any other person's life, and therefore we should build societies that value the collective and general public over the individual.	0	1	0	0	0	1	0	0	0	0	3.0
6000	We should subsidize vocational education	in favor of	subsidizing vocational education will allow more people to pursue a vocation in a time when too few people are choosing that avenue.	1	1	0	0	0	1	1	1	0	0	3.0
124	We should abolish the right to keep and bear arms	in favor of	it will decrease the number of crimes and violence on the streets	0	0	0	0	0	1	0	0	0	0	3.0
