	Conclusion	Stance	Premise	Achievement	Benevolence	Conformity	Hedonism	Power	Security	Self-direction	Stimulation	Tradition	Universalism	Score
2583	We should ban fast food	against	we should not ban a food simply because it is quick to buy! we can tax or ban the harmful components like saturated fat, and actually target the issue rather than indiscriminately target the convenience.	0	1	0	0	0	0	1	0	0	1	3.0
1749	We should limit executive compensation	in favor of	executive compensation encourages corruption	0	1	1	0	0	0	1	0	0	1	3.0
656	We should legalize sex selection	against	There is no certainty that the process will be a success, and couples may end up wasting time and money.	0	0	0	0	0	0	1	1	0	1	3.0
528	We should ban whaling	in favor of	whaling is wiping out species for little in return.	0	0	0	0	0	0	0	0	0	1	5.0
4335	We should ban telemarketing	in favor of	telemarketing is unsolicited and often unwelcome	0	1	1	0	0	0	1	0	0	0	3.0
7139	We should implement a legislation on aquatic animal welfare	in favor of	Fish are sentient and failure to afford them the same legal protections that we provide other animals is a gross moral and legal oversight.	0	0	1	0	0	0	0	0	0	1	3.0
5623	Holocaust denial should be a criminal offence	against	holocaust denial shouldn't be a criminal offense because it goes against freedom of speech	0	0	0	0	0	0	1	0	0	1	3.0
1058	We should prohibit school prayer	in favor of	prayer has no place in public school because not everyone practices the same religion	0	0	0	0	0	0	1	0	0	1	3.0
2374	We should ban cosmetic surgery	against	people should have the right to choose what they want to do to their body.	0	0	0	0	0	0	1	0	0	1	3.0
3105	We should abolish capital punishment	against	some people have committed such unspeakable crimes that they don't deserve to live	0	0	0	0	0	0	0	0	0	1	5.0
2516	We should ban cosmetic surgery for minors	in favor of	minors are not mature enough to make such life altering decisions	0	1	0	0	0	0	0	0	0	0	3.5
5021	The EU should equalize the retirement age for all Europeans. 	against	Retirement is often funded by taxes and taxes are decided by each member state. So each member state should also be the one who decides how those taxes are spent. For some countries, a retirement age of 65 may be unaffordable or undesirable, while for others it may not.	0	0	0	0	1	0	1	0	0	0	3.0
4442	We should abolish the three-strikes laws	in favor of	many people could pay long sentences for nonviolent crimes	0	0	0	0	0	0	0	0	0	1	5.0
7272	We should stop buying Russian gas	in favor of	The cost of gas will be higher. But I prefer to pay a little more for the gas bill than to finance Putin’s malicious activities.	0	1	1	0	0	0	1	0	0	1	3.0
2815	We should abolish safe spaces	against	we should accept safe spaces because it lets people freely speak their mind without consequence	0	0	0	0	0	0	1	0	0	1	3.0
228	We should abolish the three-strikes laws	in favor of	Three strikes laws often punish those who have been pushed into crime by their socioeconomic background, which is unjust.	0	1	1	0	0	0	0	0	0	1	3.0
69	We should stop the development of autonomous cars	against	the use of autonomous cars should result in a substantial reduction in road traffic accidents which currently are largely a result of human error.	0	0	0	0	0	0	0	0	0	1	5.0
4223	We should abolish the Olympic Games	against	the olympic games bring tourism to the place hosting it and that can be very beneficial.	0	0	0	0	1	0	0	1	0	1	3.0
1795	We should legalize cannabis	against	the use of cannabis does not stop there.  many go for the next high of hashish.  then on to other drugs.  cannabis should not be allowed to stop this progressions.	0	1	1	0	0	0	0	0	0	0	3.0
5120	The EU should enforce the obligation to respect the Rule of Law within its borders	in favor of	To have any credibility when addressing foreign countries regarding issues of human rights violations, curbs on the freedom of speech and press, democracy, and more, the EU must ensure that its Member States meet minimum standards on these fronts too.	0	0	1	0	0	0	0	0	0	1	3.0
6941	We should link Aadhaar card with the Voter ID	against	This can be a threat to privacy because this linking can lead to the profiling of voters. Several states collected caste, religion, and other sensitive information as part of aadhaar data collection. So, this can be misused by some politicians to selectively eliminate some voters based on their caste or any other identity.	0	1	1	0	0	0	1	0	0	1	3.0
2398	We should abolish the three-strikes laws	in favor of	the three-strikes law is unfair to those whose crimes are minimal verses those whose crimes are very bad.	0	1	0	0	0	0	0	0	0	1	3.5
7153	We should stop the European Commission’s Ideological bias toward migration.	in favor of	The European Commission’sportrays migration as an opportunity only, a Fatality that cannot be stopped, and the only solution against aging.	0	1	0	0	0	0	1	0	0	1	3.0
1826	We should abandon the use of school uniform	against	school uniform stops students from being bullied for their clothing	0	1	1	0	0	0	0	0	0	0	3.0
65	We should subsidize embryonic stem cell research	in favor of	embryonic stem cell research should be subsidized because it only requires a small amount of cells because of the fast replication rate	0	0	0	0	0	0	0	0	0	1	5.0
5133	People with disabilities should be more represented 	in favor of	Aborting children with Down is not love, is not an inclusive society, it is discrimination against the most vulnerable.	0	1	0	0	0	0	0	0	0	1	3.5
4397	We should adopt a multi-party system	in favor of	it will give a stronger representation of the electorate.	0	0	0	0	1	0	0	0	0	1	3.5
6857	Holocaust denial should be a criminal offence	against	free thinking for all should never be a crime.	0	0	0	0	0	0	1	0	0	0	3.0
1634	We should adopt libertarianism	in favor of	libertarianism - and the seeking to maximise freedom and personal autonomy - is a key value and it should be central to the constitution.	0	0	0	0	0	0	1	0	0	0	3.0
3420	We should ban telemarketing	in favor of	we should ban telemarketing because it has gotten way out of hand. the phone was once a convience now its a hassle.	0	1	1	0	0	0	1	0	0	0	3.0
256	We should end mandatory retirement	in favor of	mandatory retirement should be ended as it is unfair on older people.	0	0	1	0	1	0	1	0	0	1	3.0
1440	We should subsidize journalism	in favor of	it could help support journalism and help people create compelling and quality articles and better coverage and less false or misleading headlines.	0	1	0	0	0	0	1	0	0	1	3.0
4520	We should abolish the three-strikes laws	in favor of	the three-strikes law should be abolished. each convicted crime should be punished individually.  it isn't right to judge a person solely on their criminal history.	0	1	0	0	0	0	1	0	0	1	3.0
7072	We should improve migration policies 	in favor of	Avoiding non-EU countries to stop migrants’ journey to the EU payments to systemic violation of human rights and dignity.	0	0	1	0	0	0	0	0	0	1	3.0
2044	We should abolish zoos	against	zoos help protect animals that are in danger	0	1	0	0	0	0	0	0	0	1	3.5
4942	The European Union should be harder towards irreparable migrants, those who do not value their lives in peace, security, and prosperity.	against	The emphasis on negative stereotypes towards migrants comes mostly from people who don't know Africans or other migrants or refugees. 	0	0	0	0	0	0	0	0	0	1	5.0
1608	We should ban whaling	in favor of	whaling serves no purpose, there's no great benefit. it only serves to disrupt the ocean ecosystems and cause needless suffering. it should absolutely be banned.	0	0	0	0	0	0	0	0	0	1	5.0
2959	We should subsidize space exploration	against	space exploration is too costly and there aren't enough tangible benefits to justify subsidization	0	0	0	0	1	0	0	0	0	1	3.5
1851	We should oppose collectivism	in favor of	this practice does not allow an individual their own thoughts and actions.	0	0	0	0	0	0	1	0	0	0	3.0
662	We should legalize cannabis	against	cannabis use has been linked to mental problems in youth and shouldn't be legalized.	0	0	0	0	1	0	0	0	0	0	3.5
3031	We should ban whaling	in favor of	whaling shuld be banned because it is a cruel and outdated practice & no longer serves a purpose	0	0	0	0	0	0	0	0	0	1	5.0
3376	We should abolish safe spaces	against	safe spaces allow for people to voice concerns over discrimination and prejudice where they feel protected enough to have the confidence to speak freely. this is a great thing to combat discriminatory behavior.	0	0	0	0	0	0	1	0	0	1	3.0
7053	We should take polyester and other toxic substances out of clothing and place them with natural materials	against	Natural materials have a large carbon footprint. They require fresh water and land, contributing to the pressure on nature and resources around the world. 	0	0	0	0	0	0	0	0	0	1	5.0
48	We should ban human cloning	in favor of	human cloning is an unnatural act that goes against the laws of nature.  it is too dangerous of an act and is something man should not be tampering with.	0	0	0	0	0	0	0	0	0	1	5.0
7057	We should open free training centers for the EPSO competition	in favor of	It's high time that all broadcasting stations in the EU stimulate their journalists to cover European news as well.	0	0	0	0	0	0	1	0	0	1	3.0
79	We should abolish the three-strikes laws	in favor of	three is an arbitrary number and may not be appropriate in some instances or for some crimes	0	0	0	0	0	0	0	0	0	1	5.0
2724	We should legalize sex selection	against	sex selection will invariably lead down a slippery slope of screening for other genetic factors: hair color, handedness, etc. where will it stop?	0	1	1	0	0	0	0	0	0	1	3.0
346	We should abolish zoos	in favor of	zoos should be abolished so that animals can thrive in a setting that allows them to roam free	0	1	0	0	0	0	0	0	0	1	3.5
2542	We should legalize organ trade	against	if organ trade were legal. more people would do it to make money.	0	1	1	0	0	0	0	0	0	1	3.0
5364	There should be a reform of EU trade and investment policy and a relaunch of global multilateralism	in favor of	The EU needs to both promote and uphold the highest social and environmental standards in its internal as well as external policies. Human rights and collective agreements must never be seen as barriers to trade!	0	0	0	0	0	0	1	0	0	1	3.0
6309	Assisted suicide should be a criminal offence	against	people suffering with no chance for recovery deserve to choose this type of death to end suffering and loss of dignity.	0	0	0	0	0	0	1	0	0	0	3.0
5310	Foreign Policy at the EU level should be based on an absolute majority, not unanimity	against	If a veto is happening in the current EU voting procedure it is justified.	0	0	0	0	0	0	0	0	0	1	5.0
3852	We should abolish capital punishment	against	"the old saying ""an eye for an eye"" exists for a reason.  if a person commits a horrible act, than swift punishment is not only a good thing but deserved."	0	0	0	0	0	0	0	0	0	1	5.0
1957	We should legalize cannabis	against	Growing marijuana harms the environment. Marijuana farming results in deforestation, soil erosion, habitat destruction and landslides.	0	0	1	0	0	0	0	0	0	1	3.0
6467	Entrapment should be legalized	against	Entrapment should not be legalized because there is no way to know if someone would have committed the crime without police involvement.	0	1	0	0	0	0	0	0	0	1	3.5
6787	We should subsidize vocational education	against	subsidies are unjust unless they are beneficial to all, not just a select few in certain fields.	0	0	0	0	1	0	0	0	0	1	3.5
1743	We should adopt gender-neutral language	in favor of	the use of gender pronouns tends to single out one gender from the other and can be offensive to some.	0	0	1	0	0	0	0	0	0	1	3.0
2743	We should limit executive compensation	in favor of	the people doing the real work are the regular associates and executives shouldn't get rewarded for someone else's work	0	0	0	0	1	0	0	0	0	1	3.5
2041	We should introduce compulsory voting	against	if it against their will people will choose randomly and it will negate the choices of others	0	0	0	0	1	0	1	0	0	1	3.0
2926	We should ban cosmetic surgery	against	we should continue to support cosmetic surgery as it helps people correct imperfections that cause poor self-esteem.	0	1	0	0	1	0	1	0	0	1	3.0
1492	We should adopt gender-neutral language	in favor of	i think that we should adopt gender-neutral language because a best comunication	0	1	1	0	0	0	0	0	0	1	3.0
255	We should end the use of economic sanctions	against	economic sanctions can be very effective in bringing about social change	0	1	0	0	1	0	0	0	0	0	3.5
6969	Hindi should be the National language of India	in favor of	Hindi is spoken by more than half of India. As no single language is spoken by entire India, it is much better to make the majoritarian language as the national language.	0	0	0	0	0	0	0	0	0	1	5.0
4743	India should accept Rohingya refugees	in favor of	Accepting refugees escaping from death situations is surely an act of humanity. Rohingya people have been treated brutally by the Burmese government due to racism. Being a neighboring country, we should be accepting those people who are in deep distress.	0	1	0	0	0	0	0	0	0	1	3.5
3740	We should ban the use of child actors	against	we should not ban the use of child actors because it would be awfully strange to watch programs and never see a child as that is not real life.	0	0	0	0	0	0	1	0	0	1	3.0
210	We should abolish safe spaces	in favor of	safe spaces are for people who don't like to talk about the issues in a civilized manner	0	0	0	0	0	0	0	0	0	1	5.0
3035	We should ban private military companies	against	we should not ban private military companies as a person should have the right if they can afford to hire such companies to protect them.	0	0	0	0	1	0	1	0	0	0	3.0
4651	We should subsidize hydrogen vehicles	in favor of	Hydrogen fuel cell vehicles do not emit greenhouse gases. This helps to fight climate change. As many countries are opting for energy transition, clean hydrogen fuel vehicles along with other alternative fuel vehicles can pave the way to sustainable transportation. Also, as these vehicles do not emit greenhouse gases such as carbon dioxide, they can cut air pollution to a great extent.	0	1	0	0	0	0	0	0	0	1	3.5
3626	We should ban fast food	against	people should have the freedom to eat what hey want.	0	0	0	0	0	0	1	0	0	0	3.0
3227	We should abolish the three-strikes laws	in favor of	we should abolish the three strikes laws because the punishment is just enough for their convictions and no need to add more another years.	0	1	0	0	0	0	0	0	0	1	3.5
5858	Holocaust denial should be a criminal offence	against	we are supposed to be a modern society of free thought. if someone wants to deny the holocaust, it is their intellectual right.	0	0	0	0	0	0	1	0	0	0	3.0
2588	We should limit judicial activism	in favor of	judicial activism should be limited as judges should stick to their job and not try to grandstand on issues to gain popularity.	0	1	1	0	0	0	0	0	0	1	3.0
7198	We should recognize Esperanto as one of the cultural languages of EU citizens	in favor of	Esperanto is a common language of citizens from all countries of the EU. Esperanto encounters bring them together for contact and understanding. The authorities of the European Union are called upon to support this direct communication of the citizens. It is our free choice in which language we want to talk to each other - please recognize and promote it!  	0	1	0	0	0	0	1	0	0	1	3.0
3889	We should introduce compulsory voting	in favor of	we should introduce compulsory voting because people have a right to vote	0	1	0	0	1	0	0	0	0	1	3.5
1094	We should abolish zoos	in favor of	zoos are cruel to the animals kept in cages and should be abolished.	0	0	0	0	0	0	0	0	0	1	5.0
4764	Homeschooling should be encouraged in India 	in favor of	Children can better explore themselves when they do not have constraints.	0	0	0	0	0	0	1	0	0	0	3.0
6547	The use of public defenders should be mandatory	in favor of	the mandatory use of public defenders guarantees equality in the defense and the accusing party because the economic weight does not intervene	0	0	0	0	0	0	0	0	0	1	5.0
4881	We need a common migration and asylum policy, based on respect for rights and equal treatment	in favor of	There is a need for a balance between solidarity and responsibility. A reform of the Dublin system is needed, but the revision work has not moved an inch since 2019. There have been attempts of making progress in adopting a common European asylum system and forming an EU-wide resettlement system with sufficient financial incentives, while also stressing its aim to closely monitor migration routes and maintain situational awareness. This issue should be enhanced on a European level, as we never know when there will be a new crisis at our hands, this time caused by climate change and environmental disasters forcing people to go into diaspora and search for a safe haven.  	0	1	0	0	1	0	0	0	0	1	3.5
6837	The vow of celibacy should be abandoned	in favor of	the vow of celibacy should be abandoned because people are going to do whatever they want and no law can be enforced when it comes from abstaining from marital or sexual commitment.	0	0	0	0	0	0	1	0	0	1	3.0
6667	Holocaust denial should be a criminal offence	in favor of	it should be a criminal offense because of the horrible factual documented suffering that occurred & it should not be trivialized & lied about	0	1	1	0	0	0	0	0	0	0	3.0
5427	The use of public defenders should be mandatory	in favor of	this is a constitutional right under the 6th amendment so yes, it absolutely should be mandatory to protect this important right to defence	0	1	1	0	0	0	0	0	0	1	3.0
5040	The president of the European Commission should be elected by the people of the EU	against	Directly electing the president of the commission makes the most susceptible to political sway, which would kill the commission as a body of technical experts.  	0	0	0	0	0	0	1	0	0	1	3.0
6480	Foster care brings more harm than good	in favor of	foster care brings more harm than good because lots of times the kids just get sent from one home to another over and over and don't get the chance to learn to adapt and the change to love and be loved	0	1	0	0	0	0	0	0	0	0	3.5
2624	We should abolish zoos	in favor of	zoos are cruel to the animals taking them out of their natural environment	0	1	1	0	0	0	0	0	0	1	3.0
7264	We should introduce digital identity authentication on social media that has more than 100,000 users	in favor of	A good idea to end online trolls and haters. Easy to set up, it is a very good short-term solution, but fake news, unfortunately, escapes this regulation. So there is a need for other measures to attack the algorithms of the social networks themselves.	0	1	1	0	0	0	0	0	0	1	3.0
5962	Homeopathy brings more harm than good	against	homeopathy may not be the best choice but the benefits of using it are certainly proven in many cases. alternative medicine allows people the freedom to choose what goes into their body.	0	0	0	0	0	0	1	0	0	1	3.0
1481	We should adopt a zero-tolerance policy in schools	against	each case needs to be reviewed independently and punishments then established.	0	1	0	0	0	0	0	0	0	1	3.5
3667	We should legalize sex selection	in favor of	people can have strong feelings about which sex child they have. they should be able to choose for themselves and not have to rely on chance.	0	0	0	0	0	0	1	0	0	0	3.0
1696	We should adopt a zero-tolerance policy in schools	against	we don't need a zero-tolerance policy that punishes students harshly for small things	0	0	0	0	0	0	0	0	0	1	5.0
2597	We should introduce compulsory voting	in favor of	far too few people actually vote, meaning that those in government are not truly representative of the people.	0	0	0	0	0	0	0	0	0	1	5.0
4930	We need better ways of migration.	in favor of	The EU needs a humane, civilized, and legal way to manage migration, whether it is for economic reasons or to seek international protection. 	0	1	1	0	0	0	0	0	0	1	3.0
2618	We should oppose collectivism	against	collectivism makes sure that all are taken care of and the weak will provided for.	0	0	0	0	0	0	1	0	0	1	3.0
5840	We should abandon television	in favor of	television giving most lies to the people and knowing that people will be distracted from truth.	0	1	0	0	0	0	1	0	0	0	3.0
2342	We should limit executive compensation	in favor of	executive compensation is abuse of unregulated capitalism and concentrates wealth into a very small number of people.	0	0	1	0	0	0	0	0	0	1	3.0
2921	We should limit judicial activism	in favor of	we should not support judicial activism because laws are laws and should be strictly followed as written and if they are wrong, then the people need to vote to rewrite them.	0	1	1	0	0	0	0	0	0	0	3.0
711	We should adopt gender-neutral language	in favor of	we should adopt gender-neutral language because equal rights should include equal language	0	0	1	0	0	0	0	0	0	1	3.0
3395	We should legalize organ trade	against	the onus will be on the poorest people in the population to sell their organs thus leading to exploitation.	0	0	0	0	0	0	0	0	0	1	5.0
160	We should abandon the use of school uniform	in favor of	Allowing students to make their own choices regarding the clothes they wear prepares them for the adult world.	0	0	0	0	0	0	1	1	0	1	3.0
5056	The European Union needs to equip itself with the institutional and legal tools to resolve democratic conflicts on sovereignty within its own borders.	in favor of	According to the International Covenant on Civil and Political Rights (the ICCPR), ‘[a]ll peoples have the right of self-determination. By virtue of that right, they freely determine their political status and freely pursue their economic, social and cultural development. The right to self-determination also has its economic content which gives the people the right to freely ‘dispose of their natural wealth and resources without prejudice to any obligations arising out of international economic cooperation, based upon the principle of mutual benefit, and international law.'	0	0	1	0	0	0	1	0	0	0	3.0
3891	We should ban cosmetic surgery for minors	against	its their body minors should be able to do what they want, especially if its impacting their self image	0	0	0	0	1	0	1	1	0	1	3.0
477	We should adopt a zero-tolerance policy in schools	against	it is unfair on those being bullied to punish them the same as you punish the bully	0	1	0	0	0	0	0	0	0	1	3.5
4222	We should ban the use of child actors	against	if there are problems with kids and acting then just regulate it more and don't ban it completely	0	0	1	0	0	0	1	0	0	1	3.0
1676	We should end mandatory retirement	in favor of	mandatory retirement is a form of discrimination, namely ageism, we cannot allow as a free society discrimination of any kind	0	0	1	0	0	0	1	0	0	1	3.0
3945	We should cancel pride parades	in favor of	pride parades are often have displays of almost naked people and sexual imagery.	0	0	1	0	0	0	0	0	0	0	3.0
4238	We should ban cosmetic surgery	against	banning cosmetic surgery is like banning freedom of speech.	0	0	0	0	0	0	1	0	0	0	3.0
1545	We should subsidize Wikipedia	against	if wikipedia was subsidised they may start to put in whatever information the person supplying the subsidy wants rather than only the truth and this would be harmful.	0	1	0	0	0	0	1	0	0	1	3.0
1794	We should stop the development of autonomous cars	against	they are environmentally friendly and can help minimize traffic congestion.	0	1	0	0	0	0	0	0	0	1	3.5
1773	We should adopt libertarianism	in favor of	libertarianism promotes freedom and liberty in the more fair form for all. the foundation of our country is built on these ideas. there is more equality and freedom through libertarianism.	0	0	0	0	0	0	1	0	0	1	3.0
2896	We should subsidize student loans	against	it isn't the obligation of anyone to assist students with the costs of their education.  if a student wants to get an education they have to realize it comes at a cost and won't be given for free.	0	1	1	0	0	0	1	0	0	1	3.0
5322	Every young European should be asked to go live in another country for 1 year at least	against	No duck would like to live with eagles or sparrows.  That's nature, not wishful thinking.	0	0	0	0	0	0	1	0	0	0	3.0
6524	Surrogacy should be banned	against	infertile couples or same-sex couples have the same right to have a child as everyone else; surrogacy allows this to happen.	0	1	0	0	0	0	1	0	0	1	3.0
1995	We should subsidize journalism	in favor of	we need journalists to keep us informed as to what is going on in the world	0	1	0	0	1	0	1	0	0	1	3.0
5068	The European Union needs to equip itself with the institutional and legal tools to resolve democratic conflicts on sovereignty within its own borders.	in favor of	There are several international treaties, including those of the United Nations and those of the European Union—to which the member states are bound—that recognize the right to self-determination of peoples. Unfortunately, the European Union does not provide any sufficient and appropriate mechanism in order to allow the citizens and the peoples of the Union, i.e. individually and collectively, to enjoy that right. I thus approve and endorse the proposal for a clarity mechanism on the right to self-determination within the European Union, facilitating an internal enlargement process for greater subsidiarity.	0	0	1	0	0	0	1	0	0	0	3.0
6215	Holocaust denial should be a criminal offence	in favor of	Denying that Holocaust in front of people who were affected by it can cause severe mental/emotional trauma.	0	0	1	0	0	0	0	0	0	0	3.0
2702	We should ban algorithmic trading	in favor of	algorithmic trading gives some people an unfair advantage	0	1	1	0	1	0	0	0	0	1	3.0
5127	The EPPO’s jurisdiction should be extended to all member states	against	It is unacceptable. Every nation has the right to organize its own prosecution system and no foreign prosecutor should be allowed to operate in independent states, it is a threat to the sovereignty of the member states.	0	0	1	0	1	0	1	0	0	1	3.0
1133	We should abolish the three-strikes laws	in favor of	the 3 strike law is unfair and many people are punished too severely.	0	1	0	0	0	0	0	0	0	1	3.5
401	We should legalize sex selection	in favor of	parents have every right to decide whether they give birth to a boy or a girl.	0	1	0	0	0	0	1	0	0	0	3.0
899	We should ban missionary work	in favor of	Sometimes, missionary workers condition the receipt of aid on a community's willingness to accept or be taught the Christian religion.	0	1	0	0	0	0	1	0	0	1	3.0
823	We should ban whaling	in favor of	whaling is inhumane and should be banned.	0	0	0	0	0	0	0	0	0	1	5.0
3993	We should end mandatory retirement	in favor of	Mandatory retirement is age-based discrimination. It is discriminatory to assume that everyone who reaches the age of 65 or 70 is incompetent.	0	0	1	0	0	0	0	0	0	1	3.0
5511	Surrogacy should be banned	in favor of	there is too much potential for exploitation and abuse to allow surrogacy to continue	0	1	1	0	0	0	0	0	0	1	3.0
1345	We should introduce compulsory voting	in favor of	compulsory voting would ensure that more people were getting their voice heard at election time, making a fairer election	0	0	0	0	0	0	0	0	0	1	5.0
2301	We should adopt atheism	in favor of	we should adopt atheism because it gives the freedom from being bound by a religion and their rules	0	0	0	0	0	0	1	1	0	1	3.0
6350	The use of public defenders should be mandatory	against	people should be allowed to look for the best lawyer that they can afford to help them with their defense.	0	0	0	0	0	0	1	0	0	1	3.0
1737	We should adopt atheism	in favor of	atheism should be the defacto stance as it is the only provable observance of reality, in that there is absolutely no evidence to prove the contrary.	0	0	0	0	0	0	1	0	0	1	3.0
1311	We should ban whaling	in favor of	whaling is barbaric and cruel to whales and should therefore be banned	0	0	0	0	0	0	0	0	0	1	5.0
2875	We should subsidize student loans	against	people choose to go to college.  those that do should pay the bills for that schooling.  we should not be taxed to give money to those that choose to borrow it.	0	1	1	0	0	0	1	0	0	1	3.0
166	We should subsidize student loans	against	a person's education should be the responsibility of themselves	0	1	1	0	0	0	1	0	0	0	3.0
270	We should subsidize journalism	against	state subsidy of journalism would threaten the independence and objectivity of any such reporting. what journalist is going to bite the hand that feeds them?	0	1	0	0	0	0	1	0	0	1	3.0
2677	We should subsidize embryonic stem cell research	against	many citizens are morally opposed to using embryonic stem cells and using their tax dollars to fund it would be immoral.	0	0	1	0	0	0	0	0	0	1	3.0
6950	Indian government should increase the minimum legal age of marriage for girls from 18 to 21 years	in favor of	As several girls are married at 18 years, they are not having financial independence. This is resulting in dependence on their husbands for survival. The dependence will force them to stay in the relationship even if it is abusive. So, raising the minimum legal age for marriage can empower women and can help them in achieving financial independence before marriage.	0	0	0	0	1	0	1	0	0	1	3.0
6830	Assisted suicide should be a criminal offence	against	sometimes people who are unable to end their own lives, are in so much pain and anguish that it is cruel to make them keep living, their loved ones need to be able to help them legally.	0	1	1	0	0	0	1	0	0	0	3.0
5052	The President of the European Commission should be directly elected by direct universal suffrage	against	A direct election of a European president is a travesty of democracy. It would be only a mediatic competition among 'plastic' leaders.  Something very similar to The Simulacra (Dick's 1964 science fiction novel).  We are not a 'nation', we are a confederation of nations.	0	0	0	0	0	0	1	0	0	0	3.0
2950	We should ban fast food	against	people should be able to assess the risks of eating fast food themselves	0	1	0	0	0	0	1	0	0	0	3.0
646	We should end the use of economic sanctions	in favor of	economic sanctions hurt the poor, working class and has little affect on the ruling party.	0	0	0	0	0	0	1	0	0	1	3.0
473	We should adopt libertarianism	in favor of	libertarianism allows the expression of free will and would make society more interesting by allowing people to be as they truly are.	0	0	0	0	0	0	1	1	0	1	3.0
6540	Surrogacy should be banned	in favor of	many people have been let down by surrogates that change their minds about handing over the baby and pocketing the money paid for expenses that it is obvious that lack of regulation means it should be banned.	0	1	1	0	0	0	0	0	0	0	3.0
2161	We should legalize organ trade	in favor of	if someone is willing to sell an organ that should be their right	0	0	0	0	1	0	1	0	0	0	3.0
4024	We should adopt a zero-tolerance policy in schools	against	we should not adopt a zero-tolerance policy because it is too restricting and suppressing.	0	1	0	0	0	0	1	0	0	0	3.0
5594	Payday loans should be banned	against	It is not the government's role to protect citizens from bad decisions.	0	1	0	0	1	0	1	0	0	0	3.0
1163	We should ban whaling	in favor of	whaling is humane and cruel and should be banned, especially with a dwindling whale population.	0	0	0	0	0	0	0	0	0	1	5.0
1318	We should introduce compulsory voting	against	no one should be forced to do something they do not want to do	0	0	0	0	0	0	1	0	0	0	3.0
709	We should ban cosmetic surgery for minors	against	even minors have the right to bodily autonomy and should be allowed to decide for themselves whether to have cosmetic surgery.	0	0	0	0	0	0	1	0	0	0	3.0
253	We should adopt a zero-tolerance policy in schools	against	the zero-tolerance policy is not a good thing at all , kids getting punished for their actions and humiliated in front of a audience is really not the great thing to do.	0	1	0	0	0	0	1	0	0	0	3.0
2390	We should legalize sex selection	in favor of	we should legalize sex selection as it is a parents right to choose and many families may want a girl after many boys and so sex selection will help ensure a wanted pregnancy.	0	1	0	0	1	0	1	0	0	0	3.0
570	We should introduce compulsory voting	in favor of	compulsory voting ensures that our leaders reflect the will of all people, not just those who were able/motivated enough to make it to the polls.	0	0	0	0	0	0	0	0	0	1	5.0
6440	Entrapment should be legalized	against	entrapment can be used unethically to cause innocent people to look guilty	0	1	1	0	0	0	0	0	0	1	3.0
4310	We should subsidize student loans	against	student loans should not be subsidized just because people chose to go to colleges that we beyond their means.	0	1	1	0	0	0	1	0	0	0	3.0
2589	We should ban cosmetic surgery for minors	against	people should be free and open to make their own choices and if they should make any decisions that they later regret, then this will teach them important lessons for the rest of their life	0	1	0	0	0	0	1	0	0	1	3.0
2318	We should adopt a multi-party system	against	they can lead to too much indecision	0	0	0	0	1	0	0	0	0	0	3.5
3430	We should abolish safe spaces	in favor of	Safe spaces are overwhelmingly used as a political tool to silence conservative voices, and that political skew shows that they serve more to indoctrinate young people than to alleviate social trauma.	0	0	0	0	0	0	1	0	0	1	3.0
4574	Technology is making us feel less human	in favor of	People are now engaging in trolling and cyberbullying. Hiding behind devices is giving them the courage to harass other people, which they may not do face-to-face. This is the deterioration of moral values.	0	1	1	0	0	0	0	0	0	1	3.0
1536	We should ban factory farming	in favor of	it's unethical on the animals and just down right cruel	0	1	1	0	0	0	0	0	0	1	3.0
3669	We should introduce compulsory voting	against	people should be given a choice whether they would like to vote or not, it would be undemocratic to not give the people a choice.	0	0	0	0	0	0	1	0	0	0	3.0
6503	Assisted suicide should be a criminal offence	against	people have the right to their bodies and if they wish to die they should be able to get help to do so.	0	1	0	0	0	0	1	0	0	0	3.0
6619	The use of public defenders should be mandatory	in favor of	The use of public defenders should be mandatory so that both parties have access to state resources in criminal trials.	0	0	0	0	0	0	0	0	0	1	5.0
2844	We should ban missionary work	in favor of	we should ban missionary work because pushing personal views on unwanted audiences is wrong.	0	0	1	0	0	0	1	0	0	1	3.0
6814	We should subsidize vocational education	against	like other forms of higher education, if people want to attend vocational schools, they should find a way to pay for it themselves.	0	1	0	0	0	0	1	1	0	0	3.0
1468	We should adopt a zero-tolerance policy in schools	against	people make mistakes and should be given a second chance.  a zero-tolerance policy in school would not teach the student a lesson, it would just rid the school of the problem.	0	1	1	0	0	0	0	0	0	1	3.0
6414	Holocaust denial should be a criminal offence	against	a person's opinions are the beliefs of that individual and the freedom of one's thoughts should not be infringed upon.	0	0	1	0	0	0	1	0	0	0	3.0
4337	We should prohibit school prayer	in favor of	school is not the place to practice religion since it is run by the state.	0	0	1	0	0	0	1	0	0	0	3.0
5397	Holocaust denial should be a criminal offence	against	everyone should have the right to their own opinion.	0	0	0	0	0	0	1	0	0	1	3.0
3489	We should ban factory farming	in favor of	factory farming is not good for the environment	0	0	0	0	0	0	0	0	0	1	5.0
5150	The EU needs more effective policies to combat online hate speech	in favor of	The internet has provided unprecedented opportunities to express and comment on almost anything. But this also brings with it responsibility. Where is the boundary between freedom of expression and speech hate speech, which is no longer tolerated by the law? How can we oppose such acts – such as insults, vulgarism, or threats on social networks? Or can everyone say anything on the internet?	0	1	0	0	0	0	0	0	0	1	3.5
6419	The use of public defenders should be mandatory	against	people should have the right to defend themselves if they think they can do the better job of it.	0	0	0	0	0	0	1	0	0	1	3.0
4163	We should ban telemarketing	in favor of	telemarketing is nothing but a nuisance and are a vehicle for scams	0	1	1	0	0	0	0	0	0	1	3.0
7123	We should impose an IQ test to immigrants	against	People from several countries are asking for asylum in Europe in hope of better life conditions. Those people aren’t guilty for being born in those countries and EU should support everyone.	0	1	0	0	0	0	0	0	0	1	3.5
2701	We should adopt a multi-party system	in favor of	more political parties give people more of a choice to support what they believe in.	0	0	0	0	1	0	1	0	0	1	3.0
4293	We should adopt a zero-tolerance policy in schools	in favor of	Zero tolerance policies provide a consistent framework for discipline, to ensure that issues are treated with the gravity they deserve.	0	0	1	0	1	0	0	0	0	1	3.0
1854	We should legalize sex selection	against	every child has a right to be born regardless of their gender so sex selection should not be legalized.	0	0	0	0	0	0	0	0	0	1	5.0
4832	Equal pay for equal work should apply as a principle in the country in which you work, regardless of where you come from	in favor of	Protection of the rights of those who actually produce the services and products that constitutes the European market is nothing but self-evident. With a more and more integrated EU, ignoring those rights will create fragmentation and conflicts.	0	0	0	0	0	0	0	0	0	1	5.0
1075	We should legalize prostitution	in favor of	we should legalize prostitution so that women as a whole are taught that their place in society is simply as a commodity to be used by someone with more money	0	1	1	0	1	0	0	0	0	0	3.0
5910	Surrogacy should be banned	in favor of	it is unfair on the child who can be left without parents if they decide against adopting it.	0	1	0	0	0	0	1	0	0	1	3.0
2212	We should ban cosmetic surgery for minors	against	if democrats think minors should be allowed to vote, they should be allowed to get cosmetic surgery if they choose to	0	0	0	0	1	0	1	0	0	0	3.0
1591	We should legalize cannabis	in favor of	adults should be able to choose substances that they want to use.	0	0	0	0	0	0	1	0	0	1	3.0
5253	The European Parliament should be dissolved and replaced with a global government.	against	We certainly need levels of government at the global, regional, and local levels. Equally, we absolutely need democracy at the global, regional, and local levels. Neither the European nor the national and regional parliaments should be abolished because of the need for global governance for the planet. 	0	0	0	0	1	0	0	0	0	1	3.5
1629	We should end the use of economic sanctions	against	we should not end the use of economic sanctions because in the long term they can achieve significant results such as the end of the apartheid regime in south africa	0	0	0	0	1	0	0	0	0	1	3.5
4467	We should ban human cloning	in favor of	we should ban human cloning because we could all end up with designer babies and everyone will be the same.	0	0	0	0	0	0	1	0	0	1	3.0
2680	We should legalize sex selection	against	sex selection should not be legalized because it is counter to nature	0	0	0	0	0	0	0	0	0	1	5.0
2843	We should prohibit school prayer	in favor of	School prayer should be kept private in schools and done in public areas where people may be offended.	0	1	1	0	0	0	0	0	0	1	3.0
1517	We should ban cosmetic surgery for minors	against	it is everybody's right to have cosmetic surgery those that want it, including children, should have access	0	0	0	0	0	0	1	0	0	1	3.0
5361	There should be a reform of EU trade and investment policy and a relaunch of global multilateralism	in favor of	The present international economic system and trade institutions are too much a product of the not-so-glorious colonial past. We should put more democracy, more rights for people, and more equality into the international economic order.  	0	0	1	0	0	0	0	0	0	1	3.0
658	We should ban telemarketing	against	telemarketing is very economical and it provides an easy way for companies to offer their products and services to people.  telemarketers are merely asking whether someone wants something or not.	0	0	1	0	0	0	0	0	0	0	3.0
4950	We need Integrated migration and border policy.	against	 Refugees can obtain a visa at an Embassy in one of the 54 African countries. All other immigrants must be returned within a week of arrival.	0	0	1	0	1	0	0	0	0	0	3.0
1255	We should subsidize space exploration	in favor of	space exploration gives insight into our world and other planets which could be invaluable.	0	0	0	0	0	0	1	0	0	1	3.0
2775	We should introduce compulsory voting	in favor of	compulsory voting gives everyone in society their say in politics	0	0	0	0	1	0	1	0	0	1	3.0
131	We should end the use of economic sanctions	in favor of	economic sanctions are unethical to the economies of smaller, underdeveloped countries.	0	0	0	0	0	0	0	0	0	1	5.0
2332	We should ban algorithmic trading	in favor of	algorithmic trading is unfair to the market	0	0	0	0	1	0	0	0	0	1	3.5
1231	We should limit judicial activism	against	judicial activism is necessary to protect the rights of Americans because they seek to weed out the injustices within the system.	0	0	0	0	0	0	0	0	0	1	5.0
2660	We should prohibit school prayer	in favor of	schools are part of the state system. since we have a legal obligation to keep the separation of church and state we can't allow prayer in schools as this would violate that.	0	0	1	0	0	0	1	0	0	0	3.0
4347	We should abolish capital punishment	in favor of	Murder is immoral, even when done by a legal system, and capital punishment is just murder.	0	0	1	0	0	0	0	0	0	1	3.0
1747	We should subsidize journalism	against	State subsidies for jouranalism aren't supported by a majority of the populace, making it undemocratic and not something the state should do.	0	0	0	0	0	0	1	0	0	1	3.0
1978	We should oppose collectivism	in favor of	no two people are entirely alike.  ignoring individual differences and needs does not best serve the whole	0	0	0	0	0	0	1	0	0	0	3.0
3977	We should abolish zoos	in favor of	zoos should be abolished because it is cruel and inhumane to cage animals.	0	0	0	0	0	0	0	0	0	1	5.0
3592	We should legalize sex selection	in favor of	sex selection is simply a matter of choice and bodily autonomy;  every woman should be allowed to decide this on her own	0	0	0	0	0	0	1	0	0	1	3.0
2596	We should ban whaling	in favor of	whaling should be banned because we need to protect whales from becoming extinct.	0	1	0	0	0	0	0	0	0	1	3.5
4744	Marital Rape should be criminalized in India	against	Article 15 of Indian constitution prohibits discrimination on the basis of gender. But the proposed law on marital rape in the petitions recognizes only female victims. Hence it is discriminatory to male victims.	0	0	1	0	0	0	0	0	0	1	3.0
439	We should abolish zoos	in favor of	zoos force animals into an existence outside of their natural habitat for our viewing pleasure.  it is not right to subject them to such an environment.	0	0	0	0	0	0	0	0	0	1	5.0
3517	We should abolish zoos	in favor of	we should abolish  because it changes an animals behavior versus if they were free in the wild	0	1	0	0	0	0	0	0	0	1	3.5
3951	We should abolish the Olympic Games	in favor of	the olympic games are a big business where the only winners are the big capitalists	0	0	0	0	1	0	0	0	0	1	3.5
4088	We should end mandatory retirement	against	mandatory retirement allow new workers a chance	0	0	0	0	0	0	0	0	0	1	5.0
671	We should adopt libertarianism	in favor of	libertarianism allows people to make their own choices without government interference.	0	0	0	0	0	0	1	0	0	0	3.0
1694	We should cancel pride parades	against	everyone has a right to celebrate and show pride.  otherwise it would be discrimination.	0	0	0	0	0	0	1	0	0	1	3.0
6037	Entrapment should be legalized	against	entrap should remain illegal, as it wrongly places innocent citizens in situations where they have no choice but to incriminate themselves	0	0	1	0	0	0	1	0	0	1	3.0
2037	We should ban the Church of Scientology	in favor of	churches in general are just cult and should be banned.	0	1	0	0	0	0	1	0	0	1	3.0
5448	Assisted suicide should be a criminal offence	in favor of	no matter how much suffering we have in life nothing justifies death in the same way i think that a sick person is not in the capacity of whether he wants to live or not	0	0	1	0	0	0	0	0	0	0	3.0
281	We should adopt an austerity regime	in favor of	living within one's fiscal means is important	0	1	0	0	0	0	0	1	0	1	3.0
5147	The EU should adopt legislative measures aimed at increasing the percentage of women in the political sector	against	Ensure equal opportunities for girls and women, provide them sufficient maternity leave, and institute guarantees that will protect women's careers who choose to have children. Those are the steps we need, and most EU countries already have them (not that they cannot be improved). There's absolutely no need for quotas. 	0	1	1	0	0	0	0	0	0	1	3.0
6900	Assisted suicide should be a criminal offence	against	people who are terminally ill and don't want to suffer any more have a right to ask for help to end their lives	0	1	0	0	0	0	1	0	0	0	3.0
4804	Toilet paper should be made of recycled paper only	in favor of	In order to improve the protection of the environment, the use of fresh pulp should no longer be allowed for toilet paper.	0	0	0	0	0	0	0	0	0	1	5.0
7114	We should make zero/low waste products more affordable	in favor of	We should tax items based on the sustainability goals of the United Nations. They are internationally recognized & very precise. As far as I know, all or most countries have agreed on these goals. The financial sector is starting to implement them and there are already internationally recognized lists which specify the details.	0	0	1	0	0	0	0	0	0	1	3.0
2953	We should legalize cannabis	in favor of	people buy cannabis regardless of whether it is legal or not, so we might as well tax it to make extra money	0	0	1	0	1	0	0	0	0	0	3.0
2821	We should oppose collectivism	in favor of	collectivism encourages herd mentality	0	0	0	0	0	0	1	0	0	1	3.0
797	We should subsidize Wikipedia	against	it is inaccurate and should not be funded by government money.	0	1	0	0	0	0	0	0	0	1	3.5
35	We should abolish zoos	in favor of	we should abolish zoos as animals should not be kept in captivity and should be in a natural environment.	0	0	0	0	0	0	0	0	0	1	5.0
3758	We should abolish capital punishment	in favor of	capital punishment can potentially lead to the death of innocent men. there are cases where there is strong doubt that the person executed actually carried out the crime.	0	0	0	0	0	0	0	0	0	1	5.0
5117	People with disabilities should be more represented 	in favor of	According to the United Nations Convention on the rights of people with disabilities, the European Union “shall closely consult with and actively involve persons with disabilities” on political decisions that concern them. Meanwhile the “European Strategy for the Rights of Persons with Disabilities 2021-2030” hardly mentioned people with intellectual and neurological disabilities.  Now the Conference for the Future of Europe wants to be an inclusive citizen consultation but is still not making it a priority to include citizens with Trisomy 21, autism, or members of other neurodivergent communities. Ableism keeps getting perpetuated in the EU and it needs to stop.  We want more representation! We want people with Down Syndrome to be fully included in the European Union institutions!	0	0	1	0	0	0	0	0	0	1	3.0
1340	We should subsidize embryonic stem cell research	in favor of	we definitely should, this research can make significant breakthroughs for musical science	0	1	0	0	0	0	1	1	0	1	3.0
6364	The use of public defenders should be mandatory	against	the use of public defenders shouldn't be mandatory because people should be able to pick their lawyers not have one forced on them	0	0	0	0	0	0	1	0	0	0	3.0
4735	Beauty pageants should be banned	in favor of	Beauty pageant can increase the objectification of women.	0	0	1	0	0	0	0	0	0	1	3.0
3449	We should adopt a multi-party system	against	Minority parties have too much power. A winning party often has to offer concessions to small, minority parties in order to form a government.	0	0	0	0	1	0	1	0	0	0	3.0
4182	We should ban cosmetic surgery	against	people have a right to bodily autonomy and should make their own decisions about their bodies	0	0	0	0	0	0	1	0	0	0	3.0
6079	Surrogacy should be banned	against	surrogacy should not be banned as it provides a wonderful alternative for people to become parents when they are not able to have children through the natural process.	0	1	0	0	0	0	1	0	0	0	3.0
3200	We should ban whaling	in favor of	it is cruel and really is not necessary.	0	0	0	0	0	0	0	0	0	1	5.0
5598	Holocaust denial should be a criminal offence	against	while the holocaust was a very serious event, denying that it happened should not be serious enough to be a criminal offense.	0	0	0	0	0	0	1	0	0	1	3.0
2428	We should ban cosmetic surgery	in favor of	cosmetic surgery is a frivolous waste of resources and should be banned. it takes medical time away from those  in need. cosmetic surgery promotes vanity and self absorption.	0	0	1	0	1	0	0	0	0	1	3.0
3123	We should adopt a zero-tolerance policy in schools	in favor of	we should adopt a zero-tolerance policy in schools then all the children will more likely behave	0	0	1	0	0	0	0	0	0	0	3.0
803	We should legalize sex selection	against	sex selection promotes abortion and gender inequality	0	0	0	0	0	0	0	0	0	1	5.0
2913	We should subsidize journalism	against	subsidizing journalism would give the government control over it	0	0	0	0	0	0	1	0	0	1	3.0
6144	Social media brings more harm than good	in favor of	Social media brings more harm than good because social media distracts everyone from their daily lives	0	0	1	0	0	0	0	0	0	0	3.0
4230	We should abolish safe spaces	against	We should not abolish safe spaces because they don't harm anyone, since people are still free to speak their minds in all other settings, and this is a tiny imposition upon them.	0	0	0	0	0	0	1	0	0	1	3.0
5514	Surrogacy should be banned	against	surrogacy allows people to have the family they have always wanted. it isn't someone's fault they cannot reproduce and if they want to become a parent it is a good option.	0	1	0	0	0	0	1	1	0	1	3.0
7338	We should prohibit capital monopoly.	in favor of	The greatest harm of monopoly lies in the destruction of competition, so that businesses no longer need to care about the feelings of consumers.	0	0	1	0	0	0	0	0	0	1	3.0
1742	We should end mandatory retirement	against	we should not end mandatory retirement because people need to retire whether they realize it or not, it is not up to them, they of course have no free will.	0	0	1	0	1	0	0	0	0	0	3.0
5111	The EPPO’s jurisdiction should be extended to all member states	in favor of	Hungary’s and Poland’s governments have ruthlessly corrupted their judgments to get a free card on abstract EU funds. Enough! If even Romania can be carried out to join the enhanced cooperation, those last two must be forced.	0	0	1	0	0	0	0	0	0	1	3.0
1853	We should adopt a zero-tolerance policy in schools	against	a zero tolerance policy is unfair for minimal infractions.	0	1	0	0	0	0	0	0	0	1	3.5
3892	We should abolish zoos	in favor of	zoos are bad for wild animals that need to live free	0	0	0	0	0	0	0	0	0	1	5.0
4502	We should subsidize Wikipedia	against	subsidizing wikipedia would lead to bias in its articles and slanted information	0	1	0	0	0	0	0	0	0	1	3.5
5317	Europe should stand together!	against	Do you have some reservations about the EU? Go and protest your own government's decisions because it's the member states that decide what the EU can do and what it can't, unfortunately. The EU does not have an actual army - not because of bureaucrats but because our member states think they are better alone than united. 	0	0	0	0	0	0	1	0	0	1	3.0
4599	India should store the data within the territorial boundaries of the country	against	Data localization may result in government surveillance of its citizens.	0	1	0	0	0	0	1	0	0	0	3.0
4926	We need a better migration policy.	in favor of	Discussing what happened in the past between Africa and Europe is useless. All slaves and their owners died a long time ago. You cannot blame the grandchildren.	0	0	0	0	0	0	0	0	0	1	5.0
3854	We should abolish zoos	in favor of	Zoos are unnatural places for wild animals to live and causes many of them to live long, sad lives in cages.	0	0	0	0	0	0	0	0	0	1	5.0
4931	We need an integrated migration and border policy.	in favor of	The EU member states need to lift together instead of trying to push the burdens onto each other or external nations.	0	1	0	0	0	0	0	0	0	0	3.5
1077	We should adopt a zero-tolerance policy in schools	in favor of	a zero-tolerance policy in schools shows children that the schools are not playing around when it comes to punishment	0	1	1	0	0	0	0	0	0	1	3.0
2134	We should abolish capital punishment	against	if you kill or rape someone you deserve to die.	0	1	0	0	0	0	0	0	0	1	3.5
206	We should adopt libertarianism	in favor of	our country need to adopt the less intervention supported by libertarianism. people need to make their own choice and be responsible for the outcome.	0	1	0	0	0	0	1	0	0	0	3.0
264	We should abandon the use of school uniform	against	researchers found that in schools across the world with uniform policies students are more disciplined and concentrated	0	0	1	0	0	0	0	0	0	0	3.0
5210	There should be no immigration from non-European or non-first-world countries 	against	In Conclusion, we should say: 'Europeans go home. Go home, leave every part of the world where we are making business, exploiting cheap labor, rare minerals, selling arms, invading foreign countries and exporting democracy, etc. '	0	1	1	0	0	0	1	0	0	1	3.0
4155	We should legalize prostitution	in favor of	if prostitution was legalized then the women in the profession would have legal recourse if they are treated badly by clients or those who employ them.	0	1	1	0	0	0	0	0	0	1	3.0
4730	News channels are breaking rules to give Breaking news	in favor of	If anyone accuses any celebrity, the news will be breaking news for days on news channels. This is an infringement of personal rights. News channels are ignoring the basic thing that the allegations are not proved yet.	0	1	1	0	0	0	1	0	0	0	3.0
3457	We should abolish zoos	in favor of	zoos are inhumane structures built to house animals away from their natural environment. zoos  should be abolished and animals returned to their natural homes where they can be free.	0	0	0	0	0	0	0	0	0	1	5.0
6484	Holocaust denial should be a criminal offence	against	holocaust denial should not be a criminal offence because if people don't want to believe something happened they shouldn't be punished because of it.	0	0	0	0	0	0	1	0	0	0	3.0
130	We should abolish safe spaces	in favor of	Safe spaces stifle dialogue about controversial topics, such as race, gender and religion.	0	0	0	0	0	0	1	0	0	0	3.0
349	We should ban whaling	against	whaling should be allowed when it will help to revive dwindling fish populations.	0	0	0	0	0	0	0	0	0	1	5.0
6439	The use of public defenders should be mandatory	against	making a public defender mandatory takes away choice from those who may wish to find their own attorney or even just represent themselves.	0	0	0	0	0	0	1	0	0	0	3.0
5183	We do not want immigration from non-European or non-first-world countries 	in favor of	No more non-European immigration. The native Europeans have said NO.	0	0	0	0	1	0	1	0	0	0	3.0
359	We should legalize sex selection	in favor of	when we allow abortion for any reason or purpose, sex selection cannot be excluded. in fact illegal sex selection only increased abortions as the alternative method to select gender	0	0	0	0	0	0	1	0	0	0	3.0
3015	We should abolish zoos	against	many animals would become extinct if we did not have zoos.	0	0	0	0	0	0	0	0	0	1	5.0
394	We should abolish capital punishment	in favor of	many innocent lives were being taken by this profoundly flawed practice	0	1	0	0	0	0	0	0	0	1	3.5
4913	The European Union should hold a referendum to decide on immigration	in favor of	Absolutely right! If the eurocrats cared about what the people want, they'd ask them. 	0	0	0	0	1	0	1	0	0	1	3.0
5645	Entrapment should be legalized	against	it makes some people do things they usually would not do and that isn't right	0	1	1	0	0	0	0	0	0	1	3.0
3262	We should ban telemarketing	in favor of	we should ban telemarketing since it is a nuisance to the people who they berate with phone calls.  very few of the people called are interested.  wasting peoples time needs to be stopped.	0	1	1	0	0	0	1	0	0	0	3.0
5541	Surrogacy should be banned	against	surrogacy can help lgbt couple have children.	0	1	0	0	0	0	0	0	0	0	3.5
4980	Humanitarian organizations should be financially responsible in relation to illegal immigration.	in favor of	A humanitarian association that helps a migrant to enter the EU illegally should also be dragged in front of the court for not taking the illegals to the closest safe port. In 90% of the cases, the closest port lies in Africa. 	0	1	1	0	0	0	0	0	0	1	3.0
2806	We should subsidize Wikipedia	against	wikipedia shoud be independent and with subsidization this may be at risk depending on the subsidization source	0	1	0	0	0	0	1	0	0	1	3.0
3762	We should ban missionary work	in favor of	missionary work preaches false information to the most unfortunate of the world.	0	1	0	0	0	0	0	0	0	1	3.5
5458	Holocaust denial should be a criminal offence	against	people have the right to think what they'd like.	0	0	0	0	0	0	1	1	0	0	3.0
487	We should introduce compulsory voting	in favor of	turn out figures are unacceptably low, we need to motivate people to be active voters for a representative democracy	0	1	0	0	1	0	0	0	0	0	3.5
2114	We should adopt a zero-tolerance policy in schools	against	there are always exceptions to everything so zero-tolerance policies are not good because it doesn't allow for any exceptions.	0	1	1	0	0	0	0	0	0	1	3.0
7307	We should protect our privacy in the Internet age.	in favor of	You can barely recover privacy. It's hard to imagine what companies do with personal information, including who they actually sell it to.	0	0	1	0	0	0	1	0	0	1	3.0
6040	Holocaust denial should be a criminal offence	in favor of	denying the holocaust is deeply offensive to survivors and their family and should not be allowed.	0	0	1	0	0	0	0	0	0	1	3.0
7334	We should prohibit capital monopoly.	in favor of	The purpose of anti-monopoly is not to combat a few monopolies, but to oppose the abuse of monopoly.	0	0	1	0	0	0	1	0	0	0	3.0
7360	We should vigorously develop the countryside.	against	The city is full of opportunities, it gives outworkers prosperity and convenience, and everyone can live in the city with their own power, and even gradually gain a foothold in the city.	0	0	0	0	0	0	1	0	0	0	3.0
2443	We should subsidize journalism	against	unchecked journalism can lead to biases, paid content, and sow seeds of distrust in the media.	0	1	0	0	0	0	0	0	0	1	3.5
7238	We should stop integration.	in favor of	This is genuinely the most humane proposal. If Europeans are 'privileged' we should use that to help foreign nations. Instead, our elites do the opposite, instigate problems in other nations (Syria, Libya, etc.), and then indigenous Europeans get replaced in our own homelands because we're 'privileged'.	0	1	1	0	0	0	1	0	0	1	3.0
2562	We should subsidize space exploration	against	the space exploration can be private and get money from private funds, why should we keep it?	0	0	0	0	1	0	0	0	0	0	3.5
6695	Entrapment should be legalized	against	entrapment can end with the wrong person arrested	0	0	0	0	0	0	0	0	0	1	5.0
1820	We should limit executive compensation	in favor of	we should limit executive compensation because most make an unbalanced amount of salary in comparison to their real worth.	0	0	1	0	0	0	0	0	0	1	3.0
4062	We should ban cosmetic surgery	against	cosmetic surgery is a decision that a doctor and a patient makes, and we should not infringe on their choice.	0	0	0	0	0	0	1	0	0	0	3.0
2659	We should ban telemarketing	in favor of	telemarketers  try to force a product or service without caring if you even need it	0	1	1	0	0	0	0	0	0	0	3.0
4249	We should introduce compulsory voting	against	the democratic process is all about freedom of choice, and voting should be a voluntary process too.	0	0	0	0	0	0	1	0	0	0	3.0
2384	We should ban whaling	in favor of	whaling has devastating effects on the entire ocean ecosystem.	0	1	0	0	0	0	0	0	0	1	3.5
7048	We should make healthy food cheaper than unhealthy food	in favor of	creating a European sustainability tax for all products and services from inside and outside the EU based on the sustainability goals of the United Nations will make all unsustainable products more expensive and sustainable products more competitive	0	1	0	0	0	0	0	0	0	1	3.5
2031	We should abandon the use of school uniform	in favor of	the school uniform gives no individuality to students	0	0	0	0	0	0	1	0	0	0	3.0
5339	The European Union should be harder towards irreparable migrants, those who do not value their lives in peace, security, and prosperity.	against	The emphasis on negative stereotypes towards migrants comes mostly from people who don't know Africans or other migrants or refugees. 	0	0	0	0	0	0	1	0	0	1	3.0
4555	We should adopt atheism	against	People should be allowed to choose how to believe freely and not forced to accept the beliefs of atheism.  Each person has a mind and can make their own decision and should be allowed the freedom of choice.	0	0	0	0	0	0	1	0	0	0	3.0
1006	We should introduce compulsory voting	against	some citizens simply don't have the time to vote, having more important things that can be way more crucial and holding that against them is authoritarian	0	0	0	0	0	0	1	0	0	1	3.0
6354	Holocaust denial should be a criminal offence	against	holocaust denial should not be a criminal offence because it would be an infringement of the right to free speech	0	0	1	0	0	0	1	0	0	0	3.0
2121	We should abolish capital punishment	in favor of	Unlike prison sentences, the death penalty is irreversible and irreparable	0	1	0	0	0	0	0	0	0	1	3.5
649	We should stop the development of autonomous cars	in favor of	stop the development of autonomous cars because it can cause accidents due to the laws in different countries being different	0	0	0	0	0	0	0	0	0	1	5.0
5873	The use of public defenders should be mandatory	against	how a person defends themself is their own decision.	0	0	0	0	0	0	1	0	0	1	3.0
1293	We should adopt gender-neutral language	in favor of	gender-neutral language takes gender out of the equation, so that people can focus on content, not gender.	0	1	1	0	0	0	0	0	0	1	3.0
4600	India should store the data within the territorial boundaries of the country	in favor of	Data localization is important for data sovereignty, which means the data of the citizens should be owned by the respective governments and not by other countries.	0	1	0	0	1	0	1	0	0	0	3.0
4113	We should adopt atheism	in favor of	we should adopt atheism because we can not prove that deities really do exist.	0	1	0	0	0	0	0	0	0	1	3.5
3307	We should end the use of economic sanctions	against	economic sanctions help punish bad behavior	0	0	1	0	0	0	0	0	0	0	3.0
6769	Intelligence tests bring more harm than good	in favor of	Intelligence tests bring more harm than good because they are culturally biased, so that minority groups and foreigners score lower than they should, which makes them seem inferior.	0	0	0	0	0	0	0	0	0	1	5.0
5662	Intelligence tests bring more harm than good	in favor of	Testing anxiety can bias the results, leading to inaccurate results.	0	1	0	0	0	0	1	0	0	1	3.0
760	We should ban whaling	in favor of	whaling kills whales in an inhumane way	0	0	0	0	0	0	0	0	0	1	5.0
2670	We should abolish the three-strikes laws	in favor of	criminals should have a chance to go straight, even if they've committed the same crime multiple times.	0	1	0	0	0	0	1	0	0	1	3.0
217	We should abolish the three-strikes laws	in favor of	three strike laws perpetuate the for profit prison industrial complex and don't actually address the underlying issues driving people to commit crimes	0	0	0	0	0	0	0	0	0	1	5.0
3695	We should ban factory farming	against	humans need food and this is simply another way to cultivate it.  at the end of the day these animals are going to be food no matter what, so the way they get there is of little interest.	0	0	0	0	0	0	0	0	0	1	5.0
4436	We should legalize sex selection	in favor of	legalized sex selection would help couples prepare for the birth of their baby	0	1	0	0	1	0	1	0	0	0	3.0
4701	Firecrackers should be banned during Diwali, other festivals, and weddings	in favor of	Banning firecrackers in some places currently having pollution at its peak like Delhi-NCR will obviously bring down the poisonous emission of gases which has deadly effects on the entire balanced ecosystem. The highest level of particulate matter recorded in Delhi was 2.5 in the year 2016, which indeed made Delhi the most polluted city in the world in terms of air pollution. The “Central Pollution Control Board” also stated that the level of sulfur dioxide in the air gets tremendously high between 9 p.m. till midnight during Deepavali.	0	0	0	0	0	0	0	0	0	1	5.0
3107	We should ban factory farming	in favor of	this is a horrible way to treat animals. they should not be caged in tiny areas, unable to move. this is cruel.	0	0	1	0	0	0	0	0	0	1	3.0
6001	The use of public defenders should be mandatory	against	if someone wants to defend themselves that is their right	0	0	0	0	0	0	1	0	0	1	3.0
4046	We should limit judicial activism	in favor of	judicial activism should be limited to the facts of the case rather than the prejudices of each judge otherwise there are different rules for different people which is not justice.	0	0	0	0	0	0	0	0	0	1	5.0
3882	We should limit judicial activism	in favor of	people should be judged by their actions not how the judge feels about them	0	0	0	0	0	0	0	0	0	1	5.0
3005	We should ban missionary work	in favor of	missionary work sometimes forces religion on people	0	0	1	0	0	0	0	0	0	0	3.0
888	We should abandon the use of school uniform	in favor of	school uniforms limit the ability to express one's self.	0	0	0	0	1	0	1	0	0	1	3.0
7297	We should ban the trading of virtual currencies.	against	Security, virtual currency is encrypted with high aspect ratio data, after the sale is created, it is always unlikely to carry out changes and forgeries.	0	0	0	0	0	0	0	0	0	1	5.0
1433	We should abolish the Olympic Games	in favor of	the olympics are an expensive operation and the city selection process is corrupt.	0	1	1	0	0	0	0	0	0	1	3.0
5850	Social media brings more harm than good	in favor of	social media is addictive. people are spending more time in virtual worlds and less time experiencing  personal human interactions.	0	0	1	0	0	0	0	1	0	0	3.0
5309	Foreign Policy at the EU level should be based on an absolute majority, not unanimity	against	Vetos are occurring only rarely in the current EU voting procedure, which is focused on unanimity.	0	0	1	0	0	0	0	0	0	1	3.0
2839	We should abandon the use of school uniform	in favor of	everybody is different & many people like to express themselves using clothes, by wearing the same uniform as others it doesn't allow a person their own individuality	0	0	0	0	0	0	1	0	0	1	3.0
4885	We need a common migration and asylum policy, based on respect for rights and equal treatment	in favor of	Although there is an immense increase in the number of TCN migrant workers, there is no adequate policy in protecting their rights. Anyone in Europe should be entitled to the same worker’s rights, no matter where they come from. As migration is an issue that is dealt with by all countries, we must find a common answer at the EU level.	0	0	0	0	1	0	0	0	0	1	3.5
6023	The use of public defenders should be mandatory	in favor of	public defenders are important to upholding our individual rights	0	1	1	0	0	0	0	0	0	1	3.0
1865	We should ban factory farming	in favor of	we should ban factory farming as its cruel and inhumane to animals	0	0	0	0	0	0	0	0	0	1	5.0
5757	Entrapment should be legalized	in favor of	people should be allowed to entrapment because it's another way to express themselves	0	0	0	0	0	0	1	0	0	0	3.0
3375	We should end the use of economic sanctions	against	there are usually totally just reasons for imposing sanctions.  those reasons could be political or even sometimes military based, but are usually done for the greater good of all.	0	0	0	0	1	0	0	0	0	1	3.5
7108	We should prohibit internal combustion engines	against	Not all combustion engines use petrol as a fuel - natural gas engines are way more environment-friendly	0	0	0	0	0	0	1	0	0	1	3.0
3004	We should ban telemarketing	in favor of	telemarketing is an invasion of privacy, especially when they call at late hours, during meals and/or repetitively even after asking for the call to stop.	0	0	1	0	0	0	1	0	0	0	3.0
3308	We should abolish intellectual property rights	in favor of	we need to abolish intellectual property rights and let people innovate and create without having to worry about who owns what	0	0	0	0	0	0	1	0	0	0	3.0
3390	We should cancel pride parades	against	it is essential that people realize the whole world is diverse. by promoting these parades we are showing the world that you need to be proud of who you are regardless or gender or orientation.	0	0	0	0	0	0	0	0	0	1	5.0
2435	We should abolish zoos	against	animals can live comfortably in zoo's compared to other animals losing their homes because of human actions	0	1	0	0	0	0	0	0	0	1	3.5
5274	We need Integrated migration and border policy.	against	 Refugees can obtain a visa at an Embassy in one of the 54 African countries. All other immigrants must be returned within a week of arrival.	0	0	1	0	1	0	0	0	0	0	3.0
2419	We should adopt libertarianism	in favor of	the government interferes in citizen's lives too much already	0	0	0	0	0	0	1	0	0	0	3.0
7059	We should open free training centers for the EPSO competition	in favor of	This would be an opportunity for more Europeans to integrate people with different backgrounds within the institutions. 	0	0	0	0	0	0	1	0	0	1	3.0
3394	We should limit executive compensation	in favor of	executive compensation should be limited so that those in power, influential positions in companies do not abuse their power in pursuit of obscene amounts of money.	0	1	1	0	0	0	0	0	0	1	3.0
3708	We should ban human cloning	in favor of	we need to spend money on people who are already alive and need help before we create new ones	0	1	0	0	1	0	0	0	0	1	3.5
5634	The use of public defenders should be mandatory	in favor of	this ensures the accused or defendees get the best legal advice for a fair trial.	0	1	0	0	0	0	0	0	0	1	3.5
4475	We should introduce compulsory voting	against	in a democracy people have a right to choose not to vote	0	0	0	0	0	0	1	0	0	0	3.0
5914	We should abandon television	against	we should not abandon television because it gives us a lot of news and information that may not otherwise be available to us	0	1	0	0	0	0	1	0	0	1	3.0
1361	We should adopt a zero-tolerance policy in schools	against	the brain of a child isn't fully developed and it isn't fair to have such harsh penalties on them	0	1	0	0	0	0	0	0	0	1	3.5
5581	The use of public defenders should be mandatory	in favor of	people dont always know whats best for them, so they shouldnt be representing themselves.	0	1	0	0	0	0	0	0	0	1	3.5
4364	We should introduce compulsory voting	against	we should not  introduce compulsory voting because in a democracy people should be free to choose their own actions.	0	0	0	0	0	0	1	0	0	0	3.0
3787	We should ban missionary work	in favor of	missionary work exploits poor people fears to dominate them and take their land	0	0	0	0	0	0	0	0	0	1	5.0
1046	We should ban factory farming	in favor of	animals in factory farms are kept in terrible conditions and we need to stop this	0	0	0	0	0	0	0	0	0	1	5.0
3192	We should ban cosmetic surgery	against	the government should not outlaw safe procedures that can be done to the body.	0	0	0	0	0	0	1	0	0	0	3.0
6160	Holocaust denial should be a criminal offence	in favor of	holocaust denial is a preposterous denial of documented fact and is the seed to more dangerous opinions and actions that allow anti-semitism to fester and spread.	0	1	1	0	0	0	0	0	0	1	3.0
7129	We should reduce environment pollution by limiting number of people in Europe	against	If we tried to fix the issue by controlling the population, countries like Denmark would need to reduce their population to 1/5 of the current number, to reach sustainable resource use.	0	0	0	0	0	0	0	0	0	1	5.0
5726	Surrogacy should be banned	against	for some couples surrogacy is one solution to having a child that is from one of the parents	0	1	0	0	0	0	1	0	0	1	3.0
5036	We need a common EU TV channel free of charge for people in all Member States	in favor of	The language barrier and a weak influence on local thinking, allow local propaganda to pass on distorted and untrue information about what is happening in the EU to their citizens. Local governments have easy work to appropriate the positive things that the EU has achieved and, conversely, seduce its own failure on 'European bureaucracy'.	0	1	0	0	1	0	0	0	0	1	3.5
834	We should subsidize space exploration	against	space exploration is a waste of taxpayers money and should be funded by private enterprises.	0	0	0	0	1	0	0	0	0	1	3.5
5155	The EU should adopt legislative measures aimed at increasing the percentage of women in the political sector	against	Quotas are always disgusting examples of oppression and evil. I don't want anything of that, I want freedom and free choice.	0	0	0	0	0	0	1	0	0	0	3.0
6331	The vow of celibacy should be abandoned	in favor of	the vow of celibacy is no longer relevant in today's society and should be abandoned	0	0	0	0	0	0	1	0	0	0	3.0
2208	We should limit judicial activism	against	it is helpful for the judiciary to take public action should they wish to do so as it demonstrates that they are human.	0	0	0	0	1	0	1	0	0	1	3.0
208	We should adopt libertarianism	in favor of	libertarianism is the true path to real freedom and autonomy for all	0	0	0	0	0	0	1	0	0	0	3.0
2432	We should abolish safe spaces	in favor of	We should abolish safe spaces because universities and other public spaces have an obligation not to place limits on speech, even if it comes from a good place.	0	0	0	0	0	0	1	0	0	1	3.0
5423	Homeopathy brings more harm than good	against	homeopathy uses natural remedies that have little to no side affects on the body.	0	0	0	0	0	0	1	0	0	1	3.0
7098	We should promote a plant-based diet	in favor of	While it is only promoted/suggested and not a mandatory, its ok.	0	0	0	0	0	0	1	0	0	0	3.0
5993	Surrogacy should be banned	against	surrogacy helps those not able to conceive have a family.	0	1	0	0	0	0	1	0	0	0	3.0
6685	The use of public defenders should be mandatory	in favor of	to protect those who do not understand the law the use of public defenders should be mandatory.	0	1	0	0	0	0	0	0	0	1	3.5
3096	We should ban cosmetic surgery for minors	in favor of	minors are not mature enough to make these decisions	0	1	1	0	0	0	0	0	0	1	3.0
3856	We should adopt libertarianism	in favor of	libertarianism is the ultimate expression of freedom.	0	0	0	0	0	0	1	0	0	1	3.0
5848	Assisted suicide should be a criminal offence	in favor of	there is too much potential for exploitation of assisted suicide by malicious relatives that it should be banned as a matter of individual safety	0	1	0	0	0	0	0	0	0	1	3.5
2117	We should oppose collectivism	in favor of	collectivism will ultimately fail because it is at odds with basic, self-preservation.	0	0	0	0	0	0	1	0	0	1	3.0
5369	The EU should integrate the armed forces of its member states	in favor of	I am all for the creation of a European army, but for that, the question of the command of this army must also be resolved. And this is where the idea of a European Security Council is very interesting and deserves to be pushed.	0	0	0	0	1	0	0	0	0	0	3.5
1452	We should subsidize space exploration	against	space exploration is an extravagance in this era of poverty and injustice, we should concentrate government money on those areas instead.	0	1	0	0	1	0	0	0	0	1	3.5
2678	We should adopt gender-neutral language	in favor of	if everything was gender neutral it would make everyone equal.	0	0	0	0	0	0	0	0	0	1	5.0
5524	Payday loans should be banned	against	payday loans are the best alternative for those who can not maintain a bank account.	0	0	0	0	1	0	1	0	0	1	3.0
4290	We should abolish capital punishment	in favor of	using capital punishment on prisoners is either the same or worse than any crime that they committed to end up there in the first place.	0	1	1	0	0	0	0	0	0	1	3.0
5116	Germany should start paying reparations share for any damaged countries of Europe up to 100 years after its attack on international society	against	Will Russia also pay their share? Will Austria pay for starting WW1 or will it be Serbia? Will Poland and Hungary pay for occupation of parts of Czechoslovakia in 1938/1939? Will France pay for starting napoleonic wars? It is time to forget what happened almost 100 years ago and focus on the future and I say that as a Czech citizen whose country was occupied by Austria, Germany/Poland/Hungary and then by SSSR and all eastern satelite states.	0	1	0	0	0	0	0	0	0	0	3.5
1018	We should ban the use of child actors	against	child actors are an important part of the acting industry and should continue to be allowed with restrictions to ensure the child's well being.	0	1	0	0	0	0	0	1	0	0	3.0
3769	We should ban algorithmic trading	against	we shouldn't ban algorithmic trading because there is nothing wrong with it. if a person wants to use algorithms to trade instead of making investment decisions based on emotion, we should allow it.	0	0	0	0	0	0	1	0	0	0	3.0
783	We should legalize sex selection	in favor of	sex selection should be allowed to those who want a certain gender.	0	1	0	0	1	0	1	0	0	0	3.0
5864	Holocaust denial should be a criminal offence	against	why should anyone be told they cannot deny something even if it happened?  freedom of speech, surely.	0	0	0	0	0	0	1	0	0	0	3.0
6225	Surrogacy should be banned	in favor of	surrogacy  creates complicated mental situations for the mother and adoptive mother, using a child as a bargaining tool.	0	1	1	0	0	0	0	0	0	0	3.0
287	We should ban targeted killing	in favor of	targeted killing is like hiring a hitman except the government gets away with it.	0	0	1	0	0	0	0	0	0	1	3.0
6985	Adultery should be criminalized	in favor of	Fear of law can deter people from committing adultery.	0	0	1	0	0	0	0	0	0	0	3.0
2401	We should ban telemarketing	in favor of	telemarketing is harassment. people who did not consent to contact are bombarded by calls from strangers. it's long past time to do away with telemarketing.	0	1	1	0	0	0	1	0	0	0	3.0
5533	Assisted suicide should be a criminal offence	in favor of	Allowing assisted suicide would enable greedy relatives to take advantage of ill relatives for their own financial gain	0	1	1	0	0	0	0	0	0	1	3.0
415	We should adopt gender-neutral language	in favor of	With genders now being more equal than ever, and gender neutrality growing exponentially the old gendered language is just a historic anachronism.	0	0	0	0	0	0	0	0	0	1	5.0
6338	Assisted suicide should be a criminal offence	in favor of	Assisted suicide is a criminal offense and is a form of assisted murder	0	0	1	0	0	0	0	0	0	0	3.0
5384	Entrapment should be legalized	against	entrapment is gravely immoral and against human rights to coerce someone into a crime	0	0	1	0	0	0	0	0	0	1	3.0
6353	Surrogacy should be banned	against	A woman can and should decide on her own what to do with her body, and how she would like to use it. It's not the business of the government.	0	0	1	0	0	0	1	0	0	0	3.0
7120	We should not allow solar power plants to be used to damage nature.	in favor of	I absolutely agree that solar power plants should not be deployed on fertile, arable land & wood should not be cut down to make place for this endeavor. This needs to be regulated swiftly!	0	0	0	0	0	0	0	0	0	1	5.0
6273	The use of public defenders should be mandatory	in favor of	public defenders ensure the common man has a chance of a fair trial	0	0	0	0	0	0	0	0	0	1	5.0
5823	Assisted suicide should be a criminal offence	in favor of	providing someone the means to kill themselves is equivalent to pulling the trigger yourself	0	1	1	0	0	0	0	0	0	1	3.0
6133	Holocaust denial should be a criminal offence	against	freedom of speech protects everyone's speech, even those who are clearly misinformed.	0	0	0	0	0	0	1	0	0	1	3.0
1560	We should stop the development of autonomous cars	against	autonomous cars are the future and some cities already have them.	0	0	0	0	0	0	1	0	0	0	3.0
5044	EU citizens should be allowed to direct vote for more decisions	against	Direct democracy is too open to manipulation by populists and malefactors via social media. A transparent representative democracy with a solid lid on lobbyism is to be preferred.	0	1	0	0	1	0	1	0	0	1	3.0
2388	We should abolish zoos	against	zoos help to protect endangered animals.	0	1	1	0	0	0	0	0	0	1	3.0
2901	We should subsidize Wikipedia	against	i am contesting the subsidizing of the wikipedia because it mean they can be controlled and you are not getting the full result when you try to search about certain subjects or people	0	0	0	0	0	0	1	0	0	1	3.0
5567	The use of public defenders should be mandatory	in favor of	People should be required to use a public offender to better than chances of winning a case when they cannot afford legal counsel of their own.	0	0	0	0	0	0	0	0	0	1	5.0
5342	The EU needs human security approach to ensure peace.	in favor of	We need a real EU commitment to Policy Coherence for Peace. On one hand, the EU is promoting peace & dignity and on the other hand, there are investments in hard security tools (defense industry programs).	0	0	0	0	0	0	0	0	0	1	5.0
3180	We should ban whaling	in favor of	there is no benefit to whaling; it is bloody and barbaric.	0	0	0	0	0	0	0	0	0	1	5.0
2136	We should subsidize embryonic stem cell research	against	we should not because we are messing with the natural order of things and can cause more problems.	0	0	0	0	0	0	0	0	0	1	5.0
7327	We should open up three-child policy to encourage childbirth.	against	The people at the Health Planning Commission thought there would be a population explosion after opening up childbirth, but in reality people don't want to have children, whether you restrain them or not.	0	1	0	0	0	0	1	0	0	0	3.0
4965	Humanitarian organizations should be financially responsible in relation to illegal immigration.	in favor of	A humanitarian association that helps a migrant to enter the EU illegally, should lose its government/EU funding.	0	1	1	0	0	0	0	0	0	1	3.0
2809	We should adopt libertarianism	in favor of	there is no need for oppressive restraints on people's behaviour so we should adopt libertarianism.	0	0	0	0	0	0	1	0	0	1	3.0
2089	We should legalize sex selection	in favor of	families should have the right to choose the sex of their babies.	0	1	0	0	1	0	1	0	0	0	3.0
7115	We should make zero/low waste products more affordable	in favor of	We should tax items based on the sustainability goals of the United Nations. This would make it possible to tax exploitation pollution of natural resources, CO2 & other greenhouse gas emissions, violation of human rights or terrible working conditions, no matter if the product is a plastic bag, an unsustainable t-shirt, a service, some food or a complex financial product.	0	0	0	0	0	0	0	0	0	1	5.0
4510	We should adopt a zero-tolerance policy in schools	against	we should not adopt a zero-tolerance policy in schools because some of the teachers would misuse the policy	0	1	0	0	0	0	0	0	0	1	3.5
3455	We should introduce compulsory voting	against	being forced to do anything inhibits freedom.	0	0	0	0	0	0	1	0	0	0	3.0
5478	The use of public defenders should be mandatory	in favor of	mandatory use of public defenders makes it more likely that a defendant will have a fair trial.	0	0	0	0	0	0	0	0	0	1	5.0
2968	We should ban cosmetic surgery	against	We should not ban cosmetic surgery as people should be allowed to do what they want with their bodies.	0	0	0	0	0	0	1	0	0	0	3.0
3966	We should abandon the use of school uniform	in favor of	School uniforms are often sexist, having different requirements for each gender.	0	0	0	0	0	0	1	0	0	1	3.0
3677	We should ban whaling	in favor of	whale are an important part of the ecosystem and whaling threatens their survival on this planet.	0	0	0	0	0	0	0	0	0	1	5.0
4038	We should adopt gender-neutral language	in favor of	language always evolves and this is just the next step for it	0	0	0	0	0	0	1	0	0	1	3.0
1617	We should limit judicial activism	against	judicial activism can be useful to prevent truly bad people who abuse the letter of the law to skirt punishment.	0	0	1	0	0	0	0	0	0	1	3.0
1193	We should introduce compulsory voting	against	if someone has no choice it is wrong to insist that they choose	0	0	0	0	0	0	1	0	0	0	3.0
1602	We should ban the use of child actors	in favor of	there is a risk of children exploitation by forcing them to act things they wouldn't normally do in life	0	1	1	0	0	0	0	0	0	0	3.0
5237	European citizens want quality of life and are not interested in world supremacy	against	I have never heard anyone talking in Europe about world supremacy. So it seems kind of pointless that this is a goal of EU policy.	0	0	0	0	0	0	0	0	0	1	5.0
2478	We should limit judicial activism	in favor of	judicial activism is dangerous in that it allows for personal opinion to possibly get in the way of true justice.  personal opinion clouding what is law should not be allowed.	0	0	1	0	0	0	0	0	0	1	3.0
6082	Homeschooling should be banned	in favor of	homeschooling helps parents hide child abuse	0	1	1	0	0	0	0	0	0	1	3.0
3597	We should subsidize space exploration	in favor of	we need to continue to explore space as it is part of our world.	0	0	0	0	0	0	1	0	0	0	3.0
4422	We should cancel pride parades	against	pride parades are a form of expression and should be given the same consideration as any other type of parade.	0	0	0	0	0	0	1	0	0	1	3.0
2431	We should ban the use of child actors	against	children should be allowed to work in performing arts or professional sports, a ban does not make sense, nothing bad is being done	0	0	0	0	1	0	1	1	0	0	3.0
5833	Holocaust denial should be a criminal offence	in favor of	denying that the holocaust did not exist is a crime to humanity and disrespects the lives of millions of people who suffered.	0	1	1	0	0	0	0	0	0	0	3.0
4792	Electric cars are not a solution to air pollution	in favor of	most of the electric power is produced by thermal power plants that burn oil derivatives and by the nuclear industry.  So, until the electric power generation won't be mostly by renewable energies, is basically irrelevant which kind of cars are we using. 	0	0	0	0	0	0	0	0	0	1	5.0
2072	We should introduce compulsory voting	in favor of	voter turnout these days are dropping steadily so we need to make everyone vote to show the true representation of the people	0	1	1	0	1	0	0	0	0	1	3.0
299	We should limit judicial activism	in favor of	judicial activism should be limited or altogether removed based on the fact that it is done from a feeling or thought rather than from the law	0	0	1	0	0	0	0	0	0	1	3.0
5642	Intelligence tests bring more harm than good	in favor of	intelligence tests can generate stress and cause poor performance of the individual because it consists of a comparison of their intellectual capacity with others	0	0	0	0	0	0	0	0	0	1	5.0
7030	Wind and solar energy resources are a commodity, provided by big companies.	against	Energy is a human right and free energy production is a human right as well.	0	0	0	0	0	0	1	0	0	1	3.0
1791	We should introduce compulsory voting	in favor of	compulsory voting would ensure that voting is fair and equal	0	1	1	0	0	0	0	0	0	1	3.0
1289	We should ban the use of child actors	against	it is right and proper that talented children are able to earn money from acting	0	0	0	0	1	0	1	0	0	0	3.0
1437	We should cancel pride parades	against	we should not cancel pride parades because people have a right to have a way to voice their sexual preferences	0	0	0	0	0	0	1	0	0	1	3.0
7312	We should protect our privacy in the Internet age.	against	If the laws and regulations on privacy protection in one region or country are too stringent, it is likely to lead to the transfer of capital to another region or country.	0	0	0	0	1	0	0	0	0	0	3.5
1762	We should ban whaling	against	We should not ban whaling because there are whale species that could be sustainably harvested, albeit not all whale species.	0	1	0	0	1	0	0	0	0	1	3.5
201	We should ban telemarketing	in favor of	yes ban it, if i wanted to buy something i would know where to look for it without being bothered with constant calls	0	0	1	0	0	0	1	0	0	0	3.0
5013	The EU should focus more on ensuring the success of the internal market, and on improving its competitiveness	in favor of	The more dynamic the economy, the stronger the innovation and worldwide influence the EU will have, including soft power.	0	0	0	0	1	0	1	0	0	0	3.0
5417	Social media brings more harm than good	against	social media itself is not the cause of the negative consequences, it is human nature. the platform merely provides unrivaled access to information and potential connections with other people	0	0	0	0	0	0	0	0	0	1	5.0
4219	We should cancel pride parades	in favor of	pride parades are a legacy of a by-gone time when equal rights for gay men and women was not on the horizon.	0	0	0	0	0	0	0	0	0	1	5.0
2871	We should ban whaling	in favor of	whaling is unnecessary for human survival and endangers whales as a species.	0	1	0	0	0	0	0	0	0	1	3.5
2994	We should oppose collectivism	in favor of	as individuals we have a right to not be grouped into one thought process.	0	0	0	0	0	0	1	0	0	0	3.0
4602	Political parties should be brought under RTI (Right to Information) Act	against	Political parties are independent bodies, they need not be accountable to the public. They were not established by the constitution or an act of parliament.	0	0	0	0	0	0	1	0	0	0	3.0
904	We should ban human cloning	in favor of	human cloning should be banned as it is unnatural and serves no purpose in the world. individuality would be lost.	0	0	0	0	1	0	1	0	0	1	3.0
422	We should oppose collectivism	in favor of	collectivism removes an individual's right to promote their private interests and exercise autonomy	0	0	0	0	1	0	1	0	0	0	3.0
3084	We should adopt libertarianism	against	we should not adopt libertarianism because the government would have too much control over people	0	0	0	0	0	0	1	0	0	0	3.0
6386	Social media brings more harm than good	in favor of	social media has created an environment of monsters who hide behind computer screens.	0	1	1	0	0	0	0	0	0	0	3.0
668	We should stop the development of autonomous cars	in favor of	it is just another way for lazy people to do as little as possible.	0	1	0	0	0	0	0	1	0	0	3.0
2508	We should ban whaling	in favor of	because it is a cruel way of killing a whale and causes great suffering and could cause the extinction of some species of whales.	0	0	1	0	0	0	0	0	0	1	3.0
2885	We should ban the use of child actors	in favor of	child actors become adults far too quickly and should not be allowed to act until they are adults	0	1	1	0	0	0	0	0	0	0	3.0
2224	We should prohibit school prayer	in favor of	in a society full of freedoms should not impose a unique way of manifesting religious beliefs, therefore praying should be something that is done at home, not at school.	0	0	1	0	0	0	1	0	0	1	3.0
5617	We should abandon television	in favor of	television should be abandoned because of all the violence, crime, and sex that's on them now	0	0	0	0	0	0	1	0	0	0	3.0
42	We should abolish the Olympic Games	against	Olympic Games should not be banned. They are the tissue that solidify the friendship between nations in the world and a reminder of a peaceful world which should be the world vision	0	1	0	0	0	0	0	0	0	1	3.5
2109	We should ban the Church of Scientology	in favor of	the church of scientology should be banned as it is a cult not a religion	0	1	0	0	0	0	0	0	0	1	3.5
4853	Migrants should be housed in EU bureaucrats' neighborhoods	in favor of	I think EU bureaucrats and politicians should set an example for the rest of, Merkle in particular. They should also donate 30% of their wages to them.	0	1	0	0	0	0	0	0	0	0	3.5
1414	We should abolish the three-strikes laws	in favor of	there are times when it makes sense for people to get another chance	0	1	0	0	0	0	0	0	0	1	3.5
2119	We should abolish the Olympic Games	in favor of	the olympic games pits countries against each other and can increase levels of discrimination when athletes compete, so therefore it should be banned.	0	1	1	0	0	0	0	0	0	1	3.0
4537	We should subsidize journalism	against	journalism should not be subsidized because subsidies could too easily be allotted according to political beliefs.	0	1	0	0	0	0	0	0	0	1	3.5
6871	Blockade of the Gaza Strip should be ended	in favor of	blockade of the gaza strip is morally wrong.	0	0	1	0	0	0	0	0	0	1	3.0
5729	Intelligence tests bring more harm than good	in favor of	it gives people a feeling of superiority over others. some people are just not good test takers, it doesn't mean they aren't intelligent.	0	1	1	0	0	0	0	0	0	1	3.0
73	We should adopt gender-neutral language	in favor of	we should adopt gender-neutral language because it avoids offending people with gender stereo-types	0	0	1	0	0	0	0	0	0	1	3.0
2960	We should prohibit school prayer	against	we should not prohibit school prayer as long as the type of prayer is not religion specific.	0	1	0	0	0	0	1	0	0	1	3.0
838	We should subsidize space exploration	against	humans shouldn't colonize space until we learn to care for earth	0	1	1	0	0	0	0	0	0	1	3.0
2163	We should prohibit school prayer	in favor of	school prayer shouldnt be imposed on pupils as we all have different values and beliefs and live in a multi cultural society	0	0	0	0	0	0	1	0	0	1	3.0
7135	We should reduce environment pollution by limiting number of people in Europe	against	Stopping immigration as an excuse to not adopt proper anticonsumerist and industry-regulating policies will not solve anything for the environment and will only increase interethnic and interracial tensions.	0	1	0	0	0	0	0	0	0	1	3.5
4801	Political institutions should make fundamental changes in the way they address climate change and environmental protection	in favor of	it is essential that environmental concerns and sustainability are the foundation of any treaty with our European Union!	0	0	0	0	0	0	0	0	0	1	5.0
875	We should adopt gender-neutral language	in favor of	gender neutral language will allow both genders to be included and liberated to succeed as much as possible.  removing gender benefits all and reduces discrimination and suppression.	0	0	0	0	1	0	0	0	0	1	3.5
6880	Foster care brings more harm than good	against	it doesn't because it gives a child a chance at having a normal life with role models, instead of just staying in an institution.	0	1	0	0	1	0	1	1	0	1	3.0
4272	We should abolish the three-strikes laws	in favor of	The three-strikes law gives no room for mitigating factors to be considered, making our justice system a rigid one that does not allow for true justice.	0	1	0	0	0	0	0	0	0	1	3.5
3602	We should ban factory farming	in favor of	the end does not justify the means, the factory farming is cruel, inhuman and immoral, you. you can argue what you want, but that does not erase the facts.	0	0	0	0	0	0	0	0	0	1	5.0
1612	We should limit executive compensation	in favor of	limiting executive compensation would allow more money to go to employees.	0	0	0	0	1	0	0	0	0	1	3.5
3170	We should adopt libertarianism	against	we should not adopt libertarianism because that would be forcing a way of life on people that don't want it	0	0	0	0	0	0	1	1	0	0	3.0
6639	Holocaust denial should be a criminal offence	in favor of	the holocaust decimated a nation, to deny it occurred is to collaborate with that evil - those guilty of carrying out the holocaust are criminals so surely those who side with them also must be.	0	1	1	0	0	0	0	0	0	1	3.0
726	We should abolish zoos	in favor of	we should abolish zoos because it is cruel to cage up animals like that in one area and is not their natural habitat and essentially treat them like pets.	0	0	1	0	0	0	0	0	0	1	3.0
6303	The use of public defenders should be mandatory	against	whether or not to usa a public defender should be a choice made by the defendant, not the government.	0	0	0	0	0	0	1	0	0	1	3.0
1690	We should subsidize space exploration	against	space exploration is already being funded and if a private business is interested in it they've got to pay for it	0	1	1	0	0	0	0	0	0	1	3.0
6443	Assisted suicide should be a criminal offence	in favor of	suicide is never the answer and it is wrong	0	1	1	0	0	0	0	0	0	1	3.0
599	We should ban cosmetic surgery	in favor of	cosmetic surgery makes people feel self-conscious about themselves, providing false imagery of natural beauty	0	0	0	0	0	0	0	0	0	1	5.0
6971	Hindi should be the National language of India	against	Some people are arguing that English is not born in India and hence we should avoid using it. This statement lacks logic because all the technological innovations we are now using were born in different parts of the world. We cannot reject things just because they are not Indian.	0	0	0	0	0	0	0	0	0	1	5.0
1772	We should oppose collectivism	in favor of	we should oppose collectivism because it creates echo chambers in societies that makes it harder for individuals to give their thoughts and opinions on things	0	0	0	0	0	0	1	0	0	1	3.0
294	We should limit judicial activism	in favor of	the rulings offer a precedent and will become final, despite it potentially overriding any laws.	0	0	1	0	0	0	0	0	0	1	3.0
3614	We should legalize cannabis	in favor of	people should be able to decide themselves if they want to use it	0	0	0	0	0	0	1	0	0	0	3.0
2376	We should abolish the three-strikes laws	against	criminals are bound to repeat themselves, and with increasing risk. the three strikes law would punish those criminals accordingly.	0	0	1	0	0	0	0	0	0	1	3.0
158	We should limit judicial activism	in favor of	judicial activism relies too heavily upon personal opinion and leads to bias.	0	1	1	0	1	0	1	0	0	1	3.0
5992	Surrogacy should be banned	against	surrogacy enables infertile couples to raise their own family.	0	1	0	0	0	0	0	0	0	0	3.5
629	We should subsidize space exploration	against	subsidizing space exploration takes money away from more important issues.	0	0	0	0	0	0	0	0	0	1	5.0
4697	India should have 'One Nation - One Election' policy 	against	When state elections are conducted along with the center the regional parties may get marginalized because the same party getting majority in the center may get votes in the state as well.	0	0	0	0	1	0	1	0	0	1	3.0
5450	The use of public defenders should be mandatory	in favor of	The use of public defenders should be mandatory because it would end the two-tier system where some people get excellent private defenders and some get low quality public defenders.	0	0	0	0	0	0	0	0	0	1	5.0
7323	We should open up three-child policy to encourage childbirth.	against	What people want is the right and freedom to be able to plan their own children.	0	1	0	0	0	0	1	0	0	0	3.0
5278	The EU should start accession negotiations with Russia	against	Russia in the EU? No, thanks!	0	1	0	0	0	0	1	0	0	0	3.0
4267	We should abolish capital punishment	in favor of	capital punishment is basically taking the life of an unarmed, helpless person.	0	0	0	0	0	0	0	0	0	1	5.0
5980	Intelligence tests bring more harm than good	in favor of	intelligence tests are skewed toward upper class white males, making the test not a true measure of a person's intelligence	0	0	0	0	0	0	0	0	0	1	5.0
7302	We should ban the trading of virtual currencies.	against	The trading of virtual currency is secretly named, so as to ensure the privacy protection of his own information content and data information, prevent the leakage of his own data, and improve the safety factor of the system software.	0	0	0	0	0	0	1	0	0	0	3.0
2961	We should prohibit school prayer	in favor of	religion should not be forced on school children. they should be free to believe their own ideals	0	0	0	0	0	0	1	0	0	0	3.0
682	We should legalize prostitution	in favor of	we should legalize prostitution because if someone really wants to use those services, they should have the right to do so.  we can just regulate it.	0	0	0	0	0	0	1	1	0	1	3.0
5763	Surrogacy should be banned	against	surrogacy is the only way some couples can have a family so should not be banned.	0	1	0	0	0	0	1	1	0	1	3.0
5607	The use of public defenders should be mandatory	against	people may choose to defend themselves, if they believe it to be in their best interests	0	0	0	0	0	0	1	1	0	0	3.0
6117	Surrogacy should be banned	against	Surrogacy is no different than any other contract or profession in terms of selling labor.	0	1	1	0	0	0	1	0	0	1	3.0
3237	We should end the use of economic sanctions	against	economic sanctions have a measurable impact; if that impact is severe enough, otherwise reluctant parties may agree to negotiations in order to find relief.	0	1	1	0	1	0	0	0	0	1	3.0
3985	We should abandon the use of school uniform	in favor of	Some school uniforms are sexist, requiring girls to wear skirts only.	0	0	0	0	0	0	0	0	0	1	5.0
4295	We should ban fast food	against	just because some people are overweight and unhealthy doesn't mean we need to ban fast food for everyone	0	0	0	0	0	0	1	0	0	1	3.0
1784	We should adopt a zero-tolerance policy in schools	against	the school is designed to educate not to accept student abuse	0	1	1	0	0	0	0	0	0	1	3.0
5103	We need to move towards drug reform, which will change our outdated drug policy. 	in favor of	Today, cannabis repression is simply a political posture aimed to target rightwing voters, not a rational policy. 	0	0	0	0	0	0	1	0	0	1	3.0
2115	We should ban whaling	in favor of	we should ban whaling because it is leading to the extinction of whales	0	0	0	0	0	0	0	0	0	1	5.0
5622	Social media brings more harm than good	in favor of	when teenagers are on social media they sometimes bully their peers which is a reason for not having an account	0	0	1	0	0	0	1	0	0	1	3.0
7015	We should protect very large natural areas	in favor of	To help achieve this, the EU should reduce its excessive livestock subsidies. An agricultural transition away from cattle towards plants would free up a lot of space	0	0	0	0	0	0	0	0	0	1	5.0
1715	We should ban telemarketing	against	if telemarketing is done appropriately and at reasonable hours, then it should not be banned	0	1	1	0	0	0	1	0	0	1	3.0
5038	The federal features of the European Treaties need to be strengthened.	in favor of	We must move towards full co-decision power for the European Parliament and the abolition of unanimity for climate, energy, social affairs, and taxation policies.	0	0	0	0	1	0	0	0	0	1	3.5
7258	We should stop the European Commission’s Ideological bias toward migration.	in favor of	The European Commission’sportrays migration as an opportunity only, a Fatality that cannot be stopped, and the only solution against aging.	0	1	1	0	0	0	1	0	0	1	3.0
2606	We should ban cosmetic surgery for minors	in favor of	minors are unable to make such a life changing decision as cosmetic surgery	0	1	0	0	0	0	0	0	0	0	3.5
3414	We should legalize prostitution	in favor of	people have the right to use their bodies in any way they choose.	0	0	0	0	0	0	1	0	0	0	3.0
5327	The EU needs a single market for news	in favor of	There is a huge void to fill regarding the EU-wide news media. There are media that on purpose refuse to cover the EU and our common European problems and successes.  	0	1	0	0	0	0	1	0	0	1	3.0
6406	The vow of celibacy should be abandoned	against	celibacy vows are a choice that people should be allowed to make.	0	0	0	0	0	0	1	0	0	0	3.0
3222	We should subsidize journalism	against	we don't subsidize other fields so why should we subsidize journalism	0	0	0	0	0	0	0	0	0	1	5.0
5967	We should subsidize vocational education	against	vocational education usually leads to highly paid jobs. therefore the state should not be funding this.	0	0	0	0	0	0	0	0	0	1	5.0
3418	We should ban cosmetic surgery	in favor of	we should ban it because it gives people a unrealistic view on how a natural body or face should look.	0	0	0	0	0	0	0	0	0	1	5.0
1091	We should introduce compulsory voting	against	compulsory voting will be difficult to enforce on the elderly and others who will have a difficult time voting.	0	0	0	0	0	0	1	0	0	0	3.0
4790	Nepotism exists in Bollywood	in favor of	Movie stars of Bollywood often launch their children with much ease in the industry. Such acts serve as the roots of the debate for nepotism. This kind of act has been going on since ages. Hence, nepotism evidently exists in Bollywood.	0	1	0	0	0	0	0	0	0	0	3.5
3737	We should ban cosmetic surgery	against	cosmetic surgery is a form of self expression and it is unfair to prevent a consenting individual from partaking.	0	0	0	0	0	0	1	0	0	1	3.0
4351	We should adopt a multi-party system	in favor of	it would allow more voices to be heard and more choice.	0	0	0	0	1	0	1	0	0	1	3.0
4068	We should oppose collectivism	in favor of	collectvism is unfair to the world and is irrational	0	0	1	0	0	0	0	0	0	1	3.0
6174	Surrogacy should be banned	in favor of	Surrogacy should be banned as there are many children and babies who need adopting and that would be a better way for childless couples to have families.	0	1	1	0	0	0	0	0	0	0	3.0
1569	We should prohibit school prayer	in favor of	school prayer is forcing a religion on everyone, including non-believers	0	0	0	0	0	0	1	0	0	1	3.0
2143	We should ban cosmetic surgery for minors	in favor of	it is a decision that only parents can make until they are old enough to decide	0	1	1	0	1	0	0	0	0	0	3.0
7028	We should invest in sustainable alternative fuels for aviation	against	climate models (e.g. CO2 affecting anthropogenic climate warming) have not been validated.	0	0	0	0	0	0	0	0	0	1	5.0
2937	We should adopt atheism	in favor of	Atheism allows one to really examine why we believe what we do and are you truly a good person or do you just want to go to heaven	0	0	0	0	0	0	1	0	0	1	3.0
1541	We should adopt gender-neutral language	in favor of	gender-neutral language would show we respect peoples choices.	0	0	1	0	0	0	0	0	0	1	3.0
4134	We should ban factory farming	in favor of	factory farming causes untold unnecessary suffering to animals. they are too crowded, do not have room to move or even breathe properly.	0	0	0	0	0	0	0	0	0	1	5.0
2122	We should ban factory farming	in favor of	we should ban factory farming as animals are kept in cramped conditions.	0	0	0	0	0	0	0	0	0	1	5.0
1814	We should introduce compulsory voting	against	some people just don't have an opinion about who to vote for	0	0	0	0	0	0	1	0	0	0	3.0
6308	Holocaust denial should be a criminal offence	against	you can not tell a person how they should or should not believe and making holocaust denial a criminal offense is an unnecessary intrusion.	0	0	0	0	0	0	1	0	0	0	3.0
686	We should abolish the Olympic Games	in favor of	the olympic games only benefit the rich as they are the only people who can afford to compete or attend the games.	0	0	0	0	0	0	0	0	0	1	5.0
5447	Intelligence tests bring more harm than good	in favor of	intelligence test can cause certain students to be pigeon holed and cause them to have low opinions of themselves because they can not score as high as others.	0	0	0	0	0	0	1	1	0	1	3.0
2628	We should limit judicial activism	in favor of	judicial activism should be limited as there are basic reasons why a law was put in place and a single judge should not be able to choose to ignore the basic law.	0	0	1	0	0	0	0	0	0	1	3.0
4266	We should abolish the three-strikes laws	in favor of	the three strikes law punishes people to harshly for minor crimes. they shouldn't have to spend the rest of their lives in prison unless they are crimes that harm another person.	0	0	0	0	0	0	0	0	0	1	5.0
6867	The use of public defenders should be mandatory	in favor of	the constitution decrees legal representation of the people and mandatory public defenders allows for this right to be upheld.	0	1	1	0	0	0	0	0	0	1	3.0
1467	We should ban whaling	against	it is not fair to ban whaling whilst allowing farming of cows and sheep for meat. one animals' life should not be valued higher than another.	0	0	0	0	0	0	1	0	0	1	3.0
6922	India should transition to electric vehicles	in favor of	As the number of people who are buying vehicles is rising, the air quality will worsen further. So, there is a need to address this challenge.	0	0	0	0	0	0	0	0	0	1	5.0
2290	We should subsidize student loans	against	Student loans are fundamentally a commercial transaction and have no place being subsidized.	0	0	1	0	0	0	0	0	0	1	3.0
7349	We should crack down on unreasonably high incomes.	in favor of	The implementation of property taxes, taxes on the rich, capital gains taxes, asset transfer taxes, etc. The fundamental factor leading to the disparity between the rich and the poor in the past decades is not the pay gap, but the gap brought about by the growth of capital investment.	0	0	0	0	0	0	0	0	0	1	5.0
3757	We should abolish zoos	against	we should not abolish zoos because they are helping out endangered species that would otherwise be extinct if they went back into the wild now.	0	1	0	0	0	0	0	0	0	1	3.5
1847	We should ban whaling	in favor of	whaling  should be banned because they're killed inhumanely.	0	0	0	0	0	0	0	0	0	1	5.0
6878	The use of public defenders should be mandatory	against	public defenders can never be truly independent of the justice system that pays them, therefore they shouldn't be mandatory	0	1	0	0	0	0	1	0	0	1	3.0
482	We should legalize organ trade	against	we would end up in bidding wars where only the rich could be helped	0	0	0	0	0	0	0	0	0	1	5.0
3893	We should abandon the use of school uniform	in favor of	people should be able to wear whatever they want.  a school uniform stunts students' creativity.	0	0	0	0	0	0	1	1	0	0	3.0
2729	We should subsidize journalism	against	we should not subsidize journalism as they are private companies and can raise tons of money without our fear of bad reporting because their company would tank if they reported bad news.	0	0	0	0	0	0	1	0	0	1	3.0
1754	We should adopt a multi-party system	in favor of	the interests of a two party system are very limited and we need to expand with more parties to cater to more views	0	1	0	0	1	0	0	0	0	1	3.5
7140	We should reduce animal farming.	in favor of	We should encourage people to consider the question: 'Do you think it is morally right to torture, mutilate, and kill animals needlessly?'	0	0	0	0	0	0	0	0	0	1	5.0
835	We should adopt a zero-tolerance policy in schools	in favor of	Zero-tolerance policies may seem unfair to the individual but bad and risky behavior at schools spreads faster than wildfire. Sometimes we must make an example of an individual for the greater good.	0	0	1	0	1	0	0	0	0	0	3.0
563	We should abolish the three-strikes laws	in favor of	Three strikes laws destroy families by taking away parents and children for the rest of their lives with no chance of parole.	0	1	0	0	0	0	0	0	0	1	3.5
6942	We should link Aadhaar card with the Voter ID	against	If legitimate voters do not have an aadhaar or if they could not link it due to any reason, they will be removed from the list. For example, some homeless people do not have aadhaar cards yet. In the 2018 Telangana Assembly elections, linking aadhaar cards with Voter ID led to the elimination of 20 lakh voters.	0	0	0	0	1	0	0	0	0	1	3.5
5080	The EU government should encourage people to eat less meat	against	Horrible idea. Next, you will limit water or air?! This is not the way to move on climate change. You can do much more via mass politics and not focus on individuals or limit their freedoms. If you want to stop eating meat, do so, I won't.	0	0	0	0	1	0	1	0	0	1	3.0
4779	Censorship of movies is an outdated concept	in favor of	Censorship causes imposition of majoritarian ideals on others.	0	0	0	0	0	0	1	0	0	0	3.0
6753	Payday loans should be banned	in favor of	payday loans should be banned as they take further financial advantage of a person.	0	1	1	0	0	0	0	0	0	1	3.0
3857	We should ban the Church of Scientology	in favor of	the church of scientology should be banned because they espouse a fake science narative and using bullying and terror to keep people quiet.	0	1	1	0	0	0	0	0	0	1	3.0
2838	We should subsidize embryonic stem cell research	against	an embryo is basically a baby that has not implanted yet. this is potential human life.	0	0	0	0	0	0	0	0	0	1	5.0
4608	Political parties should be brought under RTI (Right to Information) Act	in favor of	Political parties declare certain promises in their manifestos. After getting elected, the citizens have a right to know why the promises made by the political parties were not fulfilled.	0	1	0	0	0	0	0	0	0	1	3.5
4215	We should legalize organ trade	against	the organ trade hurts impoverished people	0	0	0	0	0	0	0	0	0	1	5.0
26	We should legalize organ trade	in favor of	we need more organs than people donate so legalizing it would be a good thing	0	0	0	0	0	0	0	0	0	1	5.0
3863	We should adopt a zero-tolerance policy in schools	against	kids in schools are not always mature enough to understand the consequences of their actions.  a zero-tolerance policy would just be punishing students that need the most guidance.	0	1	1	0	0	0	1	1	0	1	3.0
1389	We should ban missionary work	in favor of	missionary work has historically been used to oppress people and often does not help the areas in which it is tried	0	0	0	0	0	0	1	0	0	1	3.0
1446	We should ban whaling	in favor of	whaling is damaging to whale populations as well as other species of fish.	0	0	0	0	0	0	0	0	0	1	5.0
2962	We should ban algorithmic trading	against	algorihmitic trading is much less expensive for the individual trader.	0	1	0	0	1	0	0	1	0	1	3.0
4170	We should fight for the abolition of nuclear weapons	in favor of	Because nuclear weapons kill indiscriminately and inevitably harm civilians, they can never be used as a legitimate or just weapon of war.	0	0	0	0	0	0	0	0	0	1	5.0
489	We should abolish zoos	in favor of	zoos aren't all properly regulated and some animals are kept in appalling conditions they should be left in their natural environment	0	0	1	0	0	0	0	0	0	1	3.0
1604	We should introduce compulsory voting	against	compulsory voting is an infringement on personal choice	0	0	0	0	0	0	1	0	0	0	3.0
4005	We should abolish zoos	in favor of	Animals should not be kept in cages. They should be able to run free.	0	0	0	0	0	0	0	0	0	1	5.0
2776	We should introduce compulsory voting	against	compulsory voting shouldn't be introduced because it violates freedom of choice.	0	0	0	0	0	0	1	0	0	0	3.0
6586	Assisted suicide should be a criminal offence	in favor of	helping a human being to commit suicide devalues human life and can lead to deaths of unstable people who are not mentally competent to make the decision. it should be criminalized.	0	1	1	0	0	0	0	0	0	0	3.0
7335	We should prohibit capital monopoly.	in favor of	Anti-capital monopoly prevents operators from abusing their dominant market position.	0	1	1	0	0	0	0	0	0	1	3.0
2874	We should abolish zoos	against	we cannot close zoos that can help preserve endangered species from extinction	0	1	1	0	0	0	0	0	0	1	3.0
3528	We should legalize sex selection	in favor of	we should make sex selection legal. it will lead to more freedom regarding choices of family building. a couple could choose to have a boy and a girl without just hoping for that scenario	0	1	0	0	0	0	1	0	0	1	3.0
7150	We should rethink the legal state of Family Reunification.	in favor of	Illegal loopholes in the legislation are enabling illegal migration. Family Reunification has been and remains the biggest channel of migration into the EU.	0	0	1	0	0	0	0	0	0	0	3.0
639	We should ban fast food	against	banning this is a slippery slope to all sorts of objectively unhealthy food on the market	0	0	0	0	0	0	0	0	0	1	5.0
7154	We should stop the European Commission’s Ideological bias toward migration.	in favor of	The European’s Commission communication and political thinking on migration are biased, falsely naïve, and Ideological.	0	0	0	0	0	0	1	0	0	1	3.0
2530	We should ban human cloning	in favor of	there has to be a limit on what science can ethically do and human cloning is a step too far and should be banned for fear of this science being missued.	0	1	1	0	0	0	0	0	0	0	3.0
5130	We need a Europe that respects life from conception is a humane Europe	in favor of	Abortion kills a human being. It can be justified only in very rare cases. 	0	0	1	0	0	0	0	0	0	1	3.0
782	We should adopt a zero-tolerance policy in schools	against	we shouldn't adopt a zero-tolerance policy in schools because a misunderstanding can cause innocent students to be suspended or expelled	0	1	0	0	0	0	0	0	0	1	3.5
6054	The use of public defenders should be mandatory	against	public defenders should not be mandatory because it will affect peoples cases since they can physical tell them your story	0	0	1	0	0	0	0	0	0	1	3.0
4265	We should subsidize Wikipedia	against	no subsidy should be given to wilkpedia. it is part of the free enterprise system and can be supported by users and advertisers.	0	1	0	0	1	0	1	0	0	1	3.0
2023	We should ban cosmetic surgery	against	if someone has money to burn and choose to use it to improve their physical appearance, that is up to them an no one should be able to tell them they can't do it.	0	0	0	0	0	0	1	0	0	1	3.0
332	We should ban factory farming	against	factory farming is efficient and lowers food production costs.	0	1	0	0	1	0	0	0	0	0	3.5
6175	Surrogacy should be banned	against	Surrogates are protected by legal contacts ensuring that they are reimbursed for their time and expenses.	0	1	1	0	1	0	1	0	0	1	3.0
3249	We should ban whaling	in favor of	Whaling will threaten to endanger many species of whale.	0	0	0	0	0	0	0	0	0	1	5.0
631	We should ban algorithmic trading	against	algorithmic trading allows for more timely, accurate, and efficient trading.	0	0	0	0	1	0	0	0	0	0	3.5
2066	We should ban whaling	in favor of	Whales are wonderfully intelligent creatures that don't deserve to be hunted in such a gruesome manner.	0	0	0	0	0	0	0	0	0	1	5.0
7001	We should stop subsidies and other incentives for bioenergy	against	Some biofuels, such as soy, corn, sugar cane, rapeseed, and palm oil encourage deforestation	0	0	0	0	0	0	0	0	0	1	5.0
2372	We should ban whaling	in favor of	whales need to be protected before they are endangered.	0	0	0	0	0	0	0	0	0	1	5.0
7214	We should legalize non-violent drug use	in favor of	European institutions should take factual studies of the relative harm of different drugs into account. A UK study has shown that drugs such as cannabis and many hallucinogenic drugs are far less harmful than alcohol. The study in question was conducted by David J Nutt, Leslie A King, Lawrence D Phillips, on behalf of the Independent Scientific Committee on Drugs	0	0	0	0	0	0	0	0	0	1	5.0
3480	We should ban the Church of Scientology	in favor of	the church uses slave labor and other intimidation tactics to get what they want	0	1	1	0	1	0	1	0	0	1	3.0
4911	The European Union should implement a EU wide carbon tax	in favor of	In my point of view it will be essential to impose some compensatory levies on products from third countries to ensure that they will not have a competitive advantage.	0	0	1	0	0	0	0	0	0	1	3.0
2191	We should cancel pride parades	in favor of	we should cancel pride parades because they put unsavory ideas into our children's heads.	0	1	1	0	0	0	0	0	0	0	3.0
5196	There should be a stronger EU on the world scene	in favor of	We have already done great damage to EU credibility by pointless posturing.	0	0	1	0	0	0	0	0	0	1	3.0
680	We should limit judicial activism	against	modern days require modern measures and judicial activism brings present day thinking and opinions into important cases to stay up to date	0	0	0	0	0	0	0	0	0	1	5.0
1911	We should subsidize Wikipedia	against	subsidization may allow those providing the finances to have influence on entries that are in their interest	0	1	0	0	0	0	1	0	0	1	3.0
2780	We should stop the development of autonomous cars	in favor of	people need the freedom to drive where they want by themselves.	0	0	0	0	0	0	1	0	0	0	3.0
6388	Payday loans should be banned	in favor of	Payday loans should be banned because they are used to launder money	0	0	1	0	0	0	0	0	0	1	3.0
3451	We should ban whaling	in favor of	we should ban whaling because it is endangering some species and it is totally unnecessary to human existence.	0	0	0	0	0	0	0	0	0	1	5.0
6280	Payday loans should be banned	against	Payday loans should not be banned because people have a right to enter into contracts	0	0	0	0	0	0	1	0	0	0	3.0
3733	We should ban telemarketing	against	if someone does not want to engage with telemarketers they can just hang up or sign off	0	0	1	0	0	0	1	0	0	1	3.0
6231	The use of public defenders should be mandatory	against	people should have the freedom to choose their own.	0	0	0	0	0	0	1	0	0	0	3.0
3423	We should subsidize journalism	against	journalism is a dying profession that is increasingly corrupt, so why use tax money towards it?	0	1	0	0	1	0	0	0	0	0	3.5
4525	We should abolish the Olympic Games	in favor of	there is too much controversy surrouding the olympics such as doping, causing conflict among countries and thus, should be banned	0	0	1	0	0	0	0	0	0	1	3.0
5782	The use of public defenders should be mandatory	in favor of	making the use of public defenders mandatory would level the playing field and enable justice fo all, as opposed to when the wealthy can spend millions to hire counsel to extricate themselves from crimes.	0	0	0	0	0	0	0	0	0	1	5.0
4830	Cohesion funds should be provided directly to cities and regions	in favor of	An increased percentage of funds dedicated to cities and regions that are controlled and distributed from the EU institutions directly to the local administrations can bypass the national systems which enable the political dependency in the first place.	0	0	1	0	1	0	1	0	0	0	3.0
3976	We should limit executive compensation	against	executive compensation should be at the discretion of the company who employs them	0	0	0	0	1	0	1	0	0	0	3.0
3957	We should abolish capital punishment	in favor of	capital punishment does not allow for people convicted wrongly, for whatever reason, and a posthumous innocence verdict does not make it any less inhumane	0	0	0	0	0	0	0	0	0	1	5.0
1458	We should ban the Church of Scientology	in favor of	the church of scientology is known for trying to completely control the thoughts and actions of others	0	0	1	0	1	0	1	0	0	0	3.0
4224	We should abolish zoos	in favor of	zoos serve to imprison animals and show them off for entertainment.	0	0	0	0	0	0	0	0	0	1	5.0
4542	We should ban missionary work	against	missionary work does not cause any harm as long as proper education is present on both sides.	0	1	0	0	0	0	0	0	0	1	3.5
310	We should fight for the abolition of nuclear weapons	in favor of	no one wins with nuclear weapons. if two or more countries nuked each other parts of, if not all of, the entire world is just gone. it destroys everything and solves nothing.	0	1	1	0	0	0	0	0	0	1	3.0
117	We should abandon the use of school uniform	in favor of	forcing children into wearing school uniforms shows our children that they cannot think as individuals and must conform to societies way of thinking.	0	0	0	0	0	0	1	1	0	0	3.0
498	We should adopt a zero-tolerance policy in schools	against	zero tolerance leaves no room for individual cases where it may do more harm than good	0	1	0	0	0	0	0	0	0	1	3.5
4805	Solar and wind energies have harmful impacts on flying species, fauna and flora in general, and even insects	against	being against solar energy, in my opinion, is simply irrational.  Insects also die by windmills sometimes, but much more often from hunger, birds or herbicides, insecticides, etc. 	0	0	0	0	0	0	0	0	0	1	5.0
4412	We should ban missionary work	against	Banning missionary work would constitute a religious act by non-religious people and would therefore be hypocritical.	0	1	0	0	0	0	0	0	0	1	3.5
6759	Holocaust denial should be a criminal offence	against	everyone is entitled to the right to believe or disbelieve the  holocaust.	0	0	0	0	0	0	1	0	0	0	3.0
6916	Referendums are good for the society	against	Referendums weaken the sovereignty of the parliament, where the decisions are made with thorough discussions and debate among the chosen representatives.	0	1	0	0	1	0	1	0	0	0	3.0
4457	We should stop the development of autonomous cars	against	this would be a great way to allow blind people to be independent	0	0	0	0	0	0	1	1	0	1	3.0
651	We should ban fast food	in favor of	fast food is the cause of the ever increasing chronic conditions and obesity in our nation.	0	0	0	0	1	0	0	0	0	0	3.5
1444	We should end mandatory retirement	in favor of	Mandatory retirement affirms problematic stereotypes about the competency of older people which prevents them from being taken seriously when they should be.	0	0	1	0	0	0	1	0	0	1	3.0
7024	We should tax heavily or refuse to import products not manufactured in the European Union that do not comply with our climate standards	in favor of	Heavy taxation of imported goods will encourage the relaunch of European production, which is more environmentally friendly.	0	0	0	0	0	0	0	0	0	1	5.0
3182	We should subsidize embryonic stem cell research	against	to obtain embryonic stem cells, the early embryo has to be destroyed, this means destroying a potential human life	0	1	0	0	0	0	0	0	0	1	3.5
1724	We should subsidize Wikipedia	against	we should not show preference to one website	0	0	0	0	0	0	1	0	0	1	3.0
2748	We should abolish the three-strikes laws	in favor of	if there are 3 minor offenses there is no need to overly punish someone.	0	1	0	0	0	0	0	0	0	1	3.5
6707	We should abandon television	in favor of	television is full of bad influences for our children.	0	1	1	0	1	0	0	0	0	0	3.0
7009	We should promote the use of nuclear energy	against	Renewable energies should be our focus of action, especially how to improve the storage and transport of this energy precisely in order to be able to supply the countries that have the worst conditions to implement them. 	0	1	0	0	0	0	0	0	0	1	3.5
3717	We should legalize sex selection	in favor of	people should be able to utilize new sciences as they please.	0	0	0	0	0	0	1	0	0	0	3.0
4340	We should ban private military companies	against	it should not be prohibited, i think that the military also has the right to set up their businesses and companies	0	0	1	0	0	0	1	0	0	0	3.0
4803	Electric cars are not a solution to air pollution	against	non-gasoline cars improve local air quality on city streets.	0	0	0	0	0	0	0	0	0	1	5.0
6335	Surrogacy should be banned	against	parents who want a biological child but can't need surrogates in order to have their own genetic children.	0	1	0	0	0	0	1	0	0	0	3.0
2271	We should oppose collectivism	in favor of	we should oppose collectivism because it lessens creativity and individuality.	0	0	0	0	0	0	1	0	0	0	3.0
1831	We should ban targeted killing	in favor of	we should ban targeted killing as it is a reprehensible way to kill animals by not even giving them a chance.	0	1	1	0	0	0	0	0	0	1	3.0
1638	We should introduce compulsory voting	in favor of	it is everyone's national duty to at least vote in elections	0	1	1	0	0	0	0	0	0	0	3.0
7263	We should promote European values and secure a Global Transition to CO2 Neutrality	against	I oppose tying investment to ideological convictions. Generally, there has been way too much ideology in European matters, and conflicts that derive from a conflict of worldviews within Europe have already contributed greatly to the current crisis of the EU this conference hopes to address. Specifically, when it comes to trade, all that should matter are our financial, economic, and strategic interests. Let us leave ideology to that very expensive talking shop: the European Parliament. 	0	0	0	0	1	0	0	0	0	1	3.5
6603	Holocaust denial should be a criminal offence	in favor of	the people who went through the holocaust have been hurt enough and people need to remember so it does not happen again.	0	0	1	0	0	0	0	0	0	1	3.0
5254	The European Parliament should have more powers, so Europe can stand against other world powers.	against	The European Parliament has developed avenues for a common foreign and defense policy and should exercise its role this way. Also, there are prerogatives of a parliament to guide and control the external policies of the EU.	0	1	1	0	1	0	0	0	0	0	3.0
3813	We should ban whaling	in favor of	whaling is a particularly cruel and inhumane with 16,000 whales killed every year during the last century endangering some species.	0	0	0	0	0	0	0	0	0	1	5.0
6628	Assisted suicide should be a criminal offence	against	people have a basic right to bodily autonomy, deciding whether or not to die with minimal suffering and dignity is integral to that right.	0	0	1	0	0	0	1	0	0	0	3.0
6920	Referendums are good for the society	in favor of	The common man has a say in policymaking as he will be the one living under the new set of rules, he will be the one who will be most affected. So, at times the priorities of people are different from the priorities of the government, referendums can set things straight.	0	1	0	0	1	0	1	0	0	1	3.0
3049	We should ban the Church of Scientology	in favor of	Church of Scientology is a brainwashing organization that has no substance and does no good for other people	0	1	0	0	0	0	1	0	0	1	3.0
1618	We should abolish safe spaces	in favor of	we should abolish safe spaces because it can become a toxic place where people only talk bad about each other	0	0	1	0	0	0	0	0	0	1	3.0
3314	We should subsidize journalism	against	journalism should not be influenced by the government.	0	0	0	0	0	0	1	0	0	1	3.0
1597	We should abolish intellectual property rights	in favor of	nobody should own the intellectual works because we are not 100% sure that they have not been stolen	0	1	1	0	0	0	1	0	0	1	3.0
5523	Holocaust denial should be a criminal offence	against	People have the right to free speech even if their perspectives are vile and abhorrent. This means the state can't criminalize holocaust denial.	0	0	0	0	0	0	1	0	0	0	3.0
7247	We should speak about the ongoing genocide in China.	in favor of	The vast majority of the victims of this genocide in China are Muslims. And yet, the Muslim countries see the USA and the West as their arch-enemies! 	0	0	0	0	0	0	0	0	0	1	5.0
655	We should ban private military companies	in favor of	private military companies have no governmental controls and can do more harm then good.	0	0	0	0	0	0	1	0	0	0	3.0
28	We should subsidize Wikipedia	against	wikipedia can form biased opinions on topics or misinform the general public and therefore should not be subsidized	0	0	0	0	0	0	1	0	0	1	3.0
659	We should subsidize space exploration	in favor of	we need to subsidize space exploration so we can find somewhere for the human race to go when we finally get done destroying our planet.	0	0	0	0	0	0	0	0	0	1	5.0
1237	We should abandon the use of school uniform	in favor of	school uniforms do not allow children to emphasize their differences, denying individuality.	0	0	0	0	0	0	1	0	0	1	3.0
4308	We should legalize sex selection	in favor of	people should be able to select the sex of the children so that they can balance their family the way they wish it to be.	0	1	0	0	0	0	1	0	0	1	3.0
4501	We should abolish safe spaces	in favor of	Trigger warnings are sufficient in preventing someone from reliving trauma in the vast majority of instances, and therefore we should abolish safe spaces to maximize free speech.	0	0	0	0	0	0	1	0	0	1	3.0
5535	Entrapment should be legalized	against	entrapment is an unjust form of capturing criminals as it is tempting someone to do something wrong	0	1	0	0	0	0	1	0	0	1	3.0
552	We should abolish the three-strikes laws	in favor of	"a three-strikes system does not allow for people to be treated fairly as individuals and instead is used as a ""one-size-fits-all"" control method for minority populations."	0	1	0	0	0	0	0	0	0	1	3.5
2673	We should cancel pride parades	against	we should not cancel pride parades because it would be an infingement of freedom of expression and of the right to free speech.	0	0	1	0	0	0	1	0	0	1	3.0
5099	The EU government should encourage people to eat less meat	against	I have no illusions that rich and influential people will find a way to get as much meat as they want and then distribute it on the black market.	0	1	1	0	0	0	0	0	0	1	3.0
4414	We should abolish intellectual property rights	in favor of	intellectual property rights get in the way of sharing information.	0	1	0	0	0	0	1	0	0	0	3.0
4129	We should oppose collectivism	in favor of	While society and the collective may be long lasting, individuals are only afforded a single life, and therefore should prioritize that over the lives of others.	0	0	0	0	0	0	1	0	0	0	3.0
2696	We should abolish capital punishment	in favor of	it is inhumane and unnecessary it teaches that violence is a solution it can open the door to abuse	0	1	0	0	0	0	0	0	0	1	3.5
553	We should subsidize journalism	against	it could become partial to whoever pays	0	0	1	0	1	0	1	0	0	0	3.0
6455	Blockade of the Gaza Strip should be ended	in favor of	blockage of the gaza strip strip should be ended because the people should be able to cross the boarder	0	0	0	0	0	0	1	0	0	0	3.0
7026	We should put in place policies for the protection of insects	in favor of	A rethinking of current agricultural practices, in particular a serious reduction in pesticide usage and its substitution with more sustainable, ecologically-based practices, is urgently needed to slow or reverse current trends, allow the recovery of declining insect populations, and safeguard the vital ecosystem services they provide. 	0	0	0	0	0	0	0	0	0	1	5.0
920	We should oppose collectivism	in favor of	collectivism takes the focus off the individual as well as the ways in which each of us is unique. supporting collectivism means wanting the individual to remain subordinate to society.	0	0	0	0	1	0	1	0	0	1	3.0
3152	We should legalize sex selection	against	with the $20,000 price tag on something that is not 100% accurate, sex selection is only made available to the wealthy.	0	0	0	0	0	0	0	0	0	1	5.0
2019	We should abolish zoos	against	Breeding programs in zoos are saving many animals from extinction. Without these programs in zoos we would be losing losing many more species from the world.	0	1	0	0	0	0	0	0	0	1	3.5
1609	We should abolish zoos	against	zoos can aid conservation by raising awareness of animals that are facing extinction and raising funds to support them in the wild.	0	0	0	0	1	0	0	0	0	1	3.5
7124	We should include all costs of nuclear energy in our comparisons, for example insurance and disposal	against	If you want to do it for nuclear power, then it would be better to do it for every single kind of energy production methods. It’s also important then to include the complete cycle of all the energies, the human cost, the extraction of primary resources, in the case of renewable energy, take into account the necessary energy storage, and so on and so forth.	0	1	0	0	0	0	0	0	0	1	3.5
1486	We should introduce compulsory voting	against	compulsory voting takes away an individual's right to their own mind	0	0	0	0	0	0	1	0	0	1	3.0
4971	There should be no illegal migration	in favor of	We must stop all loopholes - for example automatically rejecting asylum claims of anyone who enters Europe illegally.	0	0	1	0	1	0	0	0	0	1	3.0
3940	We should abolish the three-strikes laws	against	Three strikes laws are perfectly constitutional since the punishment isn't unusual and they are proportional to frequency of crime if not intensity of criminal action.	0	0	1	0	0	0	0	0	0	1	3.0
3604	We should abolish zoos	in favor of	zoos often exhibit poor standards of animal welfare, since they are designed to make money for their owners - it is essentially exploitation under the guise of environmental 'protection'.	0	1	1	0	0	0	0	0	0	1	3.0
7331	We should prohibit capital monopoly.	in favor of	Capital monopolies distort market prices and undermine fair competition in the market.	0	0	0	0	0	0	0	0	0	1	5.0
779	We should abolish safe spaces	in favor of	safe spaces create an unrealistic environment that doesn't exist in the real world.	0	0	0	0	0	0	0	0	0	1	5.0
4544	We should abandon the use of school uniform	against	Having school uniforms doesn't infringe on free speech since students can exercise that right in other ways.	0	0	0	0	0	0	0	0	0	1	5.0
2768	We should subsidize Wikipedia	against	wikipedia often provides biased, inaccurate information due to lax editing policies and procedures.	0	1	1	0	0	0	1	0	0	1	3.0
2464	We should legalize cannabis	in favor of	the war on drugs has not stopped people from using cannabis.	0	1	0	0	0	0	1	0	0	1	3.0
2911	We should abolish the three-strikes laws	against	We should not abolish the three-strikes laws because they are popular with voters and it would be undemocratic to remove them.	0	0	1	0	0	0	1	0	0	1	3.0
4057	We should abandon the use of school uniform	in favor of	we should abandon the use of school uniform since one should be allowed to express their individuality by the clothes they were.	0	0	0	0	0	0	1	0	0	0	3.0
6641	Surrogacy should be banned	against	surrogacy is the only way some couples can have a child of their own.	0	1	0	0	0	0	1	0	0	0	3.0
14	We should cancel pride parades	against	there are parades for every group and it is discrimination not to give gays their parade	0	0	0	0	0	0	0	0	0	1	5.0
3982	We should adopt gender-neutral language	in favor of	as there are many genders out there today, not using  gender-neutral language excludes far more people than in the past.	0	0	1	0	0	0	0	0	0	1	3.0
2329	We should legalize sex selection	in favor of	we should be able to choose the sex we wish to have.	0	0	0	0	0	0	1	0	0	0	3.0
1600	We should abolish zoos	against	zoos help conservation efforts and prevent extinction of animals in the wild. many zoos have a complex breeding network in place to specifically add to wild populations of animals outside of zoos.	0	1	0	0	0	0	0	0	0	1	3.5
18	We should ban algorithmic trading	in favor of	algorithms may not be 100% accurate and reflect the situation in the real market	0	0	0	0	0	0	0	0	0	1	5.0
908	We should prohibit school prayer	in favor of	religious beliefs are forced upon children and children of different religions may feel excluded	0	0	0	0	0	0	1	0	0	1	3.0
2668	We should prohibit school prayer	against	we shouldn't prohibit school prayer as it's a human right to be able to pray	0	0	0	0	0	0	1	0	0	0	3.0
3990	We should limit executive compensation	against	executives have a hard job and should be compensated for the high stress job they do	0	0	0	0	1	0	0	0	0	1	3.5
103	We should ban human cloning	in favor of	human cloning should be banned because it allows designer humans to be grown according to the parents wishes.	0	0	0	0	0	0	0	0	0	1	5.0
2650	We should abolish zoos	against	zoos make it possible to protect endangered animals from extinction	0	1	0	0	0	0	0	0	0	1	3.5
1087	We should subsidize Wikipedia	against	if the government gives wikipedia funds, wikipedia would be obligated to lean to their agenda	0	1	0	0	1	0	1	0	0	1	3.0
530	We should subsidize journalism	against	subsidizing journalism could raise questions about bias and editorial independence.	0	1	0	0	0	0	1	0	0	1	3.0
6506	Entrapment should be legalized	against	entrapment is deliberately temping others and should be banned.	0	1	1	0	0	0	1	0	0	1	3.0
5656	The vow of celibacy should be abandoned	in favor of	celibacy is responsible for the child abuse cover up by the catholic church	0	0	1	0	1	0	1	0	0	1	3.0
3235	We should subsidize space exploration	against	space exploration need only be done by the private sector.	0	1	0	0	0	0	0	0	0	0	3.5
4118	We should ban human cloning	in favor of	we should ban human cloning, the ethical issues this practice would raise are impossible to manage	0	1	1	0	0	0	0	0	0	1	3.0
5124	We need family and child protection against political agendas until their adulthood	in favor of	In fact, political NGOs advocating for any cause whatsoever should be banned from schools and kindergartens. 	0	0	1	0	0	0	1	0	0	1	3.0
5119	The EU should enforce the obligation to respect the Rule of Law within its borders	in favor of	Several member states have been turned into dictatorships a year ago, and there is no sign of a return to democracy. Freezing temporarily their EU membership status is to be considered to those where there is no more freedom in crossing borders (BE), even inside borders (DE, FR), no more press freedom (most), no more debate (most), no more press or individual liberty.	0	0	0	0	0	0	1	0	0	1	3.0
5713	Payday loans should be banned	against	payday loans offer a last resort to the economically marginalized.	0	1	1	0	0	0	1	0	0	1	3.0
6812	The vow of celibacy should be abandoned	in favor of	the vow of celibacy should be abandoned because it is not natural.	0	0	0	0	0	0	1	0	0	1	3.0
2797	We should adopt gender-neutral language	in favor of	we should adopt gender-neutral language because it will create a society where men are not more powerful and important than women.	0	0	0	0	0	0	0	0	0	1	5.0
7286	We should give up developing electric vehicles	in favor of	The number of charging infrastructure construction is not enough.	0	0	0	0	0	0	0	0	0	1	5.0
3155	We should subsidize journalism	against	journalists are not often regulated so anyone could say whatever they want and not be providing true information	0	1	0	0	0	0	0	0	0	1	3.5
6764	Payday loans should be banned	in favor of	this type of loans is not allowed by state law or because the lenders decided not to do business on the interest rate and the allowable installments in those states.	0	0	1	0	0	0	0	0	0	0	3.0
6918	Referendums are good for the society	against	Referendums provide an unreliable view, as the general public may have less knowledge about certain issues so they can be swayed in any direction by the politicians through aggressive speeches, false data, etc. And the lack of knowledge will leave no other choice for the people than to believe those facts.	0	1	0	0	0	0	1	0	0	1	3.0
1845	We should subsidize Wikipedia	against	other places can provide information for free so why should wikipedia get money for doing the same thing?	0	0	0	0	1	0	0	0	0	1	3.5
1580	We should ban algorithmic trading	against	Algorithmic trading is more likely to be traceable, making illegal data inputs such as insider information more difficult to use.	0	1	1	0	1	0	0	0	0	1	3.0
2178	We should abolish safe spaces	in favor of	they prevent people from being able to express their opinions that might bother someone	0	0	0	0	0	0	1	0	0	0	3.0
1598	We should adopt a multi-party system	in favor of	in a multi party system the general population have more of a choice in who their leaders are	0	0	0	0	1	0	1	0	0	0	3.0
6020	Entrapment should be legalized	against	entrapment should not be legalized because you are unfairly goading someone into committing a crime that they otherwise might not commit.	0	1	1	0	0	0	0	1	0	1	3.0
3841	We should ban fast food	against	people should be able to choose what they put into their bodies.	0	0	0	0	0	0	1	0	0	0	3.0
4210	We should adopt atheism	in favor of	atheism is a helpful belief, if everybody adopted it there would be no wars	0	0	0	0	0	0	0	0	0	1	5.0
5419	We should abandon television	in favor of	We should abandon television and put the content into our other formats which are typically more popular nowadays.	0	0	0	0	0	0	0	0	0	1	5.0
2111	We should ban factory farming	in favor of	factory farming treats live animals as a disposable item	0	0	0	0	0	0	0	0	0	1	5.0
2679	We should adopt a multi-party system	in favor of	a key advantage of a multi-party system is that voters have a choice of which political party they can choose to elect.	0	0	0	0	1	0	1	0	0	0	3.0
2866	We should ban the use of child actors	in favor of	child actors are really doing labor and child labor is against the law.	0	0	1	0	0	0	0	0	0	1	3.0
5827	Intelligence tests bring more harm than good	in favor of	intelligence tests are unscientific and only give a narrow, limited view of ones skills and abilities	0	0	0	0	0	0	0	0	0	1	5.0
4809	Intensive livestock farming should disappear	in favor of	sustainable and animal-friendly farms grow their own feed and create an ecological cycle.	0	0	0	0	0	0	0	0	0	1	5.0
6804	The vow of celibacy should be abandoned	in favor of	in a religious sense, the outdated vows of celibacy should be lifted.  priests should be allowed to marry and have sex like everyone else.	0	1	0	0	0	0	1	0	0	1	3.0
5870	Entrapment should be legalized	against	entrapment could lead to people being charged with crimes that they wouldn't have committed if the opportunity wasn't presented to them and should therefore not be legalized	0	1	1	0	0	0	1	0	0	1	3.0
3385	We should ban cosmetic surgery for minors	against	minors still have the ability to make choices, as long as there is informed consent.	0	0	0	0	0	0	1	0	0	0	3.0
959	We should adopt libertarianism	in favor of	Libertarianism increases individual liberties by preventing the government from controlling every aspect of our lives.	0	0	0	0	0	0	1	1	0	0	3.0
3836	We should abolish intellectual property rights	in favor of	ideas should be everyones not just one persons	0	0	0	0	0	0	1	0	0	1	3.0
7358	We should vigorously develop the countryside.	in favor of	The gap between rural and urban areas is getting bigger and bigger, and the result is that the countryside is deserted, a lot of land is barren, and China's arable land is decreasing.	0	0	0	0	0	0	0	0	0	1	5.0
4825	British people who are residents in an EU country should have EU-wide rights	against	The British people voted for Brexit, so now naturally they have to live with their choice.  It turns out you can't actually have your cake and eat it too.	0	1	0	0	0	0	1	0	0	0	3.0
5046	Council meetings should be open to the public and the press	in favor of	In order to strengthen democracy in the EU, Council meetings should be open to the public and the press. Only in open Council meetings are the Ministers of the Member States forced to clearly state the national interests they can vouch for in relation to their national partners and Voters. Together with the European Parliament, it focuses on an open political debate and decision-making process.	0	1	0	0	0	0	0	0	0	1	3.5
237	We should ban the use of child actors	in favor of	the world of acting is a high pressure, extremely stressful place and children should be protected from it.	0	1	1	0	0	0	0	0	0	0	3.0
1956	We should ban whaling	in favor of	whaling should be banned as a matter of urgency. cruelty to such majestic, large animals is inhumane and unnecessary.	0	0	1	0	0	0	0	0	0	1	3.0
2791	We should abolish zoos	against	Zoos protect many of the near extinct animals and should be kept open.	0	1	0	0	0	0	0	0	0	1	3.5
52	We should abolish intellectual property rights	in favor of	ip rights enable large corporations to have a stranglehold over creators designs and work and should be abolished	0	0	0	0	0	0	1	0	0	0	3.0
842	We should introduce compulsory voting	in favor of	elections are supposed to be won by the opinion of the people.  if only a select few people vote, then the result only reflects their opinions, not that of the whole population.	0	0	1	0	1	0	0	0	0	1	3.0
5544	Holocaust denial should be a criminal offence	against	people have a right to say and believe whatever they want. you can't criminalize people's thoughts.	0	0	0	0	0	0	1	0	0	1	3.0
4840	Immigrants should receive help from the EU through integration programs	against	Indigenous Europeans have no obligation to take in any more migrants, and neither do they want to. This is being forced on us.	0	0	0	0	0	0	1	0	0	1	3.0
2625	We should ban human cloning	in favor of	human cloning should be banned as it is equivalent to playing god.	0	1	1	0	0	0	0	0	0	0	3.0
3850	We should legalize organ trade	against	legalizing the organ trade will create a system where the poor are exploited for their organs	0	0	0	0	0	0	0	0	0	1	5.0
3542	We should subsidize Wikipedia	against	we shouldn't give money to a site where anyone can edit articles to give false information.	0	1	0	0	0	0	0	0	0	1	3.5
296	We should abolish capital punishment	in favor of	capital punishment is seen as a cruel and inhumane way of treating prisoners.	0	0	0	0	0	0	0	0	0	1	5.0
6709	Holocaust denial should be a criminal offence	against	people lie about things all the time, so who is to decide which lies are worthy of a criminal offense and which aren't?	0	0	0	0	1	0	1	0	0	1	3.0
1335	We should abolish zoos	against	zoos are working to breed endangered species	0	1	0	0	0	0	0	0	0	1	3.5
4741	US-Mexico border wall is a good thing	against	According to the reports, illegal crossing of the borders has actually decreased from the year 2014 to 2015 which renders no use in building the wall.	0	0	0	0	0	0	0	0	0	1	5.0
4159	We should abolish the Olympic Games	in favor of	they are a distraction from everyday life	0	1	1	0	0	0	0	0	0	1	3.0
3540	We should ban whaling	in favor of	whaling is carried out in an indiscrimate and inhumane manner, driving certain species to the brink of extinction.	0	0	0	0	0	0	0	0	0	1	5.0
6728	Holocaust denial should be a criminal offence	against	it should not a criminal offence as it is just an opinion rather than actually committing a crime.	0	0	0	0	0	0	1	0	0	1	3.0
3007	We should subsidize journalism	against	journalism that is subsidized by the government will lead to censoring the media from reporting negative things about the government.	0	1	0	0	0	0	1	0	0	1	3.0
4987	We need a better distribution of refugees	against	The dividing of refugees is a long-discussed plan. But in the end, no involved group agreed with these plans. Some countries do not like these people at all. 	0	0	0	0	0	0	1	0	0	1	3.0
6964	Hindi should be the national language of India	against	Almost half of India’s mother tongue is not Hindi. There are 22 officially recognized regional languages in India. Making a majoritarian language the national language is unconstitutional.	0	0	1	0	0	0	0	0	0	1	3.0
2466	We should adopt a zero-tolerance policy in schools	against	in many cases punishment does not match crime	0	1	0	0	0	0	0	0	0	1	3.5
1337	We should ban factory farming	in favor of	factory farming is cruel to the animals that are forced into a much smaller space than they would have in nature. therefore it should be banned.	0	0	1	0	0	0	1	0	0	1	3.0
3868	We should subsidize Wikipedia	against	we should not subsidize wikipedia because peoples opinions will get in the way of truth.	0	1	0	0	0	0	1	0	0	1	3.0
1776	We should abolish zoos	in favor of	confining animals in small spaces is cruel.	0	0	0	0	0	0	0	0	0	1	5.0
2975	We should introduce compulsory voting	against	american citizens have the right to choose whether or not they want to vote.	0	0	0	0	0	0	1	0	0	0	3.0
13	We should subsidize journalism	in favor of	It is important for news organizations to transfer to new forms of media, like the internet, but it is costly and requires subsidization.	0	0	0	0	0	0	1	0	0	0	3.0
19	We should legalize organ trade	in favor of	We should legalize the organ trade because currently people are punished for obeying the law and not purchasing organs, in the form of longer wait times.	0	1	0	0	0	0	0	0	0	1	3.5
1561	We should abandon the use of school uniform	against	School uniforms reduce bullying. Poor kids aren't a target to be laughed at because their clothes aren't fashionable or expensive.	0	0	1	0	0	0	0	0	0	1	3.0
4912	The European Union should implement a EU wide carbon tax	in favor of	Eventually, the best solution would be a world wide agreement (as within OECD and like minded) such as the global minimum tax rate.	0	0	1	0	0	0	0	0	0	1	3.0
3543	We should adopt libertarianism	in favor of	libertarianism should be adopted as it will give more freedom to people to live their lives as they wish.	0	0	0	0	0	0	1	1	0	0	3.0
3176	We should ban human cloning	against	without further testing and experimentation, the outcome of human cloning will never be known so should not be banned.	0	0	0	0	0	0	1	0	0	0	3.0
1788	We should adopt gender-neutral language	in favor of	we should because times are changing and people are not sure of their gender anymore so it stops people being offended.	0	0	1	0	0	0	0	0	0	1	3.0
7292	We should ban the trading of virtual currencies.	in favor of	Virtual currency-related business activities are illegal financial activities, and the provision of services by overseas virtual currency exchanges to Chinese residents through the Internet is also illegal financial activities.	0	0	1	0	0	0	0	0	0	0	3.0
877	We should abolish the three-strikes laws	in favor of	minorities are more likely to be prosecuted and therefore have prior offences so this is unfairly applied	0	1	0	0	0	0	0	0	0	1	3.5
6923	India should transition to electric vehicles	in favor of	As of 2019, India is importing crude oil for 82% of its oil requirement. By using electric vehicles, we can reduce the dependence on other countries for oil imports.	0	0	0	0	0	0	1	0	0	1	3.0
61	We should abolish intellectual property rights	in favor of	ideas are free thoughts so it's not fair for one person to profit off of it	0	0	0	0	0	0	1	0	0	1	3.0
5151	Ideology should be aimed at popularizing the best human qualities and stopping everything that is directed against a human	in favor of	Aggression, division, and violence we see in mass media should be stopped. Only the best human qualities should be promoted, this way we will raise a generation of kind, caring, and responsible people.	0	1	1	0	0	0	0	0	0	0	3.0
4527	We should ban the use of child actors	in favor of	children shouldn't be in the eye of the public all the time and banning child actors would enable all children to grow up out of the spotlight.	0	1	1	0	0	0	1	0	0	1	3.0
6839	Holocaust denial should be a criminal offence	in favor of	it should be a criminal offence as it was a factual genocide of epic proportions  and to deny it is to trivialize the extermination of jews and other groups and communities	0	0	1	0	0	0	0	0	0	1	3.0
4251	We should adopt a zero-tolerance policy in schools	against	zero tolerance policies don't allow for adminstrators to use their judgement to administer punishment	0	0	0	0	1	0	1	0	0	1	3.0
3058	We should prohibit school prayer	in favor of	we should prohibit school prayer, the us courts have consistently ruled that it is unconstitutional	0	0	1	0	0	0	1	0	0	0	3.0
5051	The EU should synchronize national elections 	in favor of	Synchronizing national elections would allow European citizens to engage in major pan-European campaigns.	0	0	0	0	1	0	0	0	0	0	3.5
3440	We should adopt atheism	in favor of	we should adopt atheism until it can be proven that god is real.	0	0	0	0	0	0	0	0	0	1	5.0
3302	We should ban missionary work	in favor of	Missionary work isn't suitable to our times, and to be honest it was always patronizing and westernizing.	0	0	1	0	0	0	0	0	0	1	3.0
4339	We should adopt gender-neutral language	in favor of	we live in a modern world where men and women should have the same opportunities.  many sexists words like anchorman for example give the impression that jobs are only for certain sexes.	0	0	0	0	0	0	0	0	0	1	5.0
2978	We should abolish zoos	in favor of	it is unfair to trap animals from their natural habitat and confine them to small spaces for entertainment.	0	0	1	0	0	0	0	0	0	1	3.0
4454	We should subsidize embryonic stem cell research	against	Embryonic stem cell research is unethical because it uses the bodies of unborn babies.	0	0	1	0	0	0	0	0	0	1	3.0
1220	We should legalize sex selection	in favor of	sex selection should be legal for parents to select the sex of the child.  parents with all boys or all girls should have the choice of selecting the other sex.	0	1	0	0	0	0	1	1	0	1	3.0
56	We should ban whaling	in favor of	whaling is a barbaric practice that destroys majestic animals	0	0	0	0	0	0	0	0	0	1	5.0
1660	We should abolish the Olympic Games	in favor of	there is too much scandal and controversy that comes out every time the olympics come around.	0	1	1	0	0	0	0	0	0	0	3.0
2750	We should limit judicial activism	in favor of	judicial activism should be limited because law making is best done by the legislative and executive branches of government	0	0	1	0	1	0	0	0	0	1	3.0
150	We should adopt gender-neutral language	in favor of	there are far more than two genders today, and thus, gender-neutral language only makes sense.	0	1	1	0	0	0	0	0	0	1	3.0
389	We should legalize cannabis	against	cannabis has never been scientifically proven to help any conditions.	0	0	0	0	0	0	0	0	0	1	5.0
1728	We should ban private military companies	in favor of	private military companies can hold bias and due to past experiences and can result in dangerous sctivities for the wrong reasons.	0	0	0	0	0	0	0	0	0	1	5.0
204	We should adopt a zero-tolerance policy in schools	in favor of	a zero tolerance policy will scare the children into behaving and following the rules.	0	0	1	0	0	0	0	0	0	0	3.0
4270	We should ban whaling	in favor of	Whales are sentient, intelligent creatures and as such, have a right to life.	0	0	0	0	0	0	0	0	0	1	5.0
858	We should abolish zoos	against	zoos provide the only places for some endangered species to survive that they are essential and we should not abolish them we need to support them and their breeding programs.	0	0	0	0	0	0	0	0	0	1	5.0
459	We should adopt gender-neutral language	in favor of	if everything was spoken about gender neutrally then no one would be offended.	0	1	1	0	0	0	0	0	0	1	3.0
5418	The use of public defenders should be mandatory	in favor of	if everyone had to use a public defender, it would be fairer as their representation would not be dependent on their income.	0	0	0	0	0	0	0	0	0	1	5.0
3934	We should ban algorithmic trading	in favor of	algorithmic trading gives an unfair advantage to traders who can afford the best computers and internet connections -- i.e. those who are already rich.	0	0	0	0	0	0	0	0	0	1	5.0
262	We should adopt atheism	against	freedom to choose what someone believes in is a right	0	0	0	0	0	0	1	0	0	1	3.0
6427	We should subsidize vocational education	against	subsidizing vocational education is unnecessary as those who have learnt trades can end up making a lot of money.	0	0	0	0	0	0	1	0	0	0	3.0
4329	We should adopt libertarianism	in favor of	libertarianism focuses on the individual and personal responsibility in making their own decisions	0	1	0	0	0	0	1	0	0	0	3.0
3860	We should oppose collectivism	in favor of	We should oppose collectivism as it forces people to be part of group mentality in order to achieve anything.	0	0	0	0	0	0	1	0	0	0	3.0
138	We should adopt atheism	in favor of	not everybody believes in or practices a religion so we should adopt atheism for them	0	0	0	0	0	0	1	0	0	1	3.0
6261	Assisted suicide should be a criminal offence	in favor of	assisted suicide is too risky as someone may not be in the right frame of mind to decide if they really want to die. if you get it wrong then it could end up being murder.	0	1	0	0	0	0	0	0	0	1	3.5
2567	We should abolish zoos	in favor of	zoo's are horrid places that keep animals in tiny cages and then charges the public high prices to see them.	0	0	0	0	1	0	0	0	0	1	3.5
6703	Assisted suicide should be a criminal offence	against	if someone wishes to die and they are unable to do it it ought to be legal to receive assistance	0	1	0	0	0	0	1	0	0	0	3.0
4721	Triple Talaq should be abolished	in favor of	Triple Talaq does not follow Quranic guidelines of discussion, arbitration to settle disputes, witnesses to divorce, the specified time period to reconcile, or even a genuine attempt to resolve differences.	0	0	1	0	0	0	0	0	0	1	3.0
4513	We should ban telemarketing	against	telemarketing allows consumers to hear information about products they might might not otherwise have the opportunity to learn about.	0	0	0	0	0	0	1	0	0	1	3.0
4218	We should abandon the use of school uniform	in favor of	school uniforms restrict students to make their own decisions and choices	0	0	0	0	0	0	1	1	0	1	3.0
2614	We should abolish safe spaces	in favor of	safe spaces may be the intention but people do not necessarily adhere to such titles and their would be no differentiation of a safe space vs. negative.	0	1	0	0	0	0	0	1	0	1	3.0
5441	Holocaust denial should be a criminal offence	in favor of	holocaust denial should be a offence as this was a heinous act that was committed against the jews and its deeply offensive for the jewish community that some people deny it occurred.	0	0	0	0	0	0	0	0	0	1	5.0
2903	We should legalize prostitution	in favor of	women should have the right to decide what to do with their body and that should include being able to sell it.	0	0	0	0	1	0	1	1	0	0	3.0
2320	We should limit judicial activism	in favor of	judicial activism provides a limited view of procedure	0	0	1	0	0	0	0	0	0	1	3.0
4352	We should introduce compulsory voting	against	people should have the right to not vote.	0	0	0	0	0	0	1	0	0	0	3.0
6342	Intelligence tests bring more harm than good	in favor of	measuring human intelligence based only on a standard iq test is highly deceptive	0	0	1	0	0	0	0	0	0	1	3.0
5834	Social media brings more harm than good	in favor of	social media provides an easy and anonymous way for bullies to do their worst	0	1	1	0	0	0	1	0	0	0	3.0
7019	We should prohibit the sale of washing machines without suitable filters	in favor of	Prohibiting washing machines without suitable filters will prevent groundwater pollution.	0	0	0	0	0	0	0	0	0	1	5.0
211	We should ban human cloning	in favor of	humans don't have the right to play god with genetics	0	0	1	0	0	0	0	0	0	0	3.0
4604	Political parties should be brought under RTI (Right to Information) Act	against	There are adequate provisions in the Income Tax law and with the Election Commission so that people can have whatever information they want.	0	1	0	0	0	0	0	0	0	1	3.5
326	We should cancel pride parades	against	pride parades are important to understanding others	0	0	0	0	0	0	0	0	0	1	5.0
3178	We should adopt atheism	in favor of	atheism allows for an even playing field, removes the fighting over which religion is superior over another.	0	0	0	0	0	0	0	0	0	1	5.0
3784	We should ban human cloning	in favor of	we should ban human cloning because it is against the natural law and it is morally wrong	0	0	1	0	0	0	0	0	0	1	3.0
781	We should limit executive compensation	in favor of	if a company has received enough profits to offer bonuses to their executives, the money could be better spent on giving bonuses to poorer staff members at the bottom of the chain.	0	0	0	0	1	0	0	0	0	1	3.5
1381	We should abandon the use of school uniform	in favor of	school uniforms create an army-like environment and create a world of robots	0	0	0	0	0	0	1	0	0	1	3.0
3328	We should ban cosmetic surgery for minors	against	if they are not harming anyone and it is safe then let them get cosmetic surgery	0	0	0	0	0	0	1	0	0	1	3.0
1769	We should limit judicial activism	in favor of	the judicial system requires independence, judicial activists undermine this independence and the practice should be limited.	0	0	1	0	0	0	1	0	0	1	3.0
2544	We should legalize organ trade	against	the organ trade will mainly use poorer people to provide organs for the rich.	0	1	0	0	0	0	0	0	0	1	3.5
4282	We should legalize sex selection	against	we shouldn't because that should be decided naturally.	0	0	0	0	0	0	0	0	0	1	5.0
5648	Surrogacy should be banned	against	surrogacy allows women to be a mother and love a child she normally couldn't.	0	1	0	0	0	0	1	0	0	1	3.0
694	We should ban whaling	in favor of	it is harmful and may lead to whale extinction.	0	1	1	0	0	0	0	0	0	1	3.0
4964	We need a better EU migration policy 	in favor of	his is the issue in politics and public sector policy making. No objectives are to be pursued. No problems to be solved. I guess it is the nature of the beast. Balancing conflicting interests. 	0	0	0	0	0	0	1	0	0	1	3.0
5020	The EU should implement a common pension fund	in favor of	I find it distressing and unreasonable to force an individual to leave behind their hard-earned pension pot. There should be a mechanism that stops this practice. Just as I can move myself, my family, furniture, car, and bank accounts freely within the EU, I should have the same right to move and merge my pensions into a single unit. 	0	0	0	0	0	0	1	0	0	1	3.0
403	We should ban human cloning	in favor of	human cloning is unethical and has repercussions that we do not even know yet.	0	1	0	0	0	0	0	0	0	1	3.5
4355	We should legalize sex selection	in favor of	this will lead to fewer unwanted children and improve parental satisfaction	0	1	0	0	0	0	1	0	0	1	3.0
125	We should end the use of economic sanctions	against	economic sanctions are often a proportional punishment	0	0	0	0	0	0	0	0	0	1	5.0
3571	We should ban private military companies	in favor of	only the federal government should be allowed to handle any military training.	0	0	0	0	1	0	0	0	0	0	3.5
479	We should abolish zoos	in favor of	zoos trap animals into a meaningless life only to amuse human onlookers	0	1	0	0	0	0	0	0	0	1	3.5
825	We should limit judicial activism	in favor of	judges who rule based on their own personal and political beliefs usurp the power of our elected officials and are violating our constitutional rights,	0	0	1	0	1	0	0	0	0	1	3.0
4309	We should limit executive compensation	in favor of	we must provide oversight to companies that are overcharging for products and services and providing executive compensation above what is reasonable.	0	1	0	0	0	0	0	0	0	1	3.5
184	We should legalize sex selection	in favor of	sex selection is the perfect solution to a family that has a history of all one gender.  many families want the perfect one and one so it's perfect for those as well.  it's a win no matter how you look.	0	1	0	0	0	0	1	0	0	1	3.0
5396	Holocaust denial should be a criminal offence	against	what one chooses to believe or not to believe should be at their discretion.	0	0	0	0	0	0	1	0	0	1	3.0
2665	We should abolish zoos	against	zoos do very important work for conservation. their breeding programmes have stopped some species from becoming extinct.	0	1	0	0	0	0	0	0	0	1	3.5
254	We should end the use of economic sanctions	in favor of	economic sanctions hurt the poorest people of a nation	0	0	0	0	1	0	0	0	0	1	3.5
5233	There should be no immigration from non-European or non-first-world countries 	in favor of	I am happy to see that the ide of haling all immigration from non-European or non-first-world countries is still going strong. This message needs to be communicated to Brussels very clearly. 	0	0	0	0	1	0	1	0	0	1	3.0
5589	Foster care brings more harm than good	against	The overwhelming experience shows that in care and health, decentralized and deinstitutionalized systems perform better and spend less than a massive state apparatus.	0	0	0	0	1	0	1	0	0	0	3.0
4459	We should adopt atheism	in favor of	atheism allows for the decrease in religious discrimination and would maintain equal practices to insure that peole are treated equally with the shared lack of religious faith.	0	0	0	0	0	0	0	0	0	1	5.0
5108	The EU should prohibit, and end funding for activities that presuppose the destruction of human embryos, in particular in the areas of research, development aid, and public health	in favor of	Nothing illustrates to me more the fall of European ethics than pro-abortion arguments. Nobody can dispute that a baby in the womb is alive and human, and yet people call their killing a 'human right'. How could we fall so low?	0	1	1	0	0	0	0	0	0	1	3.0
701	We should abolish zoos	in favor of	animals deserve to be in the wild, with access to large open spaces not available at a zoo.	0	0	0	0	0	0	0	0	0	1	5.0
541	We should subsidize student loans	against	tax payers shouldn't have to pay for other people to have an education when they dint get the same chances.	0	0	0	0	1	0	1	0	0	1	3.0
3801	We should introduce compulsory voting	against	people have self ownership and can choose to not vote	0	0	0	0	0	0	1	0	0	0	3.0
514	We should ban the use of child actors	in favor of	the use of child actors exploits a child and can have negative effects on them	0	1	0	0	0	0	1	0	0	0	3.0
286	We should ban targeted killing	in favor of	it is really just another name for assassination	0	0	1	0	0	0	0	0	0	1	3.0
5854	Homeschooling should be banned	against	homeschooling is best for children where the schools in the area are not conducive to learning	0	1	0	0	0	0	1	0	0	0	3.0
379	We should ban cosmetic surgery for minors	against	every one has the right to choose what they want to do with their bodies, it isn't in our place to decide if cosmetic surgery is bad for minors.	0	0	1	0	0	0	1	0	0	1	3.0
5570	Intelligence tests bring more harm than good	in favor of	Intelligence tests bring more harm than good because they undermine self esteem for children with lower scores than their classmates.	0	0	0	0	0	0	0	0	0	1	5.0
2648	We should ban missionary work	in favor of	We should ban missionary work because it convinces people to abandon their culture and adopt a dominant, colonial culture instead, which damages our shared cultural heritage.	0	0	0	0	0	0	1	0	0	1	3.0
5468	The use of public defenders should be mandatory	in favor of	public defenders should be available to everyone and mandatory to use. they conform more to the laws in place and are impartial in the criminal procedures	0	0	1	0	0	0	0	0	0	1	3.0
2380	We should end mandatory retirement	in favor of	people should be allowed to retire when they are ready	0	0	0	0	0	0	1	0	0	0	3.0
653	We should oppose collectivism	in favor of	people should be encouraged to individuals	0	0	1	0	0	0	0	0	0	0	3.0
1139	We should limit executive compensation	in favor of	they earn the wage they make for their job so why so they get extra?	0	0	0	0	0	0	0	0	0	1	5.0
1537	We should end the use of economic sanctions	against	if a government is doing something wrong like apartheid we should not be trading with them as it shows support for that behaviour.	0	1	0	0	1	0	0	0	0	1	3.5
2185	We should subsidize embryonic stem cell research	against	stem cell research will encourage more abortions	0	0	1	0	0	0	0	0	0	1	3.0
3979	We should legalize prostitution	in favor of	a man or woman has the right to do what they wish with their body, and if they choose to sell it for sex, the government should not interfere.	0	0	0	0	0	0	1	0	0	0	3.0
1640	We should introduce compulsory voting	in favor of	compulsory voting would ensure that everyone becomes engaged in the political process and it would be the true voice of the people rather than the voice of the minority  who vote.	0	1	0	0	1	0	0	0	0	1	3.5
4362	We should ban whaling	against	there should be no difference between killing one animal and another. if it is acceptable to kill a cow it should be acceptable to eat a whale.	0	0	0	0	0	0	0	0	0	1	5.0
334	We should ban cosmetic surgery for minors	in favor of	Allowing cosmetic surgery for minors makes it easy for minors to pressure well-intentioned parents even if it is objectively a bad decision. A ban prevents parents from being put in this situation.	0	1	0	0	0	0	0	0	0	1	3.5
4048	We should ban missionary work	in favor of	missionary work tries to inflict other's beliefs onto people in more vulnerable circumstances.	0	0	1	0	0	0	1	1	0	1	3.0
7294	We should ban the trading of virtual currencies.	against	Virtual currencies have changed the way of commercial realization. The birth of virtual currency, the token system, is designed to overturn the current business logic.	0	0	0	0	0	0	1	0	0	0	3.0
3519	We should subsidize journalism	in favor of	fair and honest journalism is important and should be subsidized for the benefit of all	0	1	0	0	0	0	0	0	0	1	3.5
4565	We should abolish zoos	against	Zoos are places that protect and breed animals that would otherwise become extinct.	0	0	0	0	0	0	0	0	0	1	5.0
6631	Assisted suicide should be a criminal offence	in favor of	assisted suicide should be a criminal offence because no one has a right to take another persons life or to help them	0	0	1	0	0	0	0	0	0	1	3.0
2080	We should introduce compulsory voting	against	people have a right to vote and they also have a right not to vote if they don't like any of the candidates	0	1	0	0	0	0	1	0	0	0	3.0
363	We should abolish zoos	in favor of	we should abolish zoos because it dangerous and not good for the animals to be out of their natural habitat just for the purpose of human entertainment	0	0	0	0	0	0	0	0	0	1	5.0
2138	We should adopt a zero-tolerance policy in schools	against	a zero-tolerence is too harsh, children get reprimanded for even the most innocent act.	0	1	0	0	0	0	0	0	0	1	3.5
267	We should limit judicial activism	in favor of	judicial activism is biased and should be trashed.	0	0	0	0	0	0	0	0	0	1	5.0
6674	Surrogacy should be banned	against	surrogacy is often the only means whereby some couples, such as gay or infertile couples, can have a family of their own that is at least in part genetically related to them	0	1	0	0	0	0	1	0	0	1	3.0
4561	We should legalize cannabis	in favor of	people have the right to live their lives in any way they choose and the government doesn't have the right to tell adults what they can put in their own bodies	0	0	0	0	0	0	1	0	0	0	3.0
7102	We should sop unrestricted deforestation and logging	in favor of	Wood should be used as building material & other meaningful products only. Anything else is a waste of resources. No fresh wood for paper, fast furniture 	0	0	0	0	0	0	0	0	0	1	5.0
1507	We should adopt a multi-party system	in favor of	In a multi-party system, minority needs are better catered to.	0	0	0	0	0	0	0	0	0	1	5.0
6408	Foster care brings more harm than good	against	people who provide foster care do so because they want to provide a loving home for children	0	1	0	0	0	0	0	0	0	0	3.5
6256	Foster care brings more harm than good	against	orphanages cannot give kids the personal care that foster parents can.	0	1	0	0	0	0	0	0	0	1	3.5
5939	Holocaust denial should be a criminal offence	against	free speech can't be restricted and people are allowed to believe what they want, it doesn't harm anyone else for one person to think the holocaust wasn't real.	0	0	0	0	0	0	1	0	0	1	3.0
3907	We should ban fast food	against	banning fast food won't change anyone's diet because unhealthy choices will still be there	0	0	0	0	0	0	1	0	0	1	3.0
3659	We should abolish intellectual property rights	in favor of	it is very difficult to define and identify and intellectual property.	0	0	0	0	0	0	1	0	0	1	3.0
3507	We should ban whaling	in favor of	we should ban whaling because they are becoming closer to being extinct.  no animal should be killed when there is not an abundance of their species.	0	0	0	0	0	0	0	0	0	1	5.0
1900	We should adopt a zero-tolerance policy in schools	against	zero-tolerance results in an overly disciplinarian approach, and is unable to distinguish between all the subtle gradations of rule-breaking.	0	1	0	0	0	0	0	0	0	1	3.5
1041	We should adopt a multi-party system	in favor of	multi-party systems provide many new sources of views on relevant topics	0	1	0	0	0	0	1	0	0	1	3.0
6116	Holocaust denial should be a criminal offence	against	holocaust denial is a is a form of free speech, and is thus protected by the first amendment.	0	0	0	0	0	0	1	0	0	1	3.0
1296	We should legalize organ trade	against	we shouldn't legalize organ trade because is horror for familiys	0	1	1	0	0	0	0	0	0	0	3.0
1535	We should legalize prostitution	against	Prostitution promotes the repression of women by men. Legalizing prostitution condones such behavior.	0	0	1	0	0	0	0	0	0	1	3.0
4180	We should cancel pride parades	against	pride parades are a way for people to express their individualities and rights.	0	0	0	0	0	0	1	0	0	1	3.0
442	We should ban whaling	in favor of	we should ban whaling because there is very little profit in the business and does nothing but kill fairly rare animals.	0	0	1	0	1	0	0	0	0	1	3.0
5851	Homeschooling should be banned	against	a parent knows best what is good for their kid	0	1	0	0	0	0	1	0	0	0	3.0
3206	We should legalize organ trade	against	Legalizing organ trade will cause organs to go to the highest bidder rather than to those most in need.	0	1	0	0	0	0	0	0	0	1	3.5
1150	We should end mandatory retirement	in favor of	mandatory retirement is purely age discrimination	0	0	0	0	0	0	1	0	0	1	3.0
5223	The EU itself and its people should understand and accept there are a lot of Europeans outside the EU. EU does not equal to Europe	against	The EU is an association, an international organization, and has nothing to do with Europe as a territory. European people may live inside or outside the EU. I think has nothing to do with arrogance. 	0	0	0	0	0	0	1	0	0	1	3.0
6096	Surrogacy should be banned	against	surrogacy should not be banned because it allows couples who are infertile and homosexual males to become parents	0	1	0	0	0	0	1	0	0	1	3.0
258	We should abolish capital punishment	in favor of	recent dna evidence have proved that some death penalty inmates to be innocent. executing one innocent person is an enough proof that the capital punishment should be abolished.	0	1	0	0	0	0	0	0	0	1	3.5
329	We should abolish safe spaces	in favor of	we should abolish safe spaces because those who are easily offended need to grow up	0	0	0	0	0	0	1	0	0	0	3.0
4424	We should abolish the three-strikes laws	against	we should not abolish the three-strikes laws because the criminal deserves what they did and justice must be done unto them	0	1	1	0	0	0	0	0	0	1	3.0
84	We should ban missionary work	in favor of	missionary work plays on the ignorance of local people to exploit them	0	0	1	0	0	0	0	0	0	1	3.0
3815	We should introduce compulsory voting	in favor of	compulsory voting would require everyone to participate in our democracy and ensure that a candidate is selected by more than just the 10 or 20 percent of the population that gets out to vote.	0	1	0	0	1	0	0	0	0	1	3.5
5272	The EU must take the lead for the Middle East.	in favor of	I would like to strongly support the need for Europe to gain back an active role in the diplomatic efforts to try to stabilize the Middle East and in particular to find a just and fair solution to the Israel - Palestine conflict. I remember that the European Union - with the Venice Declaration of June 1980 - played a key role in pushing the Palestinians to the table of negotiations. That text was much criticized at that time, but with the benefit of insights, it was right! Europe has become more and more marginal in the peace process and this has contributed to a much-aggravated situation where problems are even more difficult to resolve than 40 years ago and create room for despair and violence. 	0	0	0	0	1	0	0	0	0	1	3.5
2199	We should abolish zoos	against	many zoos are involved in conservation projects- without them animals would go extinct	0	1	0	0	0	0	0	0	0	1	3.5
2184	We should abolish zoos	against	a zoo provides care for animals that are separated from their families	0	1	0	0	0	0	0	0	0	1	3.5
3689	We should end the use of economic sanctions	in favor of	economic sanctions will hit poorer people in the affected country more than politicians.	0	0	0	0	1	0	0	0	0	1	3.5
3438	We should abolish the three-strikes laws	in favor of	it causes people to receive disproportionately high sentences for petty crimes	0	0	0	0	0	0	0	0	0	1	5.0
4605	Political parties should be brought under RTI (Right to Information) Act	in favor of	The RTI Act has provisions under section 8 which mention the concept of Competitive Interest. Certain exemptions are provided in cases where it can be proved that divulging information can hurt the Competitive Advantage of the party. This is not just a problem with Political Parties but a lot of Government and Private bodies too.	0	1	1	0	0	0	1	0	0	1	3.0
5464	Surrogacy should be banned	against	Surrogacy is the only way that some couples will ever be able to have a child.	0	1	0	0	0	0	0	1	0	1	3.0
8	We should adopt an austerity regime	against	adopting austerity regime will have very negative impact on the poor and the vulnerable in society.	0	0	0	0	0	0	0	0	0	1	5.0
6012	Social media brings more harm than good	in favor of	Social media sucks people in and causes them to waste time they could be using productively.	0	0	1	0	0	0	1	0	0	0	3.0
4992	We need a better distribution of refugees	against	The key to successful immigration depends upon the possibility of employment.  So EU members are to decide whom they want to admit.  	0	0	0	0	1	0	1	0	0	0	3.0
279	We should ban algorithmic trading	against	algorithmic trading provides people with more opportunities when it comes to trading.	0	1	0	0	0	0	1	0	0	0	3.0
295	We should abolish zoos	against	they should not abolish zoos since many are in danger of extinction, which need strategic places for scientific study or the collection of funds to finance projects.	0	0	0	0	0	0	0	0	0	1	5.0
4365	We should abolish intellectual property rights	against	if a company created something, we shouldn't just let everybody else copy them	0	0	0	0	0	0	1	0	0	1	3.0
290	We should subsidize journalism	against	aren't subsidies opening the door for manipulating journalists and inducing media bias in favor of the government?	0	0	0	0	0	0	1	0	0	1	3.0
2265	We should abolish zoos	against	zoos are a good way to keep animal numbers up	0	1	0	0	0	0	0	0	0	1	3.5
4742	India should accept Rohingya refugees	in favor of	India has always been kind to refugees. Hence, the same spirit should be continued in the case of Rohingya community.	0	1	0	0	0	0	0	0	0	1	3.5
3226	We should limit judicial activism	in favor of	judicial activism enables  judges to override any law that exists, which means new rules will be created and the existent laws might not be followed.	0	0	1	0	0	0	0	0	0	1	3.0
7122	We should not produce unnecessary garbage	in favor of	Things that are one-time use only, like most packaging and the like, should be radically focused on recycling potential.	0	0	0	0	0	0	0	0	0	1	5.0
5277	 Foreign Policy at the EU level should be based on an absolute majority, not unanimity.	against	Abolishing the veto right in the current EU foreign policy voting procedure will only serve larger nations in the union and small member states would lose all their power and slowly turn into puppets of the larger nations instead of equal partners 	0	0	0	0	1	0	1	0	0	1	3.0
2146	We should abolish intellectual property rights	in favor of	we should abolish intellectual property rights because new ideas are often an extension of old ideas and intellectual property rights can therefore inhibit creativity.	0	0	0	0	1	0	1	0	0	1	3.0
3685	We should ban fast food	against	you can't govern what an individual chooses to eat	0	0	0	0	0	0	1	0	0	0	3.0
4099	We should end mandatory retirement	in favor of	no single person should be compeled to give up their jobs due to certain things hence mandatory retirement is wrong.	0	0	0	0	0	0	1	0	0	1	3.0
3087	We should subsidize student loans	against	if people want to go to college, they need to work hard and earn enough to go	0	1	0	0	0	0	1	0	0	0	3.0
4058	We should abandon the use of school uniform	against	it is a good way to instill discipline	0	1	1	0	0	0	0	0	0	0	3.0
7206	We should prevent the surveillance state	in favor of	Excessive surveillance preemptively assumes everyone is a potential criminal and definitely undermines the basic human right of autonomy and self-determination. 	0	0	1	0	0	0	1	0	0	1	3.0
4731	News channels are breaking rules to give Breaking news	in favor of	Reporters often try to make victims speak on the incident. Even in the cases of death, reporters rush to the incident and ask questions the victim's family, when they really need some space and time to grieve.	0	0	1	0	0	0	1	0	0	0	3.0
5703	Foster care brings more harm than good	against	couples who cannot have children of their own, are able to love and care for a child	0	1	0	0	0	0	0	1	0	0	3.0
5377	Food whose production has been subsidized with EU funds should not be allowed to be exported to developing countries.	in favor of	These products come mainly from large enterprises, which do not necessarily focus on environmental protection.	0	1	0	0	0	0	0	0	0	1	3.5
1994	We should abolish zoos	in favor of	zoos constrict wild animals to enclosures not suitable for them purely for enjoyment	0	1	0	0	0	0	0	0	0	1	3.5
6436	Assisted suicide should be a criminal offence	against	people should not have to suffer unduly and a person that assists them in ending it should not be a criminal.	0	0	0	0	0	0	1	0	0	0	3.0
4752	Betting and gambling should be legalized in India	against	There is no guarantee that illegal gambling activities will stop.	0	0	1	0	0	0	0	0	0	0	3.0
5691	Foster care brings more harm than good	against	most foster families are good and provide a safe environment.	0	1	0	0	0	0	0	0	0	0	3.5
368	We should subsidize journalism	against	when you subsidize journalism you are making the reporting agency less likely to report anything bad about the place that is providing the funding. therefore you are getting less accurate news.	0	1	0	0	0	0	1	0	0	1	3.0
2919	We should adopt libertarianism	in favor of	if we just hold up our beliefs, we will find that libertarianism helps us defend our rights as citizens of this country.	0	0	0	0	0	0	1	0	0	1	3.0
4358	We should abolish intellectual property rights	against	it allows others to steal and profit from someone else's creation.	0	1	1	0	0	0	0	0	0	1	3.0
3283	We should adopt a zero-tolerance policy in schools	in favor of	We should adopt a zero-tolerance policy in schools since the current system clearly isn't working and needs a drastic, non tolerant change.	0	0	1	0	1	0	0	0	0	0	3.0
4769	Experimenting on Animals is fair	against	We have no right to suffer animals, even though there are benefits for us.	0	1	1	0	0	0	0	0	0	1	3.0
3910	We should adopt libertarianism	in favor of	freedom and liberty should be promoted for all to prevent tyranny and oppression. libertarianism is the most effective way of achieving this	0	0	0	0	0	0	1	0	0	1	3.0
5466	Assisted suicide should be a criminal offence	in favor of	any type of helping kill someone is murder even if the person wishes to die. therefore it should be punished by law	0	0	0	0	0	0	0	0	0	1	5.0
4748	Men are silent sufferers in this modern world	in favor of	Many false domestic violence cases are being reported in India. Girl can drag their in-laws to court, but the same is not true with a boy. In many domestic violence cases, in-laws didn't even stay with couple, but are booked for 'influencing' the boy. Do girl's parents not 'influence' her? And the saddest thing is that girl can complain against her sister-in-law and sister-in-law's husband too under domestic violence, even if they are not staying at her place. Women can be as cruel as men in harassing their life partner.	0	0	0	0	0	0	0	0	0	1	5.0
216	We should abandon the use of school uniform	in favor of	the school uniform is outdated and takes away individual personalities.	0	0	0	0	0	0	1	0	0	1	3.0
1384	We should legalize sex selection	in favor of	sex selection should be a choice for parents to make and therefore should be legalized.	0	1	0	0	0	0	1	0	0	1	3.0
4015	We should abolish capital punishment	in favor of	Capital punishment has historically been unfairly used more against minorities and the weak people in society, and I believe it's true today	0	0	0	0	0	0	0	0	0	1	5.0
3729	We should abolish capital punishment	in favor of	In places where capital punishment is legal, it is often used in discriminatory ways against minority groups, and therefore we should abolish it to prevent disproportionate punishment against the most vulnerable people in society.	0	0	0	0	0	0	0	0	0	1	5.0
5435	Holocaust denial should be a criminal offence	against	people should be free to believe what they want to believe about it.	0	0	0	0	0	0	1	1	0	1	3.0
1072	We should abolish zoos	in favor of	zoos are an unnatural stressful environment for animals. no animal should have to live in a cage or enclosure just for the entertainment of people, it is cruel and unnecessary.	0	1	0	0	0	0	0	0	0	1	3.5
910	We should ban the use of child actors	against	the roles of child actors cannot be fulfilled by adults so it would be impossible to ban their use.	0	1	0	0	0	0	1	0	0	0	3.0
594	We should abolish the right to keep and bear arms	against	Citizens should be allowed to defend themselves with lethal force in a life-or-death situation because the police are typically slow to respond to such situations.	0	1	0	0	0	0	0	0	0	0	3.5
6958	Cattle slaughter should be banned	in favor of	It is our responsibility to stop cruelty against animals. Article 48 of the Indian constitution mentions that the state should take steps in prohibiting the slaughter of cattle. Many slaughterhouses are still not following the rules to not harass the animals while killing. Animals are subjected to intense suffering at most slaughterhouses.	0	1	1	0	0	0	0	0	0	1	3.0
1822	We should subsidize journalism	against	journalism is self sustaining and subsidizing it gives the government control over content.	0	0	0	0	0	0	1	0	0	1	3.0
5974	Holocaust denial should be a criminal offence	in favor of	holocaust denial  is offensive to jewish people.	0	0	1	0	0	0	0	0	0	1	3.0
445	We should ban factory farming	against	factory farming is necessary in our society as a way to control and protect the environment in which the animals are living so they are not subjected to disease and predators.	0	1	0	0	1	0	0	0	0	1	3.5
5399	The vow of celibacy should be abandoned	in favor of	there is a serious shortage of priests and this can be remedied by abandoning the vow of celibacy.	0	1	0	0	1	0	1	0	0	1	3.0
5758	Payday loans should be banned	against	payday loans should  not be banned because some peoples last hope is these kinds of stores.	0	1	0	0	1	0	1	0	0	0	3.0
1154	We should abandon the use of school uniform	in favor of	School uniforms reinforce a gender binary by often requiring women to wear traditionally feminine clothing like skirts and dresses and men to wear traditionally masculine pants.	0	1	0	0	0	0	1	0	0	1	3.0
7126	We should support agroforestry	in favor of	Changes in management practices, and above all the integration of trees in arable and pastoral lands, are key, and could turn agriculture from a net emitter to a net absorber of greenhouse gases.	0	0	0	0	0	0	0	0	0	1	5.0
5844	Surrogacy should be banned	in favor of	surrogacy is an artificial means of creating more children.  if a person can not have children then they should adopt since there are many children that need parents.	0	0	0	0	0	0	1	0	0	1	3.0
6910	We should promote Zero Budget Natural Farming all over India	against	ZBNF is a cow-based farming practice. So ZBNF will result in an increase in the number of cows. But cows produce Methane, Nitrous Oxide & Ammonia, which are greenhouse gases and hence contribute to climate change. Methane is more efficient at trapping radiation than carbon dioxide, which is another greenhouse gas. Comparatively, methane is 25 times more powerful than Carbon dioxide. Nitrous Oxide is 300 more powerful than Carbon dioxide. And hence it is not a totally safe option.	0	0	0	0	0	0	0	0	0	1	5.0
25	We should ban the Church of Scientology	in favor of	they are nothing but a cult and manipulate their members	0	0	0	0	0	0	1	0	0	0	3.0
2202	We should ban missionary work	in favor of	missionary work has a long history of being cruel and detrimental and often inhumane to the people the missionaries tried to convert.	0	0	1	0	0	0	1	0	0	1	3.0
5565	The use of public defenders should be mandatory	against	Public defenders cost the state too much money.	0	0	0	0	1	0	0	0	0	0	3.5
4601	Political parties should be brought under RTI (Right to Information) Act	in favor of	The law is very clear that RTI is not just concerned with government bodies alone. It is also for Non-Government Organisations which are substantially financed and controlled by the Government. There are numerous subsidies (including Tax exemptions) that the Political parties enjoy, thereby, they are substantially financed by the Government.	0	1	1	0	0	0	0	0	0	1	3.0
3396	We should abolish the three-strikes laws	in favor of	Three-strike laws lead to expensive trials. Three-strike offenders will demand a court trial rather than accept a plea bargain (which costs a fraction of the price of a full-blown trial).	0	1	0	0	1	0	0	0	0	0	3.5
1204	We should ban the use of child actors	against	and if we forbid it, who will play the role of the children? this is a decision only of parents and children, the government should not get involved	0	1	0	0	0	0	1	0	0	0	3.0
4136	We should limit executive compensation	in favor of	executives get paid enough as it is, no need to give more	0	0	0	0	0	0	0	0	0	1	5.0
2865	We should legalize sex selection	in favor of	parents should be able to chose the sex of their children.	0	1	0	0	1	0	1	0	0	0	3.0
1910	We should abolish the Olympic Games	in favor of	Sport does nothing for the survival of the human race and yet masses of resources are still ploughed into it for events like the Olympic Games while issues like poverty are swept under the carpet.	0	1	0	0	0	0	0	0	0	1	3.5
7309	We should protect our privacy in the Internet age.	in favor of	In the event of a cloud data loss or data breach, the data cannot be recovered.	0	0	0	0	0	0	0	0	0	1	5.0
5785	Surrogacy should be banned	against	surrogacy gives those who can't have children a way to have them.	0	1	0	0	0	0	1	0	0	1	3.0
2688	We should ban whaling	in favor of	whales are necessary for ecological sustainability of the oceans	0	1	0	0	0	0	0	0	0	1	3.5
4241	We should abolish zoos	in favor of	we should abolish zoos because it's cruel to keep wild animals in small enclosures and spaces just for our amusement.	0	0	0	0	0	0	1	0	0	1	3.0
4291	We should abolish capital punishment	in favor of	nobody has the right to take another person's life no matter how evil that person may be.	0	0	1	0	0	0	0	0	0	1	3.0
6624	Surrogacy should be banned	against	knowing who the surrogate is provides better information than in an adoption where you don't know any background	0	1	0	0	0	0	0	0	0	1	3.5
5157	The EU should adopt legislative measures aimed at increasing the percentage of women in the political sector	against	Every harpy screams 'more (black) women in power' until Candace Owens appears. Clever, charming black woman, but she is too clever, pro-freedom, and conservative, and that is the problem. So it isn't about women, it's mere greed and desire for power and influence.	0	1	1	0	0	0	1	0	0	1	3.0
2279	We should ban whaling	in favor of	whale populations are depleted and need protecting	0	0	0	0	0	0	0	0	0	1	5.0
3456	We should cancel pride parades	against	pride parades are important for gay people and allow them to get their message across to the wider community.	0	0	0	0	1	0	0	0	0	1	3.5
6252	Holocaust denial should be a criminal offence	in favor of	holocaust denial is offensive and it is a form of racism.	0	0	1	0	0	0	0	0	0	1	3.0
6886	The vow of celibacy should be abandoned	in favor of	the vow of celibacy is outdated, times have changed. it also begs to question whether the vow of celibacy is contributing to the frequent assaults plaguing the catholic church.	0	0	0	0	0	0	0	0	0	1	5.0
592	We should introduce compulsory voting	in favor of	being a citizen of your country requires you to have at least some duty to the nation.	0	1	1	0	0	0	0	0	0	0	3.0
2445	We should limit judicial activism	against	sometimes politics becomes so corrupt and untenable, that the only way to make change in the country is through judicial activism.	0	0	0	0	1	0	1	0	0	1	3.0
4283	We should abolish the three-strikes laws	in favor of	criminals should be given a chance to reform, even if they committed the same crime multiple times.	0	1	1	0	0	0	0	0	0	1	3.0
5259	There should be no immigration from non-European or non-first-world countries 	in favor of	Marvelous to see this idea of halting immigration receive the most endorsements on the migration topic. This is really not going according to plan for the globalists! 	0	0	0	0	1	0	1	0	0	0	3.0
3523	We should stop the development of autonomous cars	in favor of	there are much more important things to spend money on than autonomous cars - for example the threats posed by climate change and the pollution of our oceans.	0	0	0	0	0	0	0	0	0	1	5.0
6907	We should promote Zero Budget Natural Farming all over India	in favor of	Even though organic farming produces healthy and nutritious food, it produces greenhouse gases and thereby contributes to climate change. So, the best alternative is ZBNF.	0	0	0	0	0	0	0	0	0	1	5.0
4095	We should abolish intellectual property rights	in favor of	intellectual property rights should be abolished as it limits competitions and innovation.	0	0	0	0	0	0	1	1	0	1	3.0
3491	We should ban whaling	in favor of	whaling disturbs the delicate balance of sea life	0	0	0	0	0	0	0	0	0	1	5.0
2635	We should introduce compulsory voting	against	it is not right to force people that do not want to participate in voting to do so.	0	0	0	0	0	0	1	0	0	0	3.0
678	We should abolish zoos	against	a zoo is a safe place for animals who lost their homes and are not able to care for themselves	0	1	0	0	0	0	0	0	0	1	3.5
7132	We should promote a plant-based diet	in favor of	The environmental impact of a given product should also be stated on its package and/or in menus in order to raise awareness on the subject.	0	1	0	0	1	0	0	0	0	1	3.5
3347	We should abolish capital punishment	against	capital punishment can influence better behavior	0	1	1	0	0	0	0	0	0	0	3.0
6935	We should abolish the National Register of Citizens (NRC)	in favor of	The NRC body and the Foreign Tribunals in Assam are functioning behind the curtains and its functioning is clearly signaling toward the ruling party’s agenda of getting rid of Minorities. Earlier retired judges were carefully selected for Foreign Tribunals but now any lawyer who is above 50 on 25 April 2015 and has 10 years of experience can volunteer for FT and gets a seat. Various online sources have reported that the FT is full of people sharing the ruling party’s ideology and are asked to perform well.	0	0	0	0	0	0	0	0	0	1	5.0
5049	The EU should synchronize national elections 	in favor of	The political composition of the European Council - and therefore the EU’s political center of gravity - continuously changes during the EU political cycle, thus preventing clearer government majorities to emerge within these two European Councils.   	0	0	0	0	1	0	0	0	0	1	3.5
4557	We should abolish zoos	against	some animals would be extinct if it weren't for zoos	0	1	0	0	0	0	1	0	0	1	3.0
4718	Kids' reality shows should be banned	in favor of	These days, many songs and dances in movies are not supposed to be seen by children. Singing and dancing to these obscene songs will exploit children’s innocence and creates confusion in their minds. 	0	1	1	0	0	0	1	0	0	1	3.0
7339	We should prevent the disorderly expansion of capital.	in favor of	Capital combined with Internet technology, using asymmetric advantages such uncontrolled expansion, snatching the rice bowls of small businessmen and vendors, has constituted a violation of the basic ethics of society.	0	0	0	0	0	0	0	0	0	1	5.0
22	We should ban telemarketing	in favor of	telemarketing doesn't differentiate between people who are interested in being called and those who aren't	0	0	1	0	0	0	1	0	0	0	3.0
4511	We should limit judicial activism	against	check-balancing government use of power in a democracy is what makes democracy the better governing form. judicial activism will limit government overuse of its power	0	1	0	0	1	0	0	0	0	1	3.5
3179	We should abolish safe spaces	in favor of	we should change how people treat others rather than make safe spaces	0	0	1	0	0	0	0	0	0	1	3.0
5545	The use of public defenders should be mandatory	in favor of	Right now people can essentially pay their way out of jail by hiring a fancy lawyer, if everyone has to use public defenders the rich and poor will be on a more even playing field.	0	0	1	0	0	0	0	0	0	1	3.0
5496	Holocaust denial should be a criminal offence	in favor of	holocaust denial spreads harmful misinformation that creates an unsafe environment for minorities, especially jewish people.	0	1	1	0	0	0	1	0	0	1	3.0
1756	We should limit judicial activism	in favor of	judges by definition are supposed to be impartial. having activist judges defeats the purpose	0	0	1	0	0	0	0	0	0	1	3.0
4441	We should end mandatory retirement	against	We should not end mandatory retirement because the world is already over-populated and people need to retire so that others can back-fill their jobs.	0	0	0	0	0	0	1	0	0	1	3.0
3741	We should abandon the use of school uniform	in favor of	school uniforms should not be required to wear in schools because it takes away a kids freedom of expression	0	0	0	0	0	0	1	0	0	0	3.0
3515	We should adopt a zero-tolerance policy in schools	in favor of	Zero tolerance parties have the appearance of fairness, which increases buy-in to the disciplinary system from otherwise skeptical parents and community leaders.	0	0	1	0	1	0	0	0	0	1	3.0
1624	We should abolish safe spaces	against	for minority groups used to all manner of persecutionl, safe spaces provide a metaphorical 'breathing space' where they can connect with themselves in a fear-free environment.	0	0	1	0	0	0	0	0	0	1	3.0
5069	The European Union needs to equip itself with the institutional and legal tools to resolve democratic conflicts on sovereignty within its own borders.	in favor of	The right for stateless nations and peoples to democratically decide on their own future must be respected, and for that purpose, we advocate for the creation of a mechanism of clarity at the EU level, aimed at facilitating and resolving any eventual self-determination disputes through democratic means. This tool should ensure that positions cannot be imposed nor debates prevented.	0	0	0	0	0	0	1	0	0	1	3.0
4448	We should limit judicial activism	in favor of	everybody is entitled to an opinion and everybody has different ones. it isn't fair to punish someone based on something other than the law.	0	0	1	0	0	0	0	0	0	1	3.0
4369	We should abolish capital punishment	in favor of	capital punishment can put innocent lives at risk	0	0	0	0	0	0	0	0	0	1	5.0
5487	Assisted suicide should be a criminal offence	in favor of	assisted suicide should be a criminal offence because it could force some doctors to perform this act without their consent	0	1	1	0	0	0	1	0	0	0	3.0
5365	There should be a small council of people from all over the world, and identify the problems of every country and solve them.	against	Europe should represent its own interests.	0	0	0	0	1	0	1	0	0	0	3.0
1225	We should adopt a multi-party system	in favor of	a multi-party ensures that all people and voices are heard and represented.	0	0	0	0	0	0	1	0	0	1	3.0
5580	Holocaust denial should be a criminal offence	against	History is what is related to us from other people. We can not really know if it has really happened. Denying the right not to believe this fact shouldn't be criminalized as people are freethinkers	0	0	0	0	0	0	1	0	0	1	3.0
6050	Holocaust denial should be a criminal offence	against	people should be able to believe what they want.	0	0	0	0	0	0	1	0	0	0	3.0
1821	We should ban cosmetic surgery	against	As long as they use an accredited plastic surgeon, people should be able to do whatever they want with their bodies.	0	0	0	0	0	0	1	0	0	0	3.0
5287	There should be centers of excellence in science and education	against	There has to be better funding for research, but it should not be administered top-down. Let researchers decide rather than politicians. Do not stifle research by bureaucracy. At the time being, with large consortia getting multi-million euro grants, the application process has become too complicated for most researchers. Rather invest in reproducible, transparent, open research. 	0	0	0	0	0	0	1	0	0	1	3.0
2040	We should legalize organ trade	against	people selling organs will wait for the highest bidder meaning only rich people will be able to afford the organs they desperately need.	0	0	0	0	0	0	0	0	0	1	5.0
571	We should ban the use of child actors	against	if parents agree for their kids to do acting, i can`t see any problem with it.	0	0	0	0	0	0	1	0	0	1	3.0
2581	We should adopt a zero-tolerance policy in schools	in favor of	zero-tolerance policies ensures pupils know exactly where they are in terms of rules and regulations leaving no room for ambiguity, thus ensuring better behaviour.	0	1	1	0	0	0	0	0	0	0	3.0
5444	Homeschooling should be banned	against	if the parents can provide a better education than what their local schools offer, they should be allowed to do so.	0	1	0	0	0	0	1	0	0	0	3.0
1012	We should ban factory farming	in favor of	factory farming is a cruel and unnatural practice.  we should treat animals better, even if their 'just' going to be used for food.	0	1	1	0	0	0	0	0	0	1	3.0
5383	Surrogacy should be banned	against	Surrogacy should not be banned as it is the woman's right to choose if she wishes to do this for another couple and be compensated.	0	0	0	0	0	0	1	0	0	0	3.0
7047	We should stop subsidizing mass livestock farms	in favor of	The EU has “beautiful” ideas and is working on legislation for animal welfare and the environment. But as long as EU subsidies still support mass animal farms, all of this is not credible!	0	1	0	0	0	0	0	0	0	1	3.5
2173	We should abandon the use of school uniform	in favor of	school uniform requirements curtail any individual creativity and self-expression at an important age of self-discovery and should be abandoned.	0	0	0	0	0	0	1	0	0	0	3.0
2603	We should ban cosmetic surgery	in favor of	cosmetic surgery is not needed, and vain.	0	1	0	0	0	0	0	0	0	0	3.5
5822	Surrogacy should be banned	against	surrogacy is the answer to prayers for many couples who cannot have their own child, the gift of a baby by the surrogate is the ultimate gift, the chance of a family.	0	1	0	0	0	0	0	0	0	0	3.5
936	We should introduce compulsory voting	against	people should not be forced to vote if they don't feel compelled to vote for a candidate or issue..	0	0	0	0	0	0	1	0	0	1	3.0
4993	We need a better distribution of refugees	against	Illegal immigrants have to be returned to UN refugee camps.   	0	0	1	0	0	0	0	0	0	1	3.0
966	We should legalize organ trade	in favor of	everyone should have a choice about what they want to do with their bodies, and if selling an organ is one of them, they should be free to decide.	0	0	0	0	0	0	1	0	0	0	3.0
6347	Entrapment should be legalized	against	entrapment can cause people to break the law that may not have if such a easy opportunity hadn't arisen.	0	0	0	0	0	0	0	0	0	1	5.0
6420	Holocaust denial should be a criminal offence	in favor of	denying that millions of people died and suffered should require those people to be punished for their beliefs.	0	1	1	0	0	0	0	0	0	1	3.0
852	We should abolish zoos	in favor of	we should abolish zoos to prevent the cruel confinement of wild animals	0	1	1	0	0	0	0	0	0	1	3.0
4152	We should ban algorithmic trading	in favor of	Algorithmic trading can be manipulated to artificially alter the price by a competitor, harming anyone who uses algorithmic trading.	0	1	0	0	0	0	0	0	0	1	3.5
283	We should adopt libertarianism	in favor of	we should adopt libertarianism because it cause less outside interference in your personal life	0	1	1	0	0	0	1	1	0	0	3.0
600	We should abolish zoos	in favor of	zoos maintain animals in unnatural, cramped conditions - they are exploited for the benefit of a paying public, with little concern about their happiness of welfare.	0	1	0	0	0	0	0	0	0	1	3.5
3869	We should abolish capital punishment	in favor of	capital punishment is too risky as sometimes innocent people are killed. unless it can be known for certain that a person is guilty, capital punishment wiill always present too much of a risk.	0	0	0	0	0	0	0	0	0	1	5.0
7369	Carbon emissions trading should be limited.	against	No one can stop global warming, which is inherently part of the Earth's geological cycle. That's why topics such as reducing CO2 emissions are a false proposition.	0	0	0	0	0	0	0	0	0	1	5.0
4740	US-Mexico border wall is a good thing	against	There is a fairly good chance that the wall is never going to make it up. Projects like these take a large amount of time to complete and if in the next Presidential elections, any other person gets elected, there will be more chances of him/her stopping the construction of the wall.	0	0	0	0	0	0	0	0	0	1	5.0
3198	We should oppose collectivism	in favor of	collectivism requires too much individual compromise.	0	0	0	0	0	0	1	0	0	0	3.0
5529	Blockade of the Gaza Strip should be ended	against	international bodies demanding an end to the blockade are dismissing israel's sovereignty.	0	0	0	0	1	0	1	0	0	0	3.0
2684	We should adopt a zero-tolerance policy in schools	against	we need to remember we are talking about children not criminals, this policy is far too harsh and unnecessary. let children be children.	0	1	0	0	0	0	0	0	0	1	3.5
207	We should limit judicial activism	in favor of	a judge shouldnt be able to show their personal views.	0	1	1	0	0	0	0	0	0	1	3.0
518	We should abolish safe spaces	in favor of	safe spaces equal non-free speech spaces and that is against the law.	0	0	1	0	0	0	1	0	0	0	3.0
5326	We need a revision of the current asylum policy in the European Union.	against	There are Memberstaates in the European Union, that do not want any asylum seekers in their country. For example, Denmark sends back all Syrens and other Arabians.	0	0	0	0	0	0	1	0	0	1	3.0
4312	We should legalize prostitution	in favor of	prostitution should be legalized as this will allow women to be able to earn money from their services in a more safe way without worry about prosecution.	0	0	0	0	1	0	1	0	0	1	3.0
6329	We should subsidize vocational education	against	vocational education should be provided on the same terms as academic, not given preferential subsidies.	0	0	0	0	0	0	0	0	0	1	5.0
3903	We should abolish the Olympic Games	in favor of	The Olympic Games have become nothing more than political contests that spur controversy between countries.	0	0	0	0	0	0	0	0	0	1	5.0
2009	We should adopt a zero-tolerance policy in schools	in favor of	We should adopt a zero-tolerance policy in schools as children of school age are in a formative state and will learn good lessons for life including what is and isn't allowed in a good society.	0	0	1	0	0	0	0	0	0	0	3.0
1807	We should abolish zoos	against	we shouldnt because they are helping animals that might be going extinct to help breed.	0	1	0	0	0	0	0	0	0	1	3.5
2479	We should limit judicial activism	in favor of	judges are to base decisions on the laws of the country not on their personal beliefs.  when a judge puts his bias to a case it can change laws and not support the rights of the individual.	0	0	1	0	0	0	0	0	0	1	3.0
6527	Holocaust denial should be a criminal offence	against	if one does not believe that the holocaust occurred, then that is there right to practice freedom of speech as defined in the constitution.	0	0	1	0	0	0	1	0	0	0	3.0
2465	We should abolish the three-strikes laws	in favor of	We should abolish the three-strikes laws because they introduce arbitrary punishment for some crimes over others, when the action was the same.	0	1	0	0	0	0	0	0	0	1	3.5
6611	The use of public defenders should be mandatory	in favor of	public defenders help protect peoples rights	0	0	0	0	0	0	0	0	0	1	5.0
1722	We should ban missionary work	in favor of	missionary work should be banned as some people can be forced into this line of work due to pressure from religious communities.	0	0	0	0	0	0	1	0	0	1	3.0
1875	We should stop the development of autonomous cars	in favor of	autonomous cars will never become reality.   we need to stop wasting money on this and instead work towards better safety and technology in regular cars.	0	0	0	0	1	0	1	0	0	1	3.0
4711	Marital rape should be criminalized in India	against	Consensual sex can also be termed as rape if the wife is willing to file a false case. There will be no proof to prove whether it is consensual or not. Punishing men based on the mere words of wives is completely wrong, because of the presumption that women do not lie. Good and bad are not related to gender. There are women criminals too.	0	1	1	0	0	0	0	0	0	1	3.0
4183	We should cancel pride parades	against	pride parades should be allowed to continue as it allows people to celebrate diversity among human beings.	0	0	0	0	0	0	0	0	0	1	5.0
3931	We should adopt gender-neutral language	in favor of	with todays progression it only makes sense, then we wont insult people.	0	0	1	0	0	0	0	0	0	1	3.0
7167	We should punish illegal immigrants and only accept legal immigrants.	in favor of	Countries that send immigrants illegally are not trustable and should get blacklisted for traveling toward Europe or economically.	0	1	1	0	0	0	0	0	0	0	3.0
2352	We should abolish safe spaces	in favor of	Safe spaces create an echo chamber where only currently accepted ideas are allowed to be spoken and any dissent is blocked out, preventing change and growth.	0	0	0	0	0	0	1	1	0	1	3.0
5469	Social media brings more harm than good	against	social media helps in fast dessimination of vital information across to people all over the world.	0	1	0	0	0	0	0	0	0	1	3.5
3111	We should adopt a zero-tolerance policy in schools	in favor of	this would ensure everyone got punished if they broke a rule	0	1	1	0	0	0	0	0	0	0	3.0
661	We should ban targeted killing	in favor of	targeted killing should be banned because the individual doesn't stand a chance against government hired hitmen. instead, a fair trial should be carried out.	0	0	0	0	0	0	0	0	0	1	5.0
98	We should abolish zoos	against	zoos do a lot of conservation work and have successfully bred animals which were on the verge of extinction.	0	0	0	0	0	0	0	0	0	1	5.0
3421	We should abolish the Olympic Games	in favor of	we should abolish the olympic games because it is inhumane to have people compete for profit or gain.	0	1	1	0	0	0	0	0	0	1	3.0
322	We should abolish the Olympic Games	in favor of	the olympic games are usually a drain on the economy of the host city	0	0	0	0	1	0	0	0	0	0	3.5
7144	We should promote awareness in society of what migrants are contributing. 	against	Misconceptions like the view that mass migration is somehow 'good' need to be clearly pointed out.	0	0	0	0	0	0	0	0	0	1	5.0
4119	We should abolish the Olympic Games	in favor of	the olympic games are no longer a fair contest because many athletes use performance enhancing drugs	0	0	1	0	0	0	0	0	0	1	3.0
4889	We need a common migration and asylum policy, based on respect for rights and equal treatment	against	We should not bring the problem to Europe, but we should rather help where it is needed in their region! 	0	1	0	0	1	0	0	0	0	1	3.5
7016	We should protect very large natural areas	in favor of	Very large natural areas need to be protected to promote wildlife and the return of self-sustaining and fertile biodiversity!	0	0	0	0	0	0	0	0	0	1	5.0
7246	We should promote awareness in society of what migrants are contributing. 	against	Misconceptions like the view that mass migration is somehow 'good' need to be clearly pointed out.	0	1	0	0	0	0	0	0	0	1	3.5
2437	We should subsidize journalism	against	subsidization would cause biased reporting	0	0	0	0	0	0	1	0	0	1	3.0
1668	We should oppose collectivism	in favor of	collectivism decreases individual rights by forcing them to conform to what the group deems best	0	0	0	0	0	0	1	0	0	0	3.0
63	We should ban factory farming	in favor of	factory farming is bad for the environment and should be banned	0	0	0	0	0	0	0	0	0	1	5.0
4814	The EU should establish a Carbon Border Adjustment Mechanism (CBAM)	in favor of	CBAM is a central element towards a global approach to reach net zero emissions by 2050 and to mitigate global warming	0	0	0	0	0	0	0	0	0	1	5.0
6788	Holocaust denial should be a criminal offence	against	as horrible as the holocaust was, you cannot punish someone who denies it happened	0	0	0	0	0	0	1	0	0	1	3.0
4356	We should abolish safe spaces	against	we should not abolish safe spaces because they help many people	0	1	0	0	0	0	0	0	0	0	3.5
657	We should abolish capital punishment	in favor of	Capital punishment can be replaced by more ethical but equally punishing alternatives, like life without parole.	0	0	0	0	0	0	1	0	0	1	3.0
4256	We should ban whaling	against	whaling is no different to any other kind of hunting which are not protested against.	0	0	0	0	0	0	0	0	0	1	5.0
2422	We should abolish zoos	in favor of	zoo's house animals in small enclosures and exploit them for profit.	0	0	1	0	0	0	0	0	0	1	3.0
4370	We should subsidize journalism	in favor of	subsidizing journalism would help crowd out the every increasing false news market. if the false news market could not compete with legitimate news, less people would be exposed to dangerous false news.	0	1	0	0	0	0	0	0	0	1	3.5
4736	Driverless cars should be allowed in India	in favor of	The majority of driverless cars are going to be Electric Vehicles (EV's) which will help in decreasing the pollution level in the country, which is also one of the major issues the country is facing.	0	0	0	0	0	0	0	0	0	1	5.0
2836	We should ban factory farming	in favor of	factory farms produce a lot of pollution	0	0	0	0	0	0	0	0	0	1	5.0
3585	We should introduce compulsory voting	in favor of	compulsory voting would ensure that everyone would vote and have a voice in what goes on.	0	0	0	0	1	0	0	0	0	0	3.5
3141	We should adopt a zero-tolerance policy in schools	against	zero-tolerance policies have been shown to be disproportionately applied to minority students.	0	0	0	0	0	0	0	0	0	1	5.0
1030	We should adopt a zero-tolerance policy in schools	against	a zero-tolerance policy gives administrators no leeway if a student commits a less than serious crime.	0	1	0	0	0	0	0	0	0	1	3.5
3498	We should abolish zoos	in favor of	zoos are cruel and contain wild animals in such tiny spaces when they need to run free so zoos should be abolished.	0	0	0	0	0	0	0	0	0	1	5.0
5296	We need a better migration policy.	in favor of	Discussing what happened in the past between Africa and Europe is useless. All slaves and their owners died a long time ago. You cannot blame the grandchildren.	0	0	0	0	0	0	0	0	0	1	5.0
6598	The vow of celibacy should be abandoned	in favor of	vowing to be celibate doesn't ensure that someone will keep that vow because he or she are the only ones who will know that it has been kept	0	1	1	0	0	0	1	0	0	1	3.0
4317	We should ban the Church of Scientology	in favor of	the church of scientology promotes dangerous pseudoscience based on a science fiction book.  it has no redeeming value, and should be banned.	0	1	0	0	0	0	1	0	0	1	3.0
398	We should ban missionary work	in favor of	if we ban missionary work, then a lot less people would be seeing propaganda.	0	1	0	0	0	0	1	0	0	1	3.0
2739	We should subsidize Wikipedia	against	it could lead to donors trying to influence the content	0	1	0	0	0	0	0	0	0	1	3.5
4178	We should abolish intellectual property rights	in favor of	intellectual property rights prevent the free flow of information and innovation, and should be abolished.	0	0	0	0	0	0	1	0	0	0	3.0
4360	We should subsidize journalism	in favor of	journalism provides a needed check on the government.	0	0	0	0	1	0	0	0	0	1	3.5
4781	Aadhaar should be made mandatory in India	against	Failed biometric authentication.	0	0	0	0	0	0	1	0	0	0	3.0
5416	Surrogacy should be banned	in favor of	a surrogate carrying a baby could try to keep it since they gave birth to it.	0	1	1	0	0	0	0	0	0	0	3.0
4151	We should adopt gender-neutral language	in favor of	gender neutral language is a way to be more sensitive and politically correct in a modern society with a plurality of genders	0	0	1	0	0	0	0	0	0	1	3.0
6264	Entrapment should be legalized	against	entrapment is wrong because we don't know if they would have committed a crime if it wasn't for the officers making it easier to do the crime	0	1	1	0	0	0	0	0	0	1	3.0
4010	We should adopt gender-neutral language	against	we should not adopt gender-neutral language because using specific gender language should not have any specific meaning to a phrase.	0	0	0	0	0	0	0	0	0	1	5.0
3512	We should legalize cannabis	in favor of	it would stop people being locked up for possession and it would generate revenue	0	0	0	0	1	0	1	0	0	1	3.0
3439	We should ban telemarketing	in favor of	telemarketing is annoying and leads to people falling for potential scams.	0	1	1	0	0	0	0	0	0	1	3.0
2228	We should ban missionary work	in favor of	it should be banned because it forces people to believe in the church	0	1	0	0	0	0	1	0	0	1	3.0
1281	We should ban the Church of Scientology	in favor of	scientology is an evil cult that is sustained by stealing from its acolytes large sums of money in exchange for nothing	0	1	0	0	1	0	1	0	0	1	3.0
269	We should limit executive compensation	in favor of	executive compensation should be limited in order to narrow the wage gap between c-level employees and line workers	0	1	0	0	1	0	0	0	0	1	3.5
2182	We should abandon the use of school uniform	in favor of	mandatory uniform policies denying parents rights to raise children without government intervention	0	0	0	0	0	0	1	0	0	0	3.0
1961	We should abolish intellectual property rights	in favor of	intellectual property rights should be abolished as an individual's thoughts or creative abilities are their own and should not be controlled or owned by a company.	0	0	0	0	0	0	1	0	0	0	3.0
677	We should abolish zoos	against	zoos are a great way teach people about animals and how important they are	0	0	0	0	0	0	1	0	0	1	3.0
4762	Donald Trump's Presidency was a good thing	against	Racism &amp; white supremacy has increased in Trump's term.	0	0	0	0	0	0	0	0	0	1	5.0
6461	Holocaust denial should be a criminal offence	against	everyone should have a right to their beliefs concerning if there was a holocaust.	0	0	0	0	0	0	1	0	0	1	3.0
5070	The European Union needs to equip itself with the institutional and legal tools to resolve democratic conflicts on sovereignty within its own borders.	in favor of	In a democracy, people have the right to decide on any issue that affects their lives. If more than half of the inhabitants of a region want to form an independent state, they have the right to do so. Going against it is going against the will of the majority of citizens, and therefore, against the very essence of democracy.	0	0	0	0	1	0	1	0	0	1	3.0
5004	We need a better EU migration policy.	in favor of	It is absurd that such an EU policy about migration is lacking.  	0	0	1	0	0	0	0	0	0	0	3.0
2867	We should subsidize journalism	in favor of	journalism is important in this country.	0	1	0	0	0	0	1	0	0	1	3.0
213	We should end mandatory retirement	against	Without a mandatory retirement age available to the employer, dismissal procedures would be likely to begin earlier	0	0	1	0	0	0	0	0	0	1	3.0
4112	We should limit judicial activism	against	judicial activism is necessary to determine outcomes of cases that are not black and white.	0	0	0	0	0	0	1	0	0	1	3.0
5381	The use of public defenders should be mandatory	in favor of	the use of public defenders should be mandatory because some people don't have money for a lawyer and this would help those that don't	0	0	0	0	0	0	0	0	0	1	5.0
6991	Reservations in India should be based on economic status	against	In India, it's easy to hide some income resources and to get a false income certificate. Though the situations are changing for the better, it is not that difficult.	0	1	0	0	1	0	0	0	0	0	3.5
1364	We should ban telemarketing	against	let the free market determine whether telemarketing is a viable option	0	0	0	0	1	0	1	0	0	0	3.0
87	We should oppose collectivism	in favor of	treating everyone as a large group unit is not helpful for people who have different individual needs.	0	0	0	0	0	0	1	1	0	1	3.0
3160	We should abolish zoos	in favor of	we should abolish zoos because the animals are kept in such small enclosures and have hardly any room to move around	0	0	0	0	0	0	0	0	0	1	5.0
6729	Surrogacy should be banned	against	Surrogacy enables families who are unable to have their own children a way to realize their dreams of having a family.	0	1	0	0	0	0	1	0	0	1	3.0
6433	We should abandon television	against	this is a free country. people have the choice to watch tv or not	0	0	0	0	0	0	1	0	0	0	3.0
4461	We should ban missionary work	in favor of	it is not right that christians should  force their message on poorer, more vulnerable people.	0	0	1	0	0	0	1	0	0	1	3.0
3521	We should subsidize Wikipedia	against	to keep wikipedia impartial there ought to be no subsidies provided	0	1	0	0	0	0	1	0	0	1	3.0
737	We should abolish zoos	in favor of	it's cruel for the animals to be caged	0	0	1	0	0	0	0	0	0	1	3.0
4277	We should abolish zoos	in favor of	animals in zoos are miserable and confined.	0	0	0	0	0	0	0	0	0	1	5.0
2248	We should ban factory farming	in favor of	we should ban factory farming because it is cruel to animals and the quality is questionable at best.	0	1	0	0	0	0	0	0	0	1	3.5
3223	We should cancel pride parades	in favor of	we don't have heterosexual pride day parades, so why should we have pride parades	0	0	1	0	0	0	0	0	0	1	3.0
3631	We should ban human cloning	in favor of	human cloning should be banned because it interferes with nature	0	0	0	0	0	0	0	0	0	1	5.0
6732	The vow of celibacy should be abandoned	in favor of	the vow of celibacy should be abandoned as monogamy is a personal choice and has nothing to do with the legal rights of married couples, it is a personal matter between them.	0	0	0	0	0	0	1	0	0	0	3.0
3482	We should subsidize Wikipedia	against	wikipedia does not need to be subsidized it already gets plenty of cash from donations	0	1	0	0	0	0	1	0	0	1	3.0
2036	We should adopt a zero-tolerance policy in schools	against	a zero-tolerance policy gives no leeway for administrators in cases where the crime may not be so serious.	0	1	0	0	0	0	0	0	0	1	3.5
4995	We need a better distribution of refugees.	against	If you want migrants, invite them into your home.	0	1	0	0	0	0	1	0	0	1	3.0
3909	We should adopt atheism	in favor of	Atheism is a rational response to the world around us and a commonsense rebuttal to the mythology perpetuated by religion.	0	0	0	0	0	0	1	0	0	1	3.0
2954	We should legalize sex selection	in favor of	if the technology exists them it should be up to individuals to decide what sex child they have as this will effect them more than anyone else.	0	0	0	0	0	0	1	0	0	0	3.0
426	We should ban factory farming	in favor of	factory farming should be banned as the animals in these farms are held in bad conditions.	0	0	0	0	0	0	0	0	0	1	5.0
2054	We should abolish capital punishment	in favor of	the most obvious reason to oppose is the danger that an innocent person is killed due to the fact that mistakes are made. witnesses can be wrong in what they saw and lawyers can make a hash of defending a case.	0	1	0	0	0	0	0	0	0	1	3.5
7054	We should use the waste from the agri-food industry in the ruminant feed chain	in favor of	allow it to be handed out to charities for consumption by those in need. 	0	1	0	0	0	0	0	0	0	1	3.5
4444	We should introduce compulsory voting	in favor of	mandatory voting is the best way to ensure that elected officials truly reflect the will of the people.	0	1	0	0	1	0	0	0	0	1	3.5
2904	We should ban whaling	in favor of	killing whales is cruel and inhumane and if we don't ban it now we risk losing the entire whale species.	0	0	0	0	0	0	0	0	0	1	5.0
7196	We should stop using GDP as the only indicator of development	in favor of	It is purely economic in nature and encourages excessive production and consumption.	0	1	1	0	0	0	1	0	0	1	3.0
316	We should legalize sex selection	in favor of	we should legalize sex selection because the parents are free to decide what gender they want	0	1	0	0	0	0	1	0	0	0	3.0
3999	We should ban cosmetic surgery for minors	against	all people should be able to decide what they want to do with their own bodies.  this includes minors as well.	0	0	0	0	0	0	1	0	0	0	3.0
5943	Surrogacy should be banned	in favor of	surrogacy turns women and children into commodities and should be banned.	0	0	1	0	0	0	0	0	0	1	3.0
7073	We should improve migration policies 	in favor of	The only meaningful immigration is when there is a member country with a specific vacancy. That member will also be responsible for the integration (at a cost of Euro 167,000). The EU has only to administer the paperwork and supervise if matters spin out of control. 	0	1	0	0	1	0	0	1	0	0	3.0
3594	We should ban whaling	in favor of	whaling is causing the depletion of the whale species.   we don't need to lose another species of animal on the planet.	0	0	0	0	0	0	0	0	0	1	5.0
2436	We should limit executive compensation	against	Executives put more of their time, effort and life to put their company at the top. This effort really merits to be recognized. Only through a high compensation is their efforts be recognized	0	0	0	0	1	0	0	0	0	0	3.5
27	We should prohibit school prayer	in favor of	School prayer is divisive and requires children to either support religion without question or be treated as different if they do not wish to attend, which marks people out by their differences at an early age.	0	0	0	0	0	0	0	0	0	1	5.0
1963	We should ban targeted killing	in favor of	targeting killing is essentially government endorsement of murder which is unethical.	0	0	1	0	0	0	0	0	0	1	3.0
1394	We should adopt a zero-tolerance policy in schools	against	children will make mistakes, because they are not mature.  we have to allow some discretion in the hands of the administrators	0	1	0	0	0	0	0	0	0	1	3.5
4836	Frontex should regularly publish transparency reports	against	Frontex interfering with the national border guards doing their sacred duty to protect the border, and then sending anonymous reports to criticize these brave men and women is quite abhorrent. 	0	0	1	0	0	0	0	0	0	0	3.0
3291	We should abandon the use of school uniform	in favor of	school uniform does not allow for individuals to express themselves and grow as a person	0	0	0	0	0	0	1	1	0	0	3.0
5981	Assisted suicide should be a criminal offence	against	people must be able to decide what to do or not with their lives therefore assisted suicide is an alternative	0	0	0	0	0	0	1	0	0	0	3.0
6981	The Internet should be censored	in favor of	Rapidly increasing piracy need to be curtailed through censorship.	0	0	1	0	0	0	1	0	0	0	3.0
3288	We should adopt a multi-party system	in favor of	a multi party system would bring many new & fresh ideas into the forefront	0	0	0	0	1	0	1	0	0	1	3.0
4013	We should legalize sex selection	in favor of	the right to bodily autonomy permits mothers to have abortions for sex selective purposes	0	1	0	0	0	0	1	0	0	0	3.0
640	We should fight for the abolition of nuclear weapons	in favor of	Fallout from nuclear weapons gets carried across the world by the wind, we must abolish nuclear weapons so that conflicts between individual states don't cause nuclear damage in neighboring states.	0	0	0	0	0	0	1	0	0	1	3.0
4185	We should adopt a multi-party system	in favor of	we absolutely need a multi party system. the two party system is a failure. the entire country can't be  split in to only two categories. we need better representation of the people.	0	0	0	0	1	0	1	0	0	1	3.0
5668	Assisted suicide should be a criminal offence	against	Assisted suicide helps those who are in pain due to a devastating disease end their own lives on their own terms.	0	0	0	0	0	0	1	0	0	0	3.0
1224	We should abolish zoos	in favor of	zoos are cruel to animals, because often if a human does something stupid the animal will get shot or killed.	0	1	1	0	0	0	0	0	0	1	3.0
1642	We should end mandatory retirement	in favor of	Corporations should decide for themselves whether to keep a worker because they are the ones directly impacted, mandatory retirement encroached on corporate rights.	0	0	1	0	1	0	1	0	0	1	3.0
7245	We should remove unauthorized asylum seekers or migrants.	in favor of	Unauthorized asylum seekers or migrants have no right to be in the country where they are unauthorized.	0	0	1	0	0	0	0	0	0	0	3.0
4746	Marital Rape should be criminalized in India	in favor of	IPC 375, which criminalizes rape, discriminates married women from using the section on their husbands.	0	0	0	0	0	0	0	0	0	1	5.0
2523	We should ban the use of child actors	in favor of	Children do not have sufficient autonomy to make decisions about careers, they should be protected from over directing parents and hence the use of child actors should be banned.	0	1	0	0	0	0	1	0	0	1	3.0
4632	Artificial intelligence brings more harm than good	in favor of	With all the data and algorithms our apps and gadgets, without our conscious knowledge, are making decisions for us. Decision-making is (was) one of the qualities that made humans different from others	0	0	0	0	0	0	1	0	0	0	3.0
3682	We should adopt gender-neutral language	in favor of	gender-neutral language adheres to both sexes without a preference of one gender over the other.	0	0	0	0	0	0	0	0	0	1	5.0
6602	Assisted suicide should be a criminal offence	against	if to a degree of reasonable certainty the state of seriousness can not be reversed by the medicine, the patient must have the right to end his life and if he needs help for that he should not be condemned	0	1	0	0	0	0	1	0	0	1	3.0
3658	We should adopt a zero-tolerance policy in schools	against	students who are suspended will loose out on classes and might fail exams or even drop out of school as a result.	0	1	0	0	0	0	0	0	0	0	3.5
6336	We should abandon television	in favor of	there is no longer a need for television now that alternative media are available	0	0	0	0	0	0	1	1	0	0	3.0
7320	We should restrict minors from playing online games.	against	Putting all the blame on the game, demonizing the game, and putting the blame on society can ease parents' anxiety, but it does not help at all.	0	1	0	0	0	0	0	0	0	1	3.5
2557	We should legalize sex selection	in favor of	it helps to insure that the parents get the gender of the child they want and will love	0	1	0	0	0	0	1	0	0	0	3.0
47	We should abandon the use of school uniform	in favor of	School uniforms keep children from being able to express themselves through their clothing choices.	0	0	0	0	0	0	1	0	0	0	3.0
1755	We should adopt libertarianism	in favor of	libertarianism gives us real freedom and keeps the government out of our lives	0	0	0	0	0	0	1	1	0	0	3.0
6627	Holocaust denial should be a criminal offence	in favor of	it was a horrific event and should not be denied. we need to learn from history and everyone needs to know that it happened and never let it happen again.	0	1	1	0	0	0	0	0	0	1	3.0
1688	We should ban the use of child actors	against	if they want to be an actor it is their choice	0	0	0	0	0	0	1	0	0	0	3.0
2123	We should adopt a multi-party system	in favor of	a multi-party system allows a greater freedom of choice for voters to express their democratic right to vote for policies they would like to implimented.	0	0	0	0	0	0	1	0	0	1	3.0
2348	We should subsidize Wikipedia	against	paying wikipedia to do what they intend to do can result in being untruthful and bias	0	1	0	0	0	0	1	0	0	1	3.0
886	We should legalize organ trade	against	people would sell organs because to them money is more important than health, putting them at risk.	0	1	0	0	1	0	1	0	0	0	3.0
4253	We should legalize sex selection	in favor of	sex selection should be allowed so that families can have children of the gender they desire without overpopulating in an attempt to gain the desires sex. selection would reduce births of an unwanted sex.	0	1	0	0	0	0	1	0	0	1	3.0
6574	Surrogacy should be banned	against	it is a legitimate choice for the surrogate and family to make, if the surrogate wants to use their body to carry a baby the state has no right to stop this	0	1	0	0	0	0	1	0	0	0	3.0
4606	Political parties should be brought under RTI (Right to Information) Act	in favor of	Political funding is believed to be the fountainhead of corruption. The citizens have the right to know where the political parties are raising these funds from, how they spend these funds, and the basis of their decisions. Crony capitalism will be hugely curbed if political parties are brought under RTI Act.	0	1	0	0	1	0	1	0	0	1	3.0
7208	We should prevent the surveillance state	in favor of	I am not prepared to continue to restrict my freedom on a permanent basis due to the actions of a minority of offenders, as a citizen who is not a victim. The policy has to find a better balance here. 	0	0	0	0	0	0	1	0	0	0	3.0
327	We should abolish zoos	in favor of	Zoos are too small and do not provide animals with the space and habitat that they are born to.	0	0	0	0	0	0	0	0	0	1	5.0
4603	Political parties should be brought under RTI (Right to Information) Act	in favor of	The RTI Act states that wherever there is Public Interest, those organizations need to be transparent and come under the ambit of the law. There are numbers of Private organizations today, whether partially funded or fully; schools, hospitals, etc. that are under the RTI Act and not just Government organizations.	0	1	1	0	0	0	0	0	0	1	3.0
4856	The Commission should remove any mention of gender and other ideology from its research funds and calls.	in favor of	'Gender' is a far-left concept that has nothing to do with biology, the physical universe, and reality.	0	0	0	0	0	0	0	0	0	1	5.0
4972	There should be no immigration from non-European or non-first-world countries 	against	In Conclusion, we should say: 'Europeans go home. Go home, leave every part of the world where we are making business, exploiting cheap labor, rare minerals, selling arms, invading foreign countries and exporting democracy, etc. '	0	0	0	0	1	0	1	0	0	1	3.0
3340	We should legalize sex selection	in favor of	if people can afford it then it is their choice	0	0	0	0	0	0	1	1	0	1	3.0
6678	Surrogacy should be banned	in favor of	surrogacy is a fancy term that allows people to purchase children.	0	0	1	0	0	0	0	0	0	1	3.0
4550	We should adopt libertarianism	in favor of	libertarianism reduces the oppression of big government and gives more freedom to the pople	0	0	0	0	0	0	1	0	0	0	3.0
622	We should ban cosmetic surgery for minors	against	The government must use least restrictive means to avoid encroaching on people's freedoms. As such they should educate and regulate cosmetic surgery for minors instead of banning it.	0	0	0	0	0	0	1	0	0	0	3.0
4998	We need an immediate cessation of all immigration.	in favor of	The EU needs to establish a legal means of preventing illegal migration that is encouraged by the Turkish government and by privately funded NGOs, which are acting against the interest of the EU.	0	0	0	0	0	0	0	0	0	1	5.0
6422	Foster care brings more harm than good	in favor of	Foster care providers are afforded a stipend for each child they take in, leading to the unfortunate situation of too many people taking advantage of the system and providing inadequate care in exchange for government funds.	0	1	0	0	0	0	0	0	0	1	3.5
7367	Carbon emissions trading should be limited.	in favor of	Climate change is a global issue facing mankind, and with carbon dioxide emissions from all countries, greenhouse gases are surging, posing a threat to life systems.	0	0	0	0	0	0	0	0	0	1	5.0
3775	We should abolish the three-strikes laws	in favor of	three-strike laws should be abolished as it negatively impact minorities and people of color who are more likely to commit crime due to poverty issues.	0	0	0	0	0	0	0	0	0	1	5.0
2794	We should adopt a multi-party system	in favor of	a multi-party system would help create more options for voters.	0	1	0	0	0	0	1	0	0	1	3.0
3384	We should ban factory farming	in favor of	factory farming abuses animals and so should be banned.	0	0	0	0	0	0	0	0	0	1	5.0
6223	Surrogacy should be banned	against	surrogacy is a beautiful process where women are willing, they choose to participate so let them.	0	1	0	0	0	0	1	0	0	0	3.0
2404	We should cancel pride parades	in favor of	pride parades send the wrong message to young  children.	0	1	0	0	0	0	0	0	0	0	3.5
2700	We should ban cosmetic surgery for minors	against	parents of minors should be the people making the determination as they know the needs of their own children over government enforcing bans that impede on such.	0	1	0	0	0	0	1	0	0	0	3.0
5131	We need a Europe that respects life from conception is a humane Europe	in favor of	Every human being has a conscience that allows them to recognize what is true and what is good, and it is by virtue of this awareness that we demand that no European Union funds be allocated to activities that destroy human embryos.	0	1	0	0	0	0	0	0	0	1	3.5
5073	The President of the European Commission should be directly elected by direct universal suffrage	against	What will the Europeans think if the candidates are always, for each election, either French, German, or maybe Spanish, and neither coming from small countries?  	0	0	0	0	0	0	0	0	0	1	5.0
3822	We should subsidize Wikipedia	against	wikipedia is supported just fine with private donations and has continued to function without the need for a subsidy.	0	0	0	0	0	0	1	0	0	1	3.0
2503	We should ban the Church of Scientology	in favor of	scientology is a cult that brainwashes people	0	0	0	0	1	0	1	0	0	0	3.0
3027	We should abolish capital punishment	in favor of	capital punishment is barbaric and should be abolished	0	1	1	0	0	0	0	0	0	1	3.0
6965	Human Gene editing is a good thing	in favor of	DNA has got nothing to do with spirituality. It is made up of nitrogen, oxygen, carbon, and hydrogen - the very same elements that make up the majority atmosphere. It is just as godlike as is the air around us.	0	0	0	0	0	0	0	0	0	1	5.0
6651	Holocaust denial should be a criminal offence	against	holocaust denial is protected under free speech so long as the people are merely denying it and not being violent about it, who are we to say they can't	0	0	1	0	0	0	1	0	0	0	3.0
5156	The EU should adopt legislative measures aimed at increasing the percentage of women in the political sector	against	If you want something like 'increasing the percentage of women in all sectors', you need to create more women or reduce the number of men. I will better not ask questions in this direction. 	0	0	1	0	0	0	0	0	0	1	3.0
3782	We should end mandatory retirement	in favor of	we should end mandatory retirement because no one has the right to tell another person when they have to stop working. it is an individual's choice and should be left up to them when they wish to call it quits.	0	0	0	0	0	0	1	0	0	0	3.0
441	We should adopt a zero-tolerance policy in schools	in favor of	zero-tolerance policies are helpful as they stop children misbehaving	0	0	1	0	0	0	0	0	0	0	3.0
3527	We should prohibit school prayer	in favor of	we have a separation of church and state and the state runs the public schools.	0	0	0	0	0	0	1	0	0	1	3.0
4921	The European Union has no other choice than to reject all immigration, except for workers they need.	in favor of	Africa and the Middle East have the highest birthrate in the World. Africa has up to 7 children per woman. The EU has 1,55.  It is this high birthrate that keeps them poor. There is almost nothing the EU can do about it.	0	0	0	0	0	0	0	0	0	1	5.0
3935	We should ban cosmetic surgery for minors	against	minors should be allowed to have procedures with parental permission	0	1	0	0	1	0	1	0	0	0	3.0
456	We should adopt a multi-party system	in favor of	A multi-party system allows for greater choice in whom to vote for.  It allows each citizen to vote for the party that best fits their beliefs and represents their ideology.	0	0	0	0	0	0	1	0	0	0	3.0
3139	We should adopt a zero-tolerance policy in schools	in favor of	an effective measure to avoid bullying is to adopt zero tolerance and more severe punishments	0	1	1	0	0	0	0	0	0	1	3.0
7050	We should preserve bees and polling insects	in favor of	The economic value of polling insects, often bees, is estimated by researchers to be EUR 153 trillion. 9.5% of the total value of world food production. 	0	0	0	0	1	0	0	0	0	1	3.5
3033	We should oppose collectivism	in favor of	we will lose individuality and become one big hive mind	0	0	0	0	0	0	1	0	0	1	3.0
1811	We should subsidize embryonic stem cell research	against	this type of investigations always end up perverting and end up fulfilling dark objectives	0	0	1	0	0	0	0	0	0	0	3.0
1297	We should abolish zoos	in favor of	Zoos are just a place for animals to be locked up and stared at by people.	0	0	1	0	0	0	0	0	0	1	3.0
3138	We should abolish zoos	in favor of	zoos keeping animals in cages while all animals should be free and to live in nature.	0	0	0	0	0	0	0	0	0	1	5.0
4324	We should adopt gender-neutral language	in favor of	over sensitive people will be offended if we don't.	0	0	1	0	0	0	0	0	0	0	3.0
3898	We should abolish intellectual property rights	in favor of	enforcing property rights is almost impossible when companies in numerous countries do not enforce the rules very well such as china etc so it is easier just to abolish them	0	0	0	0	0	0	0	0	0	1	5.0
4079	We should ban targeted killing	in favor of	targeted killing is a moral violation.	0	0	1	0	0	0	0	0	0	1	3.0
145	We should ban factory farming	in favor of	factory farming treats animals inhumanely, which is wrong and immoral.	0	1	1	0	0	0	0	0	0	1	3.0
6397	The vow of celibacy should be abandoned	against	the vow of celibacy should be up to each individual.	0	0	0	0	0	0	1	0	0	0	3.0
4539	We should ban telemarketing	in favor of	telemarketing is an invasive nuisance, and is a platform for many types of fraud.	0	1	1	0	0	0	1	0	0	1	3.0
4120	We should end mandatory retirement	in favor of	mandatory retirement ages are inconsistent with modern workplace practices and are contrary to the desire for age equality	0	0	0	0	0	0	0	0	0	1	5.0
3698	We should abolish zoos	in favor of	animals need to be free and unrestricted, zoos offer small enclosures, denying animals the chance to survive and thrive in their own habitat.	0	0	0	0	0	0	1	0	0	1	3.0
7370	Carbon emissions trading should be limited.	in favor of	To reduce carbon emissions, first of all, the country will close many heavy polluting enterprises.	0	0	1	0	0	0	0	0	0	1	3.0
15	We should ban cosmetic surgery for minors	in favor of	children have not grown and truly formed their adult looks.   cosmetic surgery for a child should be banned until as an adult the child can make a informed choice over their bodies not a whim of a child.	0	1	0	0	0	0	0	0	0	1	3.5
4585	We should strengthen laws to fight against terrorism	against	This will provide more police powers to the central government. The provision of naming individuals as terrorists can be misused. For example, recently several civil activists are termed as Urban Naxals. If anyone opposes the government, they will be vulnerable to be framed as terrorists. Because this amendment made it easier to label anyone as a terrorist.	0	0	0	0	0	0	1	0	0	1	3.0
6428	Surrogacy should be banned	against	it gives women a chance to be a mother if they themselves can't conceive	0	1	0	0	0	0	1	1	0	0	3.0
1280	We should ban the Church of Scientology	in favor of	the veracity of scientology has been sufficiently questioned as to not accept churches of scientology	0	1	1	0	1	0	1	0	0	1	3.0
5644	Social media brings more harm than good	in favor of	social media does more harm as it emboldens people to be more self serving and vain as people do stuff on social media for likes and retweets.	0	0	1	0	0	0	1	0	0	0	3.0
6831	Surrogacy should be banned	against	surrogacy is a good thing because give a chance to other people to have kids	0	1	0	0	0	0	1	0	0	1	3.0
2180	We should limit executive compensation	in favor of	executives that award their own salaries have shown they can not show restraint	0	1	1	0	0	0	0	0	0	1	3.0
4575	Technology is making us feel less human	in favor of	Some companies are building strategies to use their apps for a longer time, to keep us addicted to their apps and devices so that they can show advertisements to us. And also they can use our data to manipulate our decisions for their profits. These strategies are turning humans into just targets.	0	0	1	0	0	0	1	0	0	1	3.0
4910	The European Union should implement a EU wide carbon tax	in favor of	Most experts agree that an EU-wide carbon tax would be an efficient way to curb our CO2 emissions. 	0	0	1	0	0	0	0	0	0	1	3.0
3953	We should abolish capital punishment	in favor of	capital punishment is cruel and unusual	0	0	0	0	0	0	0	0	0	1	5.0
6726	Holocaust denial should be a criminal offence	against	freedom of speech and thought should be protected	0	0	0	0	0	0	1	0	0	1	3.0
1526	We should abolish capital punishment	in favor of	Capital punishment denies due process by making it impossible for new evidence or good behavior to change the sentence.	0	1	0	0	0	0	0	0	0	1	3.5
5615	Surrogacy should be banned	against	women that are capable of giving birth can help those women who are not	0	1	0	0	0	0	0	0	0	0	3.5
1578	We should adopt gender-neutral language	in favor of	some people classify themselves as gender neutral and we should respect them with our language	0	0	1	0	0	0	0	0	0	1	3.0
601	We should abolish intellectual property rights	in favor of	since intellectual property is such covers such a broad spectrum, it is difficult to prove that rights have been infringed leading to lengthy legal cases and should, therefore be abolished.	0	0	0	0	0	0	0	0	0	1	5.0
5154	The EU should adopt legislative measures aimed at increasing the percentage of women in the political sector	against	All wrong. Let everyone decide for himself (or herself). Forcing women into specific positions is bad ... and sexist I guess.	0	0	0	0	0	0	1	0	0	1	3.0
5451	Assisted suicide should be a criminal offence	against	Assisted suicide should be an individual's choice and personal freedom	0	1	0	0	0	0	1	0	0	1	3.0
2769	We should adopt gender-neutral language	against	gender-neutral language should not be adopted as it will cause resentment among those who strongly identify with either their birth or adopted sex	0	1	1	0	0	0	0	0	0	0	3.0
164	We should subsidize Wikipedia	against	there is no need to subsidize a site that isn't necessary	0	0	0	0	0	0	1	0	0	1	3.0
5602	Holocaust denial should be a criminal offence	against	thought crimes should not be punishable.	0	0	0	0	0	0	1	0	0	0	3.0
3479	We should adopt a zero-tolerance policy in schools	against	a zero-tolerance policy in schools is the wrong way to go as it would too often cause innocent students being punished for being pushed too far.	0	1	0	0	0	0	0	0	0	1	3.5
3942	We should abandon the use of school uniform	against	uniforms let students be on equal grounds and have them judge each other by character instead of wealth	0	0	0	0	0	0	0	0	0	1	5.0
5065	The president of the European Commission should be elected by the people of the EU	against	No, the direct election of a single leader by the people gives too much power to this person. And anyhow: nobody can know another person well enough. Look at the USA: the candidates for president are not real people but are constructed by PR agencies.	0	0	0	0	0	0	0	0	0	1	5.0
5271	The EU should strengthen the integration of Ukraine through intensified cooperation	against	Ukraine will move forward on its European path when it allows Hungarian kids living on its territory to study in their native tongue, not a day sooner. 	0	0	0	0	0	0	1	0	0	1	3.0
2336	We should adopt a zero-tolerance policy in schools	in favor of	this would show that schools are serious about stamping out bullying and bad behavior. too many people get away with bad things because schools are scared to punish them.	0	0	1	0	0	0	0	0	0	0	3.0
4449	We should ban telemarketing	in favor of	i agree that we should ban telemarketing as it is a nuisance and is often unable to be differentiated from scammers	0	1	1	0	0	0	0	0	0	0	3.0
3112	We should ban cosmetic surgery for minors	in favor of	minors don't understand the implications of their choices	0	1	0	0	0	0	0	0	0	0	3.5
1982	We should ban telemarketing	in favor of	telemarketing is intrusive and violates the right to private property	0	0	0	0	0	0	1	0	0	0	3.0
2501	We should abolish intellectual property rights	in favor of	intellectual property rights don't work.  we see this with piracy websites as well as state actors such as china.  there is no point in holding onto a broken system.	0	0	0	0	0	0	0	0	0	1	5.0
1599	We should abolish safe spaces	in favor of	we should abolish safe spaces because they take up too much room that could be used for more pressing matters.	0	1	1	0	0	0	0	0	0	1	3.0
43	We should ban factory farming	in favor of	factory farms keep animals in tight spaces.  they are forced to live in cages and not allowed to roam as they were meant to.	0	0	1	0	0	0	1	0	0	1	3.0
3270	We should limit judicial activism	in favor of	sometimes the laws of the lands contradict a justified action.	0	0	1	0	1	0	0	0	0	1	3.0
86	We should subsidize Wikipedia	against	subsidizing wikipedia can cause it to provide biased information	0	1	0	0	0	0	0	0	0	1	3.5
4221	We should ban whaling	in favor of	Whaling should be banned because it is barbaric and over-killing is causing whales to become an endangered species.	0	0	1	0	0	0	0	0	0	1	3.0
3911	We should oppose collectivism	against	for the greater good of the whole community collectivism ensures everyone benefits, not just the few.	0	1	0	0	0	0	0	0	0	1	3.5
6693	Holocaust denial should be a criminal offence	against	people can choose to believe what they wish.  denying it happened is not a crime.	0	0	0	0	0	0	1	0	0	0	3.0
2004	We should subsidize journalism	in favor of	We should subsidize journalism so that journalists can cover the most important issues, rather than only the most profitable ones.	0	1	0	0	0	0	1	0	0	1	3.0
4278	We should abolish zoos	in favor of	zoos hold animals in cages when they should be free	0	0	0	0	0	0	0	0	0	1	5.0
2626	We should abolish zoos	in favor of	they are places where the animals are mistreated nobody knows how much an animal suffers that is taken out of its habitat only for human entertainment	0	0	0	0	0	0	0	0	0	1	5.0
3615	We should abolish capital punishment	in favor of	The death penalty is disproportionally used against the poor and minorities.	0	0	0	0	0	0	0	0	0	1	5.0
4829	Cohesion funds should be provided directly to cities and regions	in favor of	The cohesion funds have become a mechanism for local oligarchs and political elites to maintain their power and influence within national contexts, thus resulting in utilizing EU funds for their own personal or political gains and withholding the benefits from the people in cities and regions.	0	0	1	0	1	0	0	0	0	1	3.0
5401	Assisted suicide should be a criminal offence	against	if someone is in extreme pain why make them suffer? this is not criminal	0	0	0	0	0	0	1	0	0	0	3.0
1104	We should end mandatory retirement	against	if we end mandatory retirement many older workers that want to retire after many years of service may be denied that right	0	1	1	0	1	0	1	0	0	1	3.0
5110	The EU should enforce the obligation to respect the Rule of Law within its borders	in favor of	It is absolutely necessary that we have a system of accountability, both for member states and other countries. Human rights and liberties always come first!	0	0	1	0	0	0	1	0	0	1	3.0
3752	We should introduce compulsory voting	in favor of	it sends a worthwhile message; that your vote and your opinion is important to a democratic decision. a democracy cannot be representative of the people if vast portions of some demographics don't vote	0	0	0	0	1	0	0	0	0	1	3.5
2410	We should limit judicial activism	in favor of	Judicial activism should be limited as there should be enough statutes of law to allow for most situations and fixed punishments are more acceptable than an individuals response to a case.	0	0	1	0	0	0	0	0	0	1	3.0
627	We should abolish the Olympic Games	against	olympic games gives the world a chance to see the talent of many athletes from around the world	0	0	0	0	0	0	0	1	0	0	3.0
4403	We should ban cosmetic surgery	against	cosmetic surgery is a choice between a doctor and a patient, and laws should not be made that infringe on those choices.	0	0	0	0	0	0	1	0	0	0	3.0
4016	We should adopt a multi-party system	in favor of	there are too many diverse political philosophies to be crammed into 2 parties	0	0	0	0	0	0	0	0	0	1	5.0
2982	We should ban telemarketing	in favor of	we should ban it because of the often very high pressure sales tactics used to coerce a sale even if someone does not want to purchase anything	0	1	0	0	0	0	1	0	0	1	3.0
3273	We should ban the Church of Scientology	in favor of	banning the church of scientology  would be good because it is very cult like.	0	0	0	0	0	0	1	0	0	1	3.0
2742	We should oppose collectivism	against	collectivism is necessary for people to help one another and endure.	0	1	0	0	0	0	0	0	0	0	3.5
7052	We should promote a culture of exchange and sharing of goods and services	in favor of	All this lengthens the life cycle of a product and reduces waste.	0	0	0	0	0	0	0	0	0	1	5.0
41	We should cancel pride parades	in favor of	pride parades create a huge disturbance	0	0	1	0	0	0	0	0	0	0	3.0
486	We should limit executive compensation	in favor of	CEO's make 100 times what an average worker make and they do not actually generate any capital.	0	0	0	0	1	0	0	0	0	1	3.5
7284	We should give up developing electric vehicles	in favor of	Market orientation is difficult. In the absence of subsidies, no license restrictions and other policies, whether the sales of pure electric vehicles can still grow steadily is questionable.	0	0	0	0	1	0	0	0	0	1	3.5
4296	We should adopt atheism	against	you can not force a religion or lack there of on someone	0	0	0	0	0	0	1	0	0	1	3.0
4490	We should legalize sex selection	in favor of	couples should be able to select the sex of their child since some may only want boys or may want girls.  they may also already have more then one child of a certain sex and want the other sex next time.	0	1	0	0	1	0	1	0	0	0	3.0
7265	We should introduce digital identity authentication on social media that has more than 100,000 users	in favor of	Anonymity is at least as much as important as Identity.  Today it is very easy to be anonymous, but hard to prove the identity of opinion and establish a public web of trust.  Anonymity enables powerful identities to control the messages, and therefore the identity-seeking masses. 	0	1	0	0	0	0	1	0	0	1	3.0
735	We should prohibit school prayer	in favor of	school prayer is wrong because the non religious are expected to participate.	0	0	0	0	0	0	1	0	0	1	3.0
5128	The EU needs a free but correct press	against	The EU deciding who is a journalist amounts to the EU deciding what is true.	0	0	0	0	0	0	1	0	0	1	3.0
4541	We should abolish safe spaces	against	there needs to be places where in the world where bias and recrimination does not exist. people need a safe space so they are not bothered by prejudice and bias.	0	0	1	0	0	0	0	0	0	1	3.0
7244	We should speak about the ongoing genocide in China.	in favor of	I am concerned about the source of some cotton, which is produced in Chinese detention camps. A unified EU mark of ethical & environmental principles would be a nice thing to have when deciding what to buy.	0	0	0	0	0	0	0	0	0	1	5.0
6150	Assisted suicide should be a criminal offence	against	assisted suicide shouldn't be a criminal offence because it allows the patient to have control over their final decisions	0	0	0	0	0	0	1	0	0	0	3.0
2912	We should legalize prostitution	in favor of	Prostitution is a legitimate choice, people should be free to do what they want with their bodies, criminalising it is a gross violation of the freedom of occupation.	0	0	0	0	0	0	1	0	0	1	3.0
684	We should introduce compulsory voting	against	voting should be a choice for every person	0	0	0	0	1	0	1	0	0	0	3.0
1504	We should abolish zoos	in favor of	it is inhumane to keep animals in cages for our entertainment. they need to be in their natural habitat in order to thrive instead of zoos.	0	0	0	0	0	0	0	0	0	1	5.0
2433	We should ban missionary work	in favor of	missionary work often only benefits the missionary.  those that are targeted are often left worse off after the missionary leaves, having been given a taste of first world things then left to rot	0	0	1	0	0	0	0	0	0	1	3.0
6403	Holocaust denial should be a criminal offence	in favor of	6 million people died so to deny the holocaust should be a crime against their memory	0	1	1	0	0	0	0	0	0	1	3.0
6184	Payday loans should be banned	against	Many of the problems with payday loans would be eliminated if there was increased oversight to enforce regulations and proper business practices that are already codified.	0	1	1	0	0	0	0	0	0	1	3.0
6033	Surrogacy should be banned	against	surrogacy is the only way some people can have children	0	1	0	0	0	0	0	0	0	0	3.5
2532	We should introduce compulsory voting	against	people would be forced to vote for something even if they didn't believe it was right.	0	0	0	0	0	0	1	0	0	1	3.0
4855	People from radical Muslim countries should be banned from entering the EU countries	against	An outright ban on muslim countries is ridiculous, the leadership of these countries and the media depictions of the people of these countries do not reflect the actual people who live there, they are no threat to us	0	0	0	0	0	0	0	0	0	1	5.0
2362	We should abolish the three-strikes laws	in favor of	three strikes laws lack nuance and fail to evaluate circumstances around crimes committed.	0	1	0	0	0	0	1	0	0	1	3.0
637	We should abolish zoos	against	some species are endangered and threatened by poaching. zoos are a place were we can guarantee their safety and survival.	0	0	0	0	0	0	0	0	0	1	5.0
5591	Homeopathy brings more harm than good	in favor of	people using a homeopathic approach to treatment can accidentally end up overdosing on their herbal treatment and making themselves more sick.	0	0	0	0	1	0	0	0	0	0	3.5
5386	Social media brings more harm than good	in favor of	it gives people a platform to pretend, show off and to bully others. it also makes people believe that everyone else has everything they want and that their lives are perfect, leading to mental health issues.	0	0	1	0	0	0	0	0	0	0	3.0
39	We should stop the development of autonomous cars	in favor of	autonomous cars will take away the jobs of thousands of people around the world by removing the function of drivers.	0	0	0	0	0	0	0	0	0	1	5.0
4879	We need a common migration and asylum policy, based on respect for rights and equal treatment	in favor of	The shameful policy (and practice) of Europe these days towards migrants is contradictory to the respect we need to show to fellow world citizens. And it is not in line with the fundamental rights the EU is supposed to put into practice. 	0	1	1	0	0	0	0	0	0	0	3.0
7288	We should ban the trading of virtual currencies.	in favor of	Virtual currency is a money laundering channel for criminals.	0	0	1	0	0	0	0	0	0	0	3.0
2666	We should cancel pride parades	against	to support gay people then we should allow pride parades	0	0	0	0	0	0	1	0	0	1	3.0
3145	We should limit executive compensation	in favor of	we should not spend a fortune on the richest of the rich, it is unnecessary and elitist	0	0	0	0	0	0	0	0	0	1	5.0
