	Conclusion	Stance	Premise	Achievement	Benevolence	Conformity	Hedonism	Power	Security	Self-direction	Stimulation	Tradition	Universalism	Score
2635	We should introduce compulsory voting	against	it is not right to force people that do not want to participate in voting to do so.	0	0	0	0	0	0	1	0	0	0	4.5
3854	We should abolish zoos	in favor of	Zoos are unnatural places for wild animals to live and causes many of them to live long, sad lives in cages.	0	0	0	0	0	0	0	0	0	1	3.333333333333333
197	We should prohibit school prayer	in favor of	we have seperation of church and state for a reason.  schools are a government entity that is not suppose to be involved with, or support, any particular religion and the two need to stay seperate.	0	0	1	0	0	0	1	0	0	0	3.0
3769	We should ban algorithmic trading	against	we shouldn't ban algorithmic trading because there is nothing wrong with it. if a person wants to use algorithms to trade instead of making investment decisions based on emotion, we should allow it.	0	0	0	0	0	0	1	0	0	0	4.5
4809	Intensive livestock farming should disappear	in favor of	sustainable and animal-friendly farms grow their own feed and create an ecological cycle.	0	0	0	0	0	0	0	0	0	1	3.333333333333333
6886	The vow of celibacy should be abandoned	in favor of	the vow of celibacy is outdated, times have changed. it also begs to question whether the vow of celibacy is contributing to the frequent assaults plaguing the catholic church.	0	0	0	0	0	0	0	0	0	1	3.333333333333333
3160	We should abolish zoos	in favor of	we should abolish zoos because the animals are kept in such small enclosures and have hardly any room to move around	0	0	0	0	0	0	0	0	0	1	3.333333333333333
7040	We should protect bird habitats in built environments	in favor of	Glass is one of the biggest causes of human death for birds.	0	0	0	0	0	0	0	0	0	1	3.333333333333333
4801	Political institutions should make fundamental changes in the way they address climate change and environmental protection	in favor of	it is essential that environmental concerns and sustainability are the foundation of any treaty with our European Union!	0	0	0	0	0	0	0	0	0	1	3.333333333333333
4454	We should subsidize embryonic stem cell research	against	Embryonic stem cell research is unethical because it uses the bodies of unborn babies.	0	0	1	0	0	0	0	0	0	1	3.0
6764	Payday loans should be banned	in favor of	this type of loans is not allowed by state law or because the lenders decided not to do business on the interest rate and the allowable installments in those states.	0	0	1	0	0	0	0	0	0	0	3.0
1150	We should end mandatory retirement	in favor of	mandatory retirement is purely age discrimination	0	0	0	0	0	0	1	0	0	1	3.333333333333333
5158	We need a Europe that respects life from conception is a humane Europe	in favor of	Every human has the right to live. The developing child in the womb, the children, the adults, and those who are of old age and need nursing.	0	0	1	0	0	0	0	0	0	1	3.0
441	We should adopt a zero-tolerance policy in schools	in favor of	zero-tolerance policies are helpful as they stop children misbehaving	0	0	1	0	0	0	0	0	0	0	3.0
6001	The use of public defenders should be mandatory	against	if someone wants to defend themselves that is their right	0	0	0	0	0	0	1	0	0	1	3.333333333333333
4266	We should abolish the three-strikes laws	in favor of	the three strikes law punishes people to harshly for minor crimes. they shouldn't have to spend the rest of their lives in prison unless they are crimes that harm another person.	0	0	0	0	0	0	0	0	0	1	3.333333333333333
4501	We should abolish safe spaces	in favor of	Trigger warnings are sufficient in preventing someone from reliving trauma in the vast majority of instances, and therefore we should abolish safe spaces to maximize free speech.	0	0	0	0	0	0	1	0	0	1	3.333333333333333
4399	We should introduce compulsory voting	against	people should not be forced to vote any more than they should be forced to have insurance or be fined for the lack of.	0	0	0	0	0	0	1	0	0	0	4.5
6969	Hindi should be the National language of India	in favor of	Hindi is spoken by more than half of India. As no single language is spoken by entire India, it is much better to make the majoritarian language as the national language.	0	0	0	0	0	0	0	0	0	1	3.333333333333333
6329	We should subsidize vocational education	against	vocational education should be provided on the same terms as academic, not given preferential subsidies.	0	0	0	0	0	0	0	0	0	1	3.333333333333333
426	We should ban factory farming	in favor of	factory farming should be banned as the animals in these farms are held in bad conditions.	0	0	0	0	0	0	0	0	0	1	3.333333333333333
1507	We should adopt a multi-party system	in favor of	In a multi-party system, minority needs are better catered to.	0	0	0	0	0	0	0	0	0	1	3.333333333333333
1756	We should limit judicial activism	in favor of	judges by definition are supposed to be impartial. having activist judges defeats the purpose	0	0	1	0	0	0	0	0	0	1	3.0
2778	We should ban cosmetic surgery	against	everyone has a right to make this choice	0	0	0	0	0	0	1	0	0	0	4.5
4836	Frontex should regularly publish transparency reports	against	Frontex interfering with the national border guards doing their sacred duty to protect the border, and then sending anonymous reports to criticize these brave men and women is quite abhorrent. 	0	0	1	0	0	0	0	0	0	0	3.0
98	We should abolish zoos	against	zoos do a lot of conservation work and have successfully bred animals which were on the verge of extinction.	0	0	0	0	0	0	0	0	0	1	3.333333333333333
2709	We should abolish intellectual property rights	against	copyright laws protect artistic creations.	0	0	0	0	0	0	1	0	0	0	4.5
2838	We should subsidize embryonic stem cell research	against	an embryo is basically a baby that has not implanted yet. this is potential human life.	0	0	0	0	0	0	0	0	0	1	3.333333333333333
4964	We need a better EU migration policy 	in favor of	his is the issue in politics and public sector policy making. No objectives are to be pursued. No problems to be solved. I guess it is the nature of the beast. Balancing conflicting interests. 	0	0	0	0	0	0	1	0	0	1	3.333333333333333
5111	The EPPO’s jurisdiction should be extended to all member states	in favor of	Hungary’s and Poland’s governments have ruthlessly corrupted their judgments to get a free card on abstract EU funds. Enough! If even Romania can be carried out to join the enhanced cooperation, those last two must be forced.	0	0	1	0	0	0	0	0	0	1	3.0
63	We should ban factory farming	in favor of	factory farming is bad for the environment and should be banned	0	0	0	0	0	0	0	0	0	1	3.333333333333333
2821	We should oppose collectivism	in favor of	collectivism encourages herd mentality	0	0	0	0	0	0	1	0	0	1	3.333333333333333
622	We should ban cosmetic surgery for minors	against	The government must use least restrictive means to avoid encroaching on people's freedoms. As such they should educate and regulate cosmetic surgery for minors instead of banning it.	0	0	0	0	0	0	1	0	0	0	4.5
4804	Toilet paper should be made of recycled paper only	in favor of	In order to improve the protection of the environment, the use of fresh pulp should no longer be allowed for toilet paper.	0	0	0	0	0	0	0	0	0	1	3.333333333333333
3307	We should end the use of economic sanctions	against	economic sanctions help punish bad behavior	0	0	1	0	0	0	0	0	0	0	3.0
1058	We should prohibit school prayer	in favor of	prayer has no place in public school because not everyone practices the same religion	0	0	0	0	0	0	1	0	0	1	3.333333333333333
3934	We should ban algorithmic trading	in favor of	algorithmic trading gives an unfair advantage to traders who can afford the best computers and internet connections -- i.e. those who are already rich.	0	0	0	0	0	0	0	0	0	1	3.333333333333333
6324	Holocaust denial should be a criminal offence	against	holocaust denial is disgusting but it's still free speech	0	0	1	0	0	0	1	0	0	1	3.0
4805	Solar and wind energies have harmful impacts on flying species, fauna and flora in general, and even insects	against	being against solar energy, in my opinion, is simply irrational.  Insects also die by windmills sometimes, but much more often from hunger, birds or herbicides, insecticides, etc. 	0	0	0	0	0	0	0	0	0	1	3.333333333333333
786	We should adopt atheism	in favor of	Atheism should be adopted because many people do not believe in God or a higher power,	0	0	0	0	0	0	1	0	0	1	3.333333333333333
3615	We should abolish capital punishment	in favor of	The death penalty is disproportionally used against the poor and minorities.	0	0	0	0	0	0	0	0	0	1	3.333333333333333
6252	Holocaust denial should be a criminal offence	in favor of	holocaust denial is offensive and it is a form of racism.	0	0	1	0	0	0	0	0	0	1	3.0
6308	Holocaust denial should be a criminal offence	against	you can not tell a person how they should or should not believe and making holocaust denial a criminal offense is an unnecessary intrusion.	0	0	0	0	0	0	1	0	0	0	4.5
7286	We should give up developing electric vehicles	in favor of	The number of charging infrastructure construction is not enough.	0	0	0	0	0	0	0	0	0	1	3.333333333333333
3931	We should adopt gender-neutral language	in favor of	with todays progression it only makes sense, then we wont insult people.	0	0	1	0	0	0	0	0	0	1	3.0
1847	We should ban whaling	in favor of	whaling  should be banned because they're killed inhumanely.	0	0	0	0	0	0	0	0	0	1	3.333333333333333
2915	We should abandon the use of school uniform	in favor of	school uniform limits the ability of young people to develop their identity and express who they are	0	0	0	0	0	0	1	0	0	1	3.333333333333333
1849	We should adopt atheism	in favor of	we should adopt atheism because science can explain how we got here without needing a god to explain it.	0	0	0	0	0	0	0	0	0	1	3.333333333333333
6133	Holocaust denial should be a criminal offence	against	freedom of speech protects everyone's speech, even those who are clearly misinformed.	0	0	0	0	0	0	1	0	0	1	3.333333333333333
2815	We should abolish safe spaces	against	we should accept safe spaces because it lets people freely speak their mind without consequence	0	0	0	0	0	0	1	0	0	1	3.333333333333333
4442	We should abolish the three-strikes laws	in favor of	many people could pay long sentences for nonviolent crimes	0	0	0	0	0	0	0	0	0	1	3.333333333333333
211	We should ban human cloning	in favor of	humans don't have the right to play god with genetics	0	0	1	0	0	0	0	0	0	0	3.0
3602	We should ban factory farming	in favor of	the end does not justify the means, the factory farming is cruel, inhuman and immoral, you. you can argue what you want, but that does not erase the facts.	0	0	0	0	0	0	0	0	0	1	3.333333333333333
2136	We should subsidize embryonic stem cell research	against	we should not because we are messing with the natural order of things and can cause more problems.	0	0	0	0	0	0	0	0	0	1	3.333333333333333
3910	We should adopt libertarianism	in favor of	freedom and liberty should be promoted for all to prevent tyranny and oppression. libertarianism is the most effective way of achieving this	0	0	0	0	0	0	1	0	0	1	3.333333333333333
3813	We should ban whaling	in favor of	whaling is a particularly cruel and inhumane with 16,000 whales killed every year during the last century endangering some species.	0	0	0	0	0	0	0	0	0	1	3.333333333333333
3314	We should subsidize journalism	against	journalism should not be influenced by the government.	0	0	0	0	0	0	1	0	0	1	3.333333333333333
4375	We should subsidize space exploration	in favor of	we should subsidize space exploration to find what information is available in our solar system.	0	0	0	0	0	0	1	0	0	0	4.5
1091	We should introduce compulsory voting	against	compulsory voting will be difficult to enforce on the elderly and others who will have a difficult time voting.	0	0	0	0	0	0	1	0	0	0	4.5
1961	We should abolish intellectual property rights	in favor of	intellectual property rights should be abolished as an individual's thoughts or creative abilities are their own and should not be controlled or owned by a company.	0	0	0	0	0	0	1	0	0	0	4.5
379	We should ban cosmetic surgery for minors	against	every one has the right to choose what they want to do with their bodies, it isn't in our place to decide if cosmetic surgery is bad for minors.	0	0	1	0	0	0	1	0	0	1	3.0
3787	We should ban missionary work	in favor of	missionary work exploits poor people fears to dominate them and take their land	0	0	0	0	0	0	0	0	0	1	3.333333333333333
3376	We should abolish safe spaces	against	safe spaces allow for people to voice concerns over discrimination and prejudice where they feel protected enough to have the confidence to speak freely. this is a great thing to combat discriminatory behavior.	0	0	0	0	0	0	1	0	0	1	3.333333333333333
2648	We should ban missionary work	in favor of	We should ban missionary work because it convinces people to abandon their culture and adopt a dominant, colonial culture instead, which damages our shared cultural heritage.	0	0	0	0	0	0	1	0	0	1	3.333333333333333
6044	The vow of celibacy should be abandoned	in favor of	the vow of celibacy represents a time when sex was considered dirty and taboo, instead of merely a part of human nature.	0	0	0	1	0	0	1	0	0	1	3.0
2040	We should legalize organ trade	against	people selling organs will wait for the highest bidder meaning only rich people will be able to afford the organs they desperately need.	0	0	0	0	0	0	0	0	0	1	3.333333333333333
4129	We should oppose collectivism	in favor of	While society and the collective may be long lasting, individuals are only afforded a single life, and therefore should prioritize that over the lives of others.	0	0	0	0	0	0	1	0	0	0	4.5
1541	We should adopt gender-neutral language	in favor of	gender-neutral language would show we respect peoples choices.	0	0	1	0	0	0	0	0	0	1	3.0
7030	Wind and solar energy resources are a commodity, provided by big companies.	against	Energy is a human right and free energy production is a human right as well.	0	0	0	0	0	0	1	0	0	1	3.333333333333333
3390	We should cancel pride parades	against	it is essential that people realize the whole world is diverse. by promoting these parades we are showing the world that you need to be proud of who you are regardless or gender or orientation.	0	0	0	0	0	0	0	0	0	1	3.333333333333333
7360	We should vigorously develop the countryside.	against	The city is full of opportunities, it gives outworkers prosperity and convenience, and everyone can live in the city with their own power, and even gradually gain a foothold in the city.	0	0	0	0	0	0	1	0	0	0	4.5
2797	We should adopt gender-neutral language	in favor of	we should adopt gender-neutral language because it will create a society where men are not more powerful and important than women.	0	0	0	0	0	0	0	0	0	1	3.333333333333333
1130	We should ban factory farming	in favor of	factory farming is harming the environment on a large scale	0	0	0	0	0	0	0	0	0	1	3.333333333333333
6986	Adultery should be criminalized	against	Law should not interfere in the personal lives.	0	0	0	0	0	0	1	0	0	0	4.5
4654	We should subsidize hydrogen vehicles	against	If the hydrogen fuel escapes into the air, it can increase global warming.	0	0	0	0	0	0	0	0	0	1	3.333333333333333
1850	We should abolish the three-strikes laws	in favor of	We should abolish the three-strikes laws because a crime is a crime and the criminal need to be punished for what type of crime they are committing and not base on how many times they committed the crime	0	0	1	0	0	0	0	0	0	1	3.0
363	We should abolish zoos	in favor of	we should abolish zoos because it dangerous and not good for the animals to be out of their natural habitat just for the purpose of human entertainment	0	0	0	0	0	0	0	0	0	1	3.333333333333333
4840	Immigrants should receive help from the EU through integration programs	against	Indigenous Europeans have no obligation to take in any more migrants, and neither do they want to. This is being forced on us.	0	0	0	0	0	0	1	0	0	1	3.333333333333333
1820	We should limit executive compensation	in favor of	we should limit executive compensation because most make an unbalanced amount of salary in comparison to their real worth.	0	0	1	0	0	0	0	0	0	1	3.0
6690	Assisted suicide should be a criminal offence	against	a person who is terminally ill and suffering should be given the right to end his suffering, under medical supervision.	0	0	0	0	0	0	1	0	0	0	4.5
2532	We should introduce compulsory voting	against	people would be forced to vote for something even if they didn't believe it was right.	0	0	0	0	0	0	1	0	0	1	3.333333333333333
7060	We should limit the use of fireworks	in favor of	I have also seen ex-soldiers shaking after someone sets off loud fireworks. Yes they should be banned.  Abhorrent things.	0	0	1	0	0	0	0	0	0	1	3.0
3758	We should abolish capital punishment	in favor of	capital punishment can potentially lead to the death of innocent men. there are cases where there is strong doubt that the person executed actually carried out the crime.	0	0	0	0	0	0	0	0	0	1	3.333333333333333
4762	Donald Trump's Presidency was a good thing	against	Racism &amp; white supremacy has increased in Trump's term.	0	0	0	0	0	0	0	0	0	1	3.333333333333333
3682	We should adopt gender-neutral language	in favor of	gender-neutral language adheres to both sexes without a preference of one gender over the other.	0	0	0	0	0	0	0	0	0	1	3.333333333333333
6759	Holocaust denial should be a criminal offence	against	everyone is entitled to the right to believe or disbelieve the  holocaust.	0	0	0	0	0	0	1	0	0	0	4.5
7102	We should sop unrestricted deforestation and logging	in favor of	Wood should be used as building material & other meaningful products only. Anything else is a waste of resources. No fresh wood for paper, fast furniture 	0	0	0	0	0	0	0	0	0	1	3.333333333333333
5396	Holocaust denial should be a criminal offence	against	what one chooses to believe or not to believe should be at their discretion.	0	0	0	0	0	0	1	0	0	1	3.333333333333333
6698	We should abandon television	against	television will always exist, sure there's other streaming platforms, but the product is the same. getting rid of traditional tv doesn't solve the problem when the same thing is available online.	0	0	0	0	0	0	0	0	0	1	3.333333333333333
482	We should legalize organ trade	against	we would end up in bidding wars where only the rich could be helped	0	0	0	0	0	0	0	0	0	1	3.333333333333333
6353	Surrogacy should be banned	against	A woman can and should decide on her own what to do with her body, and how she would like to use it. It's not the business of the government.	0	0	1	0	0	0	1	0	0	0	3.0
4079	We should ban targeted killing	in favor of	targeted killing is a moral violation.	0	0	1	0	0	0	0	0	0	1	3.0
1851	We should oppose collectivism	in favor of	this practice does not allow an individual their own thoughts and actions.	0	0	0	0	0	0	1	0	0	0	4.5
6054	The use of public defenders should be mandatory	against	public defenders should not be mandatory because it will affect peoples cases since they can physical tell them your story	0	0	1	0	0	0	0	0	0	1	3.0
7015	We should protect very large natural areas	in favor of	To help achieve this, the EU should reduce its excessive livestock subsidies. An agricultural transition away from cattle towards plants would free up a lot of space	0	0	0	0	0	0	0	0	0	1	3.333333333333333
712	We should abolish the Olympic Games	in favor of	we should abolish the olympic games because they have not done what they were meant to do which is create peace.  they have created more problems especially to those hosting them and are just beyond their time.	0	0	0	0	0	0	0	0	0	1	3.333333333333333
3105	We should abolish capital punishment	against	some people have committed such unspeakable crimes that they don't deserve to live	0	0	0	0	0	0	0	0	0	1	3.333333333333333
6934	We should abolish the National Register of Citizens (NRC)	in favor of	The present process lacks impartiality, transparency, and equality. Updating or maintaining an NRC with such a huge population, and that too people with less income and low literacy is a very tedious task. And all efforts should be made to minimize injustice to anyone.	0	0	0	0	0	0	0	0	0	1	3.333333333333333
7283	We should give up developing electric vehicles	in favor of	The development of electric vehicle batteries is a highly polluting industry. Even the batteries will bring very serious pollution if they cannot be recycled.	0	0	0	0	0	0	0	0	0	1	3.333333333333333
4677	We should stop using cash	against	Cashless transactions are recorded by banks. So, the data will reveal the critical data of people regarding where they spend money. The government can easily access the data of anyone. It may result in mass surveillance programs. This goes against the right to privacy. Cash gives us anonymity.	0	0	0	0	0	0	1	0	0	1	3.333333333333333
6695	Entrapment should be legalized	against	entrapment can end with the wrong person arrested	0	0	0	0	0	0	0	0	0	1	3.333333333333333
5668	Assisted suicide should be a criminal offence	against	Assisted suicide helps those who are in pain due to a devastating disease end their own lives on their own terms.	0	0	0	0	0	0	1	0	0	0	4.5
5196	There should be a stronger EU on the world scene	in favor of	We have already done great damage to EU credibility by pointless posturing.	0	0	1	0	0	0	0	0	0	1	3.0
6547	The use of public defenders should be mandatory	in favor of	the mandatory use of public defenders guarantees equality in the defense and the accusing party because the economic weight does not intervene	0	0	0	0	0	0	0	0	0	1	3.333333333333333
4746	Marital Rape should be criminalized in India	in favor of	IPC 375, which criminalizes rape, discriminates married women from using the section on their husbands.	0	0	0	0	0	0	0	0	0	1	3.333333333333333
5450	The use of public defenders should be mandatory	in favor of	The use of public defenders should be mandatory because it would end the two-tier system where some people get excellent private defenders and some get low quality public defenders.	0	0	0	0	0	0	0	0	0	1	3.333333333333333
1913	We should abolish zoos	in favor of	zoos keep wild animals locked up in areas smaller than they are used to in the wild and it is not natural for them.	0	0	0	0	0	0	0	0	0	1	3.333333333333333
7129	We should reduce environment pollution by limiting number of people in Europe	against	If we tried to fix the issue by controlling the population, countries like Denmark would need to reduce their population to 1/5 of the current number, to reach sustainable resource use.	0	0	0	0	0	0	0	0	0	1	3.333333333333333
4565	We should abolish zoos	against	Zoos are places that protect and breed animals that would otherwise become extinct.	0	0	0	0	0	0	0	0	0	1	3.333333333333333
5364	There should be a reform of EU trade and investment policy and a relaunch of global multilateralism	in favor of	The EU needs to both promote and uphold the highest social and environmental standards in its internal as well as external policies. Human rights and collective agreements must never be seen as barriers to trade!	0	0	0	0	0	0	1	0	0	1	3.333333333333333
7302	We should ban the trading of virtual currencies.	against	The trading of virtual currency is secretly named, so as to ensure the privacy protection of his own information content and data information, prevent the leakage of his own data, and improve the safety factor of the system software.	0	0	0	0	0	0	1	0	0	0	4.5
653	We should oppose collectivism	in favor of	people should be encouraged to individuals	0	0	1	0	0	0	0	0	0	0	3.0
2432	We should abolish safe spaces	in favor of	We should abolish safe spaces because universities and other public spaces have an obligation not to place limits on speech, even if it comes from a good place.	0	0	0	0	0	0	1	0	0	1	3.333333333333333
3489	We should ban factory farming	in favor of	factory farming is not good for the environment	0	0	0	0	0	0	0	0	0	1	3.333333333333333
1865	We should ban factory farming	in favor of	we should ban factory farming as its cruel and inhumane to animals	0	0	0	0	0	0	0	0	0	1	3.333333333333333
1591	We should legalize cannabis	in favor of	adults should be able to choose substances that they want to use.	0	0	0	0	0	0	1	0	0	1	3.333333333333333
2961	We should prohibit school prayer	in favor of	religion should not be forced on school children. they should be free to believe their own ideals	0	0	0	0	0	0	1	0	0	0	4.5
4015	We should abolish capital punishment	in favor of	Capital punishment has historically been unfairly used more against minorities and the weak people in society, and I believe it's true today	0	0	0	0	0	0	0	0	0	1	3.333333333333333
518	We should abolish safe spaces	in favor of	safe spaces equal non-free speech spaces and that is against the law.	0	0	1	0	0	0	1	0	0	0	3.0
3088	We should ban missionary work	in favor of	missionary work is an affront to people's right to choose their own religion, by tying aid to a particular religion it's no different than imperialism	0	0	0	0	0	0	1	0	0	1	3.333333333333333
1728	We should ban private military companies	in favor of	private military companies can hold bias and due to past experiences and can result in dangerous sctivities for the wrong reasons.	0	0	0	0	0	0	0	0	0	1	3.333333333333333
4339	We should adopt gender-neutral language	in favor of	we live in a modern world where men and women should have the same opportunities.  many sexists words like anchorman for example give the impression that jobs are only for certain sexes.	0	0	0	0	0	0	0	0	0	1	3.333333333333333
6603	Holocaust denial should be a criminal offence	in favor of	the people who went through the holocaust have been hurt enough and people need to remember so it does not happen again.	0	0	1	0	0	0	0	0	0	1	3.0
4458	We should adopt a zero-tolerance policy in schools	against	students from schools with active zero tolerance policy have occasionally blurted about how the policy infringes on their rights and how teachers use the policy as an excuse to deal with them.	0	0	0	0	0	0	1	0	0	1	3.333333333333333
2707	We should ban private military companies	against	private military companies are a business like any other and are subject to national and international regulations	0	0	1	0	0	0	0	0	0	0	3.0
7115	We should make zero/low waste products more affordable	in favor of	We should tax items based on the sustainability goals of the United Nations. This would make it possible to tax exploitation pollution of natural resources, CO2 & other greenhouse gas emissions, violation of human rights or terrible working conditions, no matter if the product is a plastic bag, an unsustainable t-shirt, a service, some food or a complex financial product.	0	0	0	0	0	0	0	0	0	1	3.333333333333333
341	We should ban targeted killing	in favor of	there is never a justifiable reason to kill someone.	0	0	1	0	0	0	0	0	0	1	3.0
4779	Censorship of movies is an outdated concept	in favor of	Censorship causes imposition of majoritarian ideals on others.	0	0	0	0	0	0	1	0	0	0	4.5
4224	We should abolish zoos	in favor of	zoos serve to imprison animals and show them off for entertainment.	0	0	0	0	0	0	0	0	0	1	3.333333333333333
5828	The use of public defenders should be mandatory	in favor of	The use of public defenders should be mandatory, so that corporations accused of criminal misconduct have the same resources that an individual would.	0	0	0	0	0	0	0	0	0	1	3.333333333333333
359	We should legalize sex selection	in favor of	when we allow abortion for any reason or purpose, sex selection cannot be excluded. in fact illegal sex selection only increased abortions as the alternative method to select gender	0	0	0	0	0	0	1	0	0	0	4.5
7059	We should open free training centers for the EPSO competition	in favor of	This would be an opportunity for more Europeans to integrate people with different backgrounds within the institutions. 	0	0	0	0	0	0	1	0	0	1	3.333333333333333
5439	Holocaust denial should be a criminal offence	against	people have freedom of speech, and ignorance does not equal a criminal offense. if that was true, too many people would be criminals based on the amoint of ignorance out there.	0	0	0	0	0	0	1	0	0	1	3.333333333333333
4925	We need a better migration policy.	in favor of	Africa is the only continent where the number of young people continues to increase. 	0	0	0	0	0	0	1	0	0	1	3.333333333333333
2937	We should adopt atheism	in favor of	Atheism allows one to really examine why we believe what we do and are you truly a good person or do you just want to go to heaven	0	0	0	0	0	0	1	0	0	1	3.333333333333333
6857	Holocaust denial should be a criminal offence	against	free thinking for all should never be a crime.	0	0	0	0	0	0	1	0	0	0	4.5
6888	We should abandon television	against	television is stll the number one place people go for news, and the verification of news - abandoning it would cut off a reliable source of information, effectively disenfranchising huge swathes of society.	0	0	0	1	0	0	1	0	0	1	3.0
3176	We should ban human cloning	against	without further testing and experimentation, the outcome of human cloning will never be known so should not be banned.	0	0	0	0	0	0	1	0	0	0	4.5
264	We should abandon the use of school uniform	against	researchers found that in schools across the world with uniform policies students are more disciplined and concentrated	0	0	1	0	0	0	0	0	0	0	3.0
5362	There should be a reform of EU trade and investment policy and a relaunch of global multilateralism	in favor of	Sustainable development and climate change mitigation in EU Trade deals should be examples of best practices of EU policy.	0	0	0	0	0	0	0	0	0	1	3.333333333333333
2342	We should limit executive compensation	in favor of	executive compensation is abuse of unregulated capitalism and concentrates wealth into a very small number of people.	0	0	1	0	0	0	0	0	0	1	3.0
5385	Intelligence tests bring more harm than good	against	intelligence tests should continue to be used because they provide valuable data	0	0	0	0	0	0	0	0	0	1	3.333333333333333
3903	We should abolish the Olympic Games	in favor of	The Olympic Games have become nothing more than political contests that spur controversy between countries.	0	0	0	0	0	0	0	0	0	1	3.333333333333333
7358	We should vigorously develop the countryside.	in favor of	The gap between rural and urban areas is getting bigger and bigger, and the result is that the countryside is deserted, a lot of land is barren, and China's arable land is decreasing.	0	0	0	0	0	0	0	0	0	1	3.333333333333333
2866	We should ban the use of child actors	in favor of	child actors are really doing labor and child labor is against the law.	0	0	1	0	0	0	0	0	0	1	3.0
2274	We should adopt atheism	against	we should not adopt atheism because people have a right to believe what ever they want	0	0	0	0	0	0	1	0	0	0	4.5
125	We should end the use of economic sanctions	against	economic sanctions are often a proportional punishment	0	0	0	0	0	0	0	0	0	1	3.333333333333333
103	We should ban human cloning	in favor of	human cloning should be banned because it allows designer humans to be grown according to the parents wishes.	0	0	0	0	0	0	0	0	0	1	3.333333333333333
5448	Assisted suicide should be a criminal offence	in favor of	no matter how much suffering we have in life nothing justifies death in the same way i think that a sick person is not in the capacity of whether he wants to live or not	0	0	1	0	0	0	0	0	0	0	3.0
4220	We should ban missionary work	against	missionaries are just trying to spread positivity into the world.	0	0	0	1	0	0	0	0	0	0	3.0
4291	We should abolish capital punishment	in favor of	nobody has the right to take another person's life no matter how evil that person may be.	0	0	1	0	0	0	0	0	0	1	3.0
3804	We should ban telemarketing	in favor of	telemarketing is an unwarranted and intrusive breach of a person's privacy, selling useless goods and services not requested by the consumer.	0	0	1	0	0	0	1	0	0	0	3.0
711	We should adopt gender-neutral language	in favor of	we should adopt gender-neutral language because equal rights should include equal language	0	0	1	0	0	0	0	0	0	1	3.0
489	We should abolish zoos	in favor of	zoos aren't all properly regulated and some animals are kept in appalling conditions they should be left in their natural environment	0	0	1	0	0	0	0	0	0	1	3.0
4403	We should ban cosmetic surgery	against	cosmetic surgery is a choice between a doctor and a patient, and laws should not be made that infringe on those choices.	0	0	0	0	0	0	1	0	0	0	4.5
5110	The EU should enforce the obligation to respect the Rule of Law within its borders	in favor of	It is absolutely necessary that we have a system of accountability, both for member states and other countries. Human rights and liberties always come first!	0	0	1	0	0	0	1	0	0	1	3.0
599	We should ban cosmetic surgery	in favor of	cosmetic surgery makes people feel self-conscious about themselves, providing false imagery of natural beauty	0	0	0	0	0	0	0	0	0	1	3.333333333333333
6354	Holocaust denial should be a criminal offence	against	holocaust denial should not be a criminal offence because it would be an infringement of the right to free speech	0	0	1	0	0	0	1	0	0	0	3.0
5136	The EU should enforce the obligation to respect the Rule of Law within its borders	in favor of	The EU should do it in an impartial manner and act against all countries regardless of political ideology. The EU should stand out to help all minorities and not just the politically advantageous ones. The oppression of Catalonians and Hungarian minorities outside its border is a constant problem since WW2 and it is completely ignored. If the EU wants to convince the masses, then it can't just cherrypick issues.	0	0	0	0	0	0	0	0	0	1	3.333333333333333
3729	We should abolish capital punishment	in favor of	In places where capital punishment is legal, it is often used in discriminatory ways against minority groups, and therefore we should abolish it to prevent disproportionate punishment against the most vulnerable people in society.	0	0	0	0	0	0	0	0	0	1	3.333333333333333
2433	We should ban missionary work	in favor of	missionary work often only benefits the missionary.  those that are targeted are often left worse off after the missionary leaves, having been given a taste of first world things then left to rot	0	0	1	0	0	0	0	0	0	1	3.0
2901	We should subsidize Wikipedia	against	i am contesting the subsidizing of the wikipedia because it mean they can be controlled and you are not getting the full result when you try to search about certain subjects or people	0	0	0	0	0	0	1	0	0	1	3.333333333333333
4792	Electric cars are not a solution to air pollution	in favor of	most of the electric power is produced by thermal power plants that burn oil derivatives and by the nuclear industry.  So, until the electric power generation won't be mostly by renewable energies, is basically irrelevant which kind of cars are we using. 	0	0	0	0	0	0	0	0	0	1	3.333333333333333
25	We should ban the Church of Scientology	in favor of	they are nothing but a cult and manipulate their members	0	0	0	0	0	0	1	0	0	0	4.5
294	We should limit judicial activism	in favor of	the rulings offer a precedent and will become final, despite it potentially overriding any laws.	0	0	1	0	0	0	0	0	0	1	3.0
2316	We should ban private military companies	in favor of	the do not abide by the same rules and regulations of a government run military and need to be banned.	0	0	1	0	0	0	0	0	0	1	3.0
3975	We should ban targeted killing	in favor of	target killing is just another word for assassinations which are against international laws.	0	0	1	0	0	0	0	0	0	0	3.0
2977	We should ban factory farming	in favor of	factory farming should be banned because it increases the risk of animal cruelty	0	0	0	0	0	0	0	0	0	1	3.333333333333333
3328	We should ban cosmetic surgery for minors	against	if they are not harming anyone and it is safe then let them get cosmetic surgery	0	0	0	0	0	0	1	0	0	1	3.333333333333333
654	We should abolish the right to keep and bear arms	in favor of	the right to bear arms had and will only lead to people killing innocent people.	0	0	0	0	0	0	1	0	0	1	3.333333333333333
1772	We should oppose collectivism	in favor of	we should oppose collectivism because it creates echo chambers in societies that makes it harder for individuals to give their thoughts and opinions on things	0	0	0	0	0	0	1	0	0	1	3.333333333333333
4748	Men are silent sufferers in this modern world	in favor of	Many false domestic violence cases are being reported in India. Girl can drag their in-laws to court, but the same is not true with a boy. In many domestic violence cases, in-laws didn't even stay with couple, but are booked for 'influencing' the boy. Do girl's parents not 'influence' her? And the saddest thing is that girl can complain against her sister-in-law and sister-in-law's husband too under domestic violence, even if they are not staying at her place. Women can be as cruel as men in harassing their life partner.	0	0	0	0	0	0	0	0	0	1	3.333333333333333
7126	We should support agroforestry	in favor of	Changes in management practices, and above all the integration of trees in arable and pastoral lands, are key, and could turn agriculture from a net emitter to a net absorber of greenhouse gases.	0	0	0	0	0	0	0	0	0	1	3.333333333333333
3850	We should legalize organ trade	against	legalizing the organ trade will create a system where the poor are exploited for their organs	0	0	0	0	0	0	0	0	0	1	3.333333333333333
6907	We should promote Zero Budget Natural Farming all over India	in favor of	Even though organic farming produces healthy and nutritious food, it produces greenhouse gases and thereby contributes to climate change. So, the best alternative is ZBNF.	0	0	0	0	0	0	0	0	0	1	3.333333333333333
69	We should stop the development of autonomous cars	against	the use of autonomous cars should result in a substantial reduction in road traffic accidents which currently are largely a result of human error.	0	0	0	0	0	0	0	0	0	1	3.333333333333333
608	We should abolish capital punishment	in favor of	killing someone is never okay even if they are a killer.	0	0	1	0	0	0	0	0	0	1	3.0
33	We should legalize cannabis	in favor of	cannabis has been shown to be safer than alcohol and less addictive.  there is no real reason to keep it an illegal substance.	0	0	0	0	0	0	0	0	0	1	3.333333333333333
5974	Holocaust denial should be a criminal offence	in favor of	holocaust denial  is offensive to jewish people.	0	0	1	0	0	0	0	0	0	1	3.0
2175	We should abolish intellectual property rights	against	we shouldn't abolish intellectual property rights because people should have the right to do what they want with their ow property	0	0	0	0	0	0	1	0	0	0	4.5
3484	We should ban whaling	in favor of	whaling is inhumane and also contributes to the dwindling number of whales in existence, who need protection rather than hunted.	0	0	0	0	0	0	0	0	0	1	3.333333333333333
6769	Intelligence tests bring more harm than good	in favor of	Intelligence tests bring more harm than good because they are culturally biased, so that minority groups and foreigners score lower than they should, which makes them seem inferior.	0	0	0	0	0	0	0	0	0	1	3.333333333333333
5617	We should abandon television	in favor of	television should be abandoned because of all the violence, crime, and sex that's on them now	0	0	0	0	0	0	1	0	0	0	4.5
770	We should ban the use of child actors	against	banning child actors would limit movies and tv shows. anything with children in the story would be unable to be made. television and movies for children would no longer exist either.	0	0	0	1	0	0	1	0	0	0	3.0
2677	We should subsidize embryonic stem cell research	against	many citizens are morally opposed to using embryonic stem cells and using their tax dollars to fund it would be immoral.	0	0	1	0	0	0	0	0	0	1	3.0
2919	We should adopt libertarianism	in favor of	if we just hold up our beliefs, we will find that libertarianism helps us defend our rights as citizens of this country.	0	0	0	0	0	0	1	0	0	1	3.333333333333333
90	We should introduce compulsory voting	against	compulsory voting goes against people's liberties and freedoms.	0	0	0	0	0	0	1	0	0	0	4.5
295	We should abolish zoos	against	they should not abolish zoos since many are in danger of extinction, which need strategic places for scientific study or the collection of funds to finance projects.	0	0	0	0	0	0	0	0	0	1	3.333333333333333
3733	We should ban telemarketing	against	if someone does not want to engage with telemarketers they can just hang up or sign off	0	0	1	0	0	0	1	0	0	1	3.0
4910	The European Union should implement a EU wide carbon tax	in favor of	Most experts agree that an EU-wide carbon tax would be an efficient way to curb our CO2 emissions. 	0	0	1	0	0	0	0	0	0	1	3.0
2828	We should prohibit school prayer	in favor of	prayer in schools should be prohibited, at least in public school as it is a violation of the separation of church and state.	0	0	1	0	0	0	1	0	0	0	3.0
3360	We should adopt a zero-tolerance policy in schools	in favor of	we should adopt a zero tolerance policy in schools because it will scare kids into behaving	0	0	1	0	0	0	0	0	0	0	3.0
571	We should ban the use of child actors	against	if parents agree for their kids to do acting, i can`t see any problem with it.	0	0	0	0	0	0	1	0	0	1	3.333333333333333
5844	Surrogacy should be banned	in favor of	surrogacy is an artificial means of creating more children.  if a person can not have children then they should adopt since there are many children that need parents.	0	0	0	0	0	0	1	0	0	1	3.333333333333333
3414	We should legalize prostitution	in favor of	people have the right to use their bodies in any way they choose.	0	0	0	0	0	0	1	0	0	0	4.5
4585	We should strengthen laws to fight against terrorism	against	This will provide more police powers to the central government. The provision of naming individuals as terrorists can be misused. For example, recently several civil activists are termed as Urban Naxals. If anyone opposes the government, they will be vulnerable to be framed as terrorists. Because this amendment made it easier to label anyone as a terrorist.	0	0	0	0	0	0	1	0	0	1	3.333333333333333
4112	We should limit judicial activism	against	judicial activism is necessary to determine outcomes of cases that are not black and white.	0	0	0	0	0	0	1	0	0	1	3.333333333333333
6671	Surrogacy should be banned	in favor of	surrogacy often involves exploitation of surrogates from poor and developing countries	0	0	0	0	0	0	0	0	0	1	3.333333333333333
6147	Holocaust denial should be a criminal offence	against	holocaust denial should not be a criminal offence because though offensive it infringes the right to free speech	0	0	0	0	0	0	1	0	0	1	3.333333333333333
3698	We should abolish zoos	in favor of	animals need to be free and unrestricted, zoos offer small enclosures, denying animals the chance to survive and thrive in their own habitat.	0	0	0	0	0	0	1	0	0	1	3.333333333333333
2408	We should introduce compulsory voting	against	compulsory voting violates our rights.	0	0	1	0	0	0	1	0	0	0	3.0
4441	We should end mandatory retirement	against	We should not end mandatory retirement because the world is already over-populated and people need to retire so that others can back-fill their jobs.	0	0	0	0	0	0	1	0	0	1	3.333333333333333
4295	We should ban fast food	against	just because some people are overweight and unhealthy doesn't mean we need to ban fast food for everyone	0	0	0	0	0	0	1	0	0	1	3.333333333333333
6439	The use of public defenders should be mandatory	against	making a public defender mandatory takes away choice from those who may wish to find their own attorney or even just represent themselves.	0	0	0	0	0	0	1	0	0	0	4.5
4222	We should ban the use of child actors	against	if there are problems with kids and acting then just regulate it more and don't ban it completely	0	0	1	0	0	0	1	0	0	1	3.0
5988	The vow of celibacy should be abandoned	in favor of	someone can dedicate their life to god and their religion and still have a partner and have sex. there is no general benefit in being celibate.	0	0	0	1	0	0	1	0	0	1	3.0
6922	India should transition to electric vehicles	in favor of	As the number of people who are buying vehicles is rising, the air quality will worsen further. So, there is a need to address this challenge.	0	0	0	0	0	0	0	0	0	1	3.333333333333333
4210	We should adopt atheism	in favor of	atheism is a helpful belief, if everybody adopted it there would be no wars	0	0	0	0	0	0	0	0	0	1	3.333333333333333
2912	We should legalize prostitution	in favor of	Prostitution is a legitimate choice, people should be free to do what they want with their bodies, criminalising it is a gross violation of the freedom of occupation.	0	0	0	0	0	0	1	0	0	1	3.333333333333333
4990	We don't need immigration from non-European or non-first-world countries. 	against	What are you 5? And what do you mean by first-world? Should we create a task force just to understand what countries are to be considered the first world? Is it the money? The religion? The food? Their political system? And then reevaluate each year? This comment is plain ignorant.	0	0	0	0	0	0	0	0	0	1	3.333333333333333
4178	We should abolish intellectual property rights	in favor of	intellectual property rights prevent the free flow of information and innovation, and should be abolished.	0	0	0	0	0	0	1	0	0	0	4.5
2224	We should prohibit school prayer	in favor of	in a society full of freedoms should not impose a unique way of manifesting religious beliefs, therefore praying should be something that is done at home, not at school.	0	0	1	0	0	0	1	0	0	1	3.0
4036	We should end mandatory retirement	in favor of	i agree with you, many people do not want to retire, they want to continue trading, and they are forced to retire	0	0	0	0	0	0	1	0	0	0	4.5
6484	Holocaust denial should be a criminal offence	against	holocaust denial should not be a criminal offence because if people don't want to believe something happened they shouldn't be punished because of it.	0	0	0	0	0	0	1	0	0	0	4.5
27	We should prohibit school prayer	in favor of	School prayer is divisive and requires children to either support religion without question or be treated as different if they do not wish to attend, which marks people out by their differences at an early age.	0	0	0	0	0	0	0	0	0	1	3.333333333333333
2115	We should ban whaling	in favor of	we should ban whaling because it is leading to the extinction of whales	0	0	0	0	0	0	0	0	0	1	3.333333333333333
1353	We should prohibit school prayer	in favor of	enforced prayer sessions in schools indoctrinate children into regressive belief systems and limit their ability to think independently for themselves and so should be removed from all schooling	0	0	0	0	0	0	1	0	0	1	3.333333333333333
5966	Social media brings more harm than good	in favor of	social media fosters unaccountable hate speech and animosity towards others.	0	0	1	0	0	0	0	0	0	1	3.0
3801	We should introduce compulsory voting	against	people have self ownership and can choose to not vote	0	0	0	0	0	0	1	0	0	0	4.5
659	We should subsidize space exploration	in favor of	we need to subsidize space exploration so we can find somewhere for the human race to go when we finally get done destroying our planet.	0	0	0	0	0	0	0	0	0	1	3.333333333333333
1773	We should adopt libertarianism	in favor of	libertarianism promotes freedom and liberty in the more fair form for all. the foundation of our country is built on these ideas. there is more equality and freedom through libertarianism.	0	0	0	0	0	0	1	0	0	1	3.333333333333333
3631	We should ban human cloning	in favor of	human cloning should be banned because it interferes with nature	0	0	0	0	0	0	0	0	0	1	3.333333333333333
5466	Assisted suicide should be a criminal offence	in favor of	any type of helping kill someone is murder even if the person wishes to die. therefore it should be punished by law	0	0	0	0	0	0	0	0	0	1	3.333333333333333
3441	We should introduce compulsory voting	against	no one should be forced to do anything in our country.	0	0	0	0	0	0	1	0	0	0	4.5
3977	We should abolish zoos	in favor of	zoos should be abolished because it is cruel and inhumane to cage animals.	0	0	0	0	0	0	0	0	0	1	3.333333333333333
6292	Holocaust denial should be a criminal offence	in favor of	those who deny the holocaust are clearly evil and should be punished.	0	0	0	0	0	0	0	0	0	1	3.333333333333333
4259	We should subsidize journalism	against	Journalism would not remain independent if it received subsidies from the government.	0	0	0	0	0	0	1	0	0	0	4.5
7019	We should prohibit the sale of washing machines without suitable filters	in favor of	Prohibiting washing machines without suitable filters will prevent groundwater pollution.	0	0	0	0	0	0	0	0	0	1	3.333333333333333
14	We should cancel pride parades	against	there are parades for every group and it is discrimination not to give gays their parade	0	0	0	0	0	0	0	0	0	1	3.333333333333333
3258	We should subsidize Wikipedia	in favor of	wikipedia, more and more, has been shown to be a source of relatively unbiased information.	0	0	0	0	0	0	1	0	0	1	3.333333333333333
4230	We should abolish safe spaces	against	We should not abolish safe spaces because they don't harm anyone, since people are still free to speak their minds in all other settings, and this is a tiny imposition upon them.	0	0	0	0	0	0	1	0	0	1	3.333333333333333
2380	We should end mandatory retirement	in favor of	people should be allowed to retire when they are ready	0	0	0	0	0	0	1	0	0	0	4.5
5124	We need family and child protection against political agendas until their adulthood	in favor of	In fact, political NGOs advocating for any cause whatsoever should be banned from schools and kindergartens. 	0	0	1	0	0	0	1	0	0	1	3.0
1389	We should ban missionary work	in favor of	missionary work has historically been used to oppress people and often does not help the areas in which it is tried	0	0	0	0	0	0	1	0	0	1	3.333333333333333
4302	We should adopt atheism	against	there would be a decrease in morals and morality	0	0	1	0	0	0	1	0	0	0	3.0
7017	We should promote the use of nuclear energy	in favor of	Europe must be a place that follows science, and following science nuclear power is an important tool in our fight against climate change.	0	0	0	0	0	0	0	0	0	1	3.333333333333333
6935	We should abolish the National Register of Citizens (NRC)	in favor of	The NRC body and the Foreign Tribunals in Assam are functioning behind the curtains and its functioning is clearly signaling toward the ruling party’s agenda of getting rid of Minorities. Earlier retired judges were carefully selected for Foreign Tribunals but now any lawyer who is above 50 on 25 April 2015 and has 10 years of experience can volunteer for FT and gets a seat. Various online sources have reported that the FT is full of people sharing the ruling party’s ideology and are asked to perform well.	0	0	0	0	0	0	0	0	0	1	3.333333333333333
3058	We should prohibit school prayer	in favor of	we should prohibit school prayer, the us courts have consistently ruled that it is unconstitutional	0	0	1	0	0	0	1	0	0	0	3.0
4814	The EU should establish a Carbon Border Adjustment Mechanism (CBAM)	in favor of	CBAM is a central element towards a global approach to reach net zero emissions by 2050 and to mitigate global warming	0	0	0	0	0	0	0	0	0	1	3.333333333333333
5642	Intelligence tests bring more harm than good	in favor of	intelligence tests can generate stress and cause poor performance of the individual because it consists of a comparison of their intellectual capacity with others	0	0	0	0	0	0	0	0	0	1	3.333333333333333
3849	We should adopt atheism	in favor of	Atheism provides a way out of  believing in any religion and should be adopted.	0	0	0	0	0	0	1	0	0	1	3.333333333333333
4347	We should abolish capital punishment	in favor of	Murder is immoral, even when done by a legal system, and capital punishment is just murder.	0	0	1	0	0	0	0	0	0	1	3.0
6040	Holocaust denial should be a criminal offence	in favor of	denying the holocaust is deeply offensive to survivors and their family and should not be allowed.	0	0	1	0	0	0	0	0	0	1	3.0
3223	We should cancel pride parades	in favor of	we don't have heterosexual pride day parades, so why should we have pride parades	0	0	1	0	0	0	0	0	0	1	3.0
4134	We should ban factory farming	in favor of	factory farming causes untold unnecessary suffering to animals. they are too crowded, do not have room to move or even breathe properly.	0	0	0	0	0	0	0	0	0	1	3.333333333333333
5397	Holocaust denial should be a criminal offence	against	everyone should have the right to their own opinion.	0	0	0	0	0	0	1	0	0	1	3.333333333333333
5381	The use of public defenders should be mandatory	in favor of	the use of public defenders should be mandatory because some people don't have money for a lawyer and this would help those that don't	0	0	0	0	0	0	0	0	0	1	3.333333333333333
1854	We should legalize sex selection	against	every child has a right to be born regardless of their gender so sex selection should not be legalized.	0	0	0	0	0	0	0	0	0	1	3.333333333333333
3936	We should end mandatory retirement	in favor of	mandatory retirement discriminates based on age, not ability and should be ended	0	0	1	0	0	0	1	0	0	1	3.0
528	We should ban whaling	in favor of	whaling is wiping out species for little in return.	0	0	0	0	0	0	0	0	0	1	3.333333333333333
1265	We should adopt libertarianism	in favor of	libertarianism give more freedom to the people and cuts out government influence in their lives.	0	0	0	0	0	0	1	0	0	0	4.5
7049	We should preserve bees and polling insects	in favor of	Bees and pollination are essential for the sexual reproduction of plants and are an important factor in biodiversity.	0	0	0	0	0	0	0	0	0	1	3.333333333333333
327	We should abolish zoos	in favor of	Zoos are too small and do not provide animals with the space and habitat that they are born to.	0	0	0	0	0	0	0	0	0	1	3.333333333333333
4460	We should ban fast food	against	people have the right to eat anything they would like.	0	0	0	1	0	0	1	0	0	0	3.0
7307	We should protect our privacy in the Internet age.	in favor of	You can barely recover privacy. It's hard to imagine what companies do with personal information, including who they actually sell it to.	0	0	1	0	0	0	1	0	0	1	3.0
6839	Holocaust denial should be a criminal offence	in favor of	it should be a criminal offence as it was a factual genocide of epic proportions  and to deny it is to trivialize the extermination of jews and other groups and communities	0	0	1	0	0	0	0	0	0	1	3.0
3455	We should introduce compulsory voting	against	being forced to do anything inhibits freedom.	0	0	0	0	0	0	1	0	0	0	4.5
3031	We should ban whaling	in favor of	whaling shuld be banned because it is a cruel and outdated practice & no longer serves a purpose	0	0	0	0	0	0	0	0	0	1	3.333333333333333
966	We should legalize organ trade	in favor of	everyone should have a choice about what they want to do with their bodies, and if selling an organ is one of them, they should be free to decide.	0	0	0	0	0	0	1	0	0	0	4.5
3999	We should ban cosmetic surgery for minors	against	all people should be able to decide what they want to do with their own bodies.  this includes minors as well.	0	0	0	0	0	0	1	0	0	0	4.5
4475	We should introduce compulsory voting	against	in a democracy people have a right to choose not to vote	0	0	0	0	0	0	1	0	0	0	4.5
4010	We should adopt gender-neutral language	against	we should not adopt gender-neutral language because using specific gender language should not have any specific meaning to a phrase.	0	0	0	0	0	0	0	0	0	1	3.333333333333333
3953	We should abolish capital punishment	in favor of	capital punishment is cruel and unusual	0	0	0	0	0	0	0	0	0	1	3.333333333333333
5180	We need a better distribution of refugees	against	The dividing of refugees is a long-discussed plan. But in the end, no involved group agreed with these plans. Some countries do not like these people at all. 	0	0	0	0	0	0	1	0	0	0	4.5
5827	Intelligence tests bring more harm than good	in favor of	intelligence tests are unscientific and only give a narrow, limited view of ones skills and abilities	0	0	0	0	0	0	0	0	0	1	3.333333333333333
6342	Intelligence tests bring more harm than good	in favor of	measuring human intelligence based only on a standard iq test is highly deceptive	0	0	1	0	0	0	0	0	0	1	3.0
3836	We should abolish intellectual property rights	in favor of	ideas should be everyones not just one persons	0	0	0	0	0	0	1	0	0	1	3.333333333333333
4151	We should adopt gender-neutral language	in favor of	gender neutral language is a way to be more sensitive and politically correct in a modern society with a plurality of genders	0	0	1	0	0	0	0	0	0	1	3.0
2729	We should subsidize journalism	against	we should not subsidize journalism as they are private companies and can raise tons of money without our fear of bad reporting because their company would tank if they reported bad news.	0	0	0	0	0	0	1	0	0	1	3.333333333333333
1578	We should adopt gender-neutral language	in favor of	some people classify themselves as gender neutral and we should respect them with our language	0	0	1	0	0	0	0	0	0	1	3.0
3940	We should abolish the three-strikes laws	against	Three strikes laws are perfectly constitutional since the punishment isn't unusual and they are proportional to frequency of crime if not intensity of criminal action.	0	0	1	0	0	0	0	0	0	1	3.0
3308	We should abolish intellectual property rights	in favor of	we need to abolish intellectual property rights and let people innovate and create without having to worry about who owns what	0	0	0	0	0	0	1	0	0	0	4.5
3084	We should adopt libertarianism	against	we should not adopt libertarianism because the government would have too much control over people	0	0	0	0	0	0	1	0	0	0	4.5
6848	We should abandon television	in favor of	people are already starting to cut the cord. television is largely being replaced by other forms of entertainment and should be abandoned before it's too late.	0	0	0	1	0	0	0	0	0	1	3.0
640	We should fight for the abolition of nuclear weapons	in favor of	Fallout from nuclear weapons gets carried across the world by the wind, we must abolish nuclear weapons so that conflicts between individual states don't cause nuclear damage in neighboring states.	0	0	0	0	0	0	1	0	0	1	3.333333333333333
7028	We should invest in sustainable alternative fuels for aviation	against	climate models (e.g. CO2 affecting anthropogenic climate warming) have not been validated.	0	0	0	0	0	0	0	0	0	1	3.333333333333333
1625	We should ban whaling	in favor of	whales could be in danger of going extinct if fisherman can go out and kill them.	0	0	0	0	0	0	0	0	0	1	3.333333333333333
4038	We should adopt gender-neutral language	in favor of	language always evolves and this is just the next step for it	0	0	0	0	0	0	1	0	0	1	3.333333333333333
6788	Holocaust denial should be a criminal offence	against	as horrible as the holocaust was, you cannot punish someone who denies it happened	0	0	0	0	0	0	1	0	0	1	3.333333333333333
415	We should adopt gender-neutral language	in favor of	With genders now being more equal than ever, and gender neutrality growing exponentially the old gendered language is just a historic anachronism.	0	0	0	0	0	0	0	0	0	1	3.333333333333333
923	We should abolish safe spaces	in favor of	safe spaces are often used to stifle free expression of opinions	0	0	0	0	0	0	1	0	0	1	3.333333333333333
3094	We should legalize organ trade	in favor of	Organ sales will allow for more research to be done on living, usable organs.	0	0	0	0	0	0	1	0	0	0	4.5
5602	Holocaust denial should be a criminal offence	against	thought crimes should not be punishable.	0	0	0	0	0	0	1	0	0	0	4.5
1046	We should ban factory farming	in favor of	animals in factory farms are kept in terrible conditions and we need to stop this	0	0	0	0	0	0	0	0	0	1	3.333333333333333
1504	We should abolish zoos	in favor of	it is inhumane to keep animals in cages for our entertainment. they need to be in their natural habitat in order to thrive instead of zoos.	0	0	0	0	0	0	0	0	0	1	3.333333333333333
84	We should ban missionary work	in favor of	missionary work plays on the ignorance of local people to exploit them	0	0	1	0	0	0	0	0	0	1	3.0
4208	We should abolish zoos	in favor of	Zoos are too often a place of mistreatment and death for wild animals.  We should abolish them and move onto other conservation efforts.	0	0	0	0	0	0	0	0	0	1	3.333333333333333
1737	We should adopt atheism	in favor of	atheism should be the defacto stance as it is the only provable observance of reality, in that there is absolutely no evidence to prove the contrary.	0	0	0	0	0	0	1	0	0	1	3.333333333333333
4170	We should fight for the abolition of nuclear weapons	in favor of	Because nuclear weapons kill indiscriminately and inevitably harm civilians, they can never be used as a legitimate or just weapon of war.	0	0	0	0	0	0	0	0	0	1	3.333333333333333
5981	Assisted suicide should be a criminal offence	against	people must be able to decide what to do or not with their lives therefore assisted suicide is an alternative	0	0	0	0	0	0	1	0	0	0	4.5
7057	We should open free training centers for the EPSO competition	in favor of	It's high time that all broadcasting stations in the EU stimulate their journalists to cover European news as well.	0	0	0	0	0	0	1	0	0	1	3.333333333333333
3473	We should abolish zoos	in favor of	we should abolish zoos because it makes animals prisoners	0	0	0	0	0	0	1	0	0	1	3.333333333333333
1139	We should limit executive compensation	in favor of	they earn the wage they make for their job so why so they get extra?	0	0	0	0	0	0	0	0	0	1	3.333333333333333
1582	We should ban cosmetic surgery for minors	in favor of	cosmetic surgery for minors is unnecessary because they are still developing.	0	0	0	0	0	0	0	0	0	1	3.333333333333333
26	We should legalize organ trade	in favor of	we need more organs than people donate so legalizing it would be a good thing	0	0	0	0	0	0	0	0	0	1	3.333333333333333
4768	Stray animals should be killed	against	There are alternatives to killing stray animals. Sterilization and culling instead of killing them can solve the problem.	0	0	0	0	0	0	0	0	0	1	3.333333333333333
3909	We should adopt atheism	in favor of	Atheism is a rational response to the world around us and a commonsense rebuttal to the mythology perpetuated by religion.	0	0	0	0	0	0	1	0	0	1	3.333333333333333
446	We should legalize cannabis	in favor of	cannabis is no more harmful than cigarettes or alcohol, and no more addictive than the two.	0	0	0	1	0	0	1	0	0	1	3.0
5467	Entrapment should be legalized	against	entrapment is wrong because it turns non-criminals into criminals.	0	0	0	0	0	0	0	0	0	1	3.333333333333333
3033	We should oppose collectivism	in favor of	we will lose individuality and become one big hive mind	0	0	0	0	0	0	1	0	0	1	3.333333333333333
5419	We should abandon television	in favor of	We should abandon television and put the content into our other formats which are typically more popular nowadays.	0	0	0	0	0	0	0	0	0	1	3.333333333333333
1231	We should limit judicial activism	against	judicial activism is necessary to protect the rights of Americans because they seek to weed out the injustices within the system.	0	0	0	0	0	0	0	0	0	1	3.333333333333333
2123	We should adopt a multi-party system	in favor of	a multi-party system allows a greater freedom of choice for voters to express their democratic right to vote for policies they would like to implimented.	0	0	0	0	0	0	1	0	0	1	3.333333333333333
1978	We should oppose collectivism	in favor of	no two people are entirely alike.  ignoring individual differences and needs does not best serve the whole	0	0	0	0	0	0	1	0	0	0	4.5
4365	We should abolish intellectual property rights	against	if a company created something, we shouldn't just let everybody else copy them	0	0	0	0	0	0	1	0	0	1	3.333333333333333
3532	We should introduce compulsory voting	against	why should anyone be forced to vote?it is their right to vote or not to vote as they see fit.it is not a democratic system to force people to do this.	0	0	1	0	0	0	1	0	0	0	3.0
936	We should introduce compulsory voting	against	people should not be forced to vote if they don't feel compelled to vote for a candidate or issue..	0	0	0	0	0	0	1	0	0	1	3.333333333333333
6985	Adultery should be criminalized	in favor of	Fear of law can deter people from committing adultery.	0	0	1	0	0	0	0	0	0	0	3.0
3004	We should ban telemarketing	in favor of	telemarketing is an invasion of privacy, especially when they call at late hours, during meals and/or repetitively even after asking for the call to stop.	0	0	1	0	0	0	1	0	0	0	3.0
1676	We should end mandatory retirement	in favor of	mandatory retirement is a form of discrimination, namely ageism, we cannot allow as a free society discrimination of any kind	0	0	1	0	0	0	1	0	0	1	3.0
204	We should adopt a zero-tolerance policy in schools	in favor of	a zero tolerance policy will scare the children into behaving and following the rules.	0	0	1	0	0	0	0	0	0	0	3.0
4513	We should ban telemarketing	against	telemarketing allows consumers to hear information about products they might might not otherwise have the opportunity to learn about.	0	0	0	0	0	0	1	0	0	1	3.333333333333333
709	We should ban cosmetic surgery for minors	against	even minors have the right to bodily autonomy and should be allowed to decide for themselves whether to have cosmetic surgery.	0	0	0	0	0	0	1	0	0	0	4.5
3783	We should adopt libertarianism	in favor of	people should be free to live like they wish	0	0	0	0	0	0	1	0	0	0	4.5
296	We should abolish capital punishment	in favor of	capital punishment is seen as a cruel and inhumane way of treating prisoners.	0	0	0	0	0	0	0	0	0	1	3.333333333333333
2994	We should oppose collectivism	in favor of	as individuals we have a right to not be grouped into one thought process.	0	0	0	0	0	0	1	0	0	0	4.5
3179	We should abolish safe spaces	in favor of	we should change how people treat others rather than make safe spaces	0	0	1	0	0	0	0	0	0	1	3.0
4215	We should legalize organ trade	against	the organ trade hurts impoverished people	0	0	0	0	0	0	0	0	0	1	3.333333333333333
65	We should subsidize embryonic stem cell research	in favor of	embryonic stem cell research should be subsidized because it only requires a small amount of cells because of the fast replication rate	0	0	0	0	0	0	0	0	0	1	3.333333333333333
3200	We should ban whaling	in favor of	it is cruel and really is not necessary.	0	0	0	0	0	0	0	0	0	1	3.333333333333333
3822	We should subsidize Wikipedia	against	wikipedia is supported just fine with private donations and has continued to function without the need for a subsidy.	0	0	0	0	0	0	1	0	0	1	3.333333333333333
3852	We should abolish capital punishment	against	"the old saying ""an eye for an eye"" exists for a reason.  if a person commits a horrible act, than swift punishment is not only a good thing but deserved."	0	0	0	0	0	0	0	0	0	1	3.333333333333333
286	We should ban targeted killing	in favor of	it is really just another name for assassination	0	0	1	0	0	0	0	0	0	1	3.0
6388	Payday loans should be banned	in favor of	Payday loans should be banned because they are used to launder money	0	0	1	0	0	0	0	0	0	1	3.0
6964	Hindi should be the national language of India	against	Almost half of India’s mother tongue is not Hindi. There are 22 officially recognized regional languages in India. Making a majoritarian language the national language is unconstitutional.	0	0	1	0	0	0	0	0	0	1	3.0
4741	US-Mexico border wall is a good thing	against	According to the reports, illegal crossing of the borders has actually decreased from the year 2014 to 2015 which renders no use in building the wall.	0	0	0	0	0	0	0	0	0	1	3.333333333333333
2423	We should subsidize embryonic stem cell research	against	embryonic stem cell research are using human eggs to grow in a lab.  these eggs could have been humans.  we are trying to play god and going beyond human rights.	0	0	1	0	0	0	0	0	0	1	3.0
7369	Carbon emissions trading should be limited.	against	No one can stop global warming, which is inherently part of the Earth's geological cycle. That's why topics such as reducing CO2 emissions are a false proposition.	0	0	0	0	0	0	0	0	0	1	3.333333333333333
5065	The president of the European Commission should be elected by the people of the EU	against	No, the direct election of a single leader by the people gives too much power to this person. And anyhow: nobody can know another person well enough. Look at the USA: the candidates for president are not real people but are constructed by PR agencies.	0	0	0	0	0	0	0	0	0	1	3.333333333333333
3710	We should ban whaling	in favor of	whaling is not just cruel, but an indefensible assault on endangered species.	0	0	0	0	0	0	0	0	0	1	3.333333333333333
3222	We should subsidize journalism	against	we don't subsidize other fields so why should we subsidize journalism	0	0	0	0	0	0	0	0	0	1	3.333333333333333
48	We should ban human cloning	in favor of	human cloning is an unnatural act that goes against the laws of nature.  it is too dangerous of an act and is something man should not be tampering with.	0	0	0	0	0	0	0	0	0	1	3.333333333333333
5973	Homeschooling should be banned	in favor of	homeschooling is not regulated so students could miss out on important lessons.	0	0	1	0	0	0	0	0	0	1	3.0
3138	We should abolish zoos	in favor of	zoos keeping animals in cages while all animals should be free and to live in nature.	0	0	0	0	0	0	0	0	0	1	3.333333333333333
601	We should abolish intellectual property rights	in favor of	since intellectual property is such covers such a broad spectrum, it is difficult to prove that rights have been infringed leading to lengthy legal cases and should, therefore be abolished.	0	0	0	0	0	0	0	0	0	1	3.333333333333333
329	We should abolish safe spaces	in favor of	we should abolish safe spaces because those who are easily offended need to grow up	0	0	0	0	0	0	1	0	0	0	4.5
2494	We should adopt libertarianism	in favor of	We should adopt libertarianism because individuals know their own best interests better than any third party.	0	0	0	0	0	0	1	0	0	0	4.5
2673	We should cancel pride parades	against	we should not cancel pride parades because it would be an infingement of freedom of expression and of the right to free speech.	0	0	1	0	0	0	1	0	0	1	3.0
3273	We should ban the Church of Scientology	in favor of	banning the church of scientology  would be good because it is very cult like.	0	0	0	0	0	0	1	0	0	1	3.333333333333333
6309	Assisted suicide should be a criminal offence	against	people suffering with no chance for recovery deserve to choose this type of death to end suffering and loss of dignity.	0	0	0	0	0	0	1	0	0	0	4.5
39	We should stop the development of autonomous cars	in favor of	autonomous cars will take away the jobs of thousands of people around the world by removing the function of drivers.	0	0	0	0	0	0	0	0	0	1	3.333333333333333
1634	We should adopt libertarianism	in favor of	libertarianism - and the seeking to maximise freedom and personal autonomy - is a key value and it should be central to the constitution.	0	0	0	0	0	0	1	0	0	0	4.5
3683	We should abolish zoos	against	zoos are the only way we can preserve endangered species.	0	0	0	0	0	0	0	0	0	1	3.333333333333333
5156	The EU should adopt legislative measures aimed at increasing the percentage of women in the political sector	against	If you want something like 'increasing the percentage of women in all sectors', you need to create more women or reduce the number of men. I will better not ask questions in this direction. 	0	0	1	0	0	0	0	0	0	1	3.0
1999	We should legalize cannabis	in favor of	people have the right to be free and cannabis is a safe drug to be used as recreational	0	0	0	1	0	0	1	0	0	0	3.0
4282	We should legalize sex selection	against	we shouldn't because that should be decided naturally.	0	0	0	0	0	0	0	0	0	1	3.333333333333333
5153	The EU needs more effective policies to combat online hate speech	against	People's feelings arent all that important. If you have had enough of the Internet, you can always find yourself a hobby. 	0	0	0	0	0	0	1	0	0	1	3.333333333333333
3577	We should subsidize journalism	in favor of	Subsidizing journalism will allow individual journals to lift their paywalls, which will increase access.	0	0	0	0	0	0	1	0	0	0	4.5
5223	The EU itself and its people should understand and accept there are a lot of Europeans outside the EU. EU does not equal to Europe	against	The EU is an association, an international organization, and has nothing to do with Europe as a territory. European people may live inside or outside the EU. I think has nothing to do with arrogance. 	0	0	0	0	0	0	1	0	0	1	3.333333333333333
4352	We should introduce compulsory voting	against	people should have the right to not vote.	0	0	0	0	0	0	1	0	0	0	4.5
4509	We should cancel pride parades	against	we should not cancel pride parades because they have the right to celebrate too.	0	0	0	1	0	0	1	0	0	1	3.0
1604	We should introduce compulsory voting	against	compulsory voting is an infringement on personal choice	0	0	0	0	0	0	1	0	0	0	4.5
4926	We need a better migration policy.	in favor of	Discussing what happened in the past between Africa and Europe is useless. All slaves and their owners died a long time ago. You cannot blame the grandchildren.	0	0	0	0	0	0	0	0	0	1	3.333333333333333
3897	We should ban algorithmic trading	against	people should be free to use a computer trading program at their own risk	0	0	0	0	0	0	1	0	0	0	4.5
1486	We should introduce compulsory voting	against	compulsory voting takes away an individual's right to their own mind	0	0	0	0	0	0	1	0	0	1	3.333333333333333
2279	We should ban whaling	in favor of	whale populations are depleted and need protecting	0	0	0	0	0	0	0	0	0	1	3.333333333333333
4744	Marital Rape should be criminalized in India	against	Article 15 of Indian constitution prohibits discrimination on the basis of gender. But the proposed law on marital rape in the petitions recognizes only female victims. Hence it is discriminatory to male victims.	0	0	1	0	0	0	0	0	0	1	3.0
6726	Holocaust denial should be a criminal offence	against	freedom of speech and thought should be protected	0	0	0	0	0	0	1	0	0	1	3.333333333333333
456	We should adopt a multi-party system	in favor of	A multi-party system allows for greater choice in whom to vote for.  It allows each citizen to vote for the party that best fits their beliefs and represents their ideology.	0	0	0	0	0	0	1	0	0	0	4.5
731	We should ban cosmetic surgery	against	cosmetic surgery teaches our daughters that they need to look perfect and never age.	0	0	0	1	0	0	1	0	0	1	3.0
4921	The European Union has no other choice than to reject all immigration, except for workers they need.	in favor of	Africa and the Middle East have the highest birthrate in the World. Africa has up to 7 children per woman. The EU has 1,55.  It is this high birthrate that keeps them poor. There is almost nothing the EU can do about it.	0	0	0	0	0	0	0	0	0	1	3.333333333333333
4422	We should cancel pride parades	against	pride parades are a form of expression and should be given the same consideration as any other type of parade.	0	0	0	0	0	0	1	0	0	1	3.333333333333333
677	We should abolish zoos	against	zoos are a great way teach people about animals and how important they are	0	0	0	0	0	0	1	0	0	1	3.333333333333333
735	We should prohibit school prayer	in favor of	school prayer is wrong because the non religious are expected to participate.	0	0	0	0	0	0	1	0	0	1	3.333333333333333
3385	We should ban cosmetic surgery for minors	against	minors still have the ability to make choices, as long as there is informed consent.	0	0	0	0	0	0	1	0	0	0	4.5
645	We should abolish safe spaces	against	the abused have the right to have spaces where they can have tolerance and not suffer abuse	0	0	0	0	0	0	0	0	0	1	3.333333333333333
4541	We should abolish safe spaces	against	there needs to be places where in the world where bias and recrimination does not exist. people need a safe space so they are not bothered by prejudice and bias.	0	0	1	0	0	0	0	0	0	1	3.0
639	We should ban fast food	against	banning this is a slippery slope to all sorts of objectively unhealthy food on the market	0	0	0	0	0	0	0	0	0	1	3.333333333333333
3122	We should legalize cannabis	in favor of	cannabis should be legalized with the same limitations as alcohol	0	0	1	1	0	0	1	0	0	0	3.0
7315	We should restrict minors from playing online games.	against	Ban them from playing games and they may indulge in short videos on Douyin.	0	0	0	0	0	0	1	0	0	0	4.5
6965	Human Gene editing is a good thing	in favor of	DNA has got nothing to do with spirituality. It is made up of nitrogen, oxygen, carbon, and hydrogen - the very same elements that make up the majority atmosphere. It is just as godlike as is the air around us.	0	0	0	0	0	0	0	0	0	1	3.333333333333333
7016	We should protect very large natural areas	in favor of	Very large natural areas need to be protected to promote wildlife and the return of self-sustaining and fertile biodiversity!	0	0	0	0	0	0	0	0	0	1	3.333333333333333
4467	We should ban human cloning	in favor of	we should ban human cloning because we could all end up with designer babies and everyone will be the same.	0	0	0	0	0	0	1	0	0	1	3.333333333333333
5567	The use of public defenders should be mandatory	in favor of	People should be required to use a public offender to better than chances of winning a case when they cannot afford legal counsel of their own.	0	0	0	0	0	0	0	0	0	1	3.333333333333333
649	We should stop the development of autonomous cars	in favor of	stop the development of autonomous cars because it can cause accidents due to the laws in different countries being different	0	0	0	0	0	0	0	0	0	1	3.333333333333333
35	We should abolish zoos	in favor of	we should abolish zoos as animals should not be kept in captivity and should be in a natural environment.	0	0	0	0	0	0	0	0	0	1	3.333333333333333
3841	We should ban fast food	against	people should be able to choose what they put into their bodies.	0	0	0	0	0	0	1	0	0	0	4.5
210	We should abolish safe spaces	in favor of	safe spaces are for people who don't like to talk about the issues in a civilized manner	0	0	0	0	0	0	0	0	0	1	3.333333333333333
208	We should adopt libertarianism	in favor of	libertarianism is the true path to real freedom and autonomy for all	0	0	0	0	0	0	1	0	0	0	4.5
3069	We should cancel pride parades	against	people have the right to express themselves.	0	0	0	0	0	0	1	0	0	0	4.5
1535	We should legalize prostitution	against	Prostitution promotes the repression of women by men. Legalizing prostitution condones such behavior.	0	0	1	0	0	0	0	0	0	1	3.0
6651	Holocaust denial should be a criminal offence	against	holocaust denial is protected under free speech so long as the people are merely denying it and not being violent about it, who are we to say they can't	0	0	1	0	0	0	1	0	0	0	3.0
4448	We should limit judicial activism	in favor of	everybody is entitled to an opinion and everybody has different ones. it isn't fair to punish someone based on something other than the law.	0	0	1	0	0	0	0	0	0	1	3.0
6485	Assisted suicide should be a criminal offence	in favor of	if you help someone kill themselves that is murder, and should be punished.	0	0	1	0	0	0	0	0	0	1	3.0
7274	We should strengthen our ties with Ukraine and prepare for its membership in the EU	in favor of	When you see young Ukrainians dying for the EU and its values during Euromaidan, you have no choice but to accept that Ukraine has chosen Europe. If people make a revolution for our system and values, we must support them. We must deepen our relations with Ukraine and prepare to make it a candidate for membership. It is the Ukrainian people who decide their future, not Russia.	0	0	0	0	0	0	1	0	0	1	3.333333333333333
1617	We should limit judicial activism	against	judicial activism can be useful to prevent truly bad people who abuse the letter of the law to skirt punishment.	0	0	1	0	0	0	0	0	0	1	3.0
4803	Electric cars are not a solution to air pollution	against	non-gasoline cars improve local air quality on city streets.	0	0	0	0	0	0	0	0	0	1	3.333333333333333
7108	We should prohibit internal combustion engines	against	Not all combustion engines use petrol as a fuel - natural gas engines are way more environment-friendly	0	0	0	0	0	0	1	0	0	1	3.333333333333333
4856	The Commission should remove any mention of gender and other ideology from its research funds and calls.	in favor of	'Gender' is a far-left concept that has nothing to do with biology, the physical universe, and reality.	0	0	0	0	0	0	0	0	0	1	3.333333333333333
1608	We should ban whaling	in favor of	whaling serves no purpose, there's no great benefit. it only serves to disrupt the ocean ecosystems and cause needless suffering. it should absolutely be banned.	0	0	0	0	0	0	0	0	0	1	3.333333333333333
5004	We need a better EU migration policy.	in favor of	It is absurd that such an EU policy about migration is lacking.  	0	0	1	0	0	0	0	0	0	0	3.0
5977	The vow of celibacy should be abandoned	in favor of	the vow of celibacy was originally established to prevent a pope or priest's son from inheriting the entire church should they chose to not be a pope. said concerns are now obsolete.	0	0	0	1	0	0	1	0	0	1	3.0
5069	The European Union needs to equip itself with the institutional and legal tools to resolve democratic conflicts on sovereignty within its own borders.	in favor of	The right for stateless nations and peoples to democratically decide on their own future must be respected, and for that purpose, we advocate for the creation of a mechanism of clarity at the EU level, aimed at facilitating and resolving any eventual self-determination disputes through democratic means. This tool should ensure that positions cannot be imposed nor debates prevented.	0	0	0	0	0	0	1	0	0	1	3.333333333333333
3491	We should ban whaling	in favor of	whaling disturbs the delicate balance of sea life	0	0	0	0	0	0	0	0	0	1	3.333333333333333
2374	We should ban cosmetic surgery	against	people should have the right to choose what they want to do to their body.	0	0	0	0	0	0	1	0	0	1	3.333333333333333
3860	We should oppose collectivism	in favor of	We should oppose collectivism as it forces people to be part of group mentality in order to achieve anything.	0	0	0	0	0	0	1	0	0	0	4.5
3107	We should ban factory farming	in favor of	this is a horrible way to treat animals. they should not be caged in tiny areas, unable to move. this is cruel.	0	0	1	0	0	0	0	0	0	1	3.0
4550	We should adopt libertarianism	in favor of	libertarianism reduces the oppression of big government and gives more freedom to the pople	0	0	0	0	0	0	1	0	0	0	4.5
44	We should abolish capital punishment	in favor of	capital punishment has been proven ineffective in reducing crime rates.	0	0	0	0	0	0	0	0	0	1	3.333333333333333
18	We should ban algorithmic trading	in favor of	algorithms may not be 100% accurate and reflect the situation in the real market	0	0	0	0	0	0	0	0	0	1	3.333333333333333
5782	The use of public defenders should be mandatory	in favor of	making the use of public defenders mandatory would level the playing field and enable justice fo all, as opposed to when the wealthy can spend millions to hire counsel to extricate themselves from crimes.	0	0	0	0	0	0	0	0	0	1	3.333333333333333
2372	We should ban whaling	in favor of	whales need to be protected before they are endangered.	0	0	0	0	0	0	0	0	0	1	3.333333333333333
3942	We should abandon the use of school uniform	against	uniforms let students be on equal grounds and have them judge each other by character instead of wealth	0	0	0	0	0	0	0	0	0	1	3.333333333333333
4912	The European Union should implement a EU wide carbon tax	in favor of	Eventually, the best solution would be a world wide agreement (as within OECD and like minded) such as the global minimum tax rate.	0	0	1	0	0	0	0	0	0	1	3.0
7244	We should speak about the ongoing genocide in China.	in favor of	I am concerned about the source of some cotton, which is produced in Chinese detention camps. A unified EU mark of ethical & environmental principles would be a nice thing to have when deciding what to buy.	0	0	0	0	0	0	0	0	0	1	3.333333333333333
3597	We should subsidize space exploration	in favor of	we need to continue to explore space as it is part of our world.	0	0	0	0	0	0	1	0	0	0	4.5
1989	We should abandon the use of school uniform	against	school uniforms make is so that everyone is equal	0	0	1	0	0	0	0	0	0	1	3.0
4362	We should ban whaling	against	there should be no difference between killing one animal and another. if it is acceptable to kill a cow it should be acceptable to eat a whale.	0	0	0	0	0	0	0	0	0	1	3.333333333333333
3945	We should cancel pride parades	in favor of	pride parades are often have displays of almost naked people and sexual imagery.	0	0	1	0	0	0	0	0	0	0	3.0
4987	We need a better distribution of refugees	against	The dividing of refugees is a long-discussed plan. But in the end, no involved group agreed with these plans. Some countries do not like these people at all. 	0	0	0	0	0	0	1	0	0	1	3.333333333333333
3005	We should ban missionary work	in favor of	missionary work sometimes forces religion on people	0	0	1	0	0	0	0	0	0	0	3.0
4390	We should legalize prostitution	against	it should be abolished, not encouraged.	0	0	1	0	0	0	0	0	0	1	3.0
30	We should legalize prostitution	against	legalizing prostitution will further demean a woman or man and result in unnecessary violence.	0	0	1	0	0	0	0	0	0	0	3.0
2290	We should subsidize student loans	against	Student loans are fundamentally a commercial transaction and have no place being subsidized.	0	0	1	0	0	0	0	0	0	1	3.0
61	We should abolish intellectual property rights	in favor of	ideas are free thoughts so it's not fair for one person to profit off of it	0	0	0	0	0	0	1	0	0	1	3.333333333333333
3267	We should prohibit school prayer	in favor of	there are many different types of religion, so children should not be forced to pray to a region that they do not follow,	0	0	0	0	0	0	1	0	0	1	3.333333333333333
1982	We should ban telemarketing	in favor of	telemarketing is intrusive and violates the right to private property	0	0	0	0	0	0	1	0	0	0	4.5
4937	We need legal ways of migration.	against	Migrants willingly risk their lives.	0	0	0	0	0	0	1	0	0	0	4.5
6469	Holocaust denial should be a criminal offence	in favor of	when you deny the holocaust, it is insulting to people who are actually affected by it.	0	0	1	0	0	0	0	0	0	1	3.0
7294	We should ban the trading of virtual currencies.	against	Virtual currencies have changed the way of commercial realization. The birth of virtual currency, the token system, is designed to overturn the current business logic.	0	0	0	0	0	0	1	0	0	0	4.5
4369	We should abolish capital punishment	in favor of	capital punishment can put innocent lives at risk	0	0	0	0	0	0	0	0	0	1	3.333333333333333
3145	We should limit executive compensation	in favor of	we should not spend a fortune on the richest of the rich, it is unnecessary and elitist	0	0	0	0	0	0	0	0	0	1	3.333333333333333
6347	Entrapment should be legalized	against	entrapment can cause people to break the law that may not have if such a easy opportunity hadn't arisen.	0	0	0	0	0	0	0	0	0	1	3.333333333333333
4337	We should prohibit school prayer	in favor of	school is not the place to practice religion since it is run by the state.	0	0	1	0	0	0	1	0	0	0	3.0
1814	We should introduce compulsory voting	against	some people just don't have an opinion about who to vote for	0	0	0	0	0	0	1	0	0	0	4.5
2163	We should prohibit school prayer	in favor of	school prayer shouldnt be imposed on pupils as we all have different values and beliefs and live in a multi cultural society	0	0	0	0	0	0	1	0	0	1	3.333333333333333
646	We should end the use of economic sanctions	in favor of	economic sanctions hurt the poor, working class and has little affect on the ruling party.	0	0	0	0	0	0	1	0	0	1	3.333333333333333
4136	We should limit executive compensation	in favor of	executives get paid enough as it is, no need to give more	0	0	0	0	0	0	0	0	0	1	3.333333333333333
3892	We should abolish zoos	in favor of	zoos are bad for wild animals that need to live free	0	0	0	0	0	0	0	0	0	1	3.333333333333333
4644	We should forbid neo-banks	against	Fintech companies can open specialized neo-banks that target a specific type of customer’s needs. For example, LXME aims to become India’s first Neo bank for women, which will offer product solutions that address women-specific financial needs and emotional preferences.	0	0	0	0	0	0	0	0	0	1	3.333333333333333
2668	We should prohibit school prayer	against	we shouldn't prohibit school prayer as it's a human right to be able to pray	0	0	0	0	0	0	1	0	0	0	4.5
1668	We should oppose collectivism	in favor of	collectivism decreases individual rights by forcing them to conform to what the group deems best	0	0	0	0	0	0	1	0	0	0	4.5
6050	Holocaust denial should be a criminal offence	against	people should be able to believe what they want.	0	0	0	0	0	0	1	0	0	0	4.5
4119	We should abolish the Olympic Games	in favor of	the olympic games are no longer a fair contest because many athletes use performance enhancing drugs	0	0	1	0	0	0	0	0	0	1	3.0
1337	We should ban factory farming	in favor of	factory farming is cruel to the animals that are forced into a much smaller space than they would have in nature. therefore it should be banned.	0	0	1	0	0	0	1	0	0	1	3.0
468	We should ban fast food	against	banning fast food is an example of regulations which take away our right to freedom.	0	0	0	0	0	0	1	0	0	1	3.333333333333333
6752	We should abandon television	in favor of	television is an out-dated form of entertainment that has been succeeded by the internet.	0	0	0	1	0	0	1	0	0	1	3.0
4544	We should abandon the use of school uniform	against	Having school uniforms doesn't infringe on free speech since students can exercise that right in other ways.	0	0	0	0	0	0	0	0	0	1	3.333333333333333
2618	We should oppose collectivism	against	collectivism makes sure that all are taken care of and the weak will provided for.	0	0	0	0	0	0	1	0	0	1	3.333333333333333
389	We should legalize cannabis	against	cannabis has never been scientifically proven to help any conditions.	0	0	0	0	0	0	0	0	0	1	3.333333333333333
6012	Social media brings more harm than good	in favor of	Social media sucks people in and causes them to waste time they could be using productively.	0	0	1	0	0	0	1	0	0	0	3.0
1696	We should adopt a zero-tolerance policy in schools	against	we don't need a zero-tolerance policy that punishes students harshly for small things	0	0	0	0	0	0	0	0	0	1	3.333333333333333
2479	We should limit judicial activism	in favor of	judges are to base decisions on the laws of the country not on their personal beliefs.  when a judge puts his bias to a case it can change laws and not support the rights of the individual.	0	0	1	0	0	0	0	0	0	1	3.0
5417	Social media brings more harm than good	against	social media itself is not the cause of the negative consequences, it is human nature. the platform merely provides unrivaled access to information and potential connections with other people	0	0	0	0	0	0	0	0	0	1	3.333333333333333
6316	Holocaust denial should be a criminal offence	against	people have the right to think as they feel. it is our right.	0	0	0	0	0	0	1	0	0	1	3.333333333333333
2162	We should legalize cannabis	in favor of	we should legalize cannabis because it is harmless.	0	0	0	1	0	0	1	0	0	0	3.0
637	We should abolish zoos	against	some species are endangered and threatened by poaching. zoos are a place were we can guarantee their safety and survival.	0	0	0	0	0	0	0	0	0	1	3.333333333333333
6419	The use of public defenders should be mandatory	against	people should have the right to defend themselves if they think they can do the better job of it.	0	0	0	0	0	0	1	0	0	1	3.333333333333333
760	We should ban whaling	in favor of	whaling kills whales in an inhumane way	0	0	0	0	0	0	0	0	0	1	3.333333333333333
823	We should ban whaling	in favor of	whaling is inhumane and should be banned.	0	0	0	0	0	0	0	0	0	1	3.333333333333333
6874	We should subsidize vocational education	against	there is no guarantee that people would find a job	0	0	0	0	0	0	0	0	0	1	3.333333333333333
2706	We should subsidize Wikipedia	against	wikipedia is a private organisation,the government should not get involved.	0	0	1	0	0	0	1	0	0	0	3.0
2173	We should abandon the use of school uniform	in favor of	school uniform requirements curtail any individual creativity and self-expression at an important age of self-discovery and should be abandoned.	0	0	0	0	0	0	1	0	0	0	4.5
8	We should adopt an austerity regime	against	adopting austerity regime will have very negative impact on the poor and the vulnerable in society.	0	0	0	0	0	0	0	0	0	1	3.333333333333333
7334	We should prohibit capital monopoly.	in favor of	The purpose of anti-monopoly is not to combat a few monopolies, but to oppose the abuse of monopoly.	0	0	1	0	0	0	1	0	0	0	3.0
7331	We should prohibit capital monopoly.	in favor of	Capital monopolies distort market prices and undermine fair competition in the market.	0	0	0	0	0	0	0	0	0	1	3.333333333333333
6628	Assisted suicide should be a criminal offence	against	people have a basic right to bodily autonomy, deciding whether or not to die with minimal suffering and dignity is integral to that right.	0	0	1	0	0	0	1	0	0	0	3.0
3614	We should legalize cannabis	in favor of	people should be able to decide themselves if they want to use it	0	0	0	0	0	0	1	0	0	0	4.5
4398	We should ban fast food	against	People should have the choice and a little fast food as part of a balanced diet is not harmful.	0	0	0	0	0	0	1	0	0	1	3.333333333333333
833	We should cancel pride parades	against	pride parades are an important part of society to promote freedom of choice  and acceptance.	0	0	0	0	0	0	1	0	0	1	3.333333333333333
2626	We should abolish zoos	in favor of	they are places where the animals are mistreated nobody knows how much an animal suffers that is taken out of its habitat only for human entertainment	0	0	0	0	0	0	0	0	0	1	3.333333333333333
5757	Entrapment should be legalized	in favor of	people should be allowed to entrapment because it's another way to express themselves	0	0	0	0	0	0	1	0	0	0	4.5
757	We should ban telemarketing	in favor of	telemarketing should be banned because it is disruptive to the course of the day for many people.	0	0	1	1	0	0	1	0	0	0	3.0
2060	We should ban whaling	in favor of	the whales are the ambassadors of the sea and an icon of the struggle to protect the planet. they must prohibit whaling	0	0	0	0	0	0	0	0	0	1	3.333333333333333
5119	The EU should enforce the obligation to respect the Rule of Law within its borders	in favor of	Several member states have been turned into dictatorships a year ago, and there is no sign of a return to democracy. Freezing temporarily their EU membership status is to be considered to those where there is no more freedom in crossing borders (BE), even inside borders (DE, FR), no more press freedom (most), no more debate (most), no more press or individual liberty.	0	0	0	0	0	0	1	0	0	1	3.333333333333333
5383	Surrogacy should be banned	against	Surrogacy should not be banned as it is the woman's right to choose if she wishes to do this for another couple and be compensated.	0	0	0	0	0	0	1	0	0	0	4.5
6971	Hindi should be the National language of India	against	Some people are arguing that English is not born in India and hence we should avoid using it. This statement lacks logic because all the technological innovations we are now using were born in different parts of the world. We cannot reject things just because they are not Indian.	0	0	0	0	0	0	0	0	0	1	3.333333333333333
7000	We should stop subsidies and other incentives for bioenergy	against	Fossil-sourced natural gas is as harmful as coal or oil. If it is sourced from fossil fuels, natural gas produces a net increase in CO2 in the atmosphere when burned.	0	0	0	0	0	0	0	0	0	1	3.333333333333333
2508	We should ban whaling	in favor of	because it is a cruel way of killing a whale and causes great suffering and could cause the extinction of some species of whales.	0	0	1	0	0	0	0	0	0	1	3.0
2975	We should introduce compulsory voting	against	american citizens have the right to choose whether or not they want to vote.	0	0	0	0	0	0	1	0	0	0	4.5
4993	We need a better distribution of refugees	against	Illegal immigrants have to be returned to UN refugee camps.   	0	0	1	0	0	0	0	0	0	1	3.0
1225	We should adopt a multi-party system	in favor of	a multi-party ensures that all people and voices are heard and represented.	0	0	0	0	0	0	1	0	0	1	3.333333333333333
5864	Holocaust denial should be a criminal offence	against	why should anyone be told they cannot deny something even if it happened?  freedom of speech, surely.	0	0	0	0	0	0	1	0	0	0	4.5
6037	Entrapment should be legalized	against	entrap should remain illegal, as it wrongly places innocent citizens in situations where they have no choice but to incriminate themselves	0	0	1	0	0	0	1	0	0	1	3.0
6910	We should promote Zero Budget Natural Farming all over India	against	ZBNF is a cow-based farming practice. So ZBNF will result in an increase in the number of cows. But cows produce Methane, Nitrous Oxide & Ammonia, which are greenhouse gases and hence contribute to climate change. Methane is more efficient at trapping radiation than carbon dioxide, which is another greenhouse gas. Comparatively, methane is 25 times more powerful than Carbon dioxide. Nitrous Oxide is 300 more powerful than Carbon dioxide. And hence it is not a totally safe option.	0	0	0	0	0	0	0	0	0	1	3.333333333333333
5296	We need a better migration policy.	in favor of	Discussing what happened in the past between Africa and Europe is useless. All slaves and their owners died a long time ago. You cannot blame the grandchildren.	0	0	0	0	0	0	0	0	0	1	3.333333333333333
3395	We should legalize organ trade	against	the onus will be on the poorest people in the population to sell their organs thus leading to exploitation.	0	0	0	0	0	0	0	0	0	1	3.333333333333333
2457	We should ban the use of child actors	in favor of	we should ban the use of child actors because it strips them of childhood, let them be children and play and mess around	0	0	0	1	0	0	1	0	0	0	3.0
5120	The EU should enforce the obligation to respect the Rule of Law within its borders	in favor of	To have any credibility when addressing foreign countries regarding issues of human rights violations, curbs on the freedom of speech and press, democracy, and more, the EU must ensure that its Member States meet minimum standards on these fronts too.	0	0	1	0	0	0	0	0	0	1	3.0
2904	We should ban whaling	in favor of	killing whales is cruel and inhumane and if we don't ban it now we risk losing the entire whale species.	0	0	0	0	0	0	0	0	0	1	3.333333333333333
3799	We should legalize prostitution	in favor of	prostitution should be allowed if the participants both agree.	0	0	0	0	0	0	1	0	0	0	4.5
2913	We should subsidize journalism	against	subsidizing journalism would give the government control over it	0	0	0	0	0	0	1	0	0	1	3.333333333333333
3249	We should ban whaling	in favor of	Whaling will threaten to endanger many species of whale.	0	0	0	0	0	0	0	0	0	1	3.333333333333333
216	We should abandon the use of school uniform	in favor of	the school uniform is outdated and takes away individual personalities.	0	0	0	0	0	0	1	0	0	1	3.333333333333333
3198	We should oppose collectivism	in favor of	collectivism requires too much individual compromise.	0	0	0	0	0	0	1	0	0	0	4.5
3418	We should ban cosmetic surgery	in favor of	we should ban it because it gives people a unrealistic view on how a natural body or face should look.	0	0	0	0	0	0	0	0	0	1	3.333333333333333
4120	We should end mandatory retirement	in favor of	mandatory retirement ages are inconsistent with modern workplace practices and are contrary to the desire for age equality	0	0	0	0	0	0	0	0	0	1	3.333333333333333
6303	The use of public defenders should be mandatory	against	whether or not to usa a public defender should be a choice made by the defendant, not the government.	0	0	0	0	0	0	1	0	0	1	3.333333333333333
2410	We should limit judicial activism	in favor of	Judicial activism should be limited as there should be enough statutes of law to allow for most situations and fixed punishments are more acceptable than an individuals response to a case.	0	0	1	0	0	0	0	0	0	1	3.0
1747	We should subsidize journalism	against	State subsidies for jouranalism aren't supported by a majority of the populace, making it undemocratic and not something the state should do.	0	0	0	0	0	0	1	0	0	1	3.333333333333333
7370	Carbon emissions trading should be limited.	in favor of	To reduce carbon emissions, first of all, the country will close many heavy polluting enterprises.	0	0	1	0	0	0	0	0	0	1	3.0
6350	The use of public defenders should be mandatory	against	people should be allowed to look for the best lawyer that they can afford to help them with their defense.	0	0	0	0	0	0	1	0	0	1	3.333333333333333
701	We should abolish zoos	in favor of	animals deserve to be in the wild, with access to large open spaces not available at a zoo.	0	0	0	0	0	0	0	0	0	1	3.333333333333333
7245	We should remove unauthorized asylum seekers or migrants.	in favor of	Unauthorized asylum seekers or migrants have no right to be in the country where they are unauthorized.	0	0	1	0	0	0	0	0	0	0	3.0
326	We should cancel pride parades	against	pride parades are important to understanding others	0	0	0	0	0	0	0	0	0	1	3.333333333333333
5386	Social media brings more harm than good	in favor of	it gives people a platform to pretend, show off and to bully others. it also makes people believe that everyone else has everything they want and that their lives are perfect, leading to mental health issues.	0	0	1	0	0	0	0	0	0	0	3.0
2422	We should abolish zoos	in favor of	zoo's house animals in small enclosures and exploit them for profit.	0	0	1	0	0	0	0	0	0	1	3.0
7072	We should improve migration policies 	in favor of	Avoiding non-EU countries to stop migrants’ journey to the EU payments to systemic violation of human rights and dignity.	0	0	1	0	0	0	0	0	0	1	3.0
658	We should ban telemarketing	against	telemarketing is very economical and it provides an easy way for companies to offer their products and services to people.  telemarketers are merely asking whether someone wants something or not.	0	0	1	0	0	0	0	0	0	0	3.0
3907	We should ban fast food	against	banning fast food won't change anyone's diet because unhealthy choices will still be there	0	0	0	0	0	0	1	0	0	1	3.333333333333333
4182	We should ban cosmetic surgery	against	people have a right to bodily autonomy and should make their own decisions about their bodies	0	0	0	0	0	0	1	0	0	0	4.5
4998	We need an immediate cessation of all immigration.	in favor of	The EU needs to establish a legal means of preventing illegal migration that is encouraged by the Turkish government and by privately funded NGOs, which are acting against the interest of the EU.	0	0	0	0	0	0	0	0	0	1	3.333333333333333
6837	The vow of celibacy should be abandoned	in favor of	the vow of celibacy should be abandoned because people are going to do whatever they want and no law can be enforced when it comes from abstaining from marital or sexual commitment.	0	0	0	0	0	0	1	0	0	1	3.333333333333333
5279	Europe should change the world for the better for everyone.	against	The EU should not get involved in trying to ”spread democracy” with threats and punishments, leave that to the US. 	0	0	1	0	0	0	1	0	0	1	3.0
1560	We should stop the development of autonomous cars	against	autonomous cars are the future and some cities already have them.	0	0	0	0	0	0	1	0	0	0	4.5
1618	We should abolish safe spaces	in favor of	we should abolish safe spaces because it can become a toxic place where people only talk bad about each other	0	0	1	0	0	0	0	0	0	1	3.0
2844	We should ban missionary work	in favor of	we should ban missionary work because pushing personal views on unwanted audiences is wrong.	0	0	1	0	0	0	1	0	0	1	3.0
3152	We should legalize sex selection	against	with the $20,000 price tag on something that is not 100% accurate, sex selection is only made available to the wealthy.	0	0	0	0	0	0	0	0	0	1	3.333333333333333
299	We should limit judicial activism	in favor of	judicial activism should be limited or altogether removed based on the fact that it is done from a feeling or thought rather than from the law	0	0	1	0	0	0	0	0	0	1	3.0
7154	We should stop the European Commission’s Ideological bias toward migration.	in favor of	The European’s Commission communication and political thinking on migration are biased, falsely naïve, and Ideological.	0	0	0	0	0	0	1	0	0	1	3.333333333333333
1297	We should abolish zoos	in favor of	Zoos are just a place for animals to be locked up and stared at by people.	0	0	1	0	0	0	0	0	0	1	3.0
819	We should ban fast food	against	people should be able to choose what they want to eat	0	0	0	1	0	0	1	0	0	0	3.0
6771	Assisted suicide should be a criminal offence	in favor of	assisted suicide involves murdering someone which is illegal and should be treated as such.	0	0	1	0	0	0	0	0	0	1	3.0
267	We should limit judicial activism	in favor of	judicial activism is biased and should be trashed.	0	0	0	0	0	0	0	0	0	1	3.333333333333333
3226	We should limit judicial activism	in favor of	judicial activism enables  judges to override any law that exists, which means new rules will be created and the existent laws might not be followed.	0	0	1	0	0	0	0	0	0	1	3.0
6996	We should promote the use of nuclear energy instead of renewable energy sources	in favor of	'People highlight various risks, but any generation technology comes with risks: the largest electricity-related disaster (Banquiao dam in 1976) took the lives of 200000 people (!) or just recently 70 people in Russia, but nobody talks about hydropower being 'deadly' or complaining about states providing insurance for such massive projects, because it happens for all projects of such scale. 	0	0	0	0	0	0	0	0	0	1	3.333333333333333
1163	We should ban whaling	in favor of	whaling is humane and cruel and should be banned, especially with a dwindling whale population.	0	0	0	0	0	0	0	0	0	1	3.333333333333333
4057	We should abandon the use of school uniform	in favor of	we should abandon the use of school uniform since one should be allowed to express their individuality by the clothes they were.	0	0	0	0	0	0	1	0	0	0	4.5
3659	We should abolish intellectual property rights	in favor of	it is very difficult to define and identify and intellectual property.	0	0	0	0	0	0	1	0	0	1	3.333333333333333
7139	We should implement a legislation on aquatic animal welfare	in favor of	Fish are sentient and failure to afford them the same legal protections that we provide other animals is a gross moral and legal oversight.	0	0	1	0	0	0	0	0	0	1	3.0
2978	We should abolish zoos	in favor of	it is unfair to trap animals from their natural habitat and confine them to small spaces for entertainment.	0	0	1	0	0	0	0	0	0	1	3.0
52	We should abolish intellectual property rights	in favor of	ip rights enable large corporations to have a stranglehold over creators designs and work and should be abolished	0	0	0	0	0	0	1	0	0	0	4.5
6144	Social media brings more harm than good	in favor of	Social media brings more harm than good because social media distracts everyone from their daily lives	0	0	1	0	0	0	0	0	0	0	3.0
5967	We should subsidize vocational education	against	vocational education usually leads to highly paid jobs. therefore the state should not be funding this.	0	0	0	0	0	0	0	0	0	1	3.333333333333333
3695	We should ban factory farming	against	humans need food and this is simply another way to cultivate it.  at the end of the day these animals are going to be food no matter what, so the way they get there is of little interest.	0	0	0	0	0	0	0	0	0	1	3.333333333333333
5980	Intelligence tests bring more harm than good	in favor of	intelligence tests are skewed toward upper class white males, making the test not a true measure of a person's intelligence	0	0	0	0	0	0	0	0	0	1	3.333333333333333
169	We should cancel pride parades	against	we should continue to support pride parades because everyone has the right to do what they want as long as it does not harm others.	0	0	0	1	0	0	1	0	0	1	3.0
1594	We should ban whaling	in favor of	we should ban whaling because it is inhumane and because whales are becoming extinct.	0	0	0	0	0	0	0	0	0	1	3.333333333333333
2246	We should ban targeted killing	in favor of	targeting killing is barbaric and exists outside the bounds of government.	0	0	0	0	0	0	0	0	0	1	3.333333333333333
6364	The use of public defenders should be mandatory	against	the use of public defenders shouldn't be mandatory because people should be able to pick their lawyers not have one forced on them	0	0	0	0	0	0	1	0	0	0	4.5
7021	We should use available solutions to make flying more sustainable right now	in favor of	The EU should accelerate the journey towards sustainable aviation by rapidly increasing the amount of sustainable aviation fuel (SAF) used in the aviation sector right now.  SAFs are not made from fossil fuels, but from CO2 that has been taken out of the air recently, either by biological processes or through technology. 	0	0	0	0	0	0	0	0	0	1	3.333333333333333
5523	Holocaust denial should be a criminal offence	against	People have the right to free speech even if their perspectives are vile and abhorrent. This means the state can't criminalize holocaust denial.	0	0	0	0	0	0	1	0	0	0	4.5
6455	Blockade of the Gaza Strip should be ended	in favor of	blockage of the gaza strip strip should be ended because the people should be able to cross the boarder	0	0	0	0	0	0	1	0	0	0	4.5
1345	We should introduce compulsory voting	in favor of	compulsory voting would ensure that more people were getting their voice heard at election time, making a fairer election	0	0	0	0	0	0	0	0	0	1	3.333333333333333
2678	We should adopt gender-neutral language	in favor of	if everything was gender neutral it would make everyone equal.	0	0	0	0	0	0	0	0	0	1	3.333333333333333
4459	We should adopt atheism	in favor of	atheism allows for the decrease in religious discrimination and would maintain equal practices to insure that peole are treated equally with the shared lack of religious faith.	0	0	0	0	0	0	0	0	0	1	3.333333333333333
47	We should abandon the use of school uniform	in favor of	School uniforms keep children from being able to express themselves through their clothing choices.	0	0	0	0	0	0	1	0	0	0	4.5
858	We should abolish zoos	against	zoos provide the only places for some endangered species to survive that they are essential and we should not abolish them we need to support them and their breeding programs.	0	0	0	0	0	0	0	0	0	1	3.333333333333333
2997	We should introduce compulsory voting	against	it should be the right of the individual whether to vote or not to vote.	0	0	0	0	0	0	1	0	0	0	4.5
2349	We should ban telemarketing	in favor of	telemarketing should be banned because it is just plain annoying.  if someone really wants a product they will go buy it and not wait for someone to call them about it.	0	0	1	0	0	0	0	0	0	0	3.0
4855	People from radical Muslim countries should be banned from entering the EU countries	against	An outright ban on muslim countries is ridiculous, the leadership of these countries and the media depictions of the people of these countries do not reflect the actual people who live there, they are no threat to us	0	0	0	0	0	0	0	0	0	1	3.333333333333333
7144	We should promote awareness in society of what migrants are contributing. 	against	Misconceptions like the view that mass migration is somehow 'good' need to be clearly pointed out.	0	0	0	0	0	0	0	0	0	1	3.333333333333333
1722	We should ban missionary work	in favor of	missionary work should be banned as some people can be forced into this line of work due to pressure from religious communities.	0	0	0	0	0	0	1	0	0	1	3.333333333333333
737	We should abolish zoos	in favor of	it's cruel for the animals to be caged	0	0	1	0	0	0	0	0	0	1	3.0
4561	We should legalize cannabis	in favor of	people have the right to live their lives in any way they choose and the government doesn't have the right to tell adults what they can put in their own bodies	0	0	0	0	0	0	1	0	0	0	4.5
1624	We should abolish safe spaces	against	for minority groups used to all manner of persecutionl, safe spaces provide a metaphorical 'breathing space' where they can connect with themselves in a fear-free environment.	0	0	1	0	0	0	0	0	0	1	3.0
2836	We should ban factory farming	in favor of	factory farms produce a lot of pollution	0	0	0	0	0	0	0	0	0	1	3.333333333333333
5580	Holocaust denial should be a criminal offence	against	History is what is related to us from other people. We can not really know if it has really happened. Denying the right not to believe this fact shouldn't be criminalized as people are freethinkers	0	0	0	0	0	0	1	0	0	1	3.333333333333333
5237	European citizens want quality of life and are not interested in world supremacy	against	I have never heard anyone talking in Europe about world supremacy. So it seems kind of pointless that this is a goal of EU policy.	0	0	0	0	0	0	0	0	0	1	3.333333333333333
6619	The use of public defenders should be mandatory	in favor of	The use of public defenders should be mandatory so that both parties have access to state resources in criminal trials.	0	0	0	0	0	0	0	0	0	1	3.333333333333333
7338	We should prohibit capital monopoly.	in favor of	The greatest harm of monopoly lies in the destruction of competition, so that businesses no longer need to care about the feelings of consumers.	0	0	1	0	0	0	0	0	0	1	3.0
4911	The European Union should implement a EU wide carbon tax	in favor of	In my point of view it will be essential to impose some compensatory levies on products from third countries to ensure that they will not have a competitive advantage.	0	0	1	0	0	0	0	0	0	1	3.0
4324	We should adopt gender-neutral language	in favor of	over sensitive people will be offended if we don't.	0	0	1	0	0	0	0	0	0	0	3.0
7297	We should ban the trading of virtual currencies.	against	Security, virtual currency is encrypted with high aspect ratio data, after the sale is created, it is always unlikely to carry out changes and forgeries.	0	0	0	0	0	0	0	0	0	1	3.333333333333333
213	We should end mandatory retirement	against	Without a mandatory retirement age available to the employer, dismissal procedures would be likely to begin earlier	0	0	1	0	0	0	0	0	0	1	3.0
7235	We should punish illegal Immigrants and only accept legal immigrants.	in favor of	We would have to change asylum rules. Illegal immigrants will claim asylum after entering the country to attempt to make their entry legal. It then becomes a massive pain to deport them. Illegal entries must result in an automatic rejection of asylum claims.	0	0	1	0	0	0	0	0	0	1	3.0
1381	We should abandon the use of school uniform	in favor of	school uniforms create an army-like environment and create a world of robots	0	0	0	0	0	0	1	0	0	1	3.333333333333333
5623	Holocaust denial should be a criminal offence	against	holocaust denial shouldn't be a criminal offense because it goes against freedom of speech	0	0	0	0	0	0	1	0	0	1	3.333333333333333
1569	We should prohibit school prayer	in favor of	school prayer is forcing a religion on everyone, including non-believers	0	0	0	0	0	0	1	0	0	1	3.333333333333333
45	We should abolish the right to keep and bear arms	against	we should not abolish the right to bear arms because the law was set forth by our founding fathers, therefore making it an american right.	0	0	1	0	0	0	0	0	0	1	3.0
4278	We should abolish zoos	in favor of	zoos hold animals in cages when they should be free	0	0	0	0	0	0	0	0	0	1	3.333333333333333
262	We should adopt atheism	against	freedom to choose what someone believes in is a right	0	0	0	0	0	0	1	0	0	1	3.333333333333333
7367	Carbon emissions trading should be limited.	in favor of	Climate change is a global issue facing mankind, and with carbon dioxide emissions from all countries, greenhouse gases are surging, posing a threat to life systems.	0	0	0	0	0	0	0	0	0	1	3.333333333333333
7140	We should reduce animal farming.	in favor of	We should encourage people to consider the question: 'Do you think it is morally right to torture, mutilate, and kill animals needlessly?'	0	0	0	0	0	0	0	0	0	1	3.333333333333333
4296	We should adopt atheism	against	you can not force a religion or lack there of on someone	0	0	0	0	0	0	1	0	0	1	3.333333333333333
5102	The EU government should encourage people to eat less meat	against	The government does not have any right to use the taxpayer's money to propagandize the people to encourage what to eat and not to eat. It is not the responsibility of the government.	0	0	0	0	0	0	1	0	0	1	3.333333333333333
4127	We should oppose collectivism	in favor of	collectivism necessarily means that individual freedoms will be reduced, so it does not make sense to adopt it.	0	0	0	0	0	0	1	0	0	0	4.5
2666	We should cancel pride parades	against	to support gay people then we should allow pride parades	0	0	0	0	0	0	1	0	0	1	3.333333333333333
4832	Equal pay for equal work should apply as a principle in the country in which you work, regardless of where you come from	in favor of	Protection of the rights of those who actually produce the services and products that constitutes the European market is nothing but self-evident. With a more and more integrated EU, ignoring those rights will create fragmentation and conflicts.	0	0	0	0	0	0	0	0	0	1	3.333333333333333
2023	We should ban cosmetic surgery	against	if someone has money to burn and choose to use it to improve their physical appearance, that is up to them an no one should be able to tell them they can't do it.	0	0	0	0	0	0	1	0	0	1	3.333333333333333
73	We should adopt gender-neutral language	in favor of	we should adopt gender-neutral language because it avoids offending people with gender stereo-types	0	0	1	0	0	0	0	0	0	1	3.0
5873	The use of public defenders should be mandatory	against	how a person defends themself is their own decision.	0	0	0	0	0	0	1	0	0	1	3.333333333333333
3869	We should abolish capital punishment	in favor of	capital punishment is too risky as sometimes innocent people are killed. unless it can be known for certain that a person is guilty, capital punishment wiill always present too much of a risk.	0	0	0	0	0	0	0	0	0	1	3.333333333333333
7098	We should promote a plant-based diet	in favor of	While it is only promoted/suggested and not a mandatory, its ok.	0	0	0	0	0	0	1	0	0	0	4.5
3373	We should adopt atheism	in favor of	atheism should be the defacto standard for all people. If individuals choose to believe in unprovable, invisible super beings from space, it should be kept private and out of official/public spaces.	0	0	0	0	0	0	1	0	0	1	3.333333333333333
2066	We should ban whaling	in favor of	Whales are wonderfully intelligent creatures that don't deserve to be hunted in such a gruesome manner.	0	0	0	0	0	0	0	0	0	1	3.333333333333333
164	We should subsidize Wikipedia	against	there is no need to subsidize a site that isn't necessary	0	0	0	0	0	0	1	0	0	1	3.333333333333333
7150	We should rethink the legal state of Family Reunification.	in favor of	Illegal loopholes in the legislation are enabling illegal migration. Family Reunification has been and remains the biggest channel of migration into the EU.	0	0	1	0	0	0	0	0	0	0	3.0
3440	We should adopt atheism	in favor of	we should adopt atheism until it can be proven that god is real.	0	0	0	0	0	0	0	0	0	1	3.333333333333333
4046	We should limit judicial activism	in favor of	judicial activism should be limited to the facts of the case rather than the prejudices of each judge otherwise there are different rules for different people which is not justice.	0	0	0	0	0	0	0	0	0	1	3.333333333333333
7206	We should prevent the surveillance state	in favor of	Excessive surveillance preemptively assumes everyone is a potential criminal and definitely undermines the basic human right of autonomy and self-determination. 	0	0	1	0	0	0	1	0	0	1	3.0
6421	Assisted suicide should be a criminal offence	in favor of	there is no difference between assisted suicide and being an accessory to murder.  suicide is immoral and those that help should be punished.	0	0	1	0	0	0	0	0	0	1	3.0
5361	There should be a reform of EU trade and investment policy and a relaunch of global multilateralism	in favor of	The present international economic system and trade institutions are too much a product of the not-so-glorious colonial past. We should put more democracy, more rights for people, and more equality into the international economic order.  	0	0	1	0	0	0	0	0	0	1	3.0
1743	We should adopt gender-neutral language	in favor of	the use of gender pronouns tends to single out one gender from the other and can be offensive to some.	0	0	1	0	0	0	0	0	0	1	3.0
6433	We should abandon television	against	this is a free country. people have the choice to watch tv or not	0	0	0	0	0	0	1	0	0	0	4.5
6527	Holocaust denial should be a criminal offence	against	if one does not believe that the holocaust occurred, then that is there right to practice freedom of speech as defined in the constitution.	0	0	1	0	0	0	1	0	0	0	3.0
4241	We should abolish zoos	in favor of	we should abolish zoos because it's cruel to keep wild animals in small enclosures and spaces just for our amusement.	0	0	0	0	0	0	1	0	0	1	3.333333333333333
7208	We should prevent the surveillance state	in favor of	I am not prepared to continue to restrict my freedom on a permanent basis due to the actions of a minority of offenders, as a citizen who is not a victim. The policy has to find a better balance here. 	0	0	0	0	0	0	1	0	0	0	4.5
6338	Assisted suicide should be a criminal offence	in favor of	Assisted suicide is a criminal offense and is a form of assisted murder	0	0	1	0	0	0	0	0	0	0	3.0
4798	Businesses should buy unused emissions by reforesting, restoration, or conservation of habitats sequestrating carbon	in favor of	This would address the current issues on habitats and species loss.	0	0	0	0	0	0	0	0	0	1	3.333333333333333
7207	We should prevent the surveillance state	in favor of	The number of video surveillance and control and intervention rights for public authorities is steadily increasing (at least according to my subjective feeling). This puts our free way of life at risk. A person who feels monitored will never really act freely. 	0	0	0	0	0	0	1	0	0	0	4.5
1467	We should ban whaling	against	it is not fair to ban whaling whilst allowing farming of cows and sheep for meat. one animals' life should not be valued higher than another.	0	0	0	0	0	0	1	0	0	1	3.333333333333333
5155	The EU should adopt legislative measures aimed at increasing the percentage of women in the political sector	against	Quotas are always disgusting examples of oppression and evil. I don't want anything of that, I want freedom and free choice.	0	0	0	0	0	0	1	0	0	0	4.5
1318	We should introduce compulsory voting	against	no one should be forced to do something they do not want to do	0	0	0	0	0	0	1	0	0	0	4.5
5128	The EU needs a free but correct press	against	The EU deciding who is a journalist amounts to the EU deciding what is true.	0	0	0	0	0	0	1	0	0	1	3.333333333333333
5858	Holocaust denial should be a criminal offence	against	we are supposed to be a modern society of free thought. if someone wants to deny the holocaust, it is their intellectual right.	0	0	0	0	0	0	1	0	0	0	4.5
5544	Holocaust denial should be a criminal offence	against	people have a right to say and believe whatever they want. you can't criminalize people's thoughts.	0	0	0	0	0	0	1	0	0	1	3.333333333333333
717	We should ban whaling	in favor of	whaling is cruel and inhumane; it should be banned.	0	0	0	0	0	0	0	0	0	1	3.333333333333333
2031	We should abandon the use of school uniform	in favor of	the school uniform gives no individuality to students	0	0	0	0	0	0	1	0	0	0	4.5
5103	We need to move towards drug reform, which will change our outdated drug policy. 	in favor of	Today, cannabis repression is simply a political posture aimed to target rightwing voters, not a rational policy. 	0	0	0	0	0	0	1	0	0	1	3.333333333333333
671	We should adopt libertarianism	in favor of	libertarianism allows people to make their own choices without government interference.	0	0	0	0	0	0	1	0	0	0	4.5
3784	We should ban human cloning	in favor of	we should ban human cloning because it is against the natural law and it is morally wrong	0	0	1	0	0	0	0	0	0	1	3.0
3782	We should end mandatory retirement	in favor of	we should end mandatory retirement because no one has the right to tell another person when they have to stop working. it is an individual's choice and should be left up to them when they wish to call it quits.	0	0	0	0	0	0	1	0	0	0	4.5
4817	We need stricter and homogeneous environmental legislation across the EU	in favor of	We should restrict delocalizing factories to third countries where environmental legislation is softer. We need unique legislation to avoid this.	0	0	1	0	0	0	1	0	0	1	3.0
779	We should abolish safe spaces	in favor of	safe spaces create an unrealistic environment that doesn't exist in the real world.	0	0	0	0	0	0	0	0	0	1	3.333333333333333
290	We should subsidize journalism	against	aren't subsidies opening the door for manipulating journalists and inducing media bias in favor of the government?	0	0	0	0	0	0	1	0	0	1	3.333333333333333
1311	We should ban whaling	in favor of	whaling is barbaric and cruel to whales and should therefore be banned	0	0	0	0	0	0	0	0	0	1	3.333333333333333
3677	We should ban whaling	in favor of	whale are an important part of the ecosystem and whaling threatens their survival on this planet.	0	0	0	0	0	0	0	0	0	1	3.333333333333333
7053	We should take polyester and other toxic substances out of clothing and place them with natural materials	against	Natural materials have a large carbon footprint. They require fresh water and land, contributing to the pressure on nature and resources around the world. 	0	0	0	0	0	0	0	0	0	1	3.333333333333333
1840	We should legalize cannabis	in favor of	scientific studies have shown that cannabis is safe as a recreational drug	0	0	0	1	0	0	1	0	0	1	3.0
6379	We should subsidize vocational education	against	people should pay for their own vocational education in the way that students pay for their own university studies.	0	0	0	0	0	0	1	0	0	1	3.333333333333333
5598	Holocaust denial should be a criminal offence	against	while the holocaust was a very serious event, denying that it happened should not be serious enough to be a criminal offense.	0	0	0	0	0	0	1	0	0	1	3.333333333333333
28	We should subsidize Wikipedia	against	wikipedia can form biased opinions on topics or misinform the general public and therefore should not be subsidized	0	0	0	0	0	0	1	0	0	1	3.333333333333333
6125	Holocaust denial should be a criminal offence	against	while i believe that holocaust denial is about fostering antisemitism today. i still think that type of speech as long as it's not a direct call to action should be protected, even if it is detestable.	0	0	0	0	0	0	1	0	0	0	4.5
138	We should adopt atheism	in favor of	not everybody believes in or practices a religion so we should adopt atheism for them	0	0	0	0	0	0	1	0	0	1	3.333333333333333
3950	We should cancel pride parades	against	We should not cancel pride parades simply due to freedom of expression, any group can express themselves.	0	0	0	0	0	0	1	0	0	1	3.333333333333333
2336	We should adopt a zero-tolerance policy in schools	in favor of	this would show that schools are serious about stamping out bullying and bad behavior. too many people get away with bad things because schools are scared to punish them.	0	0	1	0	0	0	0	0	0	0	3.0
2839	We should abandon the use of school uniform	in favor of	everybody is different & many people like to express themselves using clothes, by wearing the same uniform as others it doesn't allow a person their own individuality	0	0	0	0	0	0	1	0	0	1	3.333333333333333
5441	Holocaust denial should be a criminal offence	in favor of	holocaust denial should be a offence as this was a heinous act that was committed against the jews and its deeply offensive for the jewish community that some people deny it occurred.	0	0	0	0	0	0	0	0	0	1	3.333333333333333
4752	Betting and gambling should be legalized in India	against	There is no guarantee that illegal gambling activities will stop.	0	0	1	0	0	0	0	0	0	0	3.0
5219	There should be no immigration from non-European or non-first-world countries 	in favor of	We need to agree that people who do not respect our immigration law are detained in centers for repatriation.	0	0	1	0	0	0	0	0	0	0	3.0
5317	Europe should stand together!	against	Do you have some reservations about the EU? Go and protest your own government's decisions because it's the member states that decide what the EU can do and what it can't, unfortunately. The EU does not have an actual army - not because of bureaucrats but because our member states think they are better alone than united. 	0	0	0	0	0	0	1	0	0	1	3.333333333333333
2419	We should adopt libertarianism	in favor of	the government interferes in citizen's lives too much already	0	0	0	0	0	0	1	0	0	0	4.5
5056	The European Union needs to equip itself with the institutional and legal tools to resolve democratic conflicts on sovereignty within its own borders.	in favor of	According to the International Covenant on Civil and Political Rights (the ICCPR), ‘[a]ll peoples have the right of self-determination. By virtue of that right, they freely determine their political status and freely pursue their economic, social and cultural development. The right to self-determination also has its economic content which gives the people the right to freely ‘dispose of their natural wealth and resources without prejudice to any obligations arising out of international economic cooperation, based upon the principle of mutual benefit, and international law.'	0	0	1	0	0	0	1	0	0	0	3.0
2809	We should adopt libertarianism	in favor of	there is no need for oppressive restraints on people's behaviour so we should adopt libertarianism.	0	0	0	0	0	0	1	0	0	1	3.333333333333333
3740	We should ban the use of child actors	against	we should not ban the use of child actors because it would be awfully strange to watch programs and never see a child as that is not real life.	0	0	0	0	0	0	1	0	0	1	3.333333333333333
1310	We should abolish zoos	in favor of	some zoos have terrible living conditions and the animals aren't stimulated at all	0	0	0	0	0	0	0	0	0	1	3.333333333333333
5962	Homeopathy brings more harm than good	against	homeopathy may not be the best choice but the benefits of using it are certainly proven in many cases. alternative medicine allows people the freedom to choose what goes into their body.	0	0	0	0	0	0	1	0	0	1	3.333333333333333
6732	The vow of celibacy should be abandoned	in favor of	the vow of celibacy should be abandoned as monogamy is a personal choice and has nothing to do with the legal rights of married couples, it is a personal matter between them.	0	0	0	0	0	0	1	0	0	0	4.5
4555	We should adopt atheism	against	People should be allowed to choose how to believe freely and not forced to accept the beliefs of atheism.  Each person has a mind and can make their own decision and should be allowed the freedom of choice.	0	0	0	0	0	0	1	0	0	0	4.5
4179	We should abolish the three-strikes laws	in favor of	three-strikes laws often lead to harsh punishments that do not fit their crimes	0	0	0	0	0	0	0	0	0	1	3.333333333333333
1255	We should subsidize space exploration	in favor of	space exploration gives insight into our world and other planets which could be invaluable.	0	0	0	0	0	0	1	0	0	1	3.333333333333333
1237	We should abandon the use of school uniform	in favor of	school uniforms do not allow children to emphasize their differences, denying individuality.	0	0	0	0	0	0	1	0	0	1	3.333333333333333
5322	Every young European should be asked to go live in another country for 1 year at least	against	No duck would like to live with eagles or sparrows.  That's nature, not wishful thinking.	0	0	0	0	0	0	1	0	0	0	4.5
7001	We should stop subsidies and other incentives for bioenergy	against	Some biofuels, such as soy, corn, sugar cane, rapeseed, and palm oil encourage deforestation	0	0	0	0	0	0	0	0	0	1	3.333333333333333
5401	Assisted suicide should be a criminal offence	against	if someone is in extreme pain why make them suffer? this is not criminal	0	0	0	0	0	0	1	0	0	0	4.5
3192	We should ban cosmetic surgery	against	the government should not outlaw safe procedures that can be done to the body.	0	0	0	0	0	0	1	0	0	0	4.5
4005	We should abolish zoos	in favor of	Animals should not be kept in cages. They should be able to run free.	0	0	0	0	0	0	0	0	0	1	3.333333333333333
3015	We should abolish zoos	against	many animals would become extinct if we did not have zoos.	0	0	0	0	0	0	0	0	0	1	3.333333333333333
1688	We should ban the use of child actors	against	if they want to be an actor it is their choice	0	0	0	0	0	0	1	0	0	0	4.5
812	We should ban factory farming	in favor of	it is not humane to animals and needs to be stopped.	0	0	0	0	0	0	0	0	0	1	3.333333333333333
6427	We should subsidize vocational education	against	subsidizing vocational education is unnecessary as those who have learnt trades can end up making a lot of money.	0	0	0	0	0	0	1	0	0	0	4.5
5040	The president of the European Commission should be elected by the people of the EU	against	Directly electing the president of the commission makes the most susceptible to political sway, which would kill the commission as a body of technical experts.  	0	0	0	0	0	0	1	0	0	1	3.333333333333333
1193	We should introduce compulsory voting	against	if someone has no choice it is wrong to insist that they choose	0	0	0	0	0	0	1	0	0	0	4.5
7122	We should not produce unnecessary garbage	in favor of	Things that are one-time use only, like most packaging and the like, should be radically focused on recycling potential.	0	0	0	0	0	0	0	0	0	1	3.333333333333333
1769	We should limit judicial activism	in favor of	the judicial system requires independence, judicial activists undermine this independence and the practice should be limited.	0	0	1	0	0	0	1	0	0	1	3.0
5052	The President of the European Commission should be directly elected by direct universal suffrage	against	A direct election of a European president is a travesty of democracy. It would be only a mediatic competition among 'plastic' leaders.  Something very similar to The Simulacra (Dick's 1964 science fiction novel).  We are not a 'nation', we are a confederation of nations.	0	0	0	0	0	0	1	0	0	0	4.5
2628	We should limit judicial activism	in favor of	judicial activism should be limited as there are basic reasons why a law was put in place and a single judge should not be able to choose to ignore the basic law.	0	0	1	0	0	0	0	0	0	1	3.0
2776	We should introduce compulsory voting	against	compulsory voting shouldn't be introduced because it violates freedom of choice.	0	0	0	0	0	0	1	0	0	0	4.5
3666	We should limit executive compensation	in favor of	executive compensation should be limited because i don't think the executives should get a bunch extra just because of that position.	0	0	0	0	0	0	0	0	0	1	3.333333333333333
807	We should abolish zoos	against	we should not abolish zoos as they contribute to the breeding of endangered species and the reintroduction of animals to the wild	0	0	0	0	0	0	0	0	0	1	3.333333333333333
1662	We should abolish the three-strikes laws	in favor of	the three strike law is too strict for some offenders	0	0	0	0	0	0	0	0	0	1	3.333333333333333
1811	We should subsidize embryonic stem cell research	against	this type of investigations always end up perverting and end up fulfilling dark objectives	0	0	1	0	0	0	0	0	0	0	3.0
3882	We should limit judicial activism	in favor of	people should be judged by their actions not how the judge feels about them	0	0	0	0	0	0	0	0	0	1	3.333333333333333
2271	We should oppose collectivism	in favor of	we should oppose collectivism because it lessens creativity and individuality.	0	0	0	0	0	0	1	0	0	0	4.5
3741	We should abandon the use of school uniform	in favor of	school uniforms should not be required to wear in schools because it takes away a kids freedom of expression	0	0	0	0	0	0	1	0	0	0	4.5
6728	Holocaust denial should be a criminal offence	against	it should not a criminal offence as it is just an opinion rather than actually committing a crime.	0	0	0	0	0	0	1	0	0	1	3.333333333333333
894	We should end mandatory retirement	in favor of	Mandatory retirement is discriminatory on the basis of age, which is an immutable characteristic much like gender or race in that one has no control over it.	0	0	1	0	0	0	0	0	0	1	3.0
5271	The EU should strengthen the integration of Ukraine through intensified cooperation	against	Ukraine will move forward on its European path when it allows Hungarian kids living on its territory to study in their native tongue, not a day sooner. 	0	0	0	0	0	0	1	0	0	1	3.333333333333333
3669	We should introduce compulsory voting	against	people should be given a choice whether they would like to vote or not, it would be undemocratic to not give the people a choice.	0	0	0	0	0	0	1	0	0	0	4.5
7114	We should make zero/low waste products more affordable	in favor of	We should tax items based on the sustainability goals of the United Nations. They are internationally recognized & very precise. As far as I know, all or most countries have agreed on these goals. The financial sector is starting to implement them and there are already internationally recognized lists which specify the details.	0	0	1	0	0	0	0	0	0	1	3.0
5664	Holocaust denial should be a criminal offence	against	Making Holocaust denial a criminal offense will force deniers underground, and their activity will be hard to monitor.	0	0	0	0	0	0	1	0	0	0	4.5
6921	India should transition to electric vehicles	in favor of	Vehicular pollution is one of the major causes of air pollution. By switching to Electric vehicles, we can solve this issue. As per the report by the government, with this move, carbon emissions will be reduced by 37% by the year 2030. This will also help in our fight against climate change. As India is committed to bringing down its share of global emissions by 2030 as per the Paris climate agreement, replacing diesel and petrol vehicles with electric vehicles will help us in achieving this goal.	0	0	1	0	0	0	0	0	0	1	3.0
1963	We should ban targeted killing	in favor of	targeting killing is essentially government endorsement of murder which is unethical.	0	0	1	0	0	0	0	0	0	1	3.0
5309	Foreign Policy at the EU level should be based on an absolute majority, not unanimity	against	Vetos are occurring only rarely in the current EU voting procedure, which is focused on unanimity.	0	0	1	0	0	0	0	0	0	1	3.0
6923	India should transition to electric vehicles	in favor of	As of 2019, India is importing crude oil for 82% of its oil requirement. By using electric vehicles, we can reduce the dependence on other countries for oil imports.	0	0	0	0	0	0	1	0	0	1	3.333333333333333
5468	The use of public defenders should be mandatory	in favor of	public defenders should be available to everyone and mandatory to use. they conform more to the laws in place and are impartial in the criminal procedures	0	0	1	0	0	0	0	0	0	1	3.0
6957	Cattle slaughter should be banned	against	It is not ethical to interfere with the food habits of others.	0	0	1	1	0	0	1	0	0	0	3.0
5130	We need a Europe that respects life from conception is a humane Europe	in favor of	Abortion kills a human being. It can be justified only in very rare cases. 	0	0	1	0	0	0	0	0	0	1	3.0
6358	Holocaust denial should be a criminal offence	against	holocaust denial, although hurtful, is protected free speech.	0	0	1	0	0	0	1	0	0	0	3.0
5590	Intelligence tests bring more harm than good	in favor of	Intelligence tests have been a tool used by Eugenicists to argue for the culling of certain racial and ethnic groups.	0	0	0	1	0	0	0	0	0	1	3.0
3523	We should stop the development of autonomous cars	in favor of	there are much more important things to spend money on than autonomous cars - for example the threats posed by climate change and the pollution of our oceans.	0	0	0	0	0	0	0	0	0	1	3.333333333333333
7225	We should strengthen Frontex and control immigration	against	Before Frontex is strengthened, Frontex's human rights violations must first be stopped.	0	0	1	0	0	0	0	0	0	1	3.0
4270	We should ban whaling	in favor of	Whales are sentient, intelligent creatures and as such, have a right to life.	0	0	0	0	0	0	0	0	0	1	3.333333333333333
2437	We should subsidize journalism	against	subsidization would cause biased reporting	0	0	0	0	0	0	1	0	0	1	3.333333333333333
6280	Payday loans should be banned	against	Payday loans should not be banned because people have a right to enter into contracts	0	0	0	0	0	0	1	0	0	0	4.5
3898	We should abolish intellectual property rights	in favor of	enforcing property rights is almost impossible when companies in numerous countries do not enforce the rules very well such as china etc so it is easier just to abolish them	0	0	0	0	0	0	0	0	0	1	3.333333333333333
4219	We should cancel pride parades	in favor of	pride parades are a legacy of a by-gone time when equal rights for gay men and women was not on the horizon.	0	0	0	0	0	0	0	0	0	1	3.333333333333333
726	We should abolish zoos	in favor of	we should abolish zoos because it is cruel to cage up animals like that in one area and is not their natural habitat and essentially treat them like pets.	0	0	1	0	0	0	0	0	0	1	3.0
2117	We should oppose collectivism	in favor of	collectivism will ultimately fail because it is at odds with basic, self-preservation.	0	0	0	0	0	0	1	0	0	1	3.333333333333333
6611	The use of public defenders should be mandatory	in favor of	public defenders help protect peoples rights	0	0	0	0	0	0	0	0	0	1	3.333333333333333
5020	The EU should implement a common pension fund	in favor of	I find it distressing and unreasonable to force an individual to leave behind their hard-earned pension pot. There should be a mechanism that stops this practice. Just as I can move myself, my family, furniture, car, and bank accounts freely within the EU, I should have the same right to move and merge my pensions into a single unit. 	0	0	0	0	0	0	1	0	0	1	3.333333333333333
5478	The use of public defenders should be mandatory	in favor of	mandatory use of public defenders makes it more likely that a defendant will have a fair trial.	0	0	0	0	0	0	0	0	0	1	3.333333333333333
3438	We should abolish the three-strikes laws	in favor of	it causes people to receive disproportionately high sentences for petty crimes	0	0	0	0	0	0	0	0	0	1	3.333333333333333
7288	We should ban the trading of virtual currencies.	in favor of	Virtual currency is a money laundering channel for criminals.	0	0	1	0	0	0	0	0	0	0	3.0
6372	The vow of celibacy should be abandoned	in favor of	the vow of celibacy is unfair because it doesn't help people dealing with physical  needs, sometimes driving them crazy, so no need to give up sex	0	0	1	1	0	0	0	0	0	0	3.0
2122	We should ban factory farming	in favor of	we should ban factory farming as animals are kept in cramped conditions.	0	0	0	0	0	0	0	0	0	1	3.333333333333333
7349	We should crack down on unreasonably high incomes.	in favor of	The implementation of property taxes, taxes on the rich, capital gains taxes, asset transfer taxes, etc. The fundamental factor leading to the disparity between the rich and the poor in the past decades is not the pay gap, but the gap brought about by the growth of capital investment.	0	0	0	0	0	0	0	0	0	1	3.333333333333333
5570	Intelligence tests bring more harm than good	in favor of	Intelligence tests bring more harm than good because they undermine self esteem for children with lower scores than their classmates.	0	0	0	0	0	0	0	0	0	1	3.333333333333333
2968	We should ban cosmetic surgery	against	We should not ban cosmetic surgery as people should be allowed to do what they want with their bodies.	0	0	0	0	0	0	1	0	0	0	4.5
5342	The EU needs human security approach to ensure peace.	in favor of	We need a real EU commitment to Policy Coherence for Peace. On one hand, the EU is promoting peace & dignity and on the other hand, there are investments in hard security tools (defense industry programs).	0	0	0	0	0	0	0	0	0	1	3.333333333333333
3717	We should legalize sex selection	in favor of	people should be able to utilize new sciences as they please.	0	0	0	0	0	0	1	0	0	0	4.5
6812	The vow of celibacy should be abandoned	in favor of	the vow of celibacy should be abandoned because it is not natural.	0	0	0	0	0	0	1	0	0	1	3.333333333333333
3302	We should ban missionary work	in favor of	Missionary work isn't suitable to our times, and to be honest it was always patronizing and westernizing.	0	0	1	0	0	0	0	0	0	1	3.0
2376	We should abolish the three-strikes laws	against	criminals are bound to repeat themselves, and with increasing risk. the three strikes law would punish those criminals accordingly.	0	0	1	0	0	0	0	0	0	1	3.0
5154	The EU should adopt legislative measures aimed at increasing the percentage of women in the political sector	against	All wrong. Let everyone decide for himself (or herself). Forcing women into specific positions is bad ... and sexist I guess.	0	0	0	0	0	0	1	0	0	1	3.333333333333333
5181	The EU should recognize Taiwan as an independent sovereign state	in favor of	The EU should support democracies rather than dictatorships and value the support of democracy over economic gains. 	0	0	0	0	0	0	1	0	0	1	3.333333333333333
2660	We should prohibit school prayer	in favor of	schools are part of the state system. since we have a legal obligation to keep the separation of church and state we can't allow prayer in schools as this would violate that.	0	0	1	0	0	0	1	0	0	0	3.0
3451	We should ban whaling	in favor of	we should ban whaling because it is endangering some species and it is totally unnecessary to human existence.	0	0	0	0	0	0	0	0	0	1	3.333333333333333
3498	We should abolish zoos	in favor of	zoos are cruel and contain wild animals in such tiny spaces when they need to run free so zoos should be abolished.	0	0	0	0	0	0	0	0	0	1	3.333333333333333
2009	We should adopt a zero-tolerance policy in schools	in favor of	We should adopt a zero-tolerance policy in schools as children of school age are in a formative state and will learn good lessons for life including what is and isn't allowed in a good society.	0	0	1	0	0	0	0	0	0	0	3.0
7105	We should prohibit certain energy-intensive cryptocurrencies	in favor of	According to BBC: 'Bitcoin uses more electricity annually than the whole of Argentina'	0	0	0	0	0	0	0	0	0	1	3.333333333333333
6805	The use of public defenders should be mandatory	in favor of	the use of public defenders should be mandatory because nobody deserves preferential treatment.	0	0	0	0	0	0	0	0	0	1	3.333333333333333
4068	We should oppose collectivism	in favor of	collectvism is unfair to the world and is irrational	0	0	1	0	0	0	0	0	0	1	3.0
3180	We should ban whaling	in favor of	there is no benefit to whaling; it is bloody and barbaric.	0	0	0	0	0	0	0	0	0	1	3.333333333333333
4256	We should ban whaling	against	whaling is no different to any other kind of hunting which are not protested against.	0	0	0	0	0	0	0	0	0	1	3.333333333333333
5287	There should be centers of excellence in science and education	against	There has to be better funding for research, but it should not be administered top-down. Let researchers decide rather than politicians. Do not stifle research by bureaucracy. At the time being, with large consortia getting multi-million euro grants, the application process has become too complicated for most researchers. Rather invest in reproducible, transparent, open research. 	0	0	0	0	0	0	1	0	0	1	3.333333333333333
7309	We should protect our privacy in the Internet age.	in favor of	In the event of a cloud data loss or data breach, the data cannot be recovered.	0	0	0	0	0	0	0	0	0	1	3.333333333333333
6997	We should promote the use of nuclear energy instead of renewable energy sources	in favor of	There is no generation technology that comes with zero risks, and this is why we need to look at objective scientific indicators.	0	0	0	0	0	0	0	0	0	1	3.333333333333333
6871	Blockade of the Gaza Strip should be ended	in favor of	blockade of the gaza strip is morally wrong.	0	0	1	0	0	0	0	0	0	1	3.0
5117	People with disabilities should be more represented 	in favor of	According to the United Nations Convention on the rights of people with disabilities, the European Union “shall closely consult with and actively involve persons with disabilities” on political decisions that concern them. Meanwhile the “European Strategy for the Rights of Persons with Disabilities 2021-2030” hardly mentioned people with intellectual and neurological disabilities.  Now the Conference for the Future of Europe wants to be an inclusive citizen consultation but is still not making it a priority to include citizens with Trisomy 21, autism, or members of other neurodivergent communities. Ableism keeps getting perpetuated in the EU and it needs to stop.  We want more representation! We want people with Down Syndrome to be fully included in the European Union institutions!	0	0	1	0	0	0	0	0	0	1	3.0
