	Conclusion	Stance	Premise	Achievement	Benevolence	Conformity	Hedonism	Power	Security	Self-direction	Stimulation	Tradition	Universalism	Score
6490	Surrogacy should be banned	against	some people want families but cannot because of other issues not have children.  if surrogacy can give people a family with no harm done then why should a law even be considered.	0	1	0	0	0	0	1	0	0	1	3.0
832	We should abandon the use of school uniform	against	the use of school uniforms helps the poorest to attend classes without the problem of lack of clothing	0	0	0	0	0	1	0	0	0	1	3.333333333333333
785	We should adopt a multi-party system	in favor of	A multi-party system would bring in a lot more choice of representation for the people living in the country.	0	0	0	0	1	1	1	0	0	1	3.0
327	We should abolish zoos	in favor of	Zoos are too small and do not provide animals with the space and habitat that they are born to.	0	0	0	0	0	0	0	0	0	1	3.333333333333333
1943	We should limit executive compensation	against	studies have shown that companies that do not limit executive compensation do better and out perform those that do limit. this is better for individual companies and the economy.	1	0	0	0	1	0	0	0	0	1	3.333333333333333
5703	Foster care brings more harm than good	against	couples who cannot have children of their own, are able to love and care for a child	0	1	0	0	0	0	0	1	0	0	3.5
3493	We should subsidize space exploration	against	we shouldn't subsidize space exploration because it can be very costly	0	0	0	0	1	1	0	0	0	0	3.5
2176	We should limit executive compensation	against	without executive compensation talent will be lost to other countries	1	0	0	0	1	0	0	0	0	0	3.5
6748	Surrogacy should be banned	against	Surrogacy is a perfect solution for couples who went through hell trying to conceive with no success.	1	1	0	0	0	1	0	0	0	0	3.5
3414	We should legalize prostitution	in favor of	people have the right to use their bodies in any way they choose.	0	0	0	0	0	0	1	0	0	0	3.0
7092	We should stop hosting migrants from Muslim countries	in favor of	EU leaders continue their naive policy of hosting millions of migrants from Muslim countries without taking into consideration the inability to integrate into society even after many generations,  and the fact that the Muslim diaspora is controlled by their countries of origin, the most flagrant example is the interference of Turkey and its dictator Erdogan in the German elections calling the Turkish diaspora to boycott this election since none of the candidates please him. 	0	0	0	0	0	1	0	0	0	1	3.333333333333333
5043	The president of the European Commission should be elected by the people of the EU	against	In Germany, the President of the Executive is not elected by the people directly either. The reason for this is the horrible experience during the Third Reich. The Parliament - as the only constitutional institution being directly elected - has a stronger stand if the President is not elected directly. However I definitely support, that the Parliament becomes stronger and more influential. 	1	0	0	0	1	0	0	0	0	0	3.5
3985	We should abandon the use of school uniform	in favor of	Some school uniforms are sexist, requiring girls to wear skirts only.	0	0	0	0	0	0	0	0	0	1	3.333333333333333
1005	We should limit executive compensation	in favor of	ceo's should not get paid thousands of times more than their workers	0	0	0	0	1	1	0	0	0	1	3.333333333333333
1780	We should abolish zoos	against	zoos are great educational tools, and it is also a safe place to take care of endangered species.	1	0	0	0	0	0	1	0	0	1	3.0
103	We should ban human cloning	in favor of	human cloning should be banned because it allows designer humans to be grown according to the parents wishes.	0	0	0	0	0	0	0	0	0	1	3.333333333333333
7172	We should support Frontex.	in favor of	 The EU needs a robust Frontex Agency with the caveat that Frontex missions must report to the member states on whose territories they operate.	1	1	0	0	0	0	0	0	0	0	3.5
1630	We should ban telemarketing	against	telemarketing is a form of sales that has been around for years and without it many jobs would be lost.	1	1	0	0	0	1	0	0	0	0	3.5
4983	We don't need immigration from non-European or non-first-world countries. 	in favor of	The country of origin should absolutely be the most important criterion for deciding who we let into our countries. 160 Frenchman would still be alive if we put the welfare of our own above people whose countries the Americans have bombed to shreds.	0	0	0	0	0	1	1	0	0	1	3.0
1356	We should subsidize journalism	in favor of	every journalist should be able to report the news regardless of whether they have the monetary means to do so or not.	1	0	0	0	1	0	1	0	0	1	3.0
7035	Wind and solar energy resources do more harm than good	against	Where energy costs for consumers are high in combination with renewables, it's mostly due to political decisions and market set-up, not due to technical issues. Unfortunately, old-fashioned policies have made things very complicated. Wherever energy cooperations can play their part, things become much easier and more cost-effective. If big companies have to deliver it all alone, things become difficult, complicated, and costly, because their structures make it difficult to provide sophisticated setups for communities of small consumers.	1	0	0	0	0	1	1	0	0	1	3.0
358	We should ban telemarketing	against	telemarketing shouldn't be banned, this is a free country and people have the right to call others and solicit items.	0	0	0	0	0	1	1	0	0	0	3.0
5660	Foster care brings more harm than good	against	sometimes foster care is the safest option for a child. it is far better to remove a child who is being looked after by parents who cannot be trusted not to harm the child.	0	1	0	0	0	1	0	0	0	0	3.5
2017	We should oppose collectivism	against	In a collectivist society, everyone is considerate of each another and provides support to one another.	0	1	0	0	1	1	0	0	0	0	3.5
3610	We should fight for the abolition of nuclear weapons	in favor of	they are dangerous and give countries the power to wipe out each other.	0	1	0	0	0	1	0	0	0	1	3.333333333333333
7301	We should ban the trading of virtual currencies.	against	Every transaction of virtual currency generated in the blockchain technology Internet cannot be forged, and it will not be manipulated by individuals, so it has a good anti-counterfeiting feature.	0	0	0	0	1	0	0	0	0	1	3.333333333333333
7371	Carbon emissions trading should be limited.	in favor of	The national reduction of carbon emissions will pull the transformation of the entire national energy structure.	0	0	0	0	0	1	0	0	0	1	3.333333333333333
5975	Blockade of the Gaza Strip should be ended	in favor of	The blockade is a waste of political and economic capital which could be used for valuable reforms inside of Israel.	0	1	0	0	0	1	0	0	0	1	3.333333333333333
2635	We should introduce compulsory voting	against	it is not right to force people that do not want to participate in voting to do so.	0	0	0	0	0	0	1	0	0	0	3.0
1065	We should ban algorithmic trading	against	algorithmic trading merely enables better decisions in investments utilising technology and intelligence	1	1	0	0	1	0	0	0	0	1	3.333333333333333
4260	We should stop the development of autonomous cars	against	autonomous cars are a thing of the future	1	0	0	0	0	0	0	0	0	0	3.5
5851	Homeschooling should be banned	against	a parent knows best what is good for their kid	0	1	0	0	0	0	1	0	0	0	3.0
6718	Intelligence tests bring more harm than good	in favor of	there are many ways to express and assess intelligence  and that might not always be highlighted in standard IQ tests that focus more on the logical, spatial, and verbal portions of human intelligence	1	0	0	0	0	0	1	0	0	1	3.0
5872	The vow of celibacy should be abandoned	in favor of	I think it's unhealthy for a couple to not have sex until marriage.   It can create tension and cause some people to cheat and have sex with another person.	0	1	0	1	0	1	1	1	0	1	3.0
4490	We should legalize sex selection	in favor of	couples should be able to select the sex of their child since some may only want boys or may want girls.  they may also already have more then one child of a certain sex and want the other sex next time.	0	1	0	0	1	0	1	0	0	0	3.0
4799	Gas and nuclear power should be supported with money from European countries	against	Gas power plants produce CO2. Climate-damaging methane is released during extraction and transport, nuclear power plants produce radioactive waste - a legacy for future generations - not to mention the current danger of release, e.g. through attacks, geological events, or operational accidents due to human or technical errors. 	0	0	0	0	0	1	0	0	0	1	3.333333333333333
4587	We should strengthen laws to fight against terrorism	in favor of	To prevent the violation of human rights, four-stage scrutiny is added. Designating individuals as terrorists is not started by India. The US, European Union, and China also have this provision.	0	1	0	0	1	1	0	0	0	1	3.333333333333333
6298	We should abandon television	against	Television is the gateway for many to news and education as well as entertainment, it still provides a very valuable function.	1	0	0	1	0	0	1	1	0	0	3.0
7372	Carbon emissions trading should be limited.	against	Setting tough standards on carbon emissions can suppress industrial upgrading in developing countries and prevent them from challenging the monopoly advantage of EU countries in high-end industries.	1	0	0	0	1	0	0	0	0	0	3.5
1160	We should ban cosmetic surgery	against	if people believe that they will be happier after cosmetic surgery, they should not be prevented from seeking that happiness	0	0	0	1	0	1	1	1	0	1	3.0
6685	The use of public defenders should be mandatory	in favor of	to protect those who do not understand the law the use of public defenders should be mandatory.	0	1	0	0	0	0	0	0	0	1	3.333333333333333
2572	We should subsidize journalism	in favor of	Journalism is a vital source of real information and news to make sure people are properly informed about the world so subsidizing it would help ensure that it continues without bias.	1	1	0	0	0	0	1	0	0	1	3.0
6613	Intelligence tests bring more harm than good	against	the intelligence tests help to know more about the children's abilities so we can draw better educational strategies for each type of need	1	1	0	0	0	0	0	0	0	1	3.333333333333333
6879	Blockade of the Gaza Strip should be ended	in favor of	the blockade of the gaza strip has gone on way too long and should be ended, this is not the united states fight.	0	1	0	0	1	1	0	0	0	1	3.333333333333333
5559	Foster care brings more harm than good	in favor of	Foster children do not always get proper medical care. Foster kids are covered medically under Medicaid but each year, fewer and fewer healthcare providers accept Medicaid.	0	0	0	0	0	1	0	0	0	0	3.5
3083	We should fight for the abolition of nuclear weapons	against	If any one state were to abolish nuclear weapons, it would immediately become vulnerable to another nuclear power, thus the government should not abolish nuclear weapons in order to fulfill its duty to protect its people.	0	0	0	0	0	1	0	0	0	1	3.333333333333333
389	We should legalize cannabis	against	cannabis has never been scientifically proven to help any conditions.	0	0	0	0	0	0	0	0	0	1	3.333333333333333
6048	Blockade of the Gaza Strip should be ended	against	israel is threatened by terrorists operating in the gaza strip, the blockade is necessary to starve these forces of funds.	0	0	0	0	1	1	0	0	0	1	3.333333333333333
5104	The EU needs a European research center	in favor of	I think the problem in the EU is the incompetence to establish inventions in the market. There are lots of inventions that are made and funded by public EU research facilities brought into the market by small startups. In the end, they are picked like ripe fruits by the US or Chinese companies where the big money is made.	1	0	0	0	1	0	0	0	0	1	3.333333333333333
2646	We should ban cosmetic surgery	in favor of	we should ban cosmetic surgery because the patients might get cancer when it is done over and over again	0	1	0	0	0	1	0	0	0	0	3.5
7041	We should promote the use of nuclear energy	against	Nuclear energy simply is too expensive and hence economically not viable.	0	0	0	0	1	1	0	0	0	0	3.5
5159	People with disabilities should be more represented 	in favor of	The United States is investing an average of more or less 25 million euros per year on health care research for people with Trisomy 21 while the European Union is lagging far behind with only 3 million per year. This huge difference is proof of the lack of political commitment in the European Union and shows how little the EU prioritizes health care and future health care for people with Trisomy 21. 	0	1	0	0	0	1	0	0	0	1	3.333333333333333
44	We should abolish capital punishment	in favor of	capital punishment has been proven ineffective in reducing crime rates.	0	0	0	0	0	0	0	0	0	1	3.333333333333333
4707	India should accept Rohingya refugees	in favor of	Letting the Rohingya go back to the place where they do not get recognition means more loss of human lives, and to a greater extent. The population of the Rohingya is 1.1 million, and if the violence and torture continues on them, then there will be no person left in the community.	0	1	0	0	0	1	0	0	0	1	3.333333333333333
4751	WikiLeaks is not a bane	against	Leakage of sensitive government information.	0	1	0	0	0	1	1	0	0	0	3.0
439	We should abolish zoos	in favor of	zoos force animals into an existence outside of their natural habitat for our viewing pleasure.  it is not right to subject them to such an environment.	0	0	0	0	0	0	0	0	0	1	3.333333333333333
7153	We should stop the European Commission’s Ideological bias toward migration.	in favor of	The European Commission’sportrays migration as an opportunity only, a Fatality that cannot be stopped, and the only solution against aging.	0	1	0	0	0	0	1	0	0	1	3.0
29	We should introduce compulsory voting	in favor of	where compulsory voting exists, in countries like australia, participation rates are the highest in the world. this inevitably leads to more truly representative democracy.	0	0	0	0	0	1	0	0	0	0	3.5
4706	India should accept Rohingya refugees	in favor of	Rohingyas have their own set of ethnicity and culture. By accepting them, we will just be adding more culture to the already-vast culture of India.	0	0	0	0	1	1	0	0	0	1	3.333333333333333
972	We should ban algorithmic trading	against	this helps traders make more informed decisions	1	0	0	0	0	0	0	0	0	1	3.333333333333333
6919	Referendums are good for the society	in favor of	Referendums force governments to do what the people actually want.	1	0	0	0	1	0	1	0	0	0	3.0
4365	We should abolish intellectual property rights	against	if a company created something, we shouldn't just let everybody else copy them	0	0	0	0	0	0	1	0	0	1	3.0
1288	We should ban cosmetic surgery for minors	against	minors should be able to make decisions to have cosmetic surgery if it will help their self-confidence.	1	1	0	0	0	1	1	0	0	0	3.0
1170	We should abolish intellectual property rights	in favor of	ip rights should be abolished as their original use has long since been abandoned in favor of large organisations abusing their legal powers with them.	0	0	0	0	0	1	1	0	0	1	3.0
2878	We should ban algorithmic trading	in favor of	algorithmic trading is unfair because traders with faster computers and better connections to the market will have an advantage over others.	1	0	0	0	1	0	0	0	0	1	3.333333333333333
5351	We need legal ways of migration.	against	Migrants willingly risk their lives.	1	1	0	0	0	0	0	1	0	0	3.5
4536	We should adopt an austerity regime	against	we should not adopt an austerity regime because it will affect the general populations tremendously, severe recession and many other problems	0	0	0	0	1	1	0	0	0	0	3.5
5706	Social media brings more harm than good	against	social media has brought a democratization of media to all those who are able to access it, allowing rapid discemination of news and protest groups to further their causes.	1	0	0	0	1	1	1	0	0	1	3.0
5530	Entrapment should be legalized	in favor of	when a person is entrapped, it is because they pose a danger to the community hence the need for it.	0	0	0	0	0	1	0	0	0	0	3.5
5715	Intelligence tests bring more harm than good	against	intelligence tests can help specify a persons abilities allowing them to develop their skill and knowledge of a specific capability.	1	1	0	0	0	0	1	0	0	1	3.0
342	We should adopt an austerity regime	in favor of	austerity regimes provide an avenue for the government to balance up financial deficits and save the country from economic collapse	0	0	0	0	1	1	0	0	0	0	3.5
5507	Intelligence tests bring more harm than good	against	intelligence tests are there to recognize kids who are smarter and to be given proper chance.	1	0	0	0	0	0	1	0	0	1	3.0
6146	Foster care brings more harm than good	in favor of	children generally do better when kept in their family home with apropriate help and support rather being placed in foster care	0	1	0	0	0	1	0	0	0	0	3.5
5614	Homeschooling should be banned	in favor of	homeschooling can put children at a disadvantage if their parents are not intelligent enough to provide a good education.	1	0	0	0	0	0	0	0	0	1	3.333333333333333
1592	We should ban human cloning	against	human cloning is vital for medical science as it might be able to identify treatments and cures for diseases	0	0	0	0	0	1	0	0	0	1	3.333333333333333
6517	Intelligence tests bring more harm than good	against	intelligence tests provide valuable information about areas of weakness, meaning that the child can benefit from a specially formulated education plan.	1	1	0	0	0	0	0	0	0	0	3.5
2019	We should abolish zoos	against	Breeding programs in zoos are saving many animals from extinction. Without these programs in zoos we would be losing losing many more species from the world.	0	1	0	0	0	0	0	0	0	1	3.333333333333333
3773	We should legalize sex selection	in favor of	for those who have a genetic disorder linked to the sex of the child preventing the birth of a child with a serious illness and to prevent abuse and neglect of or treatment of a child of the unwanted gender.	0	0	0	0	0	1	1	0	0	1	3.0
2758	We should ban fast food	against	in moderation, fast food can be a treat or convenient meal for busy people.  we should allow people to enjoy it.	0	0	0	1	0	1	1	0	0	0	3.0
1603	We should cancel pride parades	against	it sends a valuable message to the lgbt community that they are free and able to celebrate their lives	0	1	0	1	0	1	1	0	0	1	3.0
2963	We should ban human cloning	against	we should allow science to further their research even if it includes human cloning.	1	0	0	0	0	0	1	1	0	1	3.0
3562	We should oppose collectivism	against	collectivism allows for the group mentality and act to provide a better quality of life equal for the people in a collective government.	0	1	0	0	0	1	0	0	0	1	3.333333333333333
1442	We should abolish the Olympic Games	against	we shouldn't get rid of the olympics because it unites countries and gives everyone something in common.	0	0	0	0	0	1	0	0	0	1	3.333333333333333
6001	The use of public defenders should be mandatory	against	if someone wants to defend themselves that is their right	0	0	0	0	0	0	1	0	0	1	3.0
649	We should stop the development of autonomous cars	in favor of	stop the development of autonomous cars because it can cause accidents due to the laws in different countries being different	0	0	0	0	0	0	0	0	0	1	3.333333333333333
787	We should abandon the use of school uniform	in favor of	school uniformlimits a childs ability to express themselves, experiment and develop as a person	1	0	0	0	0	0	1	0	0	1	3.0
2272	We should subsidize space exploration	in favor of	we should subsidize space exploration because we're running out of resources on earth. space is filled with infinite resources. if we're not first, other countries will benefit while we're left behind.	1	0	0	0	0	1	1	0	0	1	3.0
707	We should subsidize Wikipedia	against	it may effect its impartiality, governments  may use their funding to influence editors.	0	0	0	0	0	1	1	0	0	1	3.0
3050	We should ban the use of child actors	against	many child actors go on to being adult actors without any problems.  if anything, perhaps more screening of children before allowing them to go into the profession.	1	1	0	0	0	1	0	0	0	0	3.5
1298	We should subsidize Wikipedia	in favor of	subsidising wikipedia would give it the funds needed to continue this valuable informative tool without needing to beg for funds.	1	1	0	0	0	0	1	0	0	1	3.0
677	We should abolish zoos	against	zoos are a great way teach people about animals and how important they are	0	0	0	0	0	0	1	0	0	1	3.0
4203	We should introduce compulsory voting	against	the penalties on not voting would bring backlash from the society	0	0	0	0	0	1	1	0	0	0	3.0
7148	We should strengthen Frontex and control immigration.	in favor of	Frontex must be given powers and resources to shut down the migratory routes entirely.	1	0	0	0	1	1	0	0	0	0	3.5
2053	We should adopt an austerity regime	against	the poor and less fortunate will always be hurt unfairly by austerity measures	0	0	0	0	0	1	0	0	0	1	3.333333333333333
6982	Military training should be made compulsory for all in India	in favor of	Compulsory military training can also make people stronger physically &amp; emotionally.	0	0	0	0	0	1	0	0	0	0	3.5
5989	Entrapment should be legalized	against	it offers someone who hasn't decided to commit a crime an opportunity to commit one	1	0	0	0	0	1	0	0	0	1	3.333333333333333
83	We should oppose collectivism	in favor of	collectivism prevents original thoughts and discourages people from looking for their own ideas	1	0	0	0	0	0	1	0	0	0	3.0
1147	We should limit executive compensation	in favor of	executive compensation has hit astronomical levels, widening the pay gap between worker and executive, this has the potential to lead to disharmony and possible conflict.	0	1	0	0	0	1	0	0	0	1	3.333333333333333
2047	We should subsidize student loans	in favor of	it is important that student loans are granted, because it helps you increase your quality of life and your economic potential	1	1	0	0	1	1	0	0	0	0	3.5
854	We should adopt libertarianism	in favor of	lower taxes and more freedom from big government would be the result if we adopted libertarianism.	1	0	0	0	1	1	1	0	0	0	3.0
3779	We should end the use of economic sanctions	in favor of	bad actors can circumvent economic sanctions, meaning the people who suffer the most would be average, law-abiding citizens.	1	1	0	0	0	0	0	0	0	1	3.333333333333333
3428	We should subsidize Wikipedia	against	we should not subsidize wikipedia because the information contained in it is not validated. if published information is going to be subsidized then it should be from accredited sources.	1	0	0	0	1	0	0	0	0	0	3.5
3292	We should ban telemarketing	against	telemarking is keeping jobs available for some	1	1	0	0	1	1	1	0	0	0	3.0
4906	The European Union should implement a EU wide carbon tax	in favor of	Yes, but the tax should be progressive per capita. This will ensure that we tax mostly overuse of resources and avoid increasing wealth inequality of the poor.	0	0	0	0	1	1	0	0	0	1	3.333333333333333
4832	Equal pay for equal work should apply as a principle in the country in which you work, regardless of where you come from	in favor of	Protection of the rights of those who actually produce the services and products that constitutes the European market is nothing but self-evident. With a more and more integrated EU, ignoring those rights will create fragmentation and conflicts.	0	0	0	0	0	0	0	0	0	1	3.333333333333333
3222	We should subsidize journalism	against	we don't subsidize other fields so why should we subsidize journalism	0	0	0	0	0	0	0	0	0	1	3.333333333333333
5337	Serbia should join the EU.	in favor of	The EU should continue its enlargement to the Western Balkans to further its own interests, and to bring stability and prosperity to the region. Serbia should have joined long ago. 	0	0	0	0	1	1	0	0	0	0	3.5
4946	Asylum seekers should only be able to file asylum applications from their home or neighboring country.	in favor of	If asylum applications are filed from abroad the security risks for asylum seekers are greatly reduced.	0	0	0	0	0	1	0	0	0	1	3.333333333333333
2353	We should introduce compulsory voting	against	people being forced to vote when they don't wish to will distort the results with unresearched and made-up candidates that they begrudgingly vote for.	0	1	0	0	0	1	1	0	0	0	3.0
2090	We should ban human cloning	against	human cloning can ensure that certain strengths of a human trait is continued therefore human cloning should be allowed to be accomplished.	1	0	0	0	0	1	1	0	0	1	3.0
593	We should legalize prostitution	in favor of	legalizing prostitution could allow for regulations that make prostitutes and the people that use their services safer and healthier.	0	0	0	0	0	1	0	0	0	0	3.5
3013	We should ban whaling	against	There is still a vast amount of scientific knowledge that can be acquired from whaling.	1	0	0	0	0	0	1	0	0	1	3.0
6623	Homeopathy brings more harm than good	in favor of	homeopathy doesn't have the same scientific backing as traditional medicine	1	0	0	0	1	0	0	0	0	1	3.333333333333333
6072	Intelligence tests bring more harm than good	in favor of	intelligence tests seek to rank people based on an arbitrary test.  it hurts the self esteem of people that probably have proficiency in a different type of intelligence that the test tests.	1	0	0	0	0	0	1	0	0	1	3.0
3116	We should ban algorithmic trading	against	algorithmic trading enables trades to be made without spikes of emotion or rage on the part of the trader, therefore it can only be seen as positive.	1	0	0	0	1	0	0	0	0	0	3.5
108	We should subsidize journalism	against	We should not subsidize journalism because there is already sufficient coverage of major issues from different viewpoints without government action.	0	0	0	0	0	1	1	0	0	0	3.0
920	We should oppose collectivism	in favor of	collectivism takes the focus off the individual as well as the ways in which each of us is unique. supporting collectivism means wanting the individual to remain subordinate to society.	0	0	0	0	1	0	1	0	0	1	3.0
6350	The use of public defenders should be mandatory	against	people should be allowed to look for the best lawyer that they can afford to help them with their defense.	0	0	0	0	0	0	1	0	0	1	3.0
3837	We should subsidize space exploration	against	we just don't have enough excess funds yo support this type of exploration.	0	0	0	0	0	1	0	0	0	0	3.5
3452	We should ban factory farming	in favor of	factory farming is cruel to the animals involved, it's also been shown to negatively affect the health of farm workers, with stories of tuberculous spreading from animal to human.	0	0	0	0	0	1	0	0	0	1	3.333333333333333
4668	Companies should fight moonlighting	against	As per a study published by the Academy of Management Journal in 2021, moonlighting can provide a sense of control and motivation, which can improve the productivity of employees.	1	0	0	0	1	0	1	0	0	0	3.0
6935	We should abolish the National Register of Citizens (NRC)	in favor of	The NRC body and the Foreign Tribunals in Assam are functioning behind the curtains and its functioning is clearly signaling toward the ruling party’s agenda of getting rid of Minorities. Earlier retired judges were carefully selected for Foreign Tribunals but now any lawyer who is above 50 on 25 April 2015 and has 10 years of experience can volunteer for FT and gets a seat. Various online sources have reported that the FT is full of people sharing the ruling party’s ideology and are asked to perform well.	0	0	0	0	0	0	0	0	0	1	3.333333333333333
6695	Entrapment should be legalized	against	entrapment can end with the wrong person arrested	0	0	0	0	0	0	0	0	0	1	3.333333333333333
2337	We should abolish the three-strikes laws	in favor of	we should get rid of the three-strikes law since it hasn't shown to be effective in deterring crime.	1	0	0	0	0	0	0	0	0	1	3.333333333333333
6547	The use of public defenders should be mandatory	in favor of	the mandatory use of public defenders guarantees equality in the defense and the accusing party because the economic weight does not intervene	0	0	0	0	0	0	0	0	0	1	3.333333333333333
7345	We should crack down on unreasonably high incomes.	against	If the key to an individual's standard of living does not lie in income, then it is useless to simply regulate income.	0	0	0	0	0	1	0	0	0	1	3.333333333333333
6290	Homeschooling should be banned	against	Homeschooling should not be banned as it is the only option for some children with complex medical or mental health needs.	0	0	0	0	0	1	1	0	0	1	3.0
4175	We should adopt a multi-party system	in favor of	a multi-party system would bring more choices for people to speak up and vote.	1	0	0	0	1	0	1	0	0	0	3.0
136	We should cancel pride parades	against	pride parades allow people to make connections and widen their social circles.	0	0	0	0	1	1	0	0	0	1	3.333333333333333
3956	We should ban factory farming	against	we should not ban factory farming as it is the most efficient method of farming to produce enough food for the population.	1	1	0	0	0	1	0	0	0	0	3.5
2063	We should limit executive compensation	in favor of	we should limit executive compensation because this would help support all of the workers in a company.	0	0	0	0	0	1	0	0	0	1	3.333333333333333
1721	We should introduce compulsory voting	in favor of	compulsory voting would increase voter turnout	1	1	0	0	0	1	0	0	0	1	3.333333333333333
6511	Surrogacy should be banned	against	Surrogacy often enables one or both intended parents to have a genetic connection to their child.	0	1	0	0	0	1	0	0	0	1	3.333333333333333
3664	We should end mandatory retirement	in favor of	The cost of training new employees can be incredibly high, and policies of mandatory retirement force businesses to waste their fungible resources rather than keeping competent older individuals employed.	1	0	0	0	1	0	0	0	0	0	3.5
11	We should end the use of economic sanctions	against	economic sanctions provide a non-military sanction to use against countries.	0	0	0	0	1	0	0	0	0	1	3.333333333333333
3424	We should legalize prostitution	in favor of	the legalization of prostitution would allow the people involved to be much safer since they would be able to rely on the protection of the police	0	0	0	0	0	1	0	0	0	0	3.5
2517	We should stop the development of autonomous cars	in favor of	these cars are too unpredictable and unsafe	0	1	0	0	1	1	0	0	0	1	3.333333333333333
3609	We should limit judicial activism	against	judicial activism can be beneficial in some cases.	0	1	0	0	0	1	1	0	0	1	3.0
4739	US-Mexico border wall is a good thing	against	US treaties with Mexico won't let them build anything on the Rio Grande River and the areas around it. Furthermore, most of the areas along the border in Texas are privately owned which leaves a large part of the border uncovered. So, building the wall is not going to bring any change.	1	0	0	0	0	0	0	0	0	1	3.333333333333333
2585	We should ban missionary work	in favor of	we should ban missionary work as it could be dangerous	0	1	0	0	0	1	0	0	0	0	3.5
2240	We should subsidize Wikipedia	in favor of	it needs money and is used by many people.	1	1	0	0	1	0	1	0	0	1	3.0
1195	We should oppose collectivism	in favor of	collectivism leads to a stagnant culture where new ideas are never formed and expressed	1	0	0	0	0	0	1	0	0	0	3.0
4178	We should abolish intellectual property rights	in favor of	intellectual property rights prevent the free flow of information and innovation, and should be abolished.	0	0	0	0	0	0	1	0	0	0	3.0
601	We should abolish intellectual property rights	in favor of	since intellectual property is such covers such a broad spectrum, it is difficult to prove that rights have been infringed leading to lengthy legal cases and should, therefore be abolished.	0	0	0	0	0	0	0	0	0	1	3.333333333333333
7275	We should abolish the 996 overtime system	in favor of	China's 996 overtime system is very inefficient in enhancing your ability to make money. If you rely on 996 to make money, you are essentially making money by working hard, selling your body.	1	0	0	0	1	1	0	0	0	0	3.5
2470	We should adopt an austerity regime	in favor of	as a last ditch effort the government should be allowed to cut programs and spending to stabilize the economy to prevent failing.	1	0	0	0	1	1	0	0	0	0	3.5
1986	We should abolish capital punishment	in favor of	Crimes that get the death penalty are rarely premeditated, which means capital punishment doesn't function as a deterant.	0	0	0	0	1	1	0	0	0	1	3.333333333333333
3864	We should stop the development of autonomous cars	in favor of	autonomous cars have not been proven to be safe.	1	0	0	0	0	1	0	0	0	0	3.5
259	We should stop the development of autonomous cars	against	autonomous cars can make trips more relaxing and help the traveler arrive refreshed and happy.  it can also eliminate road rage.	0	1	0	1	0	1	0	1	0	0	3.5
2445	We should limit judicial activism	against	sometimes politics becomes so corrupt and untenable, that the only way to make change in the country is through judicial activism.	0	0	0	0	1	0	1	0	0	1	3.0
3170	We should adopt libertarianism	against	we should not adopt libertarianism because that would be forcing a way of life on people that don't want it	0	0	0	0	0	0	1	1	0	0	3.0
3061	We should abolish the Olympic Games	against	the olympics is an important international competition that represents peaceful cooperation and brings together the world in friendly competitive sports when the most capable are rewarded for their efforts.	1	0	0	0	0	1	0	0	0	1	3.333333333333333
5742	Homeopathy brings more harm than good	against	homeopathy provides natural cures for diseases.	0	0	0	0	0	1	0	0	0	1	3.333333333333333
219	We should legalize cannabis	in favor of	as a non-addictive natural substance that is less harmful than currently legal ones such as tobacco and alcohol, it seems that cannabis is still illegal simply due to old prejudices.	0	0	0	1	0	0	1	1	0	0	3.0
4625	We should adapt the viable pay incentive scheme	in favor of	Variable pay definitely increases the productivity of employees. High-performing individuals feel well-compensated and rewarded for their efforts, while the under-performing ones also feel motivated to improve.	1	0	0	0	1	1	1	0	0	0	3.0
5892	Homeschooling should be banned	against	homeschooling should not be banned because there is a lot of crime in the schools and if the parents want to teach their children they should have the right to	1	1	0	0	0	1	1	0	0	0	3.0
4317	We should ban the Church of Scientology	in favor of	the church of scientology promotes dangerous pseudoscience based on a science fiction book.  it has no redeeming value, and should be banned.	0	1	0	0	0	0	1	0	0	1	3.0
6394	The use of public defenders should be mandatory	against	public defenders already have an overwhelming work load, making their use mandatory will cripple the criminal justice system.	1	0	0	0	0	1	0	0	0	1	3.333333333333333
7027	We should invest in sustainable alternative fuels for aviation	against	biofuel is much nonsense as would require huge areas and resources to be produced.	0	0	0	0	0	1	0	0	0	1	3.333333333333333
38	We should ban fast food	in favor of	fast food is bad for our health and we really should ban any of it	0	0	0	0	0	1	0	0	0	0	3.5
5519	Assisted suicide should be a criminal offence	against	people should be allowed to die with dignity if they choose to.	1	0	0	0	0	0	1	0	0	0	3.0
6927	Nuclear disarmament is necessary	in favor of	Experts have been discussing that the two major threats in front of us are Climate Change and Nuclear Weapons. And they have been urging for complete disarmament. To some extent they are right. When a nuclear bomb will explode the surface will become hotter than the sun and apart from the mass destruction and deaths, the generations of people and animals who survive will perish for many decades. Reports say that almost 2000 nuclear weapons are kept on high alert throughout the year. Any misunderstanding or miscommunication can lead to a disaster, and with the impulsive leadership we are seeing around the world possibilities are higher than before. The Bulletin of the Atomic Scientists advanced the symbolic Doomsday Clock by 30 seconds in February, which indicates how world leaders are failing in maintaining peace.	0	0	0	0	0	1	0	0	0	1	3.333333333333333
6809	The vow of celibacy should be abandoned	in favor of	celibacy is an outdated proactive the vow should be abandoned	0	0	0	0	0	0	1	0	0	1	3.0
5564	Foster care brings more harm than good	against	foster care provides temporary shelter for children who would otherwise be on the streets.	0	1	0	0	0	1	0	0	0	0	3.5
2859	We should ban telemarketing	in favor of	telemarketing is an annoyance and unnecessary approach	0	1	0	0	0	1	0	0	0	0	3.5
2085	We should fight for the abolition of nuclear weapons	against	Nuclear weapons prevent conflicts from dragging onward because once they are used involved countries lose the motivation to continue fighting (re: Hiroshima and Nagasaki).	0	0	0	0	1	1	0	0	0	1	3.333333333333333
5390	Foster care brings more harm than good	in favor of	the fact that almost half of those who have gone to foster homes have been returned eventually to their birthparents, it can be a painful experience for them	0	0	0	0	0	1	0	0	0	1	3.333333333333333
7169	We should not have any immigration from non-European or non first-world countries 	in favor of	Saying no to any migration is just stupid and irrealistic.	1	0	0	0	0	0	1	1	0	1	3.0
2560	We should ban the Church of Scientology	in favor of	the church of scientology indoctrinates people from an early age in a way that has lasting repercussions.	0	0	0	0	0	1	1	0	0	1	3.0
5899	Surrogacy should be banned	against	surrogacy is a way to bring the happiness of parenthood to a couple who would otherwise not have been able to enjoy it	0	1	0	0	0	1	1	0	0	0	3.0
2218	We should ban targeted killing	against	targeted killing shouldnt be banned if its used in the right context as in the case of terrorists who might be killing innocent people	0	0	0	0	1	1	0	0	0	1	3.333333333333333
1491	We should adopt atheism	in favor of	atheism would be good for our country, less conflicts	0	0	0	0	0	1	1	0	0	1	3.0
1099	We should abolish intellectual property rights	against	we should  not abolish intellectual property rights because people should get credit for their work.	1	1	0	0	1	0	1	0	0	1	3.0
982	We should introduce compulsory voting	in favor of	compulsory voting will lead to a far more representative system of parliament because everyone's vote will be taken into consideration.	0	0	0	0	1	1	0	0	0	1	3.333333333333333
210	We should abolish safe spaces	in favor of	safe spaces are for people who don't like to talk about the issues in a civilized manner	0	0	0	0	0	0	0	0	0	1	3.333333333333333
6776	Holocaust denial should be a criminal offence	in favor of	holocaust deniers are misrepresenting proven history in an effort to mislead the public and perpetuate negative stereotypes about oppressed people. this does great societal damage and should be prosecuted.	0	1	0	0	0	1	1	0	0	1	3.0
4239	We should ban cosmetic surgery	in favor of	cosmetic surgery encourages people to change things that don't need changing.	0	0	0	0	0	1	0	0	0	0	3.5
5987	Entrapment should be legalized	against	entrapment just encourages criminal activity that may not have otherwise have occurred	0	0	0	0	0	1	0	0	0	1	3.333333333333333
2616	We should subsidize embryonic stem cell research	in favor of	it can help cure diseases & the research looks promising	1	1	0	0	0	1	0	0	0	1	3.333333333333333
4140	We should ban missionary work	in favor of	Missionaries expose indigenous people to deadly diseases.	0	0	0	0	0	1	0	0	0	1	3.333333333333333
2559	We should subsidize Wikipedia	against	wikipedia makes enough money on it's own	0	0	0	0	0	1	1	0	0	1	3.0
1498	We should subsidize journalism	against	the subsidies could be used on other primary production methods which are very much likely to help boost the economy	1	1	0	0	1	0	0	0	0	0	3.5
1168	We should oppose collectivism	against	collectivism aims to work toward what is good for all rather than a single person or group, this means a better society for everyone	0	0	0	0	0	1	0	0	0	1	3.333333333333333
6261	Assisted suicide should be a criminal offence	in favor of	assisted suicide is too risky as someone may not be in the right frame of mind to decide if they really want to die. if you get it wrong then it could end up being murder.	0	1	0	0	0	0	0	0	0	1	3.333333333333333
2671	We should ban targeted killing	against	targeted killing streamlines combat operations in order to only inflict the casualties necessary.	1	0	0	0	0	1	0	0	0	1	3.333333333333333
1503	We should ban factory farming	against	factory farming is the only way to meet the high demand for meat.	1	1	0	0	1	1	1	0	0	1	3.0
6536	Surrogacy should be banned	against	surrogacy can allow a women the opportunity to be a mother when there may have been no other hope.	0	1	0	0	0	0	1	0	0	1	3.0
2002	We should ban targeted killing	against	targeted killings could allow governments to take out high-profile targets before they can cause mass destruction.	0	0	0	0	0	1	0	0	0	0	3.5
3382	We should ban algorithmic trading	against	algorithmic trading makes getting orders out faster	1	0	0	0	0	0	0	0	0	0	3.5
3823	We should abolish safe spaces	against	in this world of bullying and political devisivness, people need places to go feel safe	0	0	0	0	0	1	0	0	0	0	3.5
939	We should adopt a multi-party system	against	introducing a multi-party system would be detrimental to stability and consistency of our political system	0	0	0	0	0	1	0	0	0	0	3.5
6913	We should promote Zero Budget Natural Farming all over India	against	In the 1960s, the Green revolution increased food grain production with the aim of achieving food security and preventing famines. At present India’s population is increasing. So we need an abundant food supply. This may not be possible if we completely switch to natural farming.	1	1	0	0	0	1	0	0	0	1	3.333333333333333
241	We should adopt an austerity regime	against	we should not adopt an austerity regime because people would end up with less money to pay the same amount of bills with.	0	0	0	0	1	1	1	0	0	0	3.0
4110	We should adopt an austerity regime	in favor of	austerity regime can help cities restructure	1	1	0	0	0	1	0	0	0	0	3.5
1872	We should ban fast food	in favor of	fast food has brought so much health damage to our society that control of this type of food is necessary	1	1	0	0	0	1	0	0	0	0	3.5
5762	Homeopathy brings more harm than good	against	homeopathy is an affordable way to treat yourself.	0	0	0	0	1	1	1	0	0	1	3.0
3136	We should adopt an austerity regime	in favor of	an austerity regime would stabilize our government	0	0	0	0	1	1	0	0	0	0	3.5
4444	We should introduce compulsory voting	in favor of	mandatory voting is the best way to ensure that elected officials truly reflect the will of the people.	0	1	0	0	1	0	0	0	0	1	3.333333333333333
2839	We should abandon the use of school uniform	in favor of	everybody is different & many people like to express themselves using clothes, by wearing the same uniform as others it doesn't allow a person their own individuality	0	0	0	0	0	0	1	0	0	1	3.0
6542	We should subsidize vocational education	against	we should not subsidize vocational education, the same way we should not subsidize college. if people want higher education, they should pay for it themselves.	1	1	0	0	1	1	1	0	0	1	3.0
2111	We should ban factory farming	in favor of	factory farming treats live animals as a disposable item	0	0	0	0	0	0	0	0	0	1	3.333333333333333
1208	We should ban human cloning	in favor of	human cloning could in the future be a big problem for humanity by creating a natural imbalance	0	0	0	0	0	1	0	0	0	1	3.333333333333333
3312	We should adopt an austerity regime	against	those in the low classes of the united states can not afford more taxes which would be the result of a austerity regime.	0	0	0	0	0	1	0	0	0	1	3.333333333333333
6124	Homeschooling should be banned	in favor of	home-schooled children aren't socialized properly and may have difficulty adapting to the general populace	0	0	0	0	0	1	0	0	0	0	3.5
1505	We should legalize organ trade	in favor of	legalizing the organ trade will help to save the lives of large numbers of people that current don't have access to organs they need to stay alive	1	1	0	0	0	1	0	0	0	1	3.333333333333333
4047	We should ban the use of child actors	in favor of	child actors are often merely puppets controlled by exploitative parents, and being thrust into the limelight at a young age often leads to maladjustment and emotional issues later.	0	1	0	0	0	1	0	0	0	1	3.333333333333333
3040	We should ban fast food	in favor of	fast food is quickly leading to child obesity and an unhealthy generation.	0	0	0	0	0	1	0	0	0	0	3.5
6857	Holocaust denial should be a criminal offence	against	free thinking for all should never be a crime.	0	0	0	0	0	0	1	0	0	0	3.0
1050	We should abandon the use of school uniform	in favor of	uniform policies detract from more effective efforts to reduce problems in education	1	1	0	0	0	0	1	0	0	1	3.0
1094	We should abolish zoos	in favor of	zoos are cruel to the animals kept in cages and should be abolished.	0	0	0	0	0	0	0	0	0	1	3.333333333333333
941	We should limit executive compensation	in favor of	Executive compensation should be limited to ensure the top staff is not taking all of the rewards for companies that are supported by thousands of workers. All employees contribute to the success of a company.	1	0	0	0	1	0	0	0	0	1	3.333333333333333
6491	Payday loans should be banned	in favor of	Payday loans have incredibly abusive interests rates, sometimes in the triple digits, which are unfair to those that are in desperate need of financial assistance.	0	1	0	0	1	1	0	0	0	1	3.333333333333333
3410	We should ban telemarketing	against	telemarketing is a cost-effective way of helping businesses reach an audience.	1	1	0	0	1	1	1	0	0	0	3.0
285	We should abolish the right to keep and bear arms	against	people have a right to be able to defend themselves  and their loved ones	0	1	0	0	1	1	1	0	0	0	3.0
2048	We should subsidize student loans	in favor of	the cost of an education is unaffordable for those who might most benefit from it	0	1	0	0	0	1	0	0	0	1	3.333333333333333
5308	We need a stand-alone European army.	in favor of	A European army is not only needed to attack and defend but to give weight to European words. 	0	0	0	0	1	1	0	0	0	0	3.5
523	We should legalize prostitution	in favor of	We should legalize prostitution since it should be out in the open. controlled and supervised- instead of hidden. this is most efficient way to improve sex workers conditions and pave their way to independence.	0	0	0	0	0	1	1	0	0	0	3.0
4296	We should adopt atheism	against	you can not force a religion or lack there of on someone	0	0	0	0	0	0	1	0	0	1	3.0
1248	We should end the use of economic sanctions	against	we should not end the use of economic sanctions because they help the nations with exports and imports of goods	0	1	0	0	1	1	0	0	0	0	3.5
4466	We should abolish intellectual property rights	against	for multiple reasons the right of intellectual property should not be abolished since it gives others the participation of making their intellect known and putting it into practice in various activities	1	0	0	0	0	0	1	1	0	0	3.0
5050	The EU should synchronize national elections 	in favor of	National elections synchronization would finally make it possible to strengthen the effectiveness of the Council of the EU, by eliminating the blockages caused by the constant renewal of Ministers, which considerably slows down decision-making.  	1	0	0	0	0	0	0	0	0	0	3.5
3278	We should legalize cannabis	in favor of	alcohol and tobacco cause way more damage to society than cannabis does, yet they are still legal.	0	1	0	0	0	0	0	0	0	1	3.333333333333333
818	We should ban targeted killing	against	we should  not ban targeted killing, it prevents mass military campaigns and minimises casualties	0	0	0	0	0	1	0	0	0	1	3.333333333333333
3919	We should adopt a zero-tolerance policy in schools	against	zero tolerance can punish children unreasonably due to the lack of flexibility where a child could for instance be suspended just for bringing a rubber band into school which could be classed as a weapon.	0	1	0	0	0	1	0	0	0	1	3.333333333333333
411	We should ban private military companies	against	the state can not have exclusivity in the creation of weapons, leaving aside private capital as a source of technological innovations for our defense	0	0	0	0	1	1	1	0	0	1	3.0
4783	Organ donation should be made compulsory	against	Not all organ transplantation surgeries are successful. The body of recipient may reject the organ of the donor.	0	0	0	0	0	1	0	0	0	1	3.333333333333333
6003	The vow of celibacy should be abandoned	in favor of	to move with the modern times the vow of celibacy should be abandoned.	0	0	0	1	0	1	0	0	0	0	3.5
3305	We should ban the use of child actors	against	if parents agree for their children to acting in movies, can't see any problem with it.	1	1	0	0	0	0	1	0	0	0	3.0
7122	We should not produce unnecessary garbage	in favor of	Things that are one-time use only, like most packaging and the like, should be radically focused on recycling potential.	0	0	0	0	0	0	0	0	0	1	3.333333333333333
7369	Carbon emissions trading should be limited.	against	No one can stop global warming, which is inherently part of the Earth's geological cycle. That's why topics such as reducing CO2 emissions are a false proposition.	0	0	0	0	0	0	0	0	0	1	3.333333333333333
6101	Social media brings more harm than good	in favor of	the world today is polluted with fake ideas and fake news thanks to social media.	0	1	0	0	0	1	1	0	0	1	3.0
699	We should ban human cloning	in favor of	a child who is the result of human cloning will have psychological problems because they are not allowed to be their own person	0	1	0	0	0	1	0	0	0	0	3.5
2311	We should subsidize journalism	in favor of	i believe the government should help pay for journalism because it would allow for better coverage of news events, and help pay the high costs of filming.	1	1	0	0	0	1	1	0	0	1	3.0
3512	We should legalize cannabis	in favor of	it would stop people being locked up for possession and it would generate revenue	0	0	0	0	1	0	1	0	0	1	3.0
6089	Surrogacy should be banned	against	surrogacy allows people who couldn't have children naturally to have their own children through a surrogate parent.	1	1	0	0	1	0	1	1	0	1	3.0
6732	The vow of celibacy should be abandoned	in favor of	the vow of celibacy should be abandoned as monogamy is a personal choice and has nothing to do with the legal rights of married couples, it is a personal matter between them.	0	0	0	0	0	0	1	0	0	0	3.0
796	We should ban algorithmic trading	in favor of	algorithmic trading is unfair and doesn't allow for the individual to make money that doesn't have the algorithim.	1	0	0	0	1	0	0	0	0	1	3.333333333333333
2972	We should ban human cloning	against	Human cloning could provide a great benefit to mankind by eradicating illnesses and disease through replication of people known to be fit, well and healthy.	1	1	0	0	0	1	0	0	0	1	3.333333333333333
3806	We should legalize prostitution	against	we should continue to keep prostitution as an illegal activity because it demoralizes women and often the women are abused.	0	0	0	0	0	1	0	0	0	1	3.333333333333333
4214	We should ban missionary work	against	if we don't ban missionary work, then more people will have jobs.	1	0	0	0	0	1	0	0	0	0	3.5
3800	We should legalize organ trade	against	legalizing organ trades can lead to death or murder from desperate people.	0	0	0	0	0	1	0	0	0	1	3.333333333333333
329	We should abolish safe spaces	in favor of	we should abolish safe spaces because those who are easily offended need to grow up	0	0	0	0	0	0	1	0	0	0	3.0
343	We should subsidize embryonic stem cell research	in favor of	supporting embryonic stem cell research is important because it is the future of medicine and it can help scientists to find new cures for diseases.	1	1	0	0	0	1	1	1	0	0	3.0
104	We should ban whaling	in favor of	whaling is inhumane and unnecessary and killing the whale population.	0	0	0	0	0	0	0	0	0	1	3.333333333333333
2695	We should legalize cannabis	in favor of	we should legalize cannabis because it can help people with certain health problems be relieved of their symptoms	0	1	0	0	0	1	0	0	0	0	3.5
5402	Homeschooling should be banned	against	homeschooling is a good option for children who are bullied, giving them a safe place to learn	1	0	0	0	0	1	1	0	0	0	3.0
1469	We should abandon the use of school uniform	in favor of	School uniforms have no positive effect on academic achievement.	1	1	0	0	0	0	0	0	0	1	3.333333333333333
2289	We should abolish the three-strikes laws	in favor of	there are individuals that have received strikes against them for minor crimes or things done as teens.   there is no magic number in three.  sentences should depend on the type and severity of crimes.	0	1	0	0	0	1	0	0	0	1	3.333333333333333
6571	Holocaust denial should be a criminal offence	in favor of	Holocaust denial should be a criminal offence because its main goal is to make Jewish people feel in danger, making it a hate crime.	0	1	0	0	0	1	0	0	0	1	3.333333333333333
6125	Holocaust denial should be a criminal offence	against	while i believe that holocaust denial is about fostering antisemitism today. i still think that type of speech as long as it's not a direct call to action should be protected, even if it is detestable.	0	0	0	0	0	0	1	0	0	0	3.0
6369	We should abandon television	in favor of	television is bad for your eyes and should be banned to save the population	0	0	0	0	0	1	0	0	0	0	3.5
2778	We should ban cosmetic surgery	against	everyone has a right to make this choice	0	0	0	0	0	0	1	0	0	0	3.0
7366	Carbon emissions trading should be limited.	against	The main purpose of the World Climate Conference in Copenhagen was to curb the development of late-developing countries, especially China, and to limit the carbon emission rights of developing countries.	0	0	0	0	0	0	0	0	0	1	3.333333333333333
2716	We should ban factory farming	against	factory farming is necessary to sustain the current population level and is needed in order to make farming profitable at this time in history.	1	1	0	0	1	1	0	0	0	0	3.5
5092	Public transport in EU cities should be free	in favor of	I think a very good transportation system within European cities is very much desirable. There is not enough space for many parking lots anyway, electro-cars won't be able to replace common cars, and urban spaces have to become greener.  In order for many people to accept that the use of cars will have been a thing of the past, they should be offered very good alternatives in the future and, hopefully, appreciate green mobility through good public transport within urban areas.	1	0	0	0	0	1	1	1	0	1	3.0
4505	We should ban factory farming	against	factory farming brings more food to the table at lower prices	1	1	0	0	0	1	0	0	0	0	3.5
2892	We should ban factory farming	in favor of	many factory farm workers have contracted diseases due to the conditions in which they work.	0	0	0	0	0	1	0	0	0	1	3.333333333333333
5858	Holocaust denial should be a criminal offence	against	we are supposed to be a modern society of free thought. if someone wants to deny the holocaust, it is their intellectual right.	0	0	0	0	0	0	1	0	0	0	3.0
351	We should end mandatory retirement	against	mandatory retirement is needed to keep businesses new and fresh with innovation from the younger generation.	1	0	0	0	1	0	1	0	0	0	3.0
7127	We should invest in integrated photovoltaic (e.g., over agriculturally used land)	in favor of	Agrivoltaic could be a perfect model for an energy cooperation of citizens to own some greenhouses with photovoltaic & rent them for a small fee to a urban gardening cooperation of citizens, for example. 	1	1	0	0	0	0	0	0	0	1	3.333333333333333
6774	We should abandon television	against	television can provide an educational experience for people who may not have access to anything else.	1	0	0	1	0	0	1	0	0	1	3.0
2940	We should subsidize Wikipedia	in favor of	wikipedia provides a wealth of information on any subject you can think of. this is highly benificial to the education system and should be subsidized.	1	1	0	0	0	0	1	0	0	0	3.0
657	We should abolish capital punishment	in favor of	Capital punishment can be replaced by more ethical but equally punishing alternatives, like life without parole.	0	0	0	0	0	0	1	0	0	1	3.0
5550	Homeopathy brings more harm than good	against	homeopathy is a natural way of providing cure or relief	0	0	0	0	0	1	0	0	0	1	3.333333333333333
1455	We should ban factory farming	in favor of	industrial farms are harmful for the fertilizers they use and create artificial foods dangerous to our health	0	0	0	0	0	1	0	0	0	1	3.333333333333333
5118	The EPPO’s jurisdiction should be extended to all member states	against	Absolutely unacceptable because it would lead to the politicization of the justice system.	0	1	0	0	0	1	0	0	0	1	3.333333333333333
4375	We should subsidize space exploration	in favor of	we should subsidize space exploration to find what information is available in our solar system.	0	0	0	0	0	0	1	0	0	0	3.0
6163	The use of public defenders should be mandatory	in favor of	public defenders do not have an agenda besides the task at hand and are more efficient than a lawyer who is trying to rack up the fees.	1	1	0	0	1	0	0	0	0	1	3.333333333333333
6705	Foster care brings more harm than good	against	children in foster care grow up in loving families that want children	0	1	0	0	0	1	0	0	0	0	3.5
682	We should legalize prostitution	in favor of	we should legalize prostitution because if someone really wants to use those services, they should have the right to do so.  we can just regulate it.	0	0	0	0	0	0	1	1	0	1	3.0
5767	Intelligence tests bring more harm than good	in favor of	intelligence tests will cause children with alternative learning styles to fall through the cracks in the educational system.	1	0	0	0	0	1	0	0	0	1	3.333333333333333
3267	We should prohibit school prayer	in favor of	there are many different types of religion, so children should not be forced to pray to a region that they do not follow,	0	0	0	0	0	0	1	0	0	1	3.0
3198	We should oppose collectivism	in favor of	collectivism requires too much individual compromise.	0	0	0	0	0	0	1	0	0	0	3.0
4637	The world does not need religion anymore	in favor of	Religion has served its purpose of uniting people, setting up structures in society, and developing trust and cooperation. But in the 21st century, we are thriving towards objective realities, and religion is an inter-subjective reality and now the only thing it does is create differences in the world, brainwash people, develop animosity for other beliefs, and provide rituals that are just shortcuts to becoming a good person. (A Muslim may pray 5 times a day; a Hindu may pray daily for hours in temples; a Christian may go to church every day, but still, be involved in immoral activities).	1	1	0	0	0	1	1	0	0	1	3.0
1349	We should ban cosmetic surgery for minors	in favor of	we should ban cosmetic surgery for minors because is nocive for health	0	1	0	0	0	1	0	0	0	0	3.5
114	We should end mandatory retirement	in favor of	We should end mandatory retirement because it removes people who are knowledgeable and skilled from jobs that they are good at.	1	0	0	0	1	1	1	0	0	0	3.0
3736	We should ban cosmetic surgery	against	cosmetic surgery increases women's self-esteem and makes them more self-confident	1	0	0	1	0	1	1	0	0	0	3.0
7162	We should not have any immigration from non-European or non-first-world countries 	against	Halting all immigration to EU from non-European or non-first-world countries will lead to an even more competitive advantage for the USA and other countries as our population is shrinking rapidly. 	1	0	0	0	0	0	0	0	0	1	3.333333333333333
5668	Assisted suicide should be a criminal offence	against	Assisted suicide helps those who are in pain due to a devastating disease end their own lives on their own terms.	0	0	0	0	0	0	1	0	0	0	3.0
2384	We should ban whaling	in favor of	whaling has devastating effects on the entire ocean ecosystem.	0	1	0	0	0	0	0	0	0	1	3.333333333333333
5579	Foster care brings more harm than good	against	for a child to live in a foster home must be better than alternatives.  they have a chance of a loving home and even adoption.	0	1	0	0	0	1	0	0	0	0	3.5
467	We should ban private military companies	against	we should not ban private military companies because they protect people	0	1	0	0	0	1	0	0	0	0	3.5
6079	Surrogacy should be banned	against	surrogacy should not be banned as it provides a wonderful alternative for people to become parents when they are not able to have children through the natural process.	0	1	0	0	0	0	1	0	0	0	3.0
1399	We should ban cosmetic surgery for minors	in favor of	it causes more harm than good when the surgery in minors is not for health	0	1	0	0	0	1	0	0	0	0	3.5
196	We should ban targeted killing	against	targetted killing could potentially help reduce the number of crimes if terrorists are killed before they can cause more harm	0	0	0	0	0	1	0	0	0	1	3.333333333333333
1854	We should legalize sex selection	against	every child has a right to be born regardless of their gender so sex selection should not be legalized.	0	0	0	0	0	0	0	0	0	1	3.333333333333333
4102	We should adopt libertarianism	against	libertarianism leaves the poor and disadvantaged without protection from the rich and powerful	0	0	0	0	0	1	0	0	0	1	3.333333333333333
5030	We need to ensure improvements to the European Union's decision-making processes with increased transparency and accountability	in favor of	We need to strengthen citizens' trust in the European project! This requires more transparency and accountability, in particular when it comes to access to documents and democratic decision-making. The 'Better Regulation' approach of the Commission which focuses on cutting costs and burdens prioritizes business interests over general interests and should be abandoned. The European project needs to benefit the many and not the few!	0	0	0	0	0	1	0	0	0	1	3.333333333333333
5871	Surrogacy should be banned	against	surrogacy lets a couple choose someone who matches their looks and genetics	0	1	0	0	1	1	1	0	0	1	3.0
6159	We should subsidize vocational education	in favor of	subsidising vocational education would encourage more people into useful trades where they can find employment at the end of their course.	1	0	0	0	1	1	0	1	0	1	3.333333333333333
3282	We should subsidize student loans	in favor of	graduates should not have to start their career with a massive debt to pay off	1	0	0	0	0	1	0	0	0	1	3.333333333333333
7164	We should protect the European border	in favor of	Frontex deserves much more political support, especially from the European Commission. It is already playing an important role to manage the border and is called to play a crucial one in the coming years. 	0	1	0	0	0	1	0	0	0	0	3.5
3776	We should ban missionary work	in favor of	we should ban missionary work to avoid danger to themselves especially if they are doing their missionary work in a dangerous part of the world	0	0	0	0	0	1	0	0	0	1	3.333333333333333
4685	We should have psychological counseling in educational institutions	in favor of	In general, a few teachers punish students, who are not scoring well in exams but they do not even try to understand whether they have any learning disabilities. This causes self-esteem issues in students. Psychologists can detect these learning disabilities and can detect these issues and can collaborate with teachers to draft teaching strategies that are suitable for students with learning disabilities.	1	1	0	0	0	1	0	0	0	1	3.333333333333333
4122	We should adopt libertarianism	in favor of	in practicing libertarianism we would adopt philosophical and financial customs that would improve our quality of life	1	0	0	0	1	1	1	0	0	0	3.0
7180	We should promote collaborative civic technologies for enhancing citizen participation as an added value to collaborative urban processes	in favor of	These platforms are an opportunity to encourage the creation of public value and new forms of citizen participation, especially in urban areas. 	1	0	0	0	1	1	1	0	0	0	3.0
1220	We should legalize sex selection	in favor of	sex selection should be legal for parents to select the sex of the child.  parents with all boys or all girls should have the choice of selecting the other sex.	0	1	0	0	0	0	1	1	0	1	3.0
6131	Assisted suicide should be a criminal offence	against	it is unfair to force someone with a terminal illness to continue to suffer greatly when they are just dying anyway. the only humane and compassionate way to help them is to allow assisted suicide.	0	1	0	0	0	1	1	0	0	1	3.0
6334	The use of public defenders should be mandatory	in favor of	The use of public defenders should be mandatory so that public defenders are no long stigmatized, which will make them more effective.	1	1	0	0	1	0	0	0	0	1	3.333333333333333
1847	We should ban whaling	in favor of	whaling  should be banned because they're killed inhumanely.	0	0	0	0	0	0	0	0	0	1	3.333333333333333
3371	We should legalize prostitution	against	the legalization of prostitution would result in an increase in human trafficking of young women and girls	0	1	0	0	0	1	0	0	0	1	3.333333333333333
130	We should abolish safe spaces	in favor of	Safe spaces stifle dialogue about controversial topics, such as race, gender and religion.	0	0	0	0	0	0	1	0	0	0	3.0
4273	We should end mandatory retirement	in favor of	some people are not ready to retire at the mandatory age and want to keep working	1	1	0	0	1	0	1	0	0	0	3.0
3585	We should introduce compulsory voting	in favor of	compulsory voting would ensure that everyone would vote and have a voice in what goes on.	0	0	0	0	1	0	0	0	0	0	4.0
2830	We should stop the development of autonomous cars	in favor of	autonomous cars will never work and the development of said cars should be stopped. there are too many complex situations that will cause more crashes than what is currently happening.	1	1	0	0	0	1	0	0	0	0	3.5
890	We should subsidize journalism	in favor of	keeping journalist in work helps the nation keep up with the news	0	0	0	0	0	1	1	0	0	0	3.0
4111	We should adopt libertarianism	in favor of	we should adopt libertarianism because it helps many people	1	1	0	0	0	0	0	0	0	0	3.5
4899	The European Union's asylum system needs to implement its humanitarian principles	in favor of	Give those who want to come a fair & secure possibility to do so & send those back who really damage your society. Give training, support, opportunities. My guess is that most will pay back with their contributions.	1	0	0	0	0	1	0	0	0	1	3.333333333333333
652	We should abolish safe spaces	against	safe spaces are a place where minorities of any sort are safe to be who they are and are safe from discrimination, negative comments and harassment and in today's intolerant society are much needed.	0	0	0	1	0	0	0	0	0	1	3.333333333333333
6051	Blockade of the Gaza Strip should be ended	against	The blockade of the Gaza Strip should not be ended because Hamas has acted in bad faith in past negotiations and cannot be trusted.	0	1	0	0	1	1	0	0	0	0	3.5
1133	We should abolish the three-strikes laws	in favor of	the 3 strike law is unfair and many people are punished too severely.	0	1	0	0	0	0	0	0	0	1	3.333333333333333
1117	We should ban telemarketing	against	telemarketing can be a useful tool to bring goods to the attention of people who would not otherwise access the information.	0	1	0	0	1	1	0	0	0	1	3.333333333333333
2283	We should ban missionary work	in favor of	missionary work is no longer necessary in the world today and is too risky to continue.	0	0	0	0	0	1	0	0	0	1	3.333333333333333
6340	The use of public defenders should be mandatory	against	if a person is able to afford better, more experienced attorneys to give them a better chance in court, then they should be able to.  public defenders are for those who can not afford the more expensive ones.	1	0	0	0	1	0	1	0	0	0	3.0
3109	We should adopt an austerity regime	against	adopting an austerity regime may negatively impact the demand side of the economy, hampering economic growth.	0	0	0	0	0	1	0	0	0	0	3.5
6493	Entrapment should be legalized	in favor of	Entrapment should be legalized as it is a useful tool to catch criminals when other strategies have failed.	1	1	0	0	0	1	0	0	0	0	3.5
3069	We should cancel pride parades	against	people have the right to express themselves.	0	0	0	0	0	0	1	0	0	0	3.0
5464	Surrogacy should be banned	against	Surrogacy is the only way that some couples will ever be able to have a child.	0	1	0	0	0	0	0	1	0	1	3.333333333333333
6998	We should promote the use of nuclear energy instead of renewable energy sources	in favor of	In the UK since 2015, there were over 80 PV-related fires, at least 1/4 of which were actually solar panels catching fire, releasing toxic smoke, and contaminating the ground with cadmium. 	0	0	0	0	0	1	1	0	0	1	3.0
2474	We should cancel pride parades	against	pride parade has become a symbol of freedom and embracing difference for everyone, not just the LGBT community	0	0	0	0	0	1	1	0	0	1	3.0
5612	Entrapment should be legalized	against	it is an unfair practice which works by falsely misleading someone.	0	1	0	0	0	1	0	0	0	1	3.333333333333333
4557	We should abolish zoos	against	some animals would be extinct if it weren't for zoos	0	1	0	0	0	0	1	0	0	1	3.0
1331	We should ban factory farming	against	this method increases meat products to meet the high demand.	1	0	0	0	0	0	0	0	0	0	3.5
5024	Catalan should be an official language of the European Parliament	in favor of	There are languages that are spoken by fewer people and are official	1	0	0	0	1	1	0	0	0	1	3.333333333333333
1978	We should oppose collectivism	in favor of	no two people are entirely alike.  ignoring individual differences and needs does not best serve the whole	0	0	0	0	0	0	1	0	0	0	3.0
2641	We should ban human cloning	against	human cloning shows us pushing the boundaries of science to their fullest potential.  think of all we can learn if we perfect cloning.  it shows how far man has come and can continue to go.	1	0	0	0	0	0	1	0	0	1	3.0
1076	We should legalize cannabis	in favor of	cannabis is not a harmful drug and can help people cope with mental issues like anxiety	0	0	0	1	0	1	1	0	0	1	3.0
5096	The EU needs a European research center	in favor of	During the pandemic, the EU was unable to produce a vaccine on its own, mainly due to the fact that not enough money is invested in research within its different member states. Gathering the strength of the 27 member states in research and health could be a real asset for the EU and its citizens, but also for its influence overseas and its independence.	0	0	0	0	1	1	1	0	0	1	3.0
2351	We should cancel pride parades	against	pride parades offer a sense of community and support.	0	1	0	0	0	1	0	0	0	1	3.333333333333333
6191	Entrapment should be legalized	in favor of	entrapment only entangles those that were looking to commit a crime and stops them before they do it	0	0	0	0	0	1	0	0	0	1	3.333333333333333
2109	We should ban the Church of Scientology	in favor of	the church of scientology should be banned as it is a cult not a religion	0	1	0	0	0	0	0	0	0	1	3.333333333333333
1794	We should stop the development of autonomous cars	against	they are environmentally friendly and can help minimize traffic congestion.	0	1	0	0	0	0	0	0	0	1	3.333333333333333
1016	We should adopt libertarianism	in favor of	libertarianism disavows government control and allows people to have liberties that have been stifled by the governing body.	0	0	0	0	0	1	1	0	0	0	3.0
413	We should legalize prostitution	against	legalising prostitution could lead to more serious crimes such as women becoming involved in the drug trade or people trafficking.	0	1	0	0	0	1	0	0	0	1	3.333333333333333
572	We should subsidize space exploration	against	there is nothing that can come from space research that will help the country so why waste so much money?	0	1	0	0	1	1	0	0	0	1	3.333333333333333
2608	We should ban targeted killing	against	evil has penetrated society, and there are times when there is no other way out to eradicate it than to resort to force, evil can not be overcome with discourses, it is necessary to fight fire with fire.	0	0	0	0	1	1	0	0	0	0	3.5
836	We should ban cosmetic surgery	against	everyone has the right to alter their bodies or appearances in which ever way makes them feel comfortable and at ease.	0	0	0	0	0	1	1	0	0	0	3.0
5613	Social media brings more harm than good	in favor of	social media causes harm by people trying to live up to their peers.	0	0	0	0	0	1	0	0	0	0	3.5
5186	There should be 6 concrete proposals for migrants on the Balkan route.	in favor of	The proposal of the Sardines to reform EU asylum policy is an excellent proposal, well and thoroughly written.	1	0	0	0	1	1	0	0	0	0	3.5
331	We should adopt atheism	in favor of	adopting atheism would put a stop to conflicts that arise through conflicting religious beliefs making the world a safer place.	0	0	0	0	0	1	0	0	0	1	3.333333333333333
6462	Blockade of the Gaza Strip should be ended	in favor of	there is no reason the blockade of the gaza strip should still be in effect.  it's costing too much to innocent people.	0	0	0	0	1	1	1	0	0	1	3.0
1516	We should adopt an austerity regime	against	austerity regimes hid the poor and dependent sections of society disproportionally hard, and they are those least able to withstand such reductions in spending.	0	0	0	0	1	1	0	0	0	1	3.333333333333333
4108	We should ban private military companies	against	private military companies provide valuable security services, and can act as an overflow unit taking pressure from the regular army formations.	1	0	0	0	0	1	0	0	0	1	3.333333333333333
4259	We should subsidize journalism	against	Journalism would not remain independent if it received subsidies from the government.	0	0	0	0	0	0	1	0	0	0	3.0
6246	Assisted suicide should be a criminal offence	against	assisted suicide allows people who have terrible health conditions to die with dignity. if assisted suicide is a crime they may have to endure many more years living in agony.	0	1	0	0	0	1	1	0	0	1	3.0
7333	We should prohibit capital monopoly.	in favor of	Capital monopoly raises the barrier of entry for other enterprises and hinders the high-quality development of the national economy.	1	0	0	0	0	1	0	0	0	1	3.333333333333333
2088	We should subsidize student loans	in favor of	higher education should be a right; subsidized student loans provides all who want to learn with access to an education	1	0	0	0	0	1	1	0	0	1	3.0
3335	We should abolish the three-strikes laws	in favor of	Three strikes laws increase violence against law enforcement since an accused criminal facing the potential for a life sentence is more likely to fight back against law enforcement to escape.	0	1	0	0	0	1	0	0	0	0	3.5
6085	Foster care brings more harm than good	in favor of	some foster parents can be abusive to the children	0	1	0	0	0	1	0	0	0	1	3.333333333333333
2212	We should ban cosmetic surgery for minors	against	if democrats think minors should be allowed to vote, they should be allowed to get cosmetic surgery if they choose to	0	0	0	0	1	0	1	0	0	0	3.0
5479	Homeschooling should be banned	against	results from homeschooling children are equally as good as those achieved from state schools, and sometimes this can be the only option for a youngster with complex emotional needs.	1	1	0	0	0	1	0	0	0	1	3.333333333333333
4851	International cooperation with third countries in the field of migration should be developed	against	Mass migration is an evil that hurts the nations as well as the migrants themselves, who suffer indignities and risk their lives. We must end mass migration. This requires that migrants be helped as close to the origin of migration as possible. 	0	1	0	0	0	1	1	0	0	1	3.0
3091	We should legalize sex selection	in favor of	if that's what makes people happy then they should be allowed to do it	0	0	0	0	0	1	1	0	0	0	3.0
3925	We should subsidize space exploration	in favor of	The technology developed for space exploration has also had uses in regular life -- subsidizing space exploration would also have positive trickle down effects.	1	1	0	0	0	0	1	0	0	0	3.0
4499	We should oppose collectivism	against	collectivism utilizes the best from many sources	1	0	0	0	1	0	0	0	0	0	3.5
1167	We should limit executive compensation	against	in a competitive market companies have to attract the best talent	1	0	0	0	1	0	0	0	0	0	3.5
5637	Surrogacy should be banned	against	the couples who can`t have their own kids this is the only way to get them and should not be banned by all means.	0	1	0	0	1	0	1	0	0	1	3.0
3620	We should end the use of economic sanctions	in favor of	ending these sanctions will boost the target country's economy	0	0	0	0	1	1	0	0	0	0	3.5
4356	We should abolish safe spaces	against	we should not abolish safe spaces because they help many people	0	1	0	0	0	0	0	0	0	0	4.0
7005	We should stop subsidies for fossil fuels and expand the EU Emissions Trading System (ETS)	in favor of	Currently the ETS only applies to certain carbon-emitting industries covering 40% of the EU's greenhouse gas emissions. To effectively combat climate change 40% is not enough. That is why the ETS has to be expanded to at least cover agriculture and transport as well.  In Addition to the extension of the ETS the subsidies in fossil fuels (coal, oil and gas) must be cut in the near future.	1	0	0	0	0	0	0	0	0	1	3.333333333333333
5102	The EU government should encourage people to eat less meat	against	The government does not have any right to use the taxpayer's money to propagandize the people to encourage what to eat and not to eat. It is not the responsibility of the government.	0	0	0	0	0	0	1	0	0	1	3.0
3326	We should end mandatory retirement	in favor of	as quality of life improves and the average lifespan increases, mandatory retirement looks more and more out of step with the modern human life experience.	1	0	0	0	0	0	1	1	0	1	3.0
3133	We should end mandatory retirement	in favor of	Older workers  provide maturity and experience and can be loyal and productive employees past the age of 65 or even 70	1	0	0	0	0	0	1	0	0	1	3.0
7185	We should make cycling and micromobility the primary modes of transport in all EU cities	in favor of	The bicycle should be the main mode of transport for a majority of citizens because it is faster, it is easier, it is healthier, it is cheaper, it is more convenient, and it is eco-friendly.	1	0	0	0	0	1	0	0	0	1	3.333333333333333
6637	The use of public defenders should be mandatory	against	The use of public defenders should not be mandatory because the quality of defense will be lower than private defense, which will lead to more wrongful convictions.	1	0	0	0	0	1	1	0	0	1	3.0
1269	We should adopt an austerity regime	against	The free market knows best how to get out of a recession. Any government involvment would worsen the economic situation.	1	0	0	0	1	1	1	0	0	0	3.0
2842	We should ban fast food	against	people are free to eat whatever they choose. it's a cheap and fast way for people to get a meal when they are in a hurry or can't afford the expensive organic and natural foods.	0	0	0	0	0	1	1	0	0	0	3.0
1512	We should abolish intellectual property rights	against	we should keep intellectual property rights because if a person came up with an idea, they should receive credit for it no matter what the circumstances are, it is only fair.	1	0	0	0	1	1	1	0	0	1	3.0
3850	We should legalize organ trade	against	legalizing the organ trade will create a system where the poor are exploited for their organs	0	0	0	0	0	0	0	0	0	1	3.333333333333333
550	We should ban whaling	in favor of	Whale meat has high levels of mercury and is unhealthy as part of a diet.	0	0	0	0	0	1	0	0	0	1	3.333333333333333
7197	We should recognize Esperanto as one of the cultural languages of EU citizens	in favor of	The more language communication skills around the closer we can get in this complicated world we live in. The fact it is a popular language around the world but not really recognized in Europe should change. I fully endorse its recognition in Europe.	1	0	0	0	0	1	1	0	0	0	3.0
3507	We should ban whaling	in favor of	we should ban whaling because they are becoming closer to being extinct.  no animal should be killed when there is not an abundance of their species.	0	0	0	0	0	0	0	0	0	1	3.333333333333333
1728	We should ban private military companies	in favor of	private military companies can hold bias and due to past experiences and can result in dangerous sctivities for the wrong reasons.	0	0	0	0	0	0	0	0	0	1	3.333333333333333
208	We should adopt libertarianism	in favor of	libertarianism is the true path to real freedom and autonomy for all	0	0	0	0	0	0	1	0	0	0	3.0
5603	Foster care brings more harm than good	in favor of	According to multiple studies, children who go through the foster care system are more likely to deal with mental health issues and disorders than their peers.	0	1	0	0	0	1	0	0	0	0	3.5
1149	We should ban fast food	in favor of	there is no fast food that is healthy so banning it would improve public health immeasureably.	0	1	0	0	0	1	0	0	0	0	3.5
3077	We should ban factory farming	against	factory farming is needed in our times in order to provide ample food for everyone	0	1	0	0	0	1	0	0	0	0	3.5
6508	Blockade of the Gaza Strip should be ended	in favor of	The blockade forces Gaza to trade with other problematic actors like Iran and North Korea, creating more global conflict.	0	0	0	0	0	1	0	0	0	1	3.333333333333333
1722	We should ban missionary work	in favor of	missionary work should be banned as some people can be forced into this line of work due to pressure from religious communities.	0	0	0	0	0	0	1	0	0	1	3.0
4256	We should ban whaling	against	whaling is no different to any other kind of hunting which are not protested against.	0	0	0	0	0	0	0	0	0	1	3.333333333333333
4165	We should legalize prostitution	in favor of	Legalizing prostitution would increase tax revenue for the government.	0	0	0	0	1	1	0	0	0	0	3.5
5488	Blockade of the Gaza Strip should be ended	in favor of	the blockade of the gaza strip only serves to harm innocents who happen to live in the area.	0	0	0	0	0	1	0	0	0	1	3.333333333333333
2980	We should adopt a multi-party system	in favor of	the current  system is broken and doesn't work. neither side can work together so having more options would force politicians to come together and do what's best for the people because no side would be majority	0	0	0	0	1	1	1	0	0	1	3.0
16	We should legalize prostitution	in favor of	we should legalize prostitution because it will be regulated meaning the females will be safer	0	0	0	0	0	1	0	0	0	1	3.333333333333333
119	We should ban the use of child actors	in favor of	child actors lose the sense of a proper childhood.	0	0	0	1	0	1	0	1	0	0	3.5
4900	The European Union's asylum system needs to implement its humanitarian principles	in favor of	We already have successful programs for students from refugee camps. Enhance that.	1	1	0	0	0	0	0	0	0	0	3.5
4173	We should legalize cannabis	in favor of	cannabis has medical benefits that could be used to give relief to people with chronic illnesses.	0	0	0	0	0	1	0	0	0	0	3.5
4077	We should limit judicial activism	against	judicial activism allows poorly or misconceived legislation to be reconsidered	1	0	0	0	0	0	1	0	0	1	3.0
5585	We should abandon television	against	Television offers a variety of entertainment and information that families can enjoy together	1	1	0	0	0	0	0	0	0	0	3.5
3437	We should adopt an austerity regime	in favor of	it is a good way to control overspending and accumulating more debt	0	1	0	0	1	1	0	0	0	0	3.5
4613	We should subsidize higher education institutions	in favor of	Today no problem has a single solution and no new technology is related to a single discipline. We need multiple inputs from multiple disciplines and our institutes have failed in doing so.	1	1	0	0	0	0	0	0	0	1	3.333333333333333
3629	We should legalize prostitution	against	would increase violence against women ans children.	0	0	0	0	0	1	0	0	0	1	3.333333333333333
5481	The use of public defenders should be mandatory	against	people have the right to hire an attorney they can trust that will do a very thorough job and defend them in this process.   public defenders might not hold the best skills to defend a person in court.	1	1	0	0	1	0	1	0	0	0	3.0
7016	We should protect very large natural areas	in favor of	Very large natural areas need to be protected to promote wildlife and the return of self-sustaining and fertile biodiversity!	0	0	0	0	0	0	0	0	0	1	3.333333333333333
5953	Intelligence tests bring more harm than good	in favor of	the branding of a child by intelligence tests at an early age can cause grave damage, all for no proven education benefit.	0	0	0	0	0	1	0	0	0	1	3.333333333333333
4024	We should adopt a zero-tolerance policy in schools	against	we should not adopt a zero-tolerance policy because it is too restricting and suppressing.	0	1	0	0	0	0	1	0	0	0	3.0
4352	We should introduce compulsory voting	against	people should have the right to not vote.	0	0	0	0	0	0	1	0	0	0	3.0
580	We should end the use of economic sanctions	in favor of	we should end the use of economic sanctions because it causes more conflict.	0	0	0	0	0	1	0	0	0	1	3.333333333333333
1801	We should ban the use of child actors	against	we should not ban the use of child actors because then movies and shows wouldn't have any children in them	0	0	0	1	0	0	1	1	0	0	3.0
6534	We should subsidize vocational education	against	vocational education isnt always useful as most of the skills taught are learnt through life experiences and the money spent on it can be spent on more academic study	1	1	0	0	1	0	0	0	0	0	3.5
3102	We should abolish intellectual property rights	against	if abolished it will stiffle creativity and advancement because there will be no incentive if intellectual property is not a right.	1	0	0	0	0	0	1	0	0	0	3.0
6708	Homeschooling should be banned	in favor of	homeschooling closes students off from peer to peer interaction	0	1	0	0	0	1	0	0	0	0	3.5
2270	We should adopt an austerity regime	against	an austerity regime would cut down on social welfare and hurt those most in need.	0	1	0	0	0	1	0	0	0	1	3.333333333333333
6579	The use of public defenders should be mandatory	against	the use of public defenders should not be mandatory because a person should have the right to pay within their means any representative they wish.	0	1	0	0	1	0	1	0	0	0	3.0
6161	Intelligence tests bring more harm than good	against	they help to identify gifted children and help parents to develop their children talents	1	1	0	0	0	0	1	0	0	0	3.0
2770	We should adopt a multi-party system	in favor of	the multi-party system offers voters more choices that may get more people involved in politics	1	0	0	0	1	0	1	0	0	0	3.0
1569	We should prohibit school prayer	in favor of	school prayer is forcing a religion on everyone, including non-believers	0	0	0	0	0	0	1	0	0	1	3.0
6676	We should subsidize vocational education	in favor of	vocational education is beneficial to society and should be subsidized	1	0	0	0	0	1	0	0	0	1	3.333333333333333
5968	The use of public defenders should be mandatory	in favor of	The use of public defenders should be mandatory so that the trial system can be streamlined with more consistent defense practices.	1	0	0	0	0	1	0	0	0	1	3.333333333333333
3621	We should introduce compulsory voting	in favor of	if everyone votes, the results actually reflect what people want.	1	0	0	0	0	0	0	0	0	1	3.333333333333333
3397	We should fight for the abolition of nuclear weapons	in favor of	The cost of developing nuclear weapons in developing states drains cash from infrastructure, education, and welfare funds which hurts the population as a whole.	0	0	0	0	1	1	0	0	0	0	3.5
2477	We should ban cosmetic surgery	in favor of	cosmetic surgery is unnecessary and does not provide health benefits	0	1	0	0	0	1	0	0	0	0	3.5
3359	We should ban telemarketing	against	it is an effective method for lead generation and qualification for marketing.	1	0	0	0	0	0	1	0	0	1	3.0
7327	We should open up three-child policy to encourage childbirth.	against	The people at the Health Planning Commission thought there would be a population explosion after opening up childbirth, but in reality people don't want to have children, whether you restrain them or not.	0	1	0	0	0	0	1	0	0	0	3.0
4616	IT recruiters should consider skills instead of a degree in programming	against	Achieving excellence in anything takes time. Through graduation, students gain so much knowledge in the relevant field. So, it’s easier for employers to train these students for the industrial requirements.	1	0	0	0	0	0	0	0	0	0	3.5
3502	We should subsidize student loans	in favor of	a student does not have the resources to pay for the high cost of college	1	1	0	0	0	1	0	0	0	0	3.5
2776	We should introduce compulsory voting	against	compulsory voting shouldn't be introduced because it violates freedom of choice.	0	0	0	0	0	0	1	0	0	0	3.0
5558	Payday loans should be banned	in favor of	payday loans do more harm than good because pushing people to their bandories which usually result in family disaster.	0	1	0	0	0	1	0	0	0	0	3.5
180	We should ban the use of child actors	against	not all tv and movies is going to be adults only we need child actors to shows the world as it is	1	0	0	0	0	0	1	0	0	1	3.0
3396	We should abolish the three-strikes laws	in favor of	Three-strike laws lead to expensive trials. Three-strike offenders will demand a court trial rather than accept a plea bargain (which costs a fraction of the price of a full-blown trial).	0	1	0	0	1	0	0	0	0	0	4.0
2729	We should subsidize journalism	against	we should not subsidize journalism as they are private companies and can raise tons of money without our fear of bad reporting because their company would tank if they reported bad news.	0	0	0	0	0	0	1	0	0	1	3.0
5497	Homeopathy brings more harm than good	against	homeopathy provides an alternative and hope for people for when all traditional medicine has failed.	0	1	0	0	0	1	1	1	0	1	3.0
1947	We should ban algorithmic trading	in favor of	this form of trading removes the human element which can have dangerous consequences.	1	1	0	0	1	0	0	0	0	0	3.5
2000	We should ban missionary work	in favor of	missionary work puts people into dangerous places where they can be harmed or killed.	0	1	0	0	0	1	0	0	0	0	3.5
2629	We should subsidize Wikipedia	in favor of	wikipedia is the only free source of information with references that's guaranteed to be accurate. it's needed, especially for those who can't afford anything else.	1	1	0	0	0	1	0	0	0	1	3.333333333333333
6948	Indian government should increase the minimum legal age of marriage for girls from 18 to 21 years	in favor of	Teenage pregnancies increase the risk of high blood pressure, anemia, and several other health problems. It can also lead to the death of the mother due to pregnancy complications. So, raising the age of marriage for girls can reduce the chance of maternal mortality.	1	1	0	0	0	1	0	0	0	1	3.333333333333333
5600	Payday loans should be banned	in favor of	the interest rate when failing to pay back in time can be as high as 300%, making your financial situation even more difficult.	0	0	0	0	1	1	0	0	0	1	3.333333333333333
5592	Homeopathy brings more harm than good	in favor of	It is difficult to differentiate between a good professional homeopathic doctor and a quack.	0	1	0	0	0	1	0	0	0	1	3.333333333333333
2250	We should oppose collectivism	in favor of	with collectivism, there is less motivation to do more difficult jobs  as everything has a similar pay.	1	0	0	0	1	0	1	0	0	1	3.0
400	We should ban cosmetic surgery	against	we should not ban cosmetic surgery because there are some people that are seriously need it done to improve their lifestyles	0	0	0	1	0	1	1	1	0	0	3.0
1272	We should subsidize journalism	against	there is simply no need, there is enough money in journalism and plenty of valuable, objective sources available	1	0	0	0	0	1	0	0	0	1	3.333333333333333
4704	India should accept Rohingya refugees	against	India is the second most populous country in the world. It is already difficult for the Indian government to provide food security and basic necessities to all the people of India. Adding more burden to this will worsen the situation.	0	0	0	0	0	1	0	0	0	0	3.5
1972	We should abolish intellectual property rights	against	people have the right to their ideas and therefore it shouldn't be banned.	1	0	0	0	1	0	1	0	0	1	3.0
3905	We should ban fast food	in favor of	fast food is unhealthy for us with its ingredients and the way its made	0	0	0	0	0	1	0	0	0	0	3.5
3966	We should abandon the use of school uniform	in favor of	School uniforms are often sexist, having different requirements for each gender.	0	0	0	0	0	0	1	0	0	1	3.0
2818	We should legalize cannabis	in favor of	legal marijuana can add millions of dollars in federal taxes paid by cannabis businesses	0	0	0	0	1	1	0	0	0	0	3.5
4633	Artificial intelligence brings more harm than good	in favor of	After a daily 10-hour shift from Monday to Friday most of us prefer to stay at home on the holidays. We surround ourselves with laptops, TV, and mobile and use them in cycles for Netflix, sports, social media, etc. (thinking that we are relaxing) rather than going out. We prefer and are more comfortable with online chatting instead of talking to people for real. There are fewer meaningful relationships nowadays because of all the above factors. We have started preferring isolation.	0	1	0	1	0	1	1	0	0	0	3.0
763	We should stop the development of autonomous cars	against	autonomous cars can give many people the freedom to drive without actually driving, so we should not stop making them.	1	1	0	1	0	1	1	1	0	0	3.0
4416	We should ban the Church of Scientology	in favor of	the church of scientology should be banned, as it is a fraudulent religion that controls its members and was started purely as a social experiment by a con man	0	1	0	0	0	1	1	0	0	1	3.0
2867	We should subsidize journalism	in favor of	journalism is important in this country.	0	1	0	0	0	0	1	0	0	1	3.0
4033	We should fight for the abolition of nuclear weapons	in favor of	we should fight for the abolition of nuclear weapons to ensure a safe future for our children and for generations to come.	0	0	0	0	0	1	0	0	0	1	3.333333333333333
4426	We should end mandatory retirement	against	mandatory retirement allows new workers to take the place of older workers that are past their prime and just need to retire.	1	0	0	0	0	0	0	0	0	1	3.333333333333333
3860	We should oppose collectivism	in favor of	We should oppose collectivism as it forces people to be part of group mentality in order to achieve anything.	0	0	0	0	0	0	1	0	0	0	3.0
2915	We should abandon the use of school uniform	in favor of	school uniform limits the ability of young people to develop their identity and express who they are	0	0	0	0	0	0	1	0	0	1	3.0
6629	Intelligence tests bring more harm than good	against	intelligence tests helps to find out gifted kids	1	0	0	0	0	0	0	0	0	0	3.5
656	We should legalize sex selection	against	There is no certainty that the process will be a success, and couples may end up wasting time and money.	0	0	0	0	0	0	1	1	0	1	3.0
4691	College education should be free for everyone	in favor of	At present, the rich are getting richer and poor people are getting poorer. A free college education will reduce social inequality too because as everyone can study and learn the skills in college, everyone will have an equal opportunity to settle in the career of their choice.	1	1	0	0	1	1	1	0	0	1	3.0
6238	Surrogacy should be banned	against	surrogacy is often the last hope of people struggling to conceive and shouldn't be banned, just more heavily regulated.	0	1	0	0	0	1	1	0	0	1	3.0
140	We should ban private military companies	in favor of	only governments can be trusted with armies so we should ban private military companies.	0	1	0	0	1	1	0	0	0	0	3.5
3714	We should limit executive compensation	against	an owner of a company should be allowed to make as much money as possible	1	0	0	0	1	0	0	0	0	0	3.5
676	We should introduce compulsory voting	against	this is a free country and citizens should have the right to vote or not to vote.	0	0	0	0	0	1	1	0	0	0	3.0
4756	Technology is rising Unemployment rates	in favor of	Several kinds of jobs are increasingly getting replaced by technology. As per the reports, there is a significant drop in the typists, weavers, construction workers etc.	0	0	0	0	0	1	0	0	0	0	3.5
5555	We should abandon television	in favor of	we need to abandon tv as it is outdated and there are other venues that provide better entertainment	0	0	0	1	0	0	1	1	0	0	3.0
1048	We should abolish the Olympic Games	in favor of	we should abolish the olympic games because  it very expensive to host	0	1	0	0	1	1	0	0	0	0	3.5
3717	We should legalize sex selection	in favor of	people should be able to utilize new sciences as they please.	0	0	0	0	0	0	1	0	0	0	3.0
6391	Homeopathy brings more harm than good	in favor of	people believe it is helping when it is not	0	1	0	0	0	1	0	0	0	0	3.5
597	We should subsidize student loans	in favor of	student loans should be subsidized as this allows those from marginalized or poorer sections of society to access good education	1	0	0	0	0	0	0	0	0	1	3.333333333333333
5462	We should subsidize vocational education	in favor of	vocational education is necessary to ensure that there is not a shortage of qualified trades people in the future, and a subsidy will make this a much more attractive option when deciding a career path.	1	1	0	0	0	1	1	1	0	0	3.0
2275	We should limit judicial activism	against	there should be no limits.  how are we to move forward in society if we limit the thought process of judges?	1	0	0	0	0	0	0	0	0	1	3.333333333333333
2789	We should stop the development of autonomous cars	in favor of	autonomous cars can make driving more dangerous since their programming can not cover every conceivable instance.	1	1	0	0	0	1	0	0	0	0	3.5
4245	We should end the use of economic sanctions	in favor of	they only harm the poorest people in society	0	0	0	0	0	1	0	0	0	1	3.333333333333333
1697	We should ban targeted killing	in favor of	targeted killing is a barbaric practice.	0	0	0	0	0	1	0	0	0	1	3.333333333333333
6785	Homeschooling should be banned	in favor of	homeschooling makes it difficult for children to socially intereact with their peers.	1	1	0	0	0	1	0	0	0	0	3.5
5116	Germany should start paying reparations share for any damaged countries of Europe up to 100 years after its attack on international society	against	Will Russia also pay their share? Will Austria pay for starting WW1 or will it be Serbia? Will Poland and Hungary pay for occupation of parts of Czechoslovakia in 1938/1939? Will France pay for starting napoleonic wars? It is time to forget what happened almost 100 years ago and focus on the future and I say that as a Czech citizen whose country was occupied by Austria, Germany/Poland/Hungary and then by SSSR and all eastern satelite states.	0	1	0	0	0	0	0	0	0	0	4.0
6297	Homeschooling should be banned	against	homeschooling is necessary in remote areas where there aren't enough children to sustain a school	1	0	0	0	0	1	0	0	0	1	3.333333333333333
2577	We should fight for the abolition of nuclear weapons	against	nuclear weapons are important in the fight against those who want to hurt their enemies	0	0	0	0	1	1	0	0	0	1	3.333333333333333
936	We should introduce compulsory voting	against	people should not be forced to vote if they don't feel compelled to vote for a candidate or issue..	0	0	0	0	0	0	1	0	0	1	3.0
5258	The EU itself and its people should understand and accept there are a lot of Europeans outside the EU	against	It's the same with citizens of the USA using Americans to describe themselves. Yes, technically it isn't correct, but who cares...	0	0	0	0	0	1	1	0	0	1	3.0
7141	We should reduce animal farming.	in favor of	We can work together to encourage plant based diets and make the world a better place.	1	1	0	0	0	0	1	0	0	1	3.0
4869	The European Union should support and integrate immigrant people to ensure that they live with dignity and equality with all European citizens	in favor of	Europe is more than rich enough to welcome many immigrants and if they are permitted to work, they will even generate their own income and benefits for the country they arrive in.	1	0	0	0	1	1	0	0	0	0	3.5
3707	We should abolish safe spaces	in favor of	safe spaces are an enormous waste of time and money, especially when things like churches, medical offices, etc., exist.	0	0	0	0	0	1	0	0	0	1	3.333333333333333
6997	We should promote the use of nuclear energy instead of renewable energy sources	in favor of	There is no generation technology that comes with zero risks, and this is why we need to look at objective scientific indicators.	0	0	0	0	0	0	0	0	0	1	3.333333333333333
5040	The president of the European Commission should be elected by the people of the EU	against	Directly electing the president of the commission makes the most susceptible to political sway, which would kill the commission as a body of technical experts.  	0	0	0	0	0	0	1	0	0	1	3.0
6786	Homeschooling should be banned	in favor of	homeschooling does not provide necessary socialization skills needed in everyday life as well as cooperation among peers.	1	0	0	0	0	1	0	0	0	0	3.5
4607	Political parties should be brought under RTI (Right to Information) Act	in favor of	Under the IT Act, political parties do not need to disclose donations that they get below INR 20,000. An informal study done in 2010 on 6 key political parties shows that they raised Rs 700 crore. 95% of the amount was raised by amounts below Rs 20,000. There is a high possibility that the political parties use this loophole to their advantage.	0	1	0	0	0	0	1	0	0	1	3.0
7082	We should make living wages a human right	in favor of	Nations that have adopted living wages for full-time jobs have highly profited from that step. It's been an economic booster because if people who earn & possess little can afford what they need, they will buy. So they increase demand. Demand increases supply. More supply means more jobs, more suppliers, lower costs, etc. 	1	0	0	0	1	1	0	0	0	0	3.5
6439	The use of public defenders should be mandatory	against	making a public defender mandatory takes away choice from those who may wish to find their own attorney or even just represent themselves.	0	0	0	0	0	0	1	0	0	0	3.0
3450	We should ban telemarketing	against	telemarketing is a vital tool for businesses to use to grow. this in turn helps the economy.	1	0	0	0	1	0	0	0	0	0	3.5
2752	We should ban fast food	against	fast food is necessary in our modern world and help people have a cheap meal	0	0	0	0	0	1	0	0	0	0	3.5
2916	We should subsidize student loans	in favor of	All young people whether rich or poor should have the opportunity to better their lives by going to into higher education, the more student loans are subsidized the closer this will become a reality.	1	1	0	0	0	1	0	0	0	1	3.333333333333333
1584	We should subsidize student loans	in favor of	education is important to ensure the continued progress of humanity and to move humanity forwards; for this reason we should subsidise loans for students.	1	1	0	0	0	1	0	0	0	1	3.333333333333333
2775	We should introduce compulsory voting	in favor of	compulsory voting gives everyone in society their say in politics	0	0	0	0	1	0	1	0	0	1	3.0
5155	The EU should adopt legislative measures aimed at increasing the percentage of women in the political sector	against	Quotas are always disgusting examples of oppression and evil. I don't want anything of that, I want freedom and free choice.	0	0	0	0	0	0	1	0	0	0	3.0
970	We should subsidize space exploration	against	we have too many problems here on our own planet to worry about putting money into searching space.	0	0	0	0	1	1	0	0	0	0	3.5
7211	We should stop the mass migration from Africa and the Middle East	in favor of	Illegal mass migration is a tragedy. Those who organize and direct mass migration are guilty of a crime against Humanity. Soros and Lukashenka are prime examples of such criminals. 	0	1	0	0	0	1	0	0	0	1	3.333333333333333
3314	We should subsidize journalism	against	journalism should not be influenced by the government.	0	0	0	0	0	0	1	0	0	1	3.0
6212	Foster care brings more harm than good	in favor of	foster care can be very traumatizing to kids if they get into a bad foster care facility.	0	0	0	0	0	1	0	0	0	0	3.5
577	We should adopt libertarianism	in favor of	working together for a greater good favouring the less well off and giving freedom of choice can only benefit society as a whole.	0	1	0	0	0	1	1	0	0	1	3.0
2736	We should legalize organ trade	in favor of	if organ trade was legal it would be easier for people to get the organs that they need.	0	1	0	0	0	1	1	0	0	1	3.0
1867	We should stop the development of autonomous cars	against	autonomous cars can have benefits such as allowing anyone to travel inside a car such as disabled and vulnerable people who others would not be able to get to other places.	1	1	0	0	0	1	0	1	0	1	3.333333333333333
2545	We should legalize sex selection	in favor of	we should legalize sex selection because i think people should be able to pick if they want their child to be a boy or a girl	0	1	0	0	0	0	1	0	0	0	3.0
2182	We should abandon the use of school uniform	in favor of	mandatory uniform policies denying parents rights to raise children without government intervention	0	0	0	0	0	0	1	0	0	0	3.0
6483	Social media brings more harm than good	in favor of	social media is known for damaging the self esteem of adolescents and young adults due to how easy it is to compare yourself and your life to your friends or acquaintances.	0	1	0	0	0	1	0	0	0	1	3.333333333333333
693	We should end mandatory retirement	against	mandatory retirement leaves openings in the job force for those that are stronger and more capable of doing the jobs.	1	1	0	0	1	0	0	0	0	0	3.5
612	We should ban targeted killing	against	targeted killing is often the only way to get to the enemy.	1	0	0	0	0	1	0	0	0	1	3.333333333333333
747	We should abolish intellectual property rights	in favor of	intellectual property rights create a monopoly position for a company which enables them to charge whatever they like for a product without fear of competition. it prices the poor out of markets	0	0	0	0	0	1	1	0	0	1	3.0
6807	Foster care brings more harm than good	against	foster care helps many children that need love and support from others.	0	1	0	0	0	1	0	0	0	0	3.5
1968	We should legalize organ trade	in favor of	financial incentives should be available for live donors and the families of the dead donors.	0	1	0	0	1	1	0	0	0	0	3.5
404	We should stop the development of autonomous cars	against	autonomous cars would help people who are disabled be able to have their own transportation.	0	1	0	0	0	1	1	0	0	1	3.0
1766	We should abolish intellectual property rights	against	we should not abolish intellectual property rights because it's not fair for people to steal a genius idea from someone else	1	1	0	0	0	0	0	0	0	1	3.333333333333333
4176	We should end mandatory retirement	in favor of	we should end mandatory retirement because some people need to work longer to be able to support themselves and/or their families	0	0	0	0	0	1	0	0	0	0	3.5
355	We should ban targeted killing	against	we should not ban targeted killing since they are effective at eliminating terrorists with a smaller number of civilians being killed than most other military weapon	1	0	0	0	0	1	0	0	0	1	3.333333333333333
5794	The vow of celibacy should be abandoned	in favor of	the vow of celibacy is what drives the religious people to commit crimes	0	1	0	1	0	1	1	1	0	0	3.0
5435	Holocaust denial should be a criminal offence	against	people should be free to believe what they want to believe about it.	0	0	0	0	0	0	1	1	0	1	3.0
488	We should ban algorithmic trading	in favor of	we should ban algorithmic trading because most people have no idea how it works and if it is good for them or not	1	0	0	0	0	0	1	0	0	0	3.0
5868	Homeopathy brings more harm than good	in favor of	there is no proof that  homeopathy works.	0	1	0	0	1	0	0	0	0	1	3.333333333333333
484	We should limit executive compensation	in favor of	we should limit executive compensation for national ecomics	0	0	0	0	1	1	0	0	0	0	3.5
4913	The European Union should hold a referendum to decide on immigration	in favor of	Absolutely right! If the eurocrats cared about what the people want, they'd ask them. 	0	0	0	0	1	0	1	0	0	1	3.0
957	We should adopt gender-neutral language	in favor of	in a time of equality, knowing the gender of a person isn't important, salesperson is a much more inclusive term than saleswoman.	1	0	0	0	0	1	0	0	0	1	3.333333333333333
640	We should fight for the abolition of nuclear weapons	in favor of	Fallout from nuclear weapons gets carried across the world by the wind, we must abolish nuclear weapons so that conflicts between individual states don't cause nuclear damage in neighboring states.	0	0	0	0	0	0	1	0	0	1	3.0
774	We should cancel pride parades	against	we should not cancel pride parades because people should have the right to express what they want, and how they feel about a certain issue.	1	0	0	0	0	1	1	0	0	1	3.0
6937	We should abolish the National Register of Citizens (NRC)	in favor of	NRC increases the feeling of alienation among Muslims and animosity among orthodox Hindus, leading to communal unrest which is already on the rise since the BJP came to power.	0	0	0	0	0	1	0	0	0	1	3.333333333333333
116	We should ban missionary work	against	missionary work is beneficial for those receiving aid.	0	1	0	0	0	1	0	0	0	1	3.333333333333333
5440	Foster care brings more harm than good	in favor of	foster care can fail to meet the needs of children.	0	1	0	0	0	1	0	0	0	0	3.5
5903	We should subsidize vocational education	in favor of	vocational education allows for those who are not academically adept to qualify in a job fielld and continue on into work	1	1	0	0	0	1	1	0	0	1	3.0
35	We should abolish zoos	in favor of	we should abolish zoos as animals should not be kept in captivity and should be in a natural environment.	0	0	0	0	0	0	0	0	0	1	3.333333333333333
263	We should subsidize student loans	in favor of	college is getting more and more expensive each year so students should be getting as much help as they need	1	1	0	0	1	1	0	0	0	0	3.5
1720	We should abolish the Olympic Games	in favor of	the olympic games cost vast sums of money to the host country that would be better spent on essential services such as healthcare and education	1	1	0	0	0	1	0	0	0	0	3.5
5373	The EU should integrate the armed forces of its member states	in favor of	I agree with your idea. But it is a long and arduous way to reach the goal. What's the point of building a skyscraper without a foundation? What I mean by that: First the EU needs a unified foreign policy and only then a common and united army.	0	0	0	0	1	1	0	0	0	0	3.5
3243	We should ban private military companies	against	private military companies are more efficient than government run	1	1	0	0	1	0	0	0	0	1	3.333333333333333
5960	Homeopathy brings more harm than good	against	Homeopathic medicines are usually safe for pregnant women and children.	0	0	0	0	0	1	1	0	0	1	3.0
2684	We should adopt a zero-tolerance policy in schools	against	we need to remember we are talking about children not criminals, this policy is far too harsh and unnecessary. let children be children.	0	1	0	0	0	0	0	0	0	1	3.333333333333333
1634	We should adopt libertarianism	in favor of	libertarianism - and the seeking to maximise freedom and personal autonomy - is a key value and it should be central to the constitution.	0	0	0	0	0	0	1	0	0	0	3.0
4386	We should introduce compulsory voting	against	people have the right to abstain from voting, especially among the disabled	0	1	0	0	0	1	1	0	0	1	3.0
2163	We should prohibit school prayer	in favor of	school prayer shouldnt be imposed on pupils as we all have different values and beliefs and live in a multi cultural society	0	0	0	0	0	0	1	0	0	1	3.0
4893	We need to change the immigration policy to prevent illegal crossing	against	Mass immigration is the biggest existential threat to the EU.  The UNCHR has already 70 million registered refugees, mainly from Africa and the ME. In Africa 400 million like to come to the EU.  Almost all people are without a useful education.  There is no other solution than an, almost, total stop to immigration.	1	0	0	0	0	1	0	0	0	0	3.5
6434	We should abandon television	against	Television provides information to those who can not get out of their environment.	1	0	0	1	0	1	1	0	0	1	3.0
6249	Blockade of the Gaza Strip should be ended	in favor of	What are we waiting for? Do we want to see old people and babies dying from lack of basic health conditions and bad infrastructure? Well they already are.	0	1	0	0	1	1	0	0	0	1	3.333333333333333
6894	Payday loans should be banned	against	payday loans can wire people that need money fast the money they need	0	0	0	0	0	1	1	0	0	0	3.0
2303	We should stop the development of autonomous cars	in favor of	no autonomous car will every be able to make complex judgement calls the way a human can.	1	0	0	0	0	1	0	0	0	1	3.333333333333333
4156	We should ban algorithmic trading	against	it tends to more profitable and eliminates human error	1	0	0	0	1	0	0	0	0	1	3.333333333333333
88	We should ban fast food	against	fast food is sometimes the only way poor people can feed their families cheaply. if you ban it then you are taking away someone's only meal.	0	1	0	0	0	1	0	0	0	0	3.5
7260	We should remove unauthorized asylum seekers or migrants.	in favor of	No more immigration from non-European or non-first world countries.	0	0	0	0	1	1	1	0	0	1	3.0
1265	We should adopt libertarianism	in favor of	libertarianism give more freedom to the people and cuts out government influence in their lives.	0	0	0	0	0	0	1	0	0	0	3.0
1482	We should abolish safe spaces	in favor of	safe spaces are endorsing segregation instead of engouraging debate	0	0	0	0	0	1	1	0	0	1	3.0
3768	We should abolish intellectual property rights	against	we shoudn't abolish intellectual property rights because a person should have the rights to change and make plans on something that they own without worrying about someone else stepping in.	1	0	0	0	0	0	1	0	0	1	3.0
5506	Homeopathy brings more harm than good	in favor of	homeopathic remedies are not medically tested and verified as safe.	0	1	0	0	0	1	0	0	0	1	3.333333333333333
3465	We should end mandatory retirement	against	mandatory retirement ensures there are places in the workplace for those who are starting their careers	1	0	0	0	0	1	0	0	0	1	3.333333333333333
543	We should legalize cannabis	in favor of	Too much drugs depend on the availability of cannabis. legalizing it will make development of these drugs quicker	0	0	0	0	0	1	1	0	0	0	3.0
5699	We should subsidize vocational education	in favor of	We should subsidize vocational education to support students who wish to follow a different education path to those going to university, who would be ineligible for scholarships and grants.	1	1	0	0	0	1	1	0	0	1	3.0
3946	We should legalize organ trade	in favor of	organ trade facilitates better health for those who can afford it and better financial outcomes for thouse who provide the organs, hence it should be legalized.	0	0	0	0	0	1	0	0	0	0	3.5
3833	We should subsidize Wikipedia	in favor of	wikipedia should be subsidized as it a valuable educational tool.	1	0	0	0	0	0	1	0	0	0	3.0
3286	We should oppose collectivism	against	collectivism is society working for the benefit of the masses and not for individual gain	0	1	0	0	0	1	0	0	0	0	3.5
1762	We should ban whaling	against	We should not ban whaling because there are whale species that could be sustainably harvested, albeit not all whale species.	0	1	0	0	1	0	0	0	0	1	3.333333333333333
5509	We should abandon television	in favor of	excessive television watching leads to a sedentary lifestyle and obesity	0	0	0	0	0	1	0	0	0	0	3.5
319	We should fight for the abolition of nuclear weapons	in favor of	nuclear weapons are destructive and unnecessary	0	0	0	0	0	1	0	0	0	1	3.333333333333333
3365	We should subsidize space exploration	in favor of	space exploration is important for the development and growth of human society and knowledge and should be invested in by the government.	1	0	0	0	0	0	0	0	0	0	3.5
2856	We should abandon the use of school uniform	in favor of	the school uniform does not allow for the uniqueness and expression of the individual	0	0	0	0	0	0	1	1	0	0	3.0
2532	We should introduce compulsory voting	against	people would be forced to vote for something even if they didn't believe it was right.	0	0	0	0	0	0	1	0	0	1	3.0
2393	We should ban algorithmic trading	against	the digitization of the sector raises the field of action of information. as computer models and algorithmic programs	1	0	0	0	1	0	0	0	0	0	3.5
3280	We should end the use of economic sanctions	in favor of	economic sanctions should be ended as it usually tends to make life harder for the innocent poor citizens who have no idea about what's going on	0	0	0	0	0	1	0	0	0	1	3.333333333333333
5701	Foster care brings more harm than good	in favor of	The foster care system strips children of autonomy by forcing them to pass every decision about after school activities or hanging out with friends through a social worker that is difficult to access.	0	0	0	0	0	1	1	1	0	1	3.0
3025	We should abolish the Olympic Games	against	the olympic games give athletes from all over the world a chance to compete and showcase their talents.	1	0	0	0	0	1	1	0	0	0	3.0
3942	We should abandon the use of school uniform	against	uniforms let students be on equal grounds and have them judge each other by character instead of wealth	0	0	0	0	0	0	0	0	0	1	3.333333333333333
6747	Payday loans should be banned	against	payday loans help people make ends meet when income sources become constrained.	0	0	0	0	0	1	1	0	0	0	3.0
257	We should adopt a multi-party system	in favor of	In multi-party systems, there are many types of ideologies - as opposed to two-party systems, where the nation is not divided into two rival groups.	0	0	0	0	0	1	1	0	0	1	3.0
5077	EU needs an action plan against digital addiction 	against	Technology brings people together when they are distant, accelerates bureaucratic procedures, it allows us to work from home or from any country in the EU or outside. It allows for an immense flow of information to be easily accessible to us. As long as people do not want to do illegal online activities, it is each person’s individual decision what to do with their own online time or how much time they might want to be online.	1	0	0	0	0	1	1	0	0	1	3.0
3906	We should limit executive compensation	against	Incentive to perform at the highest levels and attractiveness of position are important factors in maintaining a competitive and successful company in a fast moving and aggressive marketplace.	1	0	0	0	1	0	0	1	0	0	3.5
3782	We should end mandatory retirement	in favor of	we should end mandatory retirement because no one has the right to tell another person when they have to stop working. it is an individual's choice and should be left up to them when they wish to call it quits.	0	0	0	0	0	0	1	0	0	0	3.0
2574	We should ban cosmetic surgery for minors	against	minors should have a choice in what to do with their bodies	0	0	0	0	1	0	1	1	0	0	3.0
2637	We should adopt libertarianism	in favor of	We should adopt libertarianism because it would lead to fewer international conflicts if states were weaker.	0	0	0	0	0	1	1	0	0	1	3.0
6145	We should abandon television	against	it can be very educational and full of facts	1	0	0	0	0	0	1	0	0	0	3.0
2791	We should abolish zoos	against	Zoos protect many of the near extinct animals and should be kept open.	0	1	0	0	0	0	0	0	0	1	3.333333333333333
4277	We should abolish zoos	in favor of	animals in zoos are miserable and confined.	0	0	0	0	0	0	0	0	0	1	3.333333333333333
1156	We should legalize cannabis	in favor of	it`s been proven that cannabis has some relief who helping people suffering from terminal illness.	1	1	0	1	0	1	1	0	0	0	3.0
4902	We need integrated rail transport systems, agreements between various railway operators and a simple and accessible search engine	in favor of	Take as example airplanes - how so, that it is so common to be able to search for tickets using one of many webpages or apps, but we actually cannot do the same for trains? Trains are more ecological.	1	1	0	0	0	0	1	0	0	1	3.0
3530	We should subsidize space exploration	against	Space exploration is a field which the private sector is fully capable to fulfill, as Elon Musk shows us.	1	0	0	0	0	0	1	0	0	0	3.0
3675	We should subsidize student loans	against	people knew when they took out the loan that they'd have to pay it back.  they should be responsible, just as other people are for mortgages and car loans.	0	1	0	0	0	1	0	0	0	1	3.333333333333333
7151	We should rethink the legal state of Family Reunification.	in favor of	The procedure of Family Reunification is already causing major problems in the USA. 	0	0	0	0	0	1	0	0	0	1	3.333333333333333
1566	We should ban cosmetic surgery	against	we should not ban because it helps people feel good about themselves and improve their confidence.	0	0	0	1	0	1	1	0	0	0	3.0
4696	India should have 'One Nation - One Election' policy 	against	Holding both elections together will also mean mixing up the national issues with those of the state. The national issues would overpower the state which in turn would get less priority from the politicians.	0	0	0	0	1	0	1	0	0	1	3.0
4420	We should abolish the right to keep and bear arms	in favor of	school shootings are at an all time high and abolishing this right is only necessary	0	0	0	0	0	1	0	0	0	0	3.5
829	We should abolish capital punishment	in favor of	Given that we can almost never guarantee that someone isn't wrongly convicted, we shouldn't have capital punishment because it can't be undone if new evidence comes out.	0	0	0	0	0	1	0	0	0	1	3.333333333333333
6039	Homeopathy brings more harm than good	against	the placebo effect is a completely valid form of homeopathy and is used by millions	1	0	0	0	0	1	0	0	0	0	3.5
4025	We should ban fast food	in favor of	fast food is unhealthy, cheap and easy to find and it needs to be banned	0	0	0	0	0	1	0	0	0	0	3.5
1527	We should ban fast food	in favor of	fast food is leading to an obesity epidemic and a health crisis.	0	0	0	0	0	1	0	0	0	0	3.5
6572	Foster care brings more harm than good	against	there are many capable families who look after foster children and provide a better home than where they were before	1	1	0	0	0	1	0	0	0	0	3.5
317	We should limit judicial activism	against	judicial activism allows for a check on decrees made by one branch of the government that may think that drastic action is needed for every situation.	0	0	0	0	0	1	0	0	0	1	3.333333333333333
3169	We should fight for the abolition of nuclear weapons	in favor of	abolishing nuclear weapons is a good action to take. nuclear weapons are dangerous and could expose the planets to extreme destruction	0	1	0	0	0	1	0	0	0	1	3.333333333333333
6728	Holocaust denial should be a criminal offence	against	it should not a criminal offence as it is just an opinion rather than actually committing a crime.	0	0	0	0	0	0	1	0	0	1	3.0
6004	Homeopathy brings more harm than good	against	homeopathy is better than the alternative prescribed medications that have serious side effects.	0	0	0	0	0	1	1	0	0	0	3.0
1568	We should oppose collectivism	against	We should support collectivism because many problems like climate change cannot be dealt with on an individual level.	1	0	0	0	0	1	0	0	0	1	3.333333333333333
58	We should adopt a zero-tolerance policy in schools	against	zero telerance policied do not address underlying causes for the behaviour that is causing the issue	0	0	0	0	0	0	0	0	0	1	3.333333333333333
304	We should ban cosmetic surgery for minors	against	minors should be allowed plastic surgery, so long as they get consent from their parents and the plastic surgeon.	0	1	0	0	0	1	1	0	0	1	3.0
1046	We should ban factory farming	in favor of	animals in factory farms are kept in terrible conditions and we need to stop this	0	0	0	0	0	0	0	0	0	1	3.333333333333333
494	We should fight for the abolition of nuclear weapons	in favor of	nuclear weapons create such irreversible damage that we should all agree to remove them as an option.	0	0	0	0	0	1	0	0	0	1	3.333333333333333
6993	India is safe for women	in favor of	Women of our country have been and are achieving the epitomes of success and glory every other day. Prominent personalities like Savitribai Phule, Mother Teresa, Sarla Thakral, Kalpana Chawla, Sister Nivedita, Sarojini Naidu, and many more have been conquering their respective fields for centuries. In recent times, Prativa Patil, Meira Kumar, Priyanka N., Mitali Madhumita, Tanushree Pareek are some of the women achievers to be the queens. With such accomplishments happening around, safety can be guaranteed to a big extent.	1	0	0	0	0	1	0	0	0	1	3.333333333333333
4934	Every young European should be asked to go live in another country for 1 year at least	against	If young Europeans are living abroad they will feel racism on their own in the country they are living in.	0	0	0	0	0	1	0	0	0	1	3.333333333333333
6812	The vow of celibacy should be abandoned	in favor of	the vow of celibacy should be abandoned because it is not natural.	0	0	0	0	0	0	1	0	0	1	3.0
966	We should legalize organ trade	in favor of	everyone should have a choice about what they want to do with their bodies, and if selling an organ is one of them, they should be free to decide.	0	0	0	0	0	0	1	0	0	0	3.0
514	We should ban the use of child actors	in favor of	the use of child actors exploits a child and can have negative effects on them	0	1	0	0	0	0	1	0	0	0	3.0
4507	We should ban the use of child actors	against	many films and television shows have child roles which could only be filled by children. as long as the children are protected it means that the finished product will have higher artistic integrity.	1	0	0	1	0	0	1	0	0	0	3.0
5624	Intelligence tests bring more harm than good	against	intelligence tests help to determine if a person is in need of intellectual help	1	1	0	0	0	0	0	0	0	1	3.333333333333333
3517	We should abolish zoos	in favor of	we should abolish  because it changes an animals behavior versus if they were free in the wild	0	1	0	0	0	0	0	0	0	1	3.333333333333333
184	We should legalize sex selection	in favor of	sex selection is the perfect solution to a family that has a history of all one gender.  many families want the perfect one and one so it's perfect for those as well.  it's a win no matter how you look.	0	1	0	0	0	0	1	0	0	1	3.0
3693	We should legalize organ trade	against	legalizing the organ trade would make the organs to expensive to all those on need, making them available to only the wealthiest of patients.	0	0	0	0	0	1	0	0	0	1	3.333333333333333
62	We should end the use of economic sanctions	in favor of	economic sanctions affect poor people more than governments	0	0	0	0	0	1	0	0	0	1	3.333333333333333
4663	NEET exam should be banned	against	But every year, less than 20% of the students are passing the exam. By this, it is evident that the quality of medical education in other countries where Indian students are studying is not at par with the medical education in India. So, it is very important to take steps to provide affordable and high-quality medical education in India.	1	1	0	0	0	0	0	0	0	0	3.5
1198	We should introduce compulsory voting	against	we shouldnt because people might just vote for anyone if they have no interest in politics and could sway the vote.	1	1	0	0	1	1	1	0	0	0	3.0
4927	We need an inclusive language for all citizens of the world: the Esperanto.	against	If there are language problems, we need to work on national integration systems, e.g. in France where English is being thought in French. language.	1	1	0	0	0	0	1	0	0	1	3.0
6575	Payday loans should be banned	against	payday loans shouldn't be banned for our well with society	0	0	0	0	0	1	1	0	0	0	3.0
4208	We should abolish zoos	in favor of	Zoos are too often a place of mistreatment and death for wild animals.  We should abolish them and move onto other conservation efforts.	0	0	0	0	0	0	0	0	0	1	3.333333333333333
1612	We should limit executive compensation	in favor of	limiting executive compensation would allow more money to go to employees.	0	0	0	0	1	0	0	0	0	1	3.333333333333333
4543	We should abolish the three-strikes laws	in favor of	The three-strikes law  should be abolished and the punishment should always fit the crime so if the third crime is petty then they should have a minimal sentence or fine rather than prison terms.	0	1	0	0	0	1	0	0	0	1	3.333333333333333
79	We should abolish the three-strikes laws	in favor of	three is an arbitrary number and may not be appropriate in some instances or for some crimes	0	0	0	0	0	0	0	0	0	1	3.333333333333333
1027	We should abolish the right to keep and bear arms	against	not having an armed public would entice the government to become more tyrannical.	0	0	0	0	0	1	1	0	0	1	3.0
1037	We should ban cosmetic surgery	against	we should not ban cosmetic surgery people some people don't like how they look and it's their money if they want to change that	0	0	0	1	1	0	1	1	0	0	3.0
124	We should abolish the right to keep and bear arms	in favor of	it will decrease the number of crimes and violence on the streets	0	0	0	0	0	1	0	0	0	0	3.5
667	We should limit judicial activism	against	each case has different circumstances and certain things need to be taken into consideration for each one. judicial activism allow the court to consider the circumstances of each crime.	1	1	0	0	0	1	1	0	0	1	3.0
6359	Blockade of the Gaza Strip should be ended	in favor of	this blockade is not effective, actually have reverse effect because it only hurts the citizens there especially the poor so will make the palestinian retaliate more against israel.	0	0	0	0	0	1	0	0	0	1	3.333333333333333
5939	Holocaust denial should be a criminal offence	against	free speech can't be restricted and people are allowed to believe what they want, it doesn't harm anyone else for one person to think the holocaust wasn't real.	0	0	0	0	0	0	1	0	0	1	3.0
5352	We need legal ways of migration.	against	Migrants depend on other countries' social systems.	1	0	0	0	0	1	1	0	0	1	3.0
2555	We should ban cosmetic surgery for minors	in favor of	cosmetic surgery is something that is life long.  which is why minors, who's brains are not fully matured yet, don't have the ability to truly make such a decision for themselves.	1	1	0	0	0	0	0	0	0	1	3.333333333333333
1414	We should abolish the three-strikes laws	in favor of	there are times when it makes sense for people to get another chance	0	1	0	0	0	0	0	0	0	1	3.333333333333333
1735	We should adopt an austerity regime	against	We should not adopt an austerity regime because counter cyclical spending leads to better outcomes for the economy than austerity.	1	0	0	0	1	1	0	0	0	0	3.5
4497	We should subsidize journalism	in favor of	more people would be able to get into journalism and there would therefore be more news stories available.	1	1	0	0	0	0	1	0	0	1	3.0
1162	We should subsidize embryonic stem cell research	in favor of	embryonic stem cells are superior to stem cells derived elsewhere because they can potentially grow into any type of cell -- subsidizing this research would allow for scientific research to advance faster.	1	1	0	0	0	1	0	0	0	1	3.333333333333333
449	We should subsidize embryonic stem cell research	against	i don't think tax dollars should be going towards researching embryonic stem cells.   there is much better usage for our money than that.   we do not need to subsidize this.	0	0	0	0	1	1	0	0	0	0	3.5
5581	The use of public defenders should be mandatory	in favor of	people dont always know whats best for them, so they shouldnt be representing themselves.	0	1	0	0	0	0	0	0	0	1	3.333333333333333
3409	We should abolish safe spaces	against	safe spaces give a place of sanctuary to those that may be in a vulnerable state and a safe place is the only accessible option to gather oneself together in safety.	0	1	0	0	0	1	1	0	0	1	3.0
898	We should ban factory farming	against	for many, eating factory farmed food, is the only way they can afford to eat meat so to ban it would limit the food types poorer people could eat.	0	1	0	0	0	1	0	0	0	1	3.333333333333333
7095	We should reduce environment pollution by limiting number of people in Europe	against	People are migrating from poorer countries with difficult local climates because the nations of Europe made those countries poor and destroyed the climate.	0	1	0	0	0	1	0	0	0	1	3.333333333333333
4537	We should subsidize journalism	against	journalism should not be subsidized because subsidies could too easily be allotted according to political beliefs.	0	1	0	0	0	0	0	0	0	1	3.333333333333333
2521	We should subsidize student loans	in favor of	student loans take many years to pay off and if we don't subsidize there will be less students willing to go to college.	0	0	0	0	0	1	1	0	0	1	3.0
7048	We should make healthy food cheaper than unhealthy food	in favor of	creating a European sustainability tax for all products and services from inside and outside the EU based on the sustainability goals of the United Nations will make all unsustainable products more expensive and sustainable products more competitive	0	1	0	0	0	0	0	0	0	1	3.333333333333333
1817	We should legalize prostitution	in favor of	legalizing prostitution could empower women and make them safer	0	0	0	0	0	1	1	1	0	1	3.0
2381	We should subsidize Wikipedia	in favor of	it is the go to encyclopedia and should be of the highest quality possible	1	1	0	0	1	0	0	0	0	0	3.5
405	We should ban the use of child actors	in favor of	child actors miss out on socialization with kids their own age and fall behind in school	0	1	0	0	0	1	0	0	0	0	3.5
2266	We should abolish intellectual property rights	against	companies invest billions into research, if there are no rights it would dissuade companies from conducting research in the first place.	1	0	0	0	1	0	1	0	0	0	3.0
3923	We should abolish the Olympic Games	in favor of	the olympic games put too much of a financial strain on host cities so they should be done away with	0	0	0	0	1	1	0	0	0	0	3.5
755	We should ban cosmetic surgery for minors	in favor of	allowing cosmetic surgery for minors would simply sweep the real problem under the rug: the effect of toxic appearance standards.	0	1	0	0	0	1	1	0	0	1	3.0
4936	We need legal ways of migration.	against	Migrants have a complete lack of critical thinking.  	1	0	0	0	0	0	1	0	0	0	3.0
6305	Foster care brings more harm than good	in favor of	some children are abused in their foster homes	0	1	0	0	0	1	0	0	0	1	3.333333333333333
6352	Surrogacy should be banned	against	surrogacy is a beautiful act and so appreciated by the parents who could not have a child any other way.  we can't end this.	0	1	0	0	0	1	1	0	0	0	3.0
2611	We should adopt an austerity regime	in favor of	Austerity regime is important for maintaining only important spending from government when their is lack of economic growth in the country. It helps in cutting useless spending and revitalize the economy	1	1	0	0	1	1	0	0	0	0	3.5
3876	We should ban human cloning	in favor of	cloning human beings goes against nature with which we could have serious consequences in the future	0	0	0	0	0	1	0	0	0	1	3.333333333333333
2464	We should legalize cannabis	in favor of	the war on drugs has not stopped people from using cannabis.	0	1	0	0	0	0	1	0	0	1	3.0
3153	We should ban cosmetic surgery	in favor of	the risks of cosmetic surgery are not worth the small gains that result from it	0	0	0	0	0	1	0	0	0	0	3.5
2548	We should ban the use of child actors	against	i think the we shouldn't ban the use of child actors because is good for thier cultural formation	0	1	0	0	0	1	0	1	0	0	3.5
600	We should abolish zoos	in favor of	zoos maintain animals in unnatural, cramped conditions - they are exploited for the benefit of a paying public, with little concern about their happiness of welfare.	0	1	0	0	0	0	0	0	0	1	3.333333333333333
3436	We should cancel pride parades	against	the cancellation of pride parades runs totally counter to a society wishing to preach tolerance and equality, and would set a dangerous precedent.	0	0	0	0	0	1	0	1	0	1	3.333333333333333
6073	The use of public defenders should be mandatory	against	if someone can afford a good lawyer you are violating their rights by stopping them	0	0	0	0	1	1	1	0	0	0	3.0
4251	We should adopt a zero-tolerance policy in schools	against	zero tolerance policies don't allow for adminstrators to use their judgement to administer punishment	0	0	0	0	1	0	1	0	0	1	3.0
5769	Social media brings more harm than good	against	social media is great because it can connect people across the globe. it was never before possible to have a live face to face conversation with someone than we can now with social media video apps.	1	0	0	0	0	1	0	1	0	1	3.333333333333333
6688	Intelligence tests bring more harm than good	in favor of	Intelligence tests bring more harm than good because they justify pseudo-scientific discrimination against people of lower intelligence.	1	0	0	0	0	0	0	0	0	1	3.333333333333333
3342	We should limit judicial activism	in favor of	justice can not be subject to personal opinions	0	0	0	0	1	1	1	0	0	1	3.0
2810	We should adopt a multi-party system	in favor of	a multi-party system allows for more unqualified people to get into the race	1	0	0	0	0	1	0	0	0	1	3.333333333333333
3654	We should fight for the abolition of nuclear weapons	in favor of	Nuclear weapon development takes incredibly intelligent scientists and makes them work on something that is destructive to society, we'd rather they used their intellect to develop helpful technologies which can only happen if we abolish nukes.	1	1	0	0	0	1	0	0	0	0	3.5
6032	Blockade of the Gaza Strip should be ended	against	the gaza strip blockade is a method to protect the people in gaza and aids in preventing an iranian takeover.	0	0	0	0	1	1	0	0	0	1	3.333333333333333
1655	We should fight for the abolition of nuclear weapons	against	We should not fight for the abolition of nuclear weapons because there is a huge risk to being the first great power to disarm your nuclear arsenal, and the status quo keeps us all safe.	0	0	0	0	0	1	0	0	0	1	3.333333333333333
3869	We should abolish capital punishment	in favor of	capital punishment is too risky as sometimes innocent people are killed. unless it can be known for certain that a person is guilty, capital punishment wiill always present too much of a risk.	0	0	0	0	0	0	0	0	0	1	3.333333333333333
2318	We should adopt a multi-party system	against	they can lead to too much indecision	0	0	0	0	1	0	0	0	0	0	4.0
3686	We should subsidize space exploration	against	space exploration is a bottomless money pit that completely fails to justify the enornomous quantity of revenue pumped into it.	0	0	0	0	1	1	0	0	0	0	3.5
4127	We should oppose collectivism	in favor of	collectivism necessarily means that individual freedoms will be reduced, so it does not make sense to adopt it.	0	0	0	0	0	0	1	0	0	0	3.0
6737	Blockade of the Gaza Strip should be ended	against	blockade of the gaza strip should not be ended because this territory has turned out to be a very dangerous area.	0	0	0	0	0	1	0	0	0	1	3.333333333333333
7277	We should abolish the 996 overtime system	against	For the poor people, if they can go to the Internet factory, China's 996 overtime system is a blessing, twelve hours a day, six days a week, can also rest a day, quite good.	1	0	0	0	0	1	0	0	0	0	3.5
3706	We should adopt an austerity regime	against	an austerity regime will cause taxpayers to have to pay more taxes	0	0	0	0	1	1	0	0	0	0	3.5
5728	Blockade of the Gaza Strip should be ended	in favor of	the blockade of the gaza strip is causing over a million people to go hungry for no reason.	0	1	0	0	0	1	1	0	0	1	3.0
2101	We should legalize prostitution	in favor of	legalizing prostitution would allow for regulations and benefits that would help sex workers via offering protection with rights granted to legal employment as well as financial prosperity.	1	1	0	0	1	1	0	1	0	1	3.333333333333333
2200	We should oppose collectivism	against	collectivism helps everyone accomplish things better.	1	0	0	0	0	1	1	0	0	1	3.0
2220	We should legalize prostitution	in favor of	Legalizing prostitution will help destigmatize sex in society more broadly and allow people to feel individually empowered.	1	0	0	1	0	1	1	0	0	1	3.0
6448	We should subsidize vocational education	in favor of	vocational education is an excellent alternative for students who aren't quite suited to traditional university education.	1	1	0	0	0	1	1	1	0	1	3.0
3508	We should ban cosmetic surgery	in favor of	cosmetic surgery is taking unnecessary risks.	0	0	0	0	0	1	0	0	0	0	3.5
5513	The vow of celibacy should be abandoned	in favor of	with the sexual revolution, the vow of celibacy is outdated and has little value in today's society.	0	0	0	1	0	0	1	1	0	0	3.0
3446	We should ban targeted killing	in favor of	targeted killing through drones can actually harm more people while trying to get to the actual target	0	0	0	0	0	1	0	0	0	1	3.333333333333333
5382	Payday loans should be banned	in favor of	payday loans create a more impoverished society with their crazy payback rates.	0	0	0	0	0	1	0	0	0	1	3.333333333333333
4041	We should adopt an austerity regime	against	austerity regimes may save a few bucks for the government but always at the expense of regular and vulnerable citizens.	0	1	0	0	0	1	0	0	0	1	3.333333333333333
5248	We need a better EU migration policy.	in favor of	The EU is driving in the dark with the lights switch off. 	0	0	0	0	0	1	0	0	0	1	3.333333333333333
4005	We should abolish zoos	in favor of	Animals should not be kept in cages. They should be able to run free.	0	0	0	0	0	0	0	0	0	1	3.333333333333333
5531	We should subsidize vocational education	in favor of	not everyone can has the academic requirements for university education. we do still need vocational trades and skills and it makes sense to support people seeking to gain these skills.	1	1	0	0	0	0	1	0	0	0	3.0
6346	Intelligence tests bring more harm than good	against	intelligence tests are useful tools for schools and employers.	1	0	0	0	1	0	0	0	0	1	3.333333333333333
7084	We should make pushbacks legal 	in favor of	We need to legalize pushbacks as a tool to limit illegal migration.	1	1	0	0	1	1	1	0	0	0	3.0
3177	We should abolish the right to keep and bear arms	against	if the right to keep and bear arms was abolished people would be unable to protect themselves and their property.	0	1	0	0	0	1	0	0	0	0	3.5
5003	The EU should immediately end the refugee deal with Turkey.	against	Without the refugee deal, the migrants will return to invade us. 	0	1	0	0	0	1	0	0	0	0	3.5
90	We should introduce compulsory voting	against	compulsory voting goes against people's liberties and freedoms.	0	0	0	0	0	0	1	0	0	0	3.0
7224	We should protect the EU borders and stop migration	in favor of	Protecting the EU's external borders and guaranteeing that no one can enter the Schengen free movement zone who does not have the right to do so is a primary condition for security in Budapest, Berlin, Lyon, or anywhere in Europe.	0	0	0	0	0	1	0	0	0	1	3.333333333333333
3500	We should ban fast food	in favor of	fast food is nutritionally devoid, cruel to animals, pollutes the environment and is aggressively marketed towards impressional children.	0	1	0	0	0	1	0	0	0	1	3.333333333333333
3241	We should subsidize space exploration	in favor of	the technology we get from space exploration alone is worth the cost of it	1	0	0	0	1	0	0	0	0	1	3.333333333333333
5017	The EU should improve public management and anti-corruption mechanisms	in favor of	Bad governance, unreasonable spending, and corruption are damaging and unsustainable which means, we can't afford to leave them alone if we want to have a future. 	0	1	0	0	1	1	0	0	0	0	3.5
4885	We need a common migration and asylum policy, based on respect for rights and equal treatment	in favor of	Although there is an immense increase in the number of TCN migrant workers, there is no adequate policy in protecting their rights. Anyone in Europe should be entitled to the same worker’s rights, no matter where they come from. As migration is an issue that is dealt with by all countries, we must find a common answer at the EU level.	0	0	0	0	1	0	0	0	0	1	3.333333333333333
5586	The use of public defenders should be mandatory	against	The use of public defenders should not be mandatory because people should be able to provide for their own defense if they wish, since they know their own self interest best.	1	0	0	0	0	0	0	0	0	1	3.333333333333333
2273	We should ban cosmetic surgery	in favor of	cosmetic surgery is pointless and takes doctors away from other important fields such as family care	1	1	0	0	0	1	0	0	0	0	3.5
4257	We should fight for the abolition of nuclear weapons	in favor of	Due to the benefits of striking first with a nuclear weapon in times of war, even small conflicts can escalate into world endangering conflicts.	0	0	0	0	0	1	0	0	0	1	3.333333333333333
4935	Every young European should be asked to go live in another country for 1 year at least	against	No duck would like to live with eagles or sparrows.  That's nature, not wishful thinking.	0	0	0	0	0	1	1	0	0	1	3.0
1070	We should ban algorithmic trading	against	algorithmic trading enables a more level playing field in the trading of shares.	1	0	0	0	1	0	0	0	0	1	3.333333333333333
5233	There should be no immigration from non-European or non-first-world countries 	in favor of	I am happy to see that the ide of haling all immigration from non-European or non-first-world countries is still going strong. This message needs to be communicated to Brussels very clearly. 	0	0	0	0	1	0	1	0	0	1	3.0
6166	The vow of celibacy should be abandoned	in favor of	it should be abandoned because they have the same desires as every human has	0	0	0	1	0	0	0	1	0	0	3.5
6602	Assisted suicide should be a criminal offence	against	if to a degree of reasonable certainty the state of seriousness can not be reversed by the medicine, the patient must have the right to end his life and if he needs help for that he should not be condemned	0	1	0	0	0	0	1	0	0	1	3.0
1798	We should end mandatory retirement	in favor of	this measure allows to move pieces in the companies and refresh the work schemes and to adapt to the new times	1	0	0	0	0	0	1	0	0	0	3.0
4932	Europe is getting older and should be open to more migration from Asia, and southeast Asia.  	in favor of	We need to accept more immigrants to combat the aging of the European population. Immigrants do also grow old but before then they generally have children.	1	0	0	0	0	1	0	0	0	0	3.5
5518	Social media brings more harm than good	against	social media is used to collect money for the needy, connect friends, and organize group events.	1	1	0	0	1	1	1	0	0	0	3.0
5684	We should abandon television	against	television still serves an important role of keeping people informed about the world.	1	0	0	0	0	1	1	0	0	1	3.0
5311	We need a European democratizing force to help countries with democracy.	against	The intention of helping a country with democratization can easily be used to justify violent actions.	0	0	0	0	0	1	0	0	0	1	3.333333333333333
1524	We should subsidize Wikipedia	in favor of	wikipedia is an inexhaustible source of knowledge and we must take care of it	1	0	0	0	0	0	1	0	0	1	3.0
2814	We should abolish the right to keep and bear arms	in favor of	we must eliminate the right to keep and bear arms since it has happened that several unnecessary deaths have occurred due to the fact that people have the right to use weapons	0	1	0	0	0	1	0	0	0	1	3.333333333333333
1231	We should limit judicial activism	against	judicial activism is necessary to protect the rights of Americans because they seek to weed out the injustices within the system.	0	0	0	0	0	0	0	0	0	1	3.333333333333333
1610	We should abolish intellectual property rights	against	people deserve to have there inventions protected	1	0	0	0	1	0	1	0	0	1	3.0
1098	We should stop the development of autonomous cars	against	autonomous cars can assist the disabled, or those with limited abilities to get about	0	1	0	0	0	1	0	0	0	1	3.333333333333333
2914	We should introduce compulsory voting	in favor of	compulsory voting will ensure the proper result in an election.	1	0	0	0	1	0	0	0	0	1	3.333333333333333
1740	We should ban missionary work	against	missionary work can provide assistance to people who need it.	0	1	0	0	0	1	0	0	0	0	3.5
2987	We should legalize sex selection	against	the existence of the human being on the earth and its adaptation, and ecological domination are only the result of their natural destiny, for which the selection of sex should not be legalized	0	0	0	0	1	1	0	0	0	1	3.333333333333333
3638	We should legalize organ trade	against	people with more money buying organs will make poor people get lesser treatment and have longer waits.	0	0	0	0	0	1	0	0	0	1	3.333333333333333
6488	The use of public defenders should be mandatory	against	the use of public defenders is a serious drain on the coffers of government departments, and proven criminals have no right to such expenditure.	0	0	0	0	1	1	0	0	0	1	3.333333333333333
535	We should subsidize space exploration	against	space exploration doesn't have any immediate benefits for the general public	0	1	0	0	0	1	0	0	0	0	3.5
2350	We should abolish intellectual property rights	in favor of	intellectual properties allow large corporations to have monopolies over their products and restrict the free market.	1	0	0	0	1	0	1	0	0	0	3.0
5239	The EU should support Ukraine.	against	The EU needs its own, united Army but not to fight in a war in Ukraine against a country whose leader is unpredictable and can use nuclear weapons against us. 	0	0	0	0	0	1	0	0	0	1	3.333333333333333
4330	We should stop the development of autonomous cars	in favor of	they are not yet ready to be on the roads, they could be very dangerous.	1	0	0	0	0	1	0	0	0	0	3.5
1520	We should cancel pride parades	against	pride parades are essential for gay youth trying to navigate their sexuality. they give support where they may have none and send the message that being yourself is acceptable.	0	1	0	0	0	1	1	0	0	1	3.0
1959	We should ban factory farming	against	factory farming is one way to ensure we have enough food for our citizen and it should not be banned.	1	1	0	0	0	1	0	0	0	1	3.333333333333333
2795	We should stop the development of autonomous cars	against	autonomous cars will bring mobility to the disabled.	1	1	0	0	0	1	1	0	0	1	3.0
1686	We should ban private military companies	in favor of	private military companies do not operate under the normal rules of engagement and are sometimes linked to civilian deaths	0	0	0	0	0	1	0	0	0	1	3.333333333333333
6757	Intelligence tests bring more harm than good	in favor of	these tests need to be stopped until they are able to properly assess intelligence in a variety of forms, currently they are discriminatory	1	0	0	0	0	0	0	0	0	1	3.333333333333333
4568	We should encourage people to take part in Fit India Movement	in favor of	Some parents put too much stress on children to study. They send their children to tuition after school or just make them sit to do homework forgetting the importance of free time to play. This movement has the potential to change their minds and as a result, they may encourage their children to go out and play.	0	1	0	1	0	1	1	1	0	0	3.0
334	We should ban cosmetic surgery for minors	in favor of	Allowing cosmetic surgery for minors makes it easy for minors to pressure well-intentioned parents even if it is objectively a bad decision. A ban prevents parents from being put in this situation.	0	1	0	0	0	0	0	0	0	1	3.333333333333333
4097	We should ban human cloning	against	human cloning not only can aid in securing the longevity of a familial line but aid in research to target diseases that can find a cure.	1	0	0	0	0	1	1	0	0	1	3.0
2137	We should adopt libertarianism	in favor of	we should adopt libertarianism as it would be a system that might individuals have a fair chance in life other than just two major political parties.	1	0	0	0	0	1	1	0	0	1	3.0
6787	We should subsidize vocational education	against	subsidies are unjust unless they are beneficial to all, not just a select few in certain fields.	0	0	0	0	1	0	0	0	0	1	3.333333333333333
2195	We should adopt libertarianism	in favor of	libertarianism is better than anything else at keeping peace	0	0	0	0	0	1	1	0	0	1	3.0
906	We should ban factory farming	against	let the free market decide whether or not we should allow factory farming	1	0	0	0	1	0	1	1	0	1	3.0
2583	We should ban fast food	against	we should not ban a food simply because it is quick to buy! we can tax or ban the harmful components like saturated fat, and actually target the issue rather than indiscriminately target the convenience.	0	1	0	0	0	0	1	0	0	1	3.0
579	We should stop the development of autonomous cars	in favor of	autonomous cars leave both passengers and pedestrians vulnerable to malicious hacking which could cause wide scale destruction.	0	0	0	0	0	1	1	0	0	0	3.0
2134	We should abolish capital punishment	against	if you kill or rape someone you deserve to die.	0	1	0	0	0	0	0	0	0	1	3.333333333333333
3130	We should ban fast food	in favor of	we should ban fast food because the majority of it is not of nutritional value to the body by being filled with chemicals and carbohydrates.	0	0	0	0	0	1	0	0	0	1	3.333333333333333
6820	We should subsidize vocational education	against	we should not subsidize vocational education since once someone pays for and learns a new vocation, they will eventually make enough money to make it worthwhile.	1	1	0	0	0	1	0	0	0	0	3.5
5856	Entrapment should be legalized	against	putting temptation in the way of a criminal is not fair	0	1	0	0	0	0	0	0	0	1	3.333333333333333
5596	Assisted suicide should be a criminal offence	against	assisted suicide should  not be a criminal offence as people with chronic health conditions may not be able to commit sucidice alone but should have the right to choose whether they continue to suffer.	0	1	0	0	0	1	1	0	0	1	3.0
3209	We should end the use of economic sanctions	in favor of	economic sanctions usually do not prove to be effective and tend to cause hard feelings between the countries involved.	0	1	0	0	0	1	1	0	0	1	3.0
5341	The EU should be a permanent member of the UN Security Council.	in favor of	France should offer its seat on the UN Security Council, so European interests are represented.	1	0	0	0	1	1	0	0	0	1	3.333333333333333
21	We should fight for the abolition of nuclear weapons	in favor of	nuclear weapons pose too serious a threat to our world.  we must abolish them now.	0	0	0	0	0	1	0	0	0	1	3.333333333333333
5379	The EU should integrate the armed forces of its member states	in favor of	The EU cannot endlessly lean on America or NATO. America has proven to be fickle and NATO has its own problems, such as Turkey, which is outside the EU and has threatened Greece. The EU needs its own independent solution.	0	1	0	0	1	1	1	0	0	0	3.0
3288	We should adopt a multi-party system	in favor of	a multi party system would bring many new & fresh ideas into the forefront	0	0	0	0	1	0	1	0	0	1	3.0
6192	Homeopathy brings more harm than good	against	when no effective alternatives exist the placebo effects of homeopathy are to be supported.	1	1	0	0	0	1	0	0	0	0	3.5
2982	We should ban telemarketing	in favor of	we should ban it because of the often very high pressure sales tactics used to coerce a sale even if someone does not want to purchase anything	0	1	0	0	0	0	1	0	0	1	3.0
849	We should subsidize student loans	in favor of	students that work hard to get a degree should not start out their journey into the real world, in debt	1	1	0	0	1	1	0	0	0	1	3.333333333333333
6000	We should subsidize vocational education	in favor of	subsidizing vocational education will allow more people to pursue a vocation in a time when too few people are choosing that avenue.	1	1	0	0	0	1	1	1	0	0	3.0
3490	We should abolish capital punishment	against	capital punishment is good at keeping dangerous criminals off of the streets.	0	0	0	0	0	1	0	0	0	0	3.5
4265	We should subsidize Wikipedia	against	no subsidy should be given to wilkpedia. it is part of the free enterprise system and can be supported by users and advertisers.	0	1	0	0	1	0	1	0	0	1	3.0
2389	We should adopt atheism	in favor of	there is no actual proof that god exists.  it is all stories passed down no matter which religion.  atheism would stop the fighting over  which religion is superior.	0	0	0	0	0	1	0	0	0	1	3.333333333333333
2232	We should ban factory farming	in favor of	factory farming takes away jobs from people who know no other work.	1	0	0	0	1	1	0	0	0	0	3.5
2994	We should oppose collectivism	in favor of	as individuals we have a right to not be grouped into one thought process.	0	0	0	0	0	0	1	0	0	0	3.0
521	We should stop the development of autonomous cars	in favor of	autonomous cars can be hacked and become a dangerous weapon for evil persons	0	1	0	0	0	1	0	0	0	0	3.5
3075	We should ban targeted killing	in favor of	while drone strikes are effective tools, there is still a significant risk of non-combatant casualties due to the distance between target and operator and lack of human eyes on the ground	0	0	0	0	0	1	0	0	0	1	3.333333333333333
2805	We should ban telemarketing	against	telemarketing provides jobs. the economy is already unstable and lacking jobs. what are these people supposed to do if their job is banned? no one forces you to talk to them. just hang up.	0	1	0	0	1	1	0	0	0	0	3.5
935	We should limit executive compensation	against	if someone has worked hard to get where they are in a company then they should be rewarded accordingly.	1	1	0	0	1	1	0	0	0	1	3.333333333333333
853	We should legalize prostitution	in favor of	When prostitution is illegal, prostitutes are defenseless, and are often harassed and abused.	0	0	0	0	0	1	1	1	0	0	3.0
964	We should subsidize student loans	in favor of	student loans is a type of aid that is given to them in order to help lower their expenses and debts	1	1	0	0	1	1	0	0	0	0	3.5
340	We should end mandatory retirement	against	a mandatory retirement age helps employers regularly refresh the workforce with fresh talent	1	0	0	0	1	0	1	1	0	0	3.0
5136	The EU should enforce the obligation to respect the Rule of Law within its borders	in favor of	The EU should do it in an impartial manner and act against all countries regardless of political ideology. The EU should stand out to help all minorities and not just the politically advantageous ones. The oppression of Catalonians and Hungarian minorities outside its border is a constant problem since WW2 and it is completely ignored. If the EU wants to convince the masses, then it can't just cherrypick issues.	0	0	0	0	0	0	0	0	0	1	3.333333333333333
6632	We should subsidize vocational education	in favor of	not everyone is suited for a professional job and having a skill or craft may be more suitable.	1	0	0	0	0	1	0	0	0	1	3.333333333333333
6461	Holocaust denial should be a criminal offence	against	everyone should have a right to their beliefs concerning if there was a holocaust.	0	0	0	0	0	0	1	0	0	1	3.0
3230	We should fight for the abolition of nuclear weapons	against	Fighting for the abolition of nuclear weapons is useless - some of it is in the hands of very dangerous people in totalitarian countries which will not obey that demand	0	1	0	0	0	1	0	0	0	0	3.5
5714	The use of public defenders should be mandatory	against	public defenders are overworked and already with a low salary, thus they may not be that beneficial.	0	0	0	0	0	1	1	0	0	1	3.0
98	We should abolish zoos	against	zoos do a lot of conservation work and have successfully bred animals which were on the verge of extinction.	0	0	0	0	0	0	0	0	0	1	3.333333333333333
3698	We should abolish zoos	in favor of	animals need to be free and unrestricted, zoos offer small enclosures, denying animals the chance to survive and thrive in their own habitat.	0	0	0	0	0	0	1	0	0	1	3.0
3885	We should adopt a multi-party system	against	In a multi-party system, parties are more easily manipulated by the political agendas of different groups.	1	1	0	0	0	1	1	0	0	1	3.0
7019	We should prohibit the sale of washing machines without suitable filters	in favor of	Prohibiting washing machines without suitable filters will prevent groundwater pollution.	0	0	0	0	0	0	0	0	0	1	3.333333333333333
4687	We should have psychological counseling in educational institutions	in favor of	In 2020, on average 34 students committed suicide every day due to several reasons such as exam pressure, and relationship issues. So, it is very important to provide support for them in educational institutions. Counselors can help them to cope with the pressures and can help in improving their mental health. If the student suffers from mental health issues such as severe depression, counselors will take steps to get them treated by psychiatrists.	0	1	0	0	0	1	0	0	0	1	3.333333333333333
4202	We should stop the development of autonomous cars	against	autonomous cars are also one for the future since they operate itself they will encourage safe driving,parking,traffic.fuel efficiency will be adapted as well	0	1	0	0	0	1	0	0	0	1	3.333333333333333
2188	We should adopt an austerity regime	against	an austerity regime can prevent people from having the funds they need to live the life they chose.	0	0	0	0	1	1	1	1	0	0	3.0
6309	Assisted suicide should be a criminal offence	against	people suffering with no chance for recovery deserve to choose this type of death to end suffering and loss of dignity.	0	0	0	0	0	0	1	0	0	0	3.0
5425	Social media brings more harm than good	against	social media connects family members from around the world.	0	1	0	1	0	1	1	0	0	0	3.0
4021	We should ban human cloning	against	human cloning could give us a better understanding of the human body thus leading to medical breakthroughs.	1	0	0	0	0	1	1	0	0	0	3.0
6848	We should abandon television	in favor of	people are already starting to cut the cord. television is largely being replaced by other forms of entertainment and should be abandoned before it's too late.	0	0	0	1	0	0	0	0	0	1	3.333333333333333
6339	Surrogacy should be banned	against	couples have the right to explore options for starting a family, and if a third party is willing and able to consent surrogacy should be an option.	0	1	0	0	0	1	1	0	0	0	3.0
2146	We should abolish intellectual property rights	in favor of	we should abolish intellectual property rights because new ideas are often an extension of old ideas and intellectual property rights can therefore inhibit creativity.	0	0	0	0	1	0	1	0	0	1	3.0
1677	We should cancel pride parades	against	pride parades are a safe place for like minded people to gather and support each other.	0	1	0	0	0	1	1	0	0	1	3.0
125	We should end the use of economic sanctions	against	economic sanctions are often a proportional punishment	0	0	0	0	0	0	0	0	0	1	3.333333333333333
7282	We should give up developing electric vehicles	against	Electric cars are much cheaper to use than fuel cars over the life cycle of a car.	1	0	0	0	1	1	0	0	0	0	3.5
4473	We should abolish safe spaces	against	these do not harm to anyone. safe spaces can empower young people and protect them. the world is harsh enough, why not allow a little bit of harmless peace?	1	1	0	0	0	1	0	0	0	1	3.333333333333333
7337	We should prohibit capital monopoly.	against	Monopolies can sometimes protect the public interest in infrastructure areas such as energy and transportation, which are vital to the livelihood of the nation.	1	1	0	0	0	1	0	0	0	0	3.5
886	We should legalize organ trade	against	people would sell organs because to them money is more important than health, putting them at risk.	0	1	0	0	1	0	1	0	0	0	3.0
4332	We should ban targeted killing	in favor of	targeting killing takes the lives of innocent people that are in the wrong place at the wrong time	0	0	0	0	0	1	0	0	0	1	3.333333333333333
5505	Foster care brings more harm than good	against	saving a child life and giving the options in their life, bringing the safe and prosper future to the kid and making him as a valued citizen.	0	1	0	0	0	1	0	0	0	1	3.333333333333333
805	We should abolish zoos	in favor of	zoos are inherently cruel to the animals, keeping them confined in unnatural conditions for the benefit of entertaining human visitors - they are miserable, and more prone to disease.	0	1	0	0	0	0	0	0	0	1	3.333333333333333
3095	We should subsidize embryonic stem cell research	in favor of	embryonic stem cell research will enable us to make major breakthroughs in regards to the prevention and treatment of diseases.	1	1	0	0	0	1	1	0	0	1	3.0
1911	We should subsidize Wikipedia	against	subsidization may allow those providing the finances to have influence on entries that are in their interest	0	1	0	0	0	0	1	0	0	1	3.0
1072	We should abolish zoos	in favor of	zoos are an unnatural stressful environment for animals. no animal should have to live in a cage or enclosure just for the entertainment of people, it is cruel and unnecessary.	0	1	0	0	0	0	0	0	0	1	3.333333333333333
1652	We should adopt libertarianism	in favor of	libertarians adopt the best policies, regardless of which party espouses them.	1	0	0	0	0	0	1	0	0	1	3.0
66	We should ban private military companies	in favor of	private military companies could be a danger to our national security because their motives are financial in nature which means they could act in ways that are not in our country's best interest politcally.	0	0	0	0	0	1	0	0	0	0	3.5
1600	We should abolish zoos	against	zoos help conservation efforts and prevent extinction of animals in the wild. many zoos have a complex breeding network in place to specifically add to wild populations of animals outside of zoos.	0	1	0	0	0	0	0	0	0	1	3.333333333333333
2192	We should stop the development of autonomous cars	against	autonomous cars are simply the next logical step in transportation.  years ago people would have said all cars are dangerous and we should all stick to horse and buggy instead.	1	0	0	0	0	0	1	0	0	1	3.0
4889	We need a common migration and asylum policy, based on respect for rights and equal treatment	against	We should not bring the problem to Europe, but we should rather help where it is needed in their region! 	0	1	0	0	1	0	0	0	0	1	3.333333333333333
5073	The President of the European Commission should be directly elected by direct universal suffrage	against	What will the Europeans think if the candidates are always, for each election, either French, German, or maybe Spanish, and neither coming from small countries?  	0	0	0	0	0	0	0	0	0	1	3.333333333333333
758	We should subsidize Wikipedia	in favor of	wikipedia would be more accurate if it was subsidized.	1	1	0	0	0	0	0	0	0	0	3.5
1068	We should abolish safe spaces	against	a safe space is a great place for youth to hang out so that they are not in dangerous places.	0	1	0	0	0	1	1	0	0	1	3.0
4805	Solar and wind energies have harmful impacts on flying species, fauna and flora in general, and even insects	against	being against solar energy, in my opinion, is simply irrational.  Insects also die by windmills sometimes, but much more often from hunger, birds or herbicides, insecticides, etc. 	0	0	0	0	0	0	0	0	0	1	3.333333333333333
1832	We should subsidize Wikipedia	in favor of	wikipedia is useful in helping people of all ages learn about various topics..	1	1	0	0	0	0	1	1	0	1	3.0
622	We should ban cosmetic surgery for minors	against	The government must use least restrictive means to avoid encroaching on people's freedoms. As such they should educate and regulate cosmetic surgery for minors instead of banning it.	0	0	0	0	0	0	1	0	0	0	3.0
1537	We should end the use of economic sanctions	against	if a government is doing something wrong like apartheid we should not be trading with them as it shows support for that behaviour.	0	1	0	0	1	0	0	0	0	1	3.333333333333333
279	We should ban algorithmic trading	against	algorithmic trading provides people with more opportunities when it comes to trading.	0	1	0	0	0	0	1	0	0	0	3.0
4838	Immigrants should receive help from the EU through integration programs	against	We haven't got enough jobs and money for everyone in Europe! Stop immigration! However, Turkey, Qatar, Oman, Egypt, U.A.E., and Saudi Arabia have it! These countries can therefore welcome migrants instead of funding hundreds of mosques in Europe!	0	1	0	0	0	1	0	0	0	1	3.333333333333333
1908	We should ban targeted killing	in favor of	targeted killing should be banned because it often results in the deaths of innocent bystanders	0	1	0	0	0	1	0	0	0	1	3.333333333333333
6526	Entrapment should be legalized	in favor of	entrapment allows for officers to capture criminals who are trying to evade police in a manner that they would not expect.	1	0	0	0	0	1	0	0	0	1	3.333333333333333
6712	Blockade of the Gaza Strip should be ended	against	The blockade of Gaza pressures Hamas to end rocket attacks and seek peace with Israel.	1	0	0	0	1	1	0	0	0	1	3.333333333333333
4550	We should adopt libertarianism	in favor of	libertarianism reduces the oppression of big government and gives more freedom to the pople	0	0	0	0	0	0	1	0	0	0	3.0
4233	We should adopt libertarianism	against	Libertarianism sounds good to those who are comfortable with their lot in life, but it perpetuates the gaps between the rich and the poor by minimizing and even eliminating assistance for the weakest in our society.	0	1	0	0	0	1	0	0	0	1	3.333333333333333
7064	We should teach Esperanto, a common and neutral language, at all European schools	in favor of	Makes sense to me, its easy to learn and doesn't come with any nationalist baggage.	1	1	0	0	0	0	1	0	0	1	3.0
4573	Technology is making us feel less human	in favor of	Since the invention of machines, the value of workers is decreasing. They are made to work to support the machines. As a result, work revolves around machines and not humans. Workers are forced to work continuously along with the machine. 	1	0	0	0	1	1	0	0	0	1	3.333333333333333
5641	Homeopathy brings more harm than good	against	it has been proven to work and is safer than traditional medicine and drugs.	0	0	0	0	0	1	1	0	0	1	3.0
3881	We should adopt a zero-tolerance policy in schools	against	a zero-tolerance policy in schools shouldn't be adopted because the smallest little unimportant things could lead to a student being suspended.	0	1	0	0	0	0	0	0	0	1	3.333333333333333
922	We should subsidize embryonic stem cell research	in favor of	embryonic stem cell research may in the future lead to the discovery of treatments for many debilitating medical conditions	0	0	0	0	0	1	1	0	0	0	3.0
1336	We should limit executive compensation	against	executive compensation is simply part of a modern remuneration package, and just as with basic salaries, and attractive compensation scheme is needed to attract the best talent to an organisation.	1	0	0	0	1	0	1	0	0	0	3.0
5346	We need a plan for receiving asylum/migrants.	in favor of	According to Mrs. Ngozi Okonjat, African countries follow the example of the Asian Tigers. 	0	0	0	0	1	1	0	0	0	1	3.333333333333333
5439	Holocaust denial should be a criminal offence	against	people have freedom of speech, and ignorance does not equal a criminal offense. if that was true, too many people would be criminals based on the amoint of ignorance out there.	0	0	0	0	0	0	1	0	0	1	3.0
6562	Assisted suicide should be a criminal offence	in favor of	Helping someone to die should be a criminal offence because otherwise unscruplous people could get away with murder by having coercive control over someone and encouraging them to want to take their own life.	0	1	0	0	0	1	0	0	0	1	3.333333333333333
159	We should ban fast food	against	we all have the right to eat what we want, to prohibit a specific type of food is an abuse of power	0	0	0	1	0	0	1	1	0	1	3.0
1757	We should fight for the abolition of nuclear weapons	in favor of	nuclear weapons should be abolished because they are just an easy way to wipe out the human race.	0	0	0	0	0	1	0	0	0	1	3.333333333333333
7279	We should abolish the 996 overtime system	against	Corporate management seeks to maximize profits, and China's 996 overtime system can reduce operating costs, especially labor costs.	1	0	0	0	1	0	0	0	0	0	3.5
3767	We should end the use of economic sanctions	in favor of	sanctions only create humanitarian crises.	0	0	0	0	0	1	0	0	0	1	3.333333333333333
7213	We should limit population growth in overcrowded regions	against	Limiting freedom of movement does not seem like a good idea to me. I think what you are experiencing is bad local management, with urban planning laws fast growth and traffic issues can be fixed and avoided altogether.	1	0	0	0	1	0	1	1	0	0	3.0
3748	We should ban fast food	in favor of	fast food is one of the leading causes of obesity.	0	0	0	0	0	1	0	0	0	0	3.5
3453	We should abolish capital punishment	in favor of	capital punishment is barbaric, ties up a lot of resources, and doesn't really act as a deterrent to major crimes.	0	0	0	0	1	1	0	0	0	1	3.333333333333333
182	We should limit executive compensation	against	executives provide profits to shareholders and should be compensated accordingly	1	0	0	0	1	1	0	0	0	0	3.5
5166	All workers and unemployed should have access to social protection, including young people	in favor of	We see this problem in many countries and the situation is getting worse - the pandemic, also, took its toll. Stable quality jobs and adequate social protection are necessary if we don't want to see a great strain on social systems in the long term. 	1	1	0	0	0	1	0	0	0	1	3.333333333333333
4943	The European Union should be harder towards irreparable migrants, those who do not value their lives in peace, security, and prosperity.	against	Migrants have an enormous amount to offer in energy, new ideas, and cultures. Why this emphasis on imaginary 'takeovers'?	1	0	0	0	0	0	1	1	0	1	3.0
2519	We should ban cosmetic surgery for minors	against	bullying and insecurities are rampant in a teenagers world. it has very serious effects. if a little bit of plastic surgery would solve this, it should be allowed. it's worth it to prevent major emotional pain.	0	0	0	0	1	1	1	0	0	0	3.0
3516	We should subsidize embryonic stem cell research	in favor of	the more research that is done, the higher the chances to understanding and possible curing diseases.	1	1	0	0	0	1	0	0	0	1	3.333333333333333
267	We should limit judicial activism	in favor of	judicial activism is biased and should be trashed.	0	0	0	0	0	0	0	0	0	1	3.333333333333333
3868	We should subsidize Wikipedia	against	we should not subsidize wikipedia because peoples opinions will get in the way of truth.	0	1	0	0	0	0	1	0	0	1	3.0
2614	We should abolish safe spaces	in favor of	safe spaces may be the intention but people do not necessarily adhere to such titles and their would be no differentiation of a safe space vs. negative.	0	1	0	0	0	0	0	1	0	1	3.333333333333333
715	We should subsidize embryonic stem cell research	in favor of	we need the cures and treatments we can get by funding stem cell research.	1	0	0	0	0	1	0	0	0	0	3.5
5525	We should subsidize vocational education	against	most vocational jobs will be automated in the future so it is not wise to spend money to subsidize traditional vocational education	0	0	0	0	1	1	0	0	0	1	3.333333333333333
80	We should end mandatory retirement	in favor of	the loss of experience and knowledge from mandatory retirement is costly to businesses	1	0	0	0	0	0	0	0	0	1	3.333333333333333
4745	Marital Rape should be criminalized in India	against	Punishing men based on mere words of wives is completely wrong, because of the presumption that women do not lie. Good and bad are not related to gender. There are women criminals too.	0	1	0	0	0	0	0	0	0	1	3.333333333333333
4578	Technology is making us feel less human	in favor of	Many face-to-face communications are also replaced with virtual interactions. Many people are now living in virtual homes, which is the smartphone. As the need for talking with each other is reducing, the ability to communicate with each other which is a basic quality of living beings is declining.	1	1	0	0	0	1	0	0	0	0	3.5
5620	Entrapment should be legalized	against	breaking the law to try to catch people that are breaking the law is very hypocritical	0	1	0	0	0	1	0	0	0	1	3.333333333333333
1212	We should subsidize space exploration	in favor of	The natural resources on earth are dwindling, we have to subsidize space exploration in order to find an outlet for this horrifying situation.	1	0	0	0	0	1	0	0	0	1	3.333333333333333
6947	Indian government should increase the minimum legal age of marriage for girls from 18 to 21 years	in favor of	At present, many girls are forced to drop out of studies for marriage. So, making the minimum legal age for marriage 21 will allow them to continue their studies. Thereby, many more women will go for higher education.	1	0	0	0	1	0	1	0	0	1	3.0
354	We should ban algorithmic trading	in favor of	even if an algorithm can react quicker than a person, it can't predict markets accurately	1	0	0	0	1	0	0	0	0	1	3.333333333333333
891	We should end the use of economic sanctions	against	its the only way to send a hard message	0	0	0	0	1	1	0	0	0	1	3.333333333333333
5709	Blockade of the Gaza Strip should be ended	against	blockade of the gaza strip is a bargaining tool to ensure the safety of israel in a volatile region.	0	0	0	0	0	1	0	0	0	1	3.333333333333333
2168	We should end the use of economic sanctions	against	economic sanctions are a way to implement sanctions on a country without the risks of military intervention.	0	0	0	0	1	1	0	0	0	1	3.333333333333333
3976	We should limit executive compensation	against	executive compensation should be at the discretion of the company who employs them	0	0	0	0	1	0	1	0	0	0	3.0
6400	Payday loans should be banned	against	payday loans are crucial financial crutches for customers which should remain available.	0	1	0	0	0	1	0	0	0	0	3.5
162	We should ban cosmetic surgery	in favor of	cosmetic surgery exists for vanity purposes doctors who offer the service should focus on treating people with real illnesses	0	1	0	0	0	1	0	0	0	1	3.333333333333333
3236	We should subsidize space exploration	in favor of	developments in science and technology have been accomplished through space exploration	1	0	0	0	0	0	1	0	0	1	3.0
5257	There should be a stronger partnership between the EU and the African Union	in favor of	Africa has a lot of bright young people with sometimes incredible ideas. If these young people create for example remote learning opportunities for African students, we should not only sponsor such projects but make exchange possible for young people in Europe to create similar items for example to foster MINT skills throughout Europe. Give more opportunities for young people from both sides to meet, exchange, and ventilate new ideas. 	1	0	0	0	0	0	1	0	0	0	3.0
6512	Foster care brings more harm than good	in favor of	many children get stuck in the foster care system, having neither their biological family nor a permanent adoptive family	0	1	0	0	0	1	1	0	0	0	3.0
4598	India should store the data within the territorial boundaries of the country	in favor of	We can ensure data privacy by localizing the data.	0	0	0	0	0	1	1	0	0	0	3.0
4199	We should ban cosmetic surgery	in favor of	cosmetic surgery can involve complex, dangerous medical procedures which shouldn't be carried out for non-medical reasons.	0	0	0	0	0	1	0	0	0	0	3.5
806	We should legalize prostitution	in favor of	Legalizing prostitution will allow prostitutes to push for equitable contracts and conditions, something they can't do in the status quo since their work is illegal.	0	0	0	0	1	1	0	0	0	1	3.333333333333333
6870	Homeschooling should be banned	against	homeschooling can lead to a better learning outcome for many children who struggle in the traditional classroom.	1	0	0	0	0	0	1	0	0	0	3.0
4806	The best way to save the world from climate change and protect the environment is to encourage everyone to start with themselves and look at what things they can do to help with this problem	against	This idea is what we have been doing for the last 30 years. It did not produce sufficient results to justify continuing on this path. It is just saying, that problem will solve itself. This proposition is harmful and does not stand on any data that could justify it.   	1	0	0	0	0	0	0	0	0	1	3.333333333333333
985	We should legalize organ trade	in favor of	people should be able to do what they want with their bodies.	0	0	0	0	1	0	1	0	0	1	3.0
5333	Europe needs an energy partnership with Africa.	in favor of	Only if Europe has an energy partnership with Africa Europe will be able to produce enough clean energy. The EU should develop fair cooperation with the African Union and also offer Africa an alternative to the geopolitical attempts of other powers to establish themselves as global hegemons. 	1	0	0	0	1	1	0	0	0	1	3.333333333333333
4644	We should forbid neo-banks	against	Fintech companies can open specialized neo-banks that target a specific type of customer’s needs. For example, LXME aims to become India’s first Neo bank for women, which will offer product solutions that address women-specific financial needs and emotional preferences.	0	0	0	0	0	0	0	0	0	1	3.333333333333333
1456	We should ban missionary work	in favor of	missionary work is dangerous, often occurring in war torn areas. missionaries are often young adults without world experience who are unaware of how to defend themselves in unknown lands.	0	1	0	0	0	1	0	0	0	1	3.333333333333333
5942	Intelligence tests bring more harm than good	against	intelligence test are a cheap, easy option to sieve through a crowd and people should not take offence to that	1	0	0	0	0	1	0	0	0	1	3.333333333333333
7257	We should remove unauthorized asylum seekers or migrants.	in favor of	Many countries have the view that unauthorized asylum seekers should be removed.	0	0	0	0	1	1	1	0	0	1	3.0
4521	We should abandon the use of school uniform	in favor of	school uniform is unaffordable for many single parents and should be abandoned.	0	0	0	0	0	1	1	0	0	1	3.0
1324	We should ban telemarketing	against	telemarketing could bring worthwhile products to the attention of people who would not otherwise be aware of them.	1	1	0	0	1	0	0	0	0	1	3.333333333333333
1026	We should adopt an austerity regime	against	austerity regimes tend to increase unemployment, as government reduction of spending of leads to retrenchment of worker	1	1	0	0	1	1	0	0	0	0	3.5
4139	We should legalize cannabis	in favor of	cannabis should be legalized because it's just a plant and making a plant illegal is just weird.	0	0	0	0	0	1	1	0	0	1	3.0
3398	We should adopt atheism	in favor of	religion has been the root cause of more pain and bloodshed throughout history than anything else - an atheist approach is a healthier way of life than rigid, deathly adherence to a divisive doctrine.	0	0	0	0	0	1	1	1	0	1	3.0
2230	We should subsidize space exploration	in favor of	Space exploration is important. We need a solution to the population, environment, energy and natural resources problems we face on Earth.	0	1	0	0	0	1	1	0	0	1	3.0
4583	We should strengthen laws to fight against terrorism	against	Labelling organisations as terror organisations and labelling individuals as terrorists are quite different. If a person is named as a terrorist, he/she will face social exclusion and will be devoid of livelihood opportunities even if he/she proved otherwise. The consequences will be irreversible. For example, in 2016 alone 67% of the cases ended in acquittal, which means they are probably innocent.	0	0	0	0	0	1	0	0	0	1	3.333333333333333
4818	We need stricter and homogeneous environmental legislation across the EU	in favor of	As the sustainability goals of the UN contain working conditions, human rights, environmental & climate issues together with questions of governance, they are ideal to incentivize sustainability in all sectors and fend off unsustainable practices and competition.	1	1	0	0	0	1	0	0	0	1	3.333333333333333
858	We should abolish zoos	against	zoos provide the only places for some endangered species to survive that they are essential and we should not abolish them we need to support them and their breeding programs.	0	0	0	0	0	0	0	0	0	1	3.333333333333333
4595	India should store the data within the territorial boundaries of the country	in favor of	Data is considered a ‘new form of wealth’. Generally, companies use data to understand the requirements of consumers and also to influence their behavior. New products can be developed by analyzing the data to meet the needs of consumers. So the data has an economic value. In general, developed countries are utilizing this opportunity with their well-developed infrastructure. 	1	0	0	0	1	0	1	0	0	1	3.0
6021	Social media brings more harm than good	in favor of	it has beeen widely proven that social media deteriorates mental health for users, with even the social media companies admitting this.	0	1	0	0	0	1	0	0	0	0	3.5
1974	We should ban private military companies	against	private military companies might be engaged in times of conflict when regular national military service is not eunough	1	1	0	0	1	1	1	0	0	1	3.0
2385	We should stop the development of autonomous cars	in favor of	autonomous cars will  destroy millions of jobs of truck and taxi drivers.	0	1	0	0	1	1	0	0	0	0	3.5
5249	There should be a European Common Defence and Security Alliance	in favor of	We need to revisit the idea of a defense union that is independent of NATO. National armies of EU states should be able to cooperate. This includes the same equipment, the same training and the same battle language.  	1	0	0	0	0	1	1	0	0	0	3.0
445	We should ban factory farming	against	factory farming is necessary in our society as a way to control and protect the environment in which the animals are living so they are not subjected to disease and predators.	0	1	0	0	1	0	0	0	0	1	3.333333333333333
6924	Consumerism brings more harm than good	against	Though the markets are yet a little controlled, they are freer than before. Consumerism improved the standard of living of the common Indian middle class tremendously. In recent decades, the Indian government has been improving the markets in order to boost entrepreneurial activity.	0	0	0	0	1	1	1	0	0	0	3.0
2960	We should prohibit school prayer	against	we should not prohibit school prayer as long as the type of prayer is not religion specific.	0	1	0	0	0	0	1	0	0	1	3.0
382	We should adopt an austerity regime	in favor of	It would help people spend less money, which would be good for the economy.	0	0	0	0	1	1	0	0	0	0	3.5
6081	Payday loans should be banned	in favor of	these loans are predatory and contain extremely high interest rates	0	1	0	0	0	1	0	0	0	1	3.333333333333333
779	We should abolish safe spaces	in favor of	safe spaces create an unrealistic environment that doesn't exist in the real world.	0	0	0	0	0	0	0	0	0	1	3.333333333333333
3506	We should subsidize Wikipedia	in favor of	wikipedia is an important resource for people looking for information	1	0	0	0	0	0	1	0	0	0	3.0
5503	Intelligence tests bring more harm than good	in favor of	intelligence tests don't accurately measure intelligence because they are inherently biased towards the type  of people who designed them	1	0	0	0	0	0	0	0	0	1	3.333333333333333
7223	We should remove unauthorized asylum seekers and migrants	against	All people have the same right to be here. Nobody is unjustified. Refugees/migrants are not to be expelled, certainly not immediately, but to be included in the employment problems and economic situation.	0	0	0	0	0	1	1	1	0	1	3.0
4459	We should adopt atheism	in favor of	atheism allows for the decrease in religious discrimination and would maintain equal practices to insure that peole are treated equally with the shared lack of religious faith.	0	0	0	0	0	0	0	0	0	1	3.333333333333333
863	We should legalize cannabis	in favor of	for people undergoing chemotherapy, cannabis can be extremely helpful in regaining appetite for food	1	1	0	1	0	1	1	0	0	0	3.0
1542	We should limit judicial activism	against	judicial activism will bring forth new interpretations of the constitution and advance our society	1	0	0	0	0	0	1	0	0	1	3.0
741	We should abolish the right to keep and bear arms	against	guns are already ubiquitous and outlawing them will only keep them out of the hands of lawful owners.	0	0	0	0	0	1	0	0	0	0	3.5
1539	We should subsidize Wikipedia	against	there is not a bottomless well of money to pay for everything, resources like wikipedia should be paid fr by advertisers or by introducing paid for levels of membership to have access to the whole site.	0	0	0	0	1	1	1	0	0	1	3.0
6355	We should subsidize vocational education	in favor of	vocational education has merits. it provides skill to youth who have left school and reintroduced them in the economic field	1	1	0	0	0	1	1	1	0	0	3.0
3695	We should ban factory farming	against	humans need food and this is simply another way to cultivate it.  at the end of the day these animals are going to be food no matter what, so the way they get there is of little interest.	0	0	0	0	0	0	0	0	0	1	3.333333333333333
1196	We should abolish capital punishment	against	some threats need to be eliminated for the public good	0	0	0	0	0	1	0	0	0	1	3.333333333333333
5726	Surrogacy should be banned	against	for some couples surrogacy is one solution to having a child that is from one of the parents	0	1	0	0	0	0	1	0	0	1	3.0
7123	We should impose an IQ test to immigrants	against	People from several countries are asking for asylum in Europe in hope of better life conditions. Those people aren’t guilty for being born in those countries and EU should support everyone.	0	1	0	0	0	0	0	0	0	1	3.333333333333333
2871	We should ban whaling	in favor of	whaling is unnecessary for human survival and endangers whales as a species.	0	1	0	0	0	0	0	0	0	1	3.333333333333333
3538	We should ban factory farming	against	factory farming is a necessary tactic to provide the food resources our population requires, it does not need to be cruel, it can merely be efficient	1	1	0	0	0	1	0	0	0	0	3.5
414	We should limit judicial activism	against	judicial activism is an important part of our country.	0	0	0	0	0	1	0	0	0	1	3.333333333333333
87	We should oppose collectivism	in favor of	treating everyone as a large group unit is not helpful for people who have different individual needs.	0	0	0	0	0	0	1	1	0	1	3.0
3874	We should end mandatory retirement	in favor of	A worker should not be forced to retire if he feels he can still adequately produce for his employer.	1	1	0	0	1	0	1	0	0	0	3.0
2780	We should stop the development of autonomous cars	in favor of	people need the freedom to drive where they want by themselves.	0	0	0	0	0	0	1	0	0	0	3.0
5154	The EU should adopt legislative measures aimed at increasing the percentage of women in the political sector	against	All wrong. Let everyone decide for himself (or herself). Forcing women into specific positions is bad ... and sexist I guess.	0	0	0	0	0	0	1	0	0	1	3.0
6463	Homeopathy brings more harm than good	against	homeopathy has been shown to help ease pain.	1	1	0	1	0	1	1	0	0	0	3.0
5997	Payday loans should be banned	against	payday loans help individuals that need quick infusion of money to pay bills	0	1	0	0	1	1	0	0	0	0	3.5
4211	We should adopt an austerity regime	in favor of	The governments has a duty to make sure the economy doesn't collapse in times of recession	0	0	0	0	0	1	0	0	0	0	3.5
2107	We should abolish safe spaces	against	some people need a safe space to be safe from those out to hurt them and they should be available.	0	1	0	0	0	1	1	0	0	0	3.0
209	We should abolish the right to keep and bear arms	against	the right to carry firearms is a legal deterrent for politicians with tyrannical or dictatorial tendencies	0	0	0	0	0	1	0	0	0	1	3.333333333333333
1084	We should limit executive compensation	in favor of	executive compensation is not always effective and takes away from the rest of the employees who do most of the strenuous work	1	0	0	0	0	0	0	0	0	1	3.333333333333333
1598	We should adopt a multi-party system	in favor of	in a multi party system the general population have more of a choice in who their leaders are	0	0	0	0	1	0	1	0	0	0	3.0
3778	We should legalize sex selection	against	countries that used sex selection, like china, now have a problem with two many older men and not enough women to marry them and have more children for the next generation.	0	0	0	0	0	1	0	0	0	0	3.5
5962	Homeopathy brings more harm than good	against	homeopathy may not be the best choice but the benefits of using it are certainly proven in many cases. alternative medicine allows people the freedom to choose what goes into their body.	0	0	0	0	0	0	1	0	0	1	3.0
2751	We should abandon the use of school uniform	against	we should not abandon the use of school uniform to make sure everyone is wearing the same thing to make people not stand out due to less money or resources	0	0	0	0	0	1	0	0	0	1	3.333333333333333
5195	There should be a stronger partnership between the EU and the African Union	in favor of	With highly subsidized agricultural products the EU destroys local markets in African countries. This procedure should be stopped as soon as possible. EU agricultural subsidies should be replaced with incentives and support for a sustainable transition. The earlier we abandon these unfair and highly unsustainable subsidies the better for our own future health, social development, and climate future. Also, this will lead to a better relationship with African Union and enable better livelihoods for African farmers and citizens,  	1	0	0	0	0	1	1	0	0	1	3.0
1855	We should subsidize embryonic stem cell research	in favor of	if we subsidize embryonic stem cell research, we can likely find cures for many conditions and diseases.	1	0	0	0	0	1	1	0	0	0	3.0
6379	We should subsidize vocational education	against	people should pay for their own vocational education in the way that students pay for their own university studies.	0	0	0	0	0	0	1	0	0	1	3.0
528	We should ban whaling	in favor of	whaling is wiping out species for little in return.	0	0	0	0	0	0	0	0	0	1	3.333333333333333
4107	We should adopt a zero-tolerance policy in schools	against	it has been shown that children are at a higher risk of dropping out of school if there is a zero-tolerance policy in place	1	0	0	0	0	0	0	0	0	1	3.333333333333333
1654	We should legalize prostitution	in favor of	we should legalize prostitution because it gets prostitutes off the street	0	1	0	0	0	1	0	0	0	0	3.5
1237	We should abandon the use of school uniform	in favor of	school uniforms do not allow children to emphasize their differences, denying individuality.	0	0	0	0	0	0	1	0	0	1	3.0
1384	We should legalize sex selection	in favor of	sex selection should be a choice for parents to make and therefore should be legalized.	0	1	0	0	0	0	1	0	0	1	3.0
4482	We should subsidize space exploration	against	the money spent on subsidizing space exploration could be better spent on other things that help all of society	0	1	0	0	0	1	0	1	0	0	3.5
532	We should adopt atheism	in favor of	we should adopt athiesm because no religion will stop lots of wars and arguements.	0	1	0	0	0	1	1	0	0	1	3.0
1835	We should abandon the use of school uniform	in favor of	school uniforms stifle the ability of kids to be creative in how they dress and express themselves.	0	0	0	1	0	0	1	1	0	0	3.0
3024	We should ban whaling	against	there are people who live from this activity and you have to get a better job	0	0	0	0	0	1	1	0	0	0	3.0
7178	We should stop making one-cent coins	in favor of	A one-cent coin costs about 60% more to produce than it is actually worth. 	0	0	0	0	0	1	0	0	0	1	3.333333333333333
5072	The President of the European Commission should be directly elected by direct universal suffrage	against	I don't think the EU needs the same problem as France where the elections are just about which guy people should select and which candidate looks the best to handle the position. 	1	1	0	0	0	0	0	0	0	0	3.5
2097	We should legalize sex selection	in favor of	allowing sex selection would alleviate the depression faced by mother's who truly wanted one gender over another.	0	1	0	0	1	1	1	1	0	1	3.0
5389	Intelligence tests bring more harm than good	in favor of	some people are highly intelligent but don't do well on testing so intelligence tests can't measure a true value if it's only testing with one method.	1	0	0	0	0	0	0	0	0	1	3.333333333333333
3224	We should ban cosmetic surgery	in favor of	cosmetic surgery is  putting people's lives at risk, so we should really ban it	0	0	0	0	0	1	0	0	0	0	3.5
2996	We should ban human cloning	in favor of	by copying something you can not get a pure copy.  each copy that is made is worse then the other meaning that no one knows what can happen with cloning.	1	0	0	0	0	0	0	0	0	0	3.5
2065	We should subsidize embryonic stem cell research	in favor of	embryonic stem cell research is extremely valuable in the medical field in coming up with treatments and cures.	1	1	0	0	0	1	1	0	0	1	3.0
2865	We should legalize sex selection	in favor of	parents should be able to chose the sex of their children.	0	1	0	0	1	0	1	0	0	0	3.0
4471	We should ban fast food	in favor of	Fast food is detrimental to our health and spiritual wellbeing, especially to our children and it should be banned for the greater good of mankind.	0	1	0	0	0	1	0	0	0	0	3.5
4404	We should ban factory farming	against	we want cheap food that is readily available at a reasonable price. these methods are cost cutters.	1	0	0	0	0	1	0	0	0	0	3.5
1142	We should subsidize student loans	against	we should not pay for other peoples life style choices	0	1	0	0	0	1	0	0	0	0	3.5
3828	We should limit judicial activism	against	certain miscarriages of justice can only be rectified by judges practicing judicial activism	0	0	0	0	0	1	0	0	0	1	3.333333333333333
1211	We should fight for the abolition of nuclear weapons	in favor of	nuclear weapons are unique in their destructive power, in the unspeakable human suffering they cause, in the impossibility of controlling their effects in space and time	0	0	0	0	0	1	0	0	0	1	3.333333333333333
4555	We should adopt atheism	against	People should be allowed to choose how to believe freely and not forced to accept the beliefs of atheism.  Each person has a mind and can make their own decision and should be allowed the freedom of choice.	0	0	0	0	0	0	1	0	0	0	3.0
2672	We should ban algorithmic trading	in favor of	algorithmic trading has been reported as one of the main causes of the greatest fall in the dow in decades	1	1	0	0	1	1	0	0	0	0	3.5
254	We should end the use of economic sanctions	in favor of	economic sanctions hurt the poorest people of a nation	0	0	0	0	1	0	0	0	0	1	3.333333333333333
1810	We should subsidize journalism	in favor of	When newspapers worry more about the bottom line than the headlines, the quality of the papers goes down resulting in poor pop journalism that panders to the public and the advertisers.	1	0	0	0	0	0	1	0	0	1	3.0
4185	We should adopt a multi-party system	in favor of	we absolutely need a multi party system. the two party system is a failure. the entire country can't be  split in to only two categories. we need better representation of the people.	0	0	0	0	1	0	1	0	0	1	3.0
1351	We should oppose collectivism	in favor of	collectivism is a harmful ideology that puts members of groups against each other.	0	0	0	0	0	1	1	0	0	1	3.0
5751	Surrogacy should be banned	in favor of	surrogacy has led to numerous problems in recent times. there's been cases of forced surrogacy. there's been surrogate mothers who refuse to give the child to the parents. it's safer to do away with it.	0	1	0	0	0	1	1	0	0	0	3.0
60	We should fight for the abolition of nuclear weapons	in favor of	Nuclear weapons should be abolished because they have to potential to cause so much destruction.	0	0	0	0	0	1	0	0	0	1	3.333333333333333
4210	We should adopt atheism	in favor of	atheism is a helpful belief, if everybody adopted it there would be no wars	0	0	0	0	0	0	0	0	0	1	3.333333333333333
1422	We should ban cosmetic surgery for minors	against	sometimes a cosmetic procedure is necessary in cases of disfigurement, and when this is addressed early, the chances of recovery and normalised existence are maximised.	0	1	0	0	0	1	1	1	0	1	3.0
4460	We should ban fast food	against	people have the right to eat anything they would like.	0	0	0	1	0	0	1	0	0	0	3.0
4307	We should ban cosmetic surgery	in favor of	cosmetic surgery is dangerous, too costly and causes a lot of damages to the body and the spirit of the undergoer	0	1	0	0	0	1	0	0	0	0	3.5
1304	We should limit judicial activism	against	judges are in a position to make a positive change in the world, and should be encouraged to use activism to do so	1	1	0	0	1	0	0	0	0	1	3.333333333333333
2386	We should abandon the use of school uniform	against	a school uniform levels the field for poor, rich, fashionable and not, so all students arrive to school as equals, able to fit in and better integrate	0	0	0	0	0	1	0	0	0	1	3.333333333333333
2593	We should subsidize Wikipedia	in favor of	wikipedia provides information that is free and easy to get on any subject	1	1	0	0	0	0	1	0	0	1	3.0
4822	A coordination hub should be set up with representatives of institutions that can act to facilitate the integration of refugees	in favor of	Such a hub could also have a bridging role between local necessities and opportunities at the EU level, such as project funding. 	1	0	0	0	0	1	0	0	0	1	3.333333333333333
2762	We should abandon the use of school uniform	against	school uniforms keep school from becoming a fashion show.	0	0	0	0	1	1	0	0	0	0	3.5
5178	The fear of migration is a fear of the unknown and is exacerbated.	against	Additionally when fear is reinforced by facts like increased violence in every country with a high number of immigrants, and rapes of women it is not a problem of 'perception' but a simple reality.	0	0	0	0	0	1	0	0	0	1	3.333333333333333
4360	We should subsidize journalism	in favor of	journalism provides a needed check on the government.	0	0	0	0	1	0	0	0	0	1	3.333333333333333
4679	We should stop using cash	against	Technical issues in banking can halt access to our money. This can interfere with our daily lives.	0	0	0	1	1	1	1	1	0	0	3.0
3556	We should subsidize student loans	against	wider availability of student loans creates a glut of over-educated, under-employed individuals contributing less to society - money would be better investing in vocational education.	1	1	0	0	0	0	0	0	0	1	3.333333333333333
3716	We should abolish safe spaces	in favor of	Safe spaces should be abolished because it just means that people can get out of work, classes, etc if they feel unsafe..	0	1	0	0	0	1	0	0	0	0	3.5
393	We should subsidize space exploration	in favor of	we need to subsidize space exploration in order to find an inhabitable planet we can live on when we finally destroy the one we live on now.	1	0	0	0	0	1	0	1	0	1	3.333333333333333
2440	We should ban factory farming	against	factory farming provides a faster mass production of food and gives us a way to feed more people than we would if we banned it. there will be less hunger in the world so we shouldn't ban it.	1	0	0	0	1	1	0	0	0	0	3.5
1446	We should ban whaling	in favor of	whaling is damaging to whale populations as well as other species of fish.	0	0	0	0	0	0	0	0	0	1	3.333333333333333
2372	We should ban whaling	in favor of	whales need to be protected before they are endangered.	0	0	0	0	0	0	0	0	0	1	3.333333333333333
2115	We should ban whaling	in favor of	we should ban whaling because it is leading to the extinction of whales	0	0	0	0	0	0	0	0	0	1	3.333333333333333
3138	We should abolish zoos	in favor of	zoos keeping animals in cages while all animals should be free and to live in nature.	0	0	0	0	0	0	0	0	0	1	3.333333333333333
4813	Devices with batteries should be designed so that batteries can be replaced	in favor of	Having to replace an entire mobile phone (or tablet, camera, notebook, etc.) because a battery reached the end of its useful life is infuriating. It is not just a strain on consumers' wallets, it is also devastating for the environment, as the energy and resources going into manufacture of electronics is artificially increased through the short lifespans these devices have. 	0	0	0	0	0	1	0	0	0	1	3.333333333333333
4552	We should ban cosmetic surgery	against	cosmetic surgery is important for health issues such as people who have been born with a cleft palate.	0	0	0	0	0	1	0	0	0	0	3.5
1979	We should abolish the Olympic Games	against	olympic games is useful to countries as it provides a boost to the countries economy by the increased tourism during the time of the tournament.	1	0	0	0	1	0	0	0	0	0	3.5
5347	There should be a European Army.	against	I don't really agree with that. Europe is not China and is not the USA. We don't need a strong army because Europeans don't plan to make war, our strength is to find common ground and bring peace to the world with diplomacy and intelligence. 	0	1	0	0	0	1	1	0	0	1	3.0
1786	We should ban targeted killing	against	i do not support that decision is that without them there would be many terrorists is a measure that helps a lot to this society	0	0	0	0	0	1	0	0	0	1	3.333333333333333
5321	Every young European should be asked to go live in another country for 1 year at least	against	If young Europeans are living abroad they will feel racism on their own in the country they are living in. 	1	1	0	0	0	1	0	1	0	1	3.333333333333333
2779	We should ban targeted killing	against	we need to do whatever it takes to keep our citizens safe, and that includes getting rid of individuals that lead and encourage  terrorist organizations.	0	1	0	0	0	1	0	0	0	1	3.333333333333333
3897	We should ban algorithmic trading	against	people should be free to use a computer trading program at their own risk	0	0	0	0	0	0	1	0	0	0	3.0
3155	We should subsidize journalism	against	journalists are not often regulated so anyone could say whatever they want and not be providing true information	0	1	0	0	0	0	0	0	0	1	3.333333333333333
4677	We should stop using cash	against	Cashless transactions are recorded by banks. So, the data will reveal the critical data of people regarding where they spend money. The government can easily access the data of anyone. It may result in mass surveillance programs. This goes against the right to privacy. Cash gives us anonymity.	0	0	0	0	0	0	1	0	0	1	3.0
5688	Intelligence tests bring more harm than good	in favor of	people that do well at intelligence tests are the ones supporting it, causing inequality in their favor, instead of using other empirically valid test.	1	0	0	0	1	0	0	0	0	1	3.333333333333333
7146	We should strengthen Frontex and control immigration	in favor of	 Bigger financial resources for Frontex and military action in Syria will stop immigration.	1	0	0	0	1	1	0	0	0	1	3.333333333333333
6766	Blockade of the Gaza Strip should be ended	in favor of	the gaza strip blockade unfairly effects the women and children of the area and causes many hardships to noncombatants.	0	0	0	0	1	1	0	0	0	1	3.333333333333333
7096	We should reduce environment pollution by limiting number of people in Europe	against	We are all one and the same on this tiny wet space rock. We need to come together if we want to survive.	0	1	0	0	0	1	0	0	0	1	3.333333333333333
6780	Surrogacy should be banned	in favor of	surrogacy should be banned because more often than not, the woman carrying the baby becomes attached and when they give the child up, causes emotional stress on that woman.	0	0	0	0	0	1	0	0	0	0	3.5
6229	Intelligence tests bring more harm than good	against	intelligence test ensure people are competent.	1	0	0	0	0	0	0	0	0	0	3.5
4171	We should introduce compulsory voting	in favor of	too many people do not take responsibility for their part in democracy	1	1	0	0	1	0	0	0	0	0	3.5
3415	We should introduce compulsory voting	against	compulsory voting would only cause uneducated votes to be cast and not be a real benefit to the country.	1	0	0	0	1	0	1	0	0	1	3.0
128	We should end mandatory retirement	against	Mandatory retirement lets companies more easily make space for new workers that have more of an incentive to work hard at a new job.	1	0	0	0	0	0	0	0	0	0	3.5
5034	The EU must be confederal and not federal	against	We need a real and effective European democracy, therefore, a European Federation.	1	1	0	0	1	0	1	0	0	0	3.0
2076	We should adopt libertarianism	in favor of	The more rights we have as individuals, the happier we are.	0	0	0	0	0	1	1	0	0	0	3.0
3542	We should subsidize Wikipedia	against	we shouldn't give money to a site where anyone can edit articles to give false information.	0	1	0	0	0	0	0	0	0	1	3.333333333333333
3957	We should abolish capital punishment	in favor of	capital punishment does not allow for people convicted wrongly, for whatever reason, and a posthumous innocence verdict does not make it any less inhumane	0	0	0	0	0	0	0	0	0	1	3.333333333333333
491	We should stop the development of autonomous cars	against	autonomous cars will allow people to do more instead of wasting time in traffic	1	0	0	1	0	1	1	1	0	0	3.0
4177	We should adopt a zero-tolerance policy in schools	against	being too harsh creates a negative environment which is bad for children so there should be some flexibility to avoid a zero-tolerance policy in schools.	0	1	0	0	0	1	0	0	0	1	3.333333333333333
6176	Homeschooling should be banned	against	homeschooling is an excellent alternative for children who are unable to attend normal schools for either emotional or psychological reasons.	0	1	0	0	0	1	1	0	0	0	3.0
4364	We should introduce compulsory voting	against	we should not  introduce compulsory voting because in a democracy people should be free to choose their own actions.	0	0	0	0	0	0	1	0	0	0	3.0
3652	We should ban fast food	against	Fast food provides people with jobs and is convenient for busy families.	1	1	0	0	0	1	0	0	0	0	3.5
1024	We should ban private military companies	against	this helps cover more issues; the current government is too short staffed to deal with all of the problems.	0	1	0	0	0	1	0	0	0	0	3.5
4129	We should oppose collectivism	in favor of	While society and the collective may be long lasting, individuals are only afforded a single life, and therefore should prioritize that over the lives of others.	0	0	0	0	0	0	1	0	0	0	3.0
4161	We should ban cosmetic surgery for minors	against	we should not ban cosmetic surgery for minors because they should have the freedom to express their beauty even if that means correcting it with surgery. it can improve their self-worth and happiness.	0	0	0	1	0	1	1	0	0	1	3.0
4905	We need integrated rail transport systems, agreements between various railway operators and a simple and accessible search engine	in favor of	This would help to plan the most efficient and economical itinerary 	1	0	0	0	1	0	0	0	0	0	3.5
2411	We should ban algorithmic trading	in favor of	algorithmic trading is unfair to investors who are trying to invest hard earned money as a second income	0	0	0	0	1	1	0	0	0	1	3.333333333333333
426	We should ban factory farming	in favor of	factory farming should be banned as the animals in these farms are held in bad conditions.	0	0	0	0	0	0	0	0	0	1	3.333333333333333
4492	We should ban human cloning	against	Human cloning should not be banned as at may prevent the study and advance of medical science.	1	0	0	0	0	1	1	0	0	1	3.0
1203	We should end mandatory retirement	against	it provides more jobs for people that need to earn an income for their families, so mandatory retirement is a good idea	1	1	0	0	1	0	1	0	0	0	3.0
512	We should abolish zoos	against	zoos bring a lot of money in which can be spent on animal research and stop their extinction.	1	0	0	0	0	0	0	0	0	1	3.333333333333333
2620	We should adopt an austerity regime	against	juggling debt in never a good option compared to paying it off properly.	1	1	0	0	1	1	0	0	0	1	3.333333333333333
3866	We should stop the development of autonomous cars	in favor of	they have already shown that they cannot avoid all accidents.	0	0	0	0	0	1	0	0	0	0	3.5
1776	We should abolish zoos	in favor of	confining animals in small spaces is cruel.	0	0	0	0	0	0	0	0	0	1	3.333333333333333
5704	Blockade of the Gaza Strip should be ended	in favor of	the blockade should come down. it doesn't serve it's intended purpose. it keeps the groups around gaza divided and perpetuates violence in the area.	0	0	0	0	0	1	0	0	0	1	3.333333333333333
3878	We should abandon the use of school uniform	in favor of	the uniforms limit the freedom of expression of the youngest and could be counterproductive in their stage of development	0	0	0	0	0	1	1	0	0	0	3.0
1379	We should legalize organ trade	in favor of	organ trade would allow for more people to get transplants because there would be more availability.	0	0	0	0	0	1	0	0	0	1	3.333333333333333
5276	 Foreign Policy at the EU level should be based on an absolute majority, not unanimity.	against	Abolishing the veto right in the current EU foreign policy voting procedure will be the death of European solidarity. It would turn Europe into a polarized entity much like the American system and would firmly divide the European community on every issue.  	0	0	0	0	1	1	0	0	0	1	3.333333333333333
4547	We should subsidize space exploration	against	the money used on space exploration could be used on alternative initiatives such as an health and combating poverty.	0	0	0	0	0	1	0	0	0	1	3.333333333333333
25	We should ban the Church of Scientology	in favor of	they are nothing but a cult and manipulate their members	0	0	0	0	0	0	1	0	0	0	3.0
2089	We should legalize sex selection	in favor of	families should have the right to choose the sex of their babies.	0	1	0	0	1	0	1	0	0	0	3.0
1922	We should adopt libertarianism	against	We should not adopt libertarianism because the business cycle would destroy the country's economy without regulation.	0	1	0	0	1	1	0	0	0	0	3.5
955	We should ban algorithmic trading	against	algorithmic trading can do a job that humans are not able to do	1	1	0	0	0	0	0	0	0	0	3.5
316	We should legalize sex selection	in favor of	we should legalize sex selection because the parents are free to decide what gender they want	0	1	0	0	0	0	1	0	0	0	3.0
6387	Homeschooling should be banned	against	some students with special needs will need more personalized attention that only homeschooling can provide.	1	1	0	0	0	0	1	0	0	1	3.0
614	We should ban targeted killing	in favor of	targeted killing can be misused by a despotic regime; it should be banned.	0	0	0	0	0	1	1	0	0	1	3.0
5465	We should abandon television	against	Television for many people is their connection to the outside world and should not be abandoned,	0	0	0	1	0	1	1	1	0	0	3.0
3085	We should adopt an austerity regime	in favor of	this would perhaps help with our countries debt crisis.	0	1	0	0	1	1	0	0	0	0	3.5
3400	We should ban the Church of Scientology	in favor of	scientology is an abusive, cult-like organization that exploits its members. we must ban it to protect people.	0	1	0	0	0	1	0	0	0	1	3.333333333333333
6996	We should promote the use of nuclear energy instead of renewable energy sources	in favor of	'People highlight various risks, but any generation technology comes with risks: the largest electricity-related disaster (Banquiao dam in 1976) took the lives of 200000 people (!) or just recently 70 people in Russia, but nobody talks about hydropower being 'deadly' or complaining about states providing insurance for such massive projects, because it happens for all projects of such scale. 	0	0	0	0	0	0	0	0	0	1	3.333333333333333
5209	The EU should strengthen development cooperation.	in favor of	Europe as a whole is the world’s leading donor. The European Union should strengthen the development cooperation action, focusing on inclusive development	1	1	0	0	0	1	0	0	0	1	3.333333333333333
5893	We should abandon television	against	television introduces people to ideas they wouldn't otherwise have had - which can lead to otherwise good people being influenced by bad characters.	0	0	0	1	1	0	1	0	0	1	3.0
6898	Blockade of the Gaza Strip should be ended	in favor of	ending the gaza strip blockade would allow more freedom of movement of people and goods which may allow a better standard of living for the gazan people.	0	0	0	0	0	1	1	0	0	0	3.0
5979	The use of public defenders should be mandatory	against	public defenders are not as good as private lawyers	1	0	0	0	0	0	0	0	0	1	3.333333333333333
4224	We should abolish zoos	in favor of	zoos serve to imprison animals and show them off for entertainment.	0	0	0	0	0	0	0	0	0	1	3.333333333333333
1154	We should abandon the use of school uniform	in favor of	School uniforms reinforce a gender binary by often requiring women to wear traditionally feminine clothing like skirts and dresses and men to wear traditionally masculine pants.	0	1	0	0	0	0	1	0	0	1	3.0
4544	We should abandon the use of school uniform	against	Having school uniforms doesn't infringe on free speech since students can exercise that right in other ways.	0	0	0	0	0	0	0	0	0	1	3.333333333333333
3435	We should adopt libertarianism	in favor of	we should adopt libertarianism because it would mean more freedom for citizens from their government.	0	0	0	0	0	1	1	0	0	1	3.0
5640	Surrogacy should be banned	against	surrogacy allows women to have a child who would not otherwise be able to become a mother	1	1	0	0	0	0	1	0	0	1	3.0
2108	We should abolish zoos	in favor of	Zoos keep animals in captivity and deny them the right to their natural environment therefore they should be abolished.	0	1	0	0	0	1	1	1	0	1	3.0
1480	We should subsidize embryonic stem cell research	in favor of	we should subsidize embryonic stem cell research because we can learn so much from it.	1	1	0	0	0	1	1	0	0	1	3.0
826	We should ban targeted killing	against	TARGETED KILLING MAKES THE WORLD A SAFER PLACE REMOVING THOSE PEOPLE WHO AIM TO HARM OTHERS	0	0	0	0	0	1	0	0	0	0	3.5
291	We should ban fast food	in favor of	fast foods are extremely high in calories, and it's easy for a person to exceed the recommended number of calories when they eat fast foods	0	0	0	0	0	1	0	0	0	0	3.5
6071	We should subsidize vocational education	against	education of all types is already being paid for by the cities where the schools are located	1	0	0	0	1	1	0	0	0	0	3.5
5171	All workers and unemployed should have access to social protection, including young people	in favor of	Young people are too often working under precarious conditions. Think of short-term, zero-hour contracts and unpaid internships. Many of them can only get a job if they are registered as self-employed, carrying all the responsibilities themselves and still being underpaid. Everyone should be able to get a decent job and access social protection. Trade unions play a crucial role in addressing these issues and defending this vulnerable group, which is why it is important that young workers join a trade union.	0	1	0	0	0	1	0	0	0	1	3.333333333333333
1370	We should abolish zoos	against	we shouldn't abolish zoos because they attract visitors and money to be able to put back into the zoo for animal feed and vet bills	1	0	0	0	1	0	0	0	0	1	3.333333333333333
5070	The European Union needs to equip itself with the institutional and legal tools to resolve democratic conflicts on sovereignty within its own borders.	in favor of	In a democracy, people have the right to decide on any issue that affects their lives. If more than half of the inhabitants of a region want to form an independent state, they have the right to do so. Going against it is going against the will of the majority of citizens, and therefore, against the very essence of democracy.	0	0	0	0	1	0	1	0	0	1	3.0
4931	We need an integrated migration and border policy.	in favor of	The EU member states need to lift together instead of trying to push the burdens onto each other or external nations.	0	1	0	0	0	0	0	0	0	0	4.0
727	We should subsidize embryonic stem cell research	in favor of	the investigations with mother cells could mean the definitive advance for the human race	1	0	0	0	0	1	1	1	0	0	3.0
7003	We should invest in sustainable alternative fuels for aviation	in favor of	Sustainable alternative fuels allow emission reductions of up to 80%.	1	0	0	0	0	0	0	0	0	1	3.333333333333333
7298	We should ban the trading of virtual currencies.	against	The total production is controllable and the virtual currency prevents hyperinflation.	0	0	0	0	1	1	0	0	0	0	3.5
4579	Technology is making us feel less human	in favor of	We are increasingly depending on technological devices to guide us. For example, we keep reminders on smartphones and google the questions for answers. We are outsourcing the activities that require intelligence to technology. Thinking, remembering things, and analyzing are essential qualities of humans. Too much dependence on technology is making us less human.	1	0	0	0	0	0	1	1	0	0	3.0
3310	We should ban factory farming	against	factory farming provides for lower cost foods to be sent to the consumer, allowing for ease of access to goods by those with minimal incomes.	1	1	0	0	0	1	0	0	0	1	3.333333333333333
1530	We should ban fast food	in favor of	fast food is unhealthy and causes obesity	0	0	0	0	0	1	0	0	0	0	3.5
3969	We should end mandatory retirement	in favor of	people should be able to work as long as they want to.	0	0	0	0	1	1	1	0	0	0	3.0
1946	We should abolish safe spaces	in favor of	safe spaces restrict freedom of expression and should be prohibited	0	0	0	0	0	1	1	0	0	1	3.0
3619	We should subsidize journalism	in favor of	newspapers are dying and need the support.	1	1	0	0	1	0	0	0	0	0	3.5
3275	We should subsidize Wikipedia	in favor of	wikipedia is a go to for many people and it should be kept well funded.	0	1	0	0	0	0	0	0	0	1	3.333333333333333
2025	We should abolish the right to keep and bear arms	in favor of	if the right to keep and bear arms was abolished, it would decrease the number of weapons that are available and lessen violent crime.	0	0	0	0	0	1	0	0	0	0	3.5
1088	We should ban fast food	in favor of	fast food should be banned because it is full of unhealthy ingredients that contribute to the failing of american health.	0	1	0	0	0	1	0	0	0	0	3.5
4082	We should adopt an austerity regime	against	it is not good economic policy and hurts the poor.	1	0	0	0	0	1	0	0	0	1	3.333333333333333
3540	We should ban whaling	in favor of	whaling is carried out in an indiscrimate and inhumane manner, driving certain species to the brink of extinction.	0	0	0	0	0	0	0	0	0	1	3.333333333333333
312	We should introduce compulsory voting	against	not everyone has a strong opinion on every topic.  those who choose not to participate should have the freedom not to.	0	0	0	0	0	1	1	0	0	0	3.0
2580	We should abolish the right to keep and bear arms	in favor of	it is dangerous to have a community where so many people have lethal weapons	0	0	0	0	0	1	0	0	0	1	3.333333333333333
3266	We should abolish intellectual property rights	in favor of	ideas should be available to anyone who wishes to persue them.	1	0	0	0	0	0	1	0	0	0	3.0
2513	We should end the use of economic sanctions	in favor of	economic sanctions end up hurting ordinary people more than the targeted governments	0	1	0	0	0	1	0	0	0	1	3.333333333333333
5632	Entrapment should be legalized	against	Entrapment should not be legalized because the criminal justice system does not have a problem getting convictions, but rather there are too many convictions.	1	1	0	0	0	1	0	0	0	1	3.333333333333333
280	We should legalize organ trade	in favor of	legalizing organ trade would being about more healthy organs and tissue for transplanting then currently is available.	0	1	0	0	0	1	0	0	0	0	3.5
2834	We should abolish safe spaces	against	safe places are good for students to be free from any conflicts	0	1	0	0	0	1	0	0	0	0	3.5
2461	We should ban targeted killing	against	we shouldn't ban targeted killing because it helps the government put down extremely dangerous criminals	0	0	0	0	0	1	0	0	0	1	3.333333333333333
2465	We should abolish the three-strikes laws	in favor of	We should abolish the three-strikes laws because they introduce arbitrary punishment for some crimes over others, when the action was the same.	0	1	0	0	0	0	0	0	0	1	3.333333333333333
1285	We should abolish zoos	against	zoos allow animals to live in safety and to have a constant food source	0	1	0	0	1	1	0	0	0	1	3.333333333333333
2667	We should ban human cloning	against	human cloning could lead to scientific breakthroughs that could solve many of the world's problems.	1	0	0	0	1	0	1	0	0	1	3.0
3792	We should abolish intellectual property rights	in favor of	intellectual property rights stifle creativity since all ideas are built upon the ideas of the past.	1	0	0	0	0	0	1	0	0	1	3.0
807	We should abolish zoos	against	we should not abolish zoos as they contribute to the breeding of endangered species and the reintroduction of animals to the wild	0	0	0	0	0	0	0	0	0	1	3.333333333333333
3702	We should subsidize embryonic stem cell research	in favor of	embryonic stem cells have already been proven to have the capability to save lives. with more research who knows how many more uses they could have in reducing illness and improving quality of life.	1	0	0	0	0	1	1	0	0	0	3.0
6739	Social media brings more harm than good	against	social media has been a tremendous asset for movements like the arab spring and the women's march.	0	1	0	0	1	1	0	0	0	1	3.333333333333333
189	We should adopt an austerity regime	in favor of	an austerity regime would eliminate the national debt by directing money to where it really needs to go.	0	1	0	0	1	1	0	0	0	0	3.5
3811	We should ban fast food	against	fast food is a treat that can be enjoyed when eaten sensibly and brings joy and social interaction.	0	0	0	1	0	1	0	0	0	0	3.5
5400	Intelligence tests bring more harm than good	in favor of	intelligence tests can prevent someone from pursuing their passion which they may be able to achieve with hard work	1	0	0	0	0	0	1	0	0	0	3.0
2456	We should limit executive compensation	against	Executives earned the right to make that much due to training, schooling and fighting their way to the top.	1	0	0	0	1	0	1	0	0	1	3.0
647	We should ban missionary work	against	missionary work allows people in developing countries access to new ways of thinking and possibilities for how they live their life.	1	1	0	0	0	0	0	0	0	0	3.5
7326	We should open up three-child policy to encourage childbirth.	in favor of	The number of births is too small, which affects the overall economic growth.	0	1	0	0	0	1	0	0	0	0	3.5
847	We should abolish safe spaces	in favor of	we should abolish safe spaces as policing these areas is costly and it is against human rights to stop freedom of movement into different areas.	0	0	0	0	1	1	1	0	0	1	3.0
3350	We should ban telemarketing	against	we should not ban telemarketing because it is a way for a company to get business and it also provides people with jobs.	1	1	0	0	1	1	1	0	0	0	3.0
632	We should abolish capital punishment	against	capital punishment might be the only way to fairly punish a criminal for an exceedingly awful crime.	0	0	0	0	0	1	0	0	0	1	3.333333333333333
2378	We should legalize prostitution	in favor of	some women need the income to provide for their children and themselves	1	1	0	0	1	1	0	1	0	1	3.333333333333333
2406	We should abolish the Olympic Games	in favor of	the olympic games have become prohibitively expensive to host. it is not worth spending billions for an event that is two weeks long.	0	0	0	0	1	1	0	0	0	0	3.5
3694	We should adopt an austerity regime	in favor of	An austerity regime is very important during economically stressful times.	0	0	0	0	1	1	0	0	0	0	3.5
6280	Payday loans should be banned	against	Payday loans should not be banned because people have a right to enter into contracts	0	0	0	0	0	0	1	0	0	0	3.0
2906	We should ban private military companies	against	private military companies are accessible to all, providing security and security measures that are currently not accessible to all.	0	0	0	0	0	1	0	0	0	1	3.333333333333333
6516	Holocaust denial should be a criminal offence	in favor of	denial of past atrocities may lead to the rise of idealogies that were responsible for those atrocities	0	1	0	0	0	1	0	0	0	0	3.5
3094	We should legalize organ trade	in favor of	Organ sales will allow for more research to be done on living, usable organs.	0	0	0	0	0	0	1	0	0	0	3.0
633	We should oppose collectivism	in favor of	the value of a group should not be deemed more important just because of the amount of people. it does not increase their value.	0	0	0	0	0	1	0	0	0	1	3.333333333333333
4443	We should fight for the abolition of nuclear weapons	in favor of	nuclear weapons lead to poor wellbeing in people due to stress and worry of destruction	0	0	0	0	0	1	0	0	0	1	3.333333333333333
5766	Surrogacy should be banned	against	surrogacy is a way for couples that are otherwise infertile to have children.	0	1	0	1	1	0	1	1	0	1	3.0
3395	We should legalize organ trade	against	the onus will be on the poorest people in the population to sell their organs thus leading to exploitation.	0	0	0	0	0	0	0	0	0	1	3.333333333333333
6933	We should abolish the National Register of Citizens (NRC)	against	NRC sends a strong message that illegal immigrants are not welcome here.	1	0	0	0	1	1	1	0	0	0	3.0
1452	We should subsidize space exploration	against	space exploration is an extravagance in this era of poverty and injustice, we should concentrate government money on those areas instead.	0	1	0	0	1	0	0	0	0	1	3.333333333333333
2265	We should abolish zoos	against	zoos are a good way to keep animal numbers up	0	1	0	0	0	0	0	0	0	1	3.333333333333333
3066	We should legalize cannabis	in favor of	legalizing cannabis as far as health is concerned can be beneficial since many of these substances are used as treatments for certain diseases	0	1	0	0	0	1	0	0	0	0	3.5
275	We should cancel pride parades	against	pride parades are a platforms for minority groups to spread awareness about discrimination and abuse	0	0	0	0	1	1	1	0	0	1	3.0
5672	We should subsidize vocational education	against	Vocational education is not as expensive as pursuing an academic degree and does not need to be subsidized.	0	1	0	0	1	0	0	0	0	1	3.333333333333333
6232	Intelligence tests bring more harm than good	in favor of	Intelligence tests harm people by enforcing the concept of a uniform, almost two-dimensional intelligence, even though intelligence is a much broader concept.	1	0	0	0	0	0	0	1	0	1	3.333333333333333
1845	We should subsidize Wikipedia	against	other places can provide information for free so why should wikipedia get money for doing the same thing?	0	0	0	0	1	0	0	0	0	1	3.333333333333333
6303	The use of public defenders should be mandatory	against	whether or not to usa a public defender should be a choice made by the defendant, not the government.	0	0	0	0	0	0	1	0	0	1	3.0
6597	Intelligence tests bring more harm than good	in favor of	intelligence tests often are inaccurate and give bad results.	1	0	0	0	0	0	0	0	0	1	3.333333333333333
3119	We should ban whaling	against	we shouldn't ban whaling because people living in poverty filled countries rely on whaling as there only source of food.	0	0	0	0	0	1	0	0	0	1	3.333333333333333
3915	We should abandon the use of school uniform	against	school uniforms level the playing field for students in terms of appearance which can help with bullying of children from lower income families.	0	0	0	0	0	1	0	0	0	1	3.333333333333333
3045	We should limit executive compensation	against	executive compensation promotes company success and competition. it's an incentive for ceos to guide the company and help the company do well and make money for all employees.	1	1	0	0	1	0	0	0	0	1	3.333333333333333
6727	Foster care brings more harm than good	against	The foster care process might be challenging, but creating smiles and offering a stable home for children in need certainly, outweigh all concerns	0	1	0	1	0	1	0	0	0	1	3.333333333333333
5267	There should be more unity and cooperation in Europe.	in favor of	Unity needs time. Poland and Hungary etc. need to enjoy their freedom for now. They will eventually see that working together with civilized countries is more attractive in the end.	0	0	0	0	0	1	1	0	0	1	3.0
6250	Payday loans should be banned	in favor of	payday loans should be banned because the interest rate is so high and they prey on desperate people to become victim of a downward spiral because they will never be able to repay it.	0	0	0	0	0	1	0	0	0	1	3.333333333333333
2719	We should ban missionary work	against	missionaries help feed the hungry, build housing and educate people so we should not stop them even if they are advocating their personal religious beliefs at the same time	0	1	0	0	0	1	0	0	0	0	3.5
4064	We should subsidize student loans	in favor of	student loans are so unreasonibly expensive we need to help students with them.	0	1	0	0	1	1	0	0	0	0	3.5
4506	We should ban cosmetic surgery for minors	against	minors sometimes, unfortunately been involved in car crash and when such a surgery is mandatory, there is no other way.banning surgery for minors, generally will be redicilous.	0	0	0	0	0	1	1	0	0	0	3.0
6568	We should subsidize vocational education	against	subsidizing vocational education gives it unfair advantage over alternative career paths.	1	0	0	0	0	0	0	0	0	1	3.333333333333333
7195	We should strengthen the public role of faith-based communities in environmental protection	in favor of	Through their emphasis on wisdom, social cohesion, and interrelatedness Faith-Based Organizations can show the potential to not only effectively mobilize people on the ground in responding to climate change but more importantly to motivate large sections of society to move from their deep seeded set of core values.	1	0	0	0	1	1	1	0	0	1	3.0
6213	Social media brings more harm than good	against	social media connects and assists people in an emergency situation.	1	1	0	0	0	1	0	0	0	0	3.5
7273	We should strengthen our ties with Ukraine and prepare for its membership in the EU	in favor of	We must support countries that want to improve the welfare and rights of their citizens. If a country wants to join the EU and meets the conditions for joining, the decision to join is solely between the candidate country and the EU.	0	0	0	0	1	1	1	0	0	1	3.0
274	We should abolish intellectual property rights	against	a person uses his imagination and hard work to write as book or music.  they should be able to benefit from their work.  it should not be in the public domain.	1	0	0	0	1	0	1	0	0	1	3.0
4020	We should oppose collectivism	in favor of	We should oppose collectivism because it elides the differences between groups and harms minorities.	0	1	0	0	0	1	0	0	0	1	3.333333333333333
2781	We should adopt gender-neutral language	in favor of	the old days of labeling careers as a mailman, etc are sexist and outdated.  women can do anything men can, and adopting a gender neutral language would reinforce that concept.	1	0	0	0	0	0	0	0	0	1	3.333333333333333
2077	We should ban missionary work	against	missions can provide much needed infrastructure and healthcare projects.	0	1	0	0	0	1	0	0	0	0	3.5
3636	We should abolish safe spaces	against	safe spaces are sometimes the only place at-risk kids have that make them feel safe.	0	1	0	0	0	1	0	0	0	1	3.333333333333333
4137	We should ban cosmetic surgery for minors	against	Broad stroke policies like banning cosmetic surgery harm people in special circumstances who really need cosmetic surgery.	0	0	0	0	0	1	1	0	0	1	3.0
5306	The EU should strengthen its ties with Ukraine and prepare an EU membership of Ukraine.	in favor of	If people make a revolution for our system and values, we must support them. It is the Ukrainian people who decide their future, not Russia. In order to support them we need a European army and a common foreign policy.	1	1	0	0	1	0	1	0	0	0	3.0
6169	The vow of celibacy should be abandoned	in favor of	this is an outdated practice that has no bearing in todays world.	0	0	0	0	0	1	1	0	0	1	3.0
2546	We should abolish intellectual property rights	against	intellectual property rights protect someone's research and hard work ensuring that they can be recognized and recompensed for their efforts.	1	0	0	0	1	0	1	0	0	0	3.0
6814	We should subsidize vocational education	against	like other forms of higher education, if people want to attend vocational schools, they should find a way to pay for it themselves.	0	1	0	0	0	0	1	1	0	0	3.0
5523	Holocaust denial should be a criminal offence	against	People have the right to free speech even if their perspectives are vile and abhorrent. This means the state can't criminalize holocaust denial.	0	0	0	0	0	0	1	0	0	0	3.0
1711	We should abandon the use of school uniform	in favor of	we should allow young people to express their individualism.	0	0	0	1	0	0	1	1	0	0	3.0
5131	We need a Europe that respects life from conception is a humane Europe	in favor of	Every human being has a conscience that allows them to recognize what is true and what is good, and it is by virtue of this awareness that we demand that no European Union funds be allocated to activities that destroy human embryos.	0	1	0	0	0	0	0	0	0	1	3.333333333333333
432	We should ban targeted killing	in favor of	we should definitely ban targeted killing because the loss of life should never be a planned event.	0	1	0	0	0	1	0	0	0	1	3.333333333333333
6219	The use of public defenders should be mandatory	against	this takes away freedom of choice in terms of hiring a lawyer that suits your own needs.	1	0	0	0	0	0	1	0	0	0	3.0
239	We should subsidize student loans	in favor of	it's the only way most people can afford college	1	1	0	0	0	0	1	0	0	0	3.0
4868	The European Union should support and integrate immigrant people to ensure that they live with dignity and equality with all European citizens	against	Either the EU will be a fortress against illegal migration or it will not exist anymore in the future.	0	0	0	0	0	1	0	0	0	0	3.5
3691	We should ban algorithmic trading	against	there is no reason why algorithmic trading should be banned , it creates beneficial trading deals and profits for those in the finance sector, and can enhance the value of pension funds for instance.	1	0	0	0	1	0	0	0	0	0	3.5
1489	We should oppose collectivism	in favor of	collectivism too often causes the individual to suffer needlessly	0	0	0	0	0	1	1	0	0	0	3.0
2756	We should legalize cannabis	in favor of	we should legalize cannabis for best healthy of body	0	0	0	0	0	1	0	0	0	0	3.5
2267	We should abolish safe spaces	in favor of	safe places don't allow people to develop the conflict resolution abilities they may need later in life.  it allows one to hide away instead.	1	1	0	0	0	1	0	1	0	1	3.333333333333333
3458	We should ban private military companies	in favor of	We should ban private military companies as they are not trained and subject to the same scrutiny as the military.	1	1	0	0	0	1	0	0	0	0	3.5
4863	The EU should have common taxation and social policy	in favor of	The future is 'work mobility'; thus we need to simplify taxation, enhance remote working opportunities, and enable inter-country recruitment for companies.	1	0	0	0	0	1	1	0	0	0	3.0
2868	We should subsidize student loans	in favor of	students need help with the burden of college costs and shouldn't have to go into crippling debt to get an education.	0	1	0	0	0	1	0	0	0	0	3.5
2902	We should ban private military companies	against	sometimes you have to rely on the private sector when the public isn't there to help	0	1	0	0	0	1	0	0	0	1	3.333333333333333
5951	We should subsidize vocational education	in favor of	we should subsidize vocational education because our ecomics in countries is higih	1	0	0	0	1	1	0	0	0	1	3.333333333333333
3640	We should subsidize student loans	in favor of	student loans should be subsidized to allow thos students from poorer backgrounds to get a good education and improve themselves	1	0	0	0	1	0	1	0	0	1	3.0
4495	We should abolish the Olympic Games	in favor of	they cost too much money and we waste too many resources on the olympics.	0	0	0	0	0	1	0	0	0	1	3.333333333333333
212	We should abolish the right to keep and bear arms	in favor of	Firearms are typically far more dangerous to the owner and his/her family than any intruder, due to misuse, murder, and suicide.	0	1	0	0	0	1	0	0	0	0	3.5
3872	We should abolish safe spaces	in favor of	people need to learn how to survive in this world so no safe spaces would benefit this	1	0	0	0	0	0	1	0	0	0	3.0
6942	We should link Aadhaar card with the Voter ID	against	If legitimate voters do not have an aadhaar or if they could not link it due to any reason, they will be removed from the list. For example, some homeless people do not have aadhaar cards yet. In the 2018 Telangana Assembly elections, linking aadhaar cards with Voter ID led to the elimination of 20 lakh voters.	0	0	0	0	1	0	0	0	0	1	3.333333333333333
3092	We should introduce compulsory voting	in favor of	it would lead to governments better reflecting the public	0	0	0	0	1	1	0	0	0	0	3.5
2330	We should ban targeted killing	against	targeted killing allows for elimination of a severe and dangerous threat to a country, with minimal collateral damage and should be continued	0	0	0	0	0	1	0	0	0	1	3.333333333333333
5128	The EU needs a free but correct press	against	The EU deciding who is a journalist amounts to the EU deciding what is true.	0	0	0	0	0	0	1	0	0	1	3.0
2569	We should subsidize student loans	in favor of	student loan debt is an enormous pressure on working people, and should be subsidized.	1	0	0	0	1	1	0	0	0	0	3.5
4361	We should ban algorithmic trading	against	we shouldn't ban algorithmic trading because it can stop risky bid due to human emotions interfering	1	1	0	0	0	0	0	0	0	1	3.333333333333333
1751	We should legalize organ trade	in favor of	legalizing organ trade would make it safer by moving it out of the hands of unscrupulous people operating in the black market.	0	1	0	0	0	1	0	0	0	0	3.5
7119	We should reduce environment pollution by limiting number of people in Europe	against	Instead we should look into investing in foreign countries and help building a stable environment.	0	0	0	0	0	1	0	0	0	1	3.333333333333333
2748	We should abolish the three-strikes laws	in favor of	if there are 3 minor offenses there is no need to overly punish someone.	0	1	0	0	0	0	0	0	0	1	3.333333333333333
6381	The vow of celibacy should be abandoned	in favor of	this would allow religious people to have families and relationships.	0	1	0	0	0	0	0	0	0	0	4.0
40	We should subsidize journalism	in favor of	journalism and free expression of information and exchange of ideas is a basic human right, and subsidizing this would improve its quality and reach.	1	0	0	0	1	0	0	0	0	0	3.5
1363	We should oppose collectivism	against	collectivism gives people something to work on as a team and builds relationships.	1	0	0	0	0	1	0	0	0	0	3.5
2597	We should introduce compulsory voting	in favor of	far too few people actually vote, meaning that those in government are not truly representative of the people.	0	0	0	0	0	0	0	0	0	1	3.333333333333333
1078	We should adopt a multi-party system	in favor of	a multi-party system will help to ensure that more political agendas will be given the chance to represent the people	0	1	0	0	1	1	1	0	0	1	3.0
6659	We should subsidize vocational education	in favor of	not everyone is suited to work in an office. we also need mechanics and truck drivers and hair dressers etc. by subsidizing voed for these jobs we will be able to continue to teach the hands on employees.	1	0	0	0	0	1	0	0	0	0	3.5
428	We should end the use of economic sanctions	against	economic sanctions make items made in foreign countries and shipped here more affordable for struggling americans.	0	0	0	0	1	1	0	0	0	1	3.333333333333333
6995	We should promote the use of nuclear energy	against	We should never ever allow any nuclear power after Fukushima!	0	0	0	0	0	1	0	0	0	1	3.333333333333333
2413	We should ban factory farming	against	factory farming is an efficient way to produce cheap food for the masses.	1	1	0	0	0	1	0	0	0	0	3.5
6784	Assisted suicide should be a criminal offence	against	people who are terminally ill with no hope of survival should be spared the pain and suffering of living.	0	1	0	0	1	1	1	1	0	0	3.0
6382	The vow of celibacy should be abandoned	in favor of	The vow of celibacy is an outdated concept that causes unnecessary stress on those who take them.	0	0	0	0	0	1	0	0	0	0	3.5
691	We should subsidize embryonic stem cell research	in favor of	we should subsidize embryonic stem cell research because it will help many people as long as it is successfully done.	1	1	0	0	0	1	0	0	0	0	3.5
293	We should legalize cannabis	against	Despite the propaganda, marijuana is actually more addictive than alcohol, the latter of which can be occasionally.	0	0	0	0	0	1	0	0	0	1	3.333333333333333
1665	We should limit judicial activism	against	judicial activism can give proper justice to those when the law isn't completely clear	0	1	0	0	0	1	0	0	0	1	3.333333333333333
6425	Intelligence tests bring more harm than good	in favor of	intelligence tests can do more harm than good because it labels the takers as gifted or failure and don't cover other forms of intelligence.	1	0	0	0	0	0	0	0	0	1	3.333333333333333
5069	The European Union needs to equip itself with the institutional and legal tools to resolve democratic conflicts on sovereignty within its own borders.	in favor of	The right for stateless nations and peoples to democratically decide on their own future must be respected, and for that purpose, we advocate for the creation of a mechanism of clarity at the EU level, aimed at facilitating and resolving any eventual self-determination disputes through democratic means. This tool should ensure that positions cannot be imposed nor debates prevented.	0	0	0	0	0	0	1	0	0	1	3.0
5826	Homeopathy brings more harm than good	against	homeopathy allows for natural healing and care rather than being vulnerable to unknown dangers of chemicals in regards to such.	0	0	0	0	0	1	1	0	0	1	3.0
422	We should oppose collectivism	in favor of	collectivism removes an individual's right to promote their private interests and exercise autonomy	0	0	0	0	1	0	1	0	0	0	3.0
5759	Foster care brings more harm than good	against	foster care allows children to stay in a family environment as opposed to institutions	1	1	0	0	0	1	0	0	0	0	3.5
2832	We should ban human cloning	against	This could provide organs for transplant patients in dire need as well as many other medical advancements.	1	0	0	0	0	1	1	0	0	0	3.0
1546	We should abolish the right to keep and bear arms	in favor of	we should abolish the right to keep and bear arms because innocent people get killed	0	0	0	0	0	1	0	0	0	1	3.333333333333333
1213	We should subsidize student loans	against	student loans should not be subsidized as the enhanced education they receive will allow the students to go on to better paying jobs.	1	1	0	0	1	0	0	0	0	1	3.333333333333333
6887	Payday loans should be banned	against	payday loans can be a life saver if one has a bill due that they need the money for immediately.	0	1	0	0	1	1	0	0	0	0	3.5
3469	We should fight for the abolition of nuclear weapons	against	the threat of nuclear weapons can keep bad actors from doing  great damage	0	0	0	0	1	1	0	0	0	1	3.333333333333333
305	We should subsidize student loans	in favor of	students should be able to pursue higher education without worrying about being able to afford it. subsidizing students loans would make education more accessible.	1	0	0	0	0	1	0	0	0	0	3.5
1620	We should limit judicial activism	in favor of	judicial activism should be limited to avoid violence among the opposition.	0	0	0	0	0	1	0	0	0	1	3.333333333333333
7329	We should open up three-child policy to encourage childbirth.	in favor of	Class entrenchment and the fading desire of youth to continue to struggle, youth believe that no amount of effort can keep up with the growth of housing prices	0	0	0	0	0	1	0	0	0	1	3.333333333333333
968	We should adopt a multi-party system	in favor of	we must have more options to choose and leave this bipartisan dictatorship	1	0	0	0	0	1	1	1	0	1	3.0
803	We should legalize sex selection	against	sex selection promotes abortion and gender inequality	0	0	0	0	0	0	0	0	0	1	3.333333333333333
4592	India should store the data within the territorial boundaries of the country	in favor of	Data localization laws result in the setting up of multiple data centers locally. This will create many jobs and will help the country’s economy immensely. It will also drive innovation in the field resulting in low-cost solutions.	0	0	0	0	1	1	1	0	0	0	3.0
5428	Homeopathy brings more harm than good	against	homeopathy brings tangible results in non-evasive ways to many ailments and offer an alternative to more expensive forms of treatment.	0	0	0	0	0	1	1	0	0	1	3.0
969	We should fight for the abolition of nuclear weapons	in favor of	States have an obligation to their citizens to protect them, the existence of nuclear weapons anywhere poses an existential threat to citizens everywhere, which means every nation has an obligation to fight for abolition.	0	0	0	0	0	1	0	0	0	1	3.333333333333333
262	We should adopt atheism	against	freedom to choose what someone believes in is a right	0	0	0	0	0	0	1	0	0	1	3.0
6622	Blockade of the Gaza Strip should be ended	in favor of	The blockade of Gaza causes economic and humanitarian suffering.	0	0	0	0	0	1	0	0	0	1	3.333333333333333
5980	Intelligence tests bring more harm than good	in favor of	intelligence tests are skewed toward upper class white males, making the test not a true measure of a person's intelligence	0	0	0	0	0	0	0	0	0	1	3.333333333333333
3817	We should adopt an austerity regime	in favor of	we need to find a way for the government to pay its debt	0	0	0	0	1	1	0	0	0	0	3.5
6376	We should subsidize vocational education	against	this would be an expensive exercise and probably not affordable for any government.	0	0	0	0	1	1	0	0	0	0	3.5
387	We should abolish safe spaces	against	everyone needs a place where they can be accepted without judgment.	0	0	0	0	0	1	0	0	0	1	3.333333333333333
5937	Intelligence tests bring more harm than good	in favor of	intelligence tests bring more harm than good by focusing on strengths and weaknesses.	1	1	0	0	0	0	0	0	0	1	3.333333333333333
2026	We should adopt libertarianism	in favor of	libertarianism is the ideal for society. it increases freedom and responsibilities. society would flourish, people would be happier.	0	1	0	1	0	1	1	0	0	0	3.0
605	We should ban human cloning	against	human cloning can provide a way for science to overcome negative qualities in humans, such as birth defects, so overall it is a positive technology that should be allowed to flourish.	1	0	0	0	0	1	0	0	0	0	3.5
403	We should ban human cloning	in favor of	human cloning is unethical and has repercussions that we do not even know yet.	0	1	0	0	0	0	0	0	0	1	3.333333333333333
1495	We should subsidize space exploration	in favor of	space exploratin gives us an advantage over other countries such as satellite usage to target enemy combatants and nuclear arsenals.	1	0	0	0	1	1	0	0	0	1	3.333333333333333
760	We should ban whaling	in favor of	whaling kills whales in an inhumane way	0	0	0	0	0	0	0	0	0	1	3.333333333333333
7046	We should promote the use of nuclear energy	against	Nuclear energy is not safe and it is not green because of radioactive waste. We have some conditions for sustainable green energy (at least solar, wind, biomethane etc.). 	0	0	0	0	0	1	0	0	0	1	3.333333333333333
271	We should abolish zoos	against	Zoos are a great and cheap way for children to learn about animals from all over the world.	1	0	0	0	0	0	0	1	0	1	3.333333333333333
3351	We should adopt an austerity regime	against	an austerity regime will only cause a small benefit for a small time and should not be utilized at this time	1	0	0	0	0	1	0	0	0	1	3.333333333333333
1006	We should introduce compulsory voting	against	some citizens simply don't have the time to vote, having more important things that can be way more crucial and holding that against them is authoritarian	0	0	0	0	0	0	1	0	0	1	3.0
4141	We should fight for the abolition of nuclear weapons	in favor of	Nuclear weapons can accidentally lead to radiation disaster.	0	0	0	0	0	1	0	0	0	1	3.333333333333333
377	We should ban algorithmic trading	against	algorithmic trading is cost effective because it is timely and accurate.	1	1	0	0	1	0	0	0	0	0	3.5
2632	We should end the use of economic sanctions	against	economic sanctions help our country.	1	0	0	0	0	1	0	0	0	1	3.333333333333333
6090	Assisted suicide should be a criminal offence	against	there is no reason for dying people to suffer unnecessarily	0	1	0	0	0	1	1	0	0	1	3.0
3323	We should ban cosmetic surgery for minors	in favor of	"minors should not be able to get cosmetic surgery until they are 18.  if there is no medical necessity all it does is send the wrong message that you can ""fix"" what god gave you."	0	0	0	0	0	1	0	0	0	0	3.5
5597	Foster care brings more harm than good	against	The foster system provides incentives for parents to adopt when children are orphaned, such as free college tuition, financial assistance, and other tax benefits, which allows more children to be adopted.	0	1	0	0	0	1	0	0	0	1	3.333333333333333
143	We should subsidize journalism	in favor of	journalism is more important than ever in an era of fake news and social media.	0	1	0	0	0	1	1	0	0	1	3.0
1716	We should ban algorithmic trading	against	algorithmic trading is an easy way to keep money moving and to make a profit so there is no reason to ban it.	1	0	0	0	1	0	0	0	0	0	3.5
7348	We should crack down on unreasonably high incomes.	in favor of	Regulate excessive income, consistent with common prosperity. Common prosperity is the prosperity of all the people, the people's material and spiritual life are rich, to promote common prosperity in stages.	0	0	0	0	0	1	0	0	0	1	3.333333333333333
318	We should legalize organ trade	in favor of	people should be allowed to get organs from other countries by buying them if the wait list for their transplant is too long and they are at risk of dying.	0	0	0	0	0	1	1	0	0	1	3.0
1775	We should adopt an austerity regime	in favor of	the national debt is out of control and only by implementing austerity measures will we be able to reduce the budget deficit and guarantee the country's future.	1	0	0	0	1	1	0	0	0	0	3.5
899	We should ban missionary work	in favor of	Sometimes, missionary workers condition the receipt of aid on a community's willingness to accept or be taught the Christian religion.	0	1	0	0	0	0	1	0	0	1	3.0
1888	We should adopt a multi-party system	in favor of	could open up congress and create new opportunities for bargaining and coalition building on unusual lines.	1	0	0	0	1	1	0	0	0	1	3.333333333333333
6380	Intelligence tests bring more harm than good	against	IQ tests allows students to understand and focus on their intellectual strengths.	1	1	0	0	0	0	1	0	0	0	3.0
4002	We should abandon the use of school uniform	in favor of	school uniform policies enforce yet more financial burdens on parents, are often overpriced and only available in a select few outlets which act as supply monopolies.	0	0	0	0	0	1	1	0	0	1	3.0
1137	We should ban human cloning	against	human cloning can help doctors find a cure for illnesses we otherwise won't be able to survive	1	1	0	0	0	1	1	0	0	1	3.0
3577	We should subsidize journalism	in favor of	Subsidizing journalism will allow individual journals to lift their paywalls, which will increase access.	0	0	0	0	0	0	1	0	0	0	3.0
645	We should abolish safe spaces	against	the abused have the right to have spaces where they can have tolerance and not suffer abuse	0	0	0	0	0	0	0	0	0	1	3.333333333333333
7024	We should tax heavily or refuse to import products not manufactured in the European Union that do not comply with our climate standards	in favor of	Heavy taxation of imported goods will encourage the relaunch of European production, which is more environmentally friendly.	0	0	0	0	0	0	0	0	0	1	3.333333333333333
782	We should adopt a zero-tolerance policy in schools	against	we shouldn't adopt a zero-tolerance policy in schools because a misunderstanding can cause innocent students to be suspended or expelled	0	1	0	0	0	0	0	0	0	1	3.333333333333333
3165	We should fight for the abolition of nuclear weapons	in favor of	Testing of nuclear weapons causes pollution and destruction	0	0	0	0	0	1	0	0	0	1	3.333333333333333
5322	Every young European should be asked to go live in another country for 1 year at least	against	No duck would like to live with eagles or sparrows.  That's nature, not wishful thinking.	0	0	0	0	0	0	1	0	0	0	3.0
284	We should subsidize space exploration	against	space exploration is a waste of money that could be used to feed people	0	1	0	0	0	1	0	0	0	1	3.333333333333333
5476	Holocaust denial should be a criminal offence	against	in the united states of america we believe in free speech and any person is allowed to believe what they choose to.	0	0	0	0	0	1	1	0	0	0	3.0
6625	Blockade of the Gaza Strip should be ended	in favor of	the blockade  has failed to overthrow Hamas and only provides an excuse for its governmental inefficiencies	1	1	0	0	0	1	0	0	0	1	3.333333333333333
561	We should adopt libertarianism	against	libertarianism would be a huge mistake, especially for the poor in our nation.	0	0	0	0	1	1	0	0	0	1	3.333333333333333
4619	IT recruiters should consider skills instead of a degree in programming	in favor of	The number of IT jobs is increasing at a rapid rate due to the tech revolution. So, there will be more jobs in the IT field. And if the recruiters are very strict about the degree, they may miss a large pool of talent, who are of a non-IT background. 	1	0	0	0	0	1	0	0	0	1	3.333333333333333
3291	We should abandon the use of school uniform	in favor of	school uniform does not allow for individuals to express themselves and grow as a person	0	0	0	0	0	0	1	1	0	0	3.0
7042	We should include young people in decision-making processes considering climate change	in favor of	Including young people in decision-making processes considering climate change could potentially help to address the gap between the widespread official rhetoric claiming a great interest in involving young people in discussion and policymaking when it comes to climate protection and politics in general and the reality that falls too often too short of these declarations.	1	1	0	0	1	0	0	0	0	1	3.333333333333333
6094	Homeopathy brings more harm than good	in favor of	Homeopathic medicine can be expensive despite providing no benefit.	1	1	0	0	1	1	0	0	0	1	3.333333333333333
5417	Social media brings more harm than good	against	social media itself is not the cause of the negative consequences, it is human nature. the platform merely provides unrivaled access to information and potential connections with other people	0	0	0	0	0	0	0	0	0	1	3.333333333333333
6655	We should abandon television	against	we should not abandon television because it is a form of entertainment for a lot of people and the only form of entertainment for many people that are in hospitals	0	0	0	1	0	0	1	1	0	0	3.0
933	We should subsidize journalism	against	journalists get paid enough, they don't need any more money.	1	0	0	0	1	0	0	0	0	1	3.333333333333333
1011	We should ban missionary work	against	missionary work helps the less fortunate countries  with aid and hope.	0	1	0	0	0	1	0	0	0	1	3.333333333333333
6122	Blockade of the Gaza Strip should be ended	against	it shouldnt be ended because if it was ended then it may cause more fighting and terrorism.	0	0	0	0	0	1	0	0	0	1	3.333333333333333
6577	Homeopathy brings more harm than good	in favor of	it's not proven that it actually works and might cause people who have problems to get worse.	0	1	0	0	0	1	0	0	0	1	3.333333333333333
5011	We need an inclusive and pluralistic European society	in favor of	Complex problems are faced by deepening study, not by pretending they don't exist.	1	1	0	0	1	1	0	0	0	1	3.333333333333333
7299	We should ban the trading of virtual currencies.	against	Portable, because it is a virtual currency, so it is highly portable when it is bought and sold.	1	0	0	0	0	0	0	0	0	0	3.5
6217	Intelligence tests bring more harm than good	against	intelligence testing can help a child receive specialized assistance if found to be of a lower iq and requiring such.	1	1	0	0	0	0	0	0	0	0	3.5
6992	India is safe for women	in favor of	Evil historic practices on women in the pre and post medieval period have been into oblivion. Practices like child marriages, polygamy, ban on remarriages, honor killings, Sati, Jauhar and Purdah are obsolete in today's world. With time, more such practices are being redundant and thus, increasing safety measures.	0	0	0	0	0	1	0	0	0	1	3.333333333333333
438	We should oppose collectivism	in favor of	collectivism doesn't allow people to stand up on their own for what they believe in	1	0	0	0	0	0	1	0	0	1	3.0
1907	We should end the use of economic sanctions	in favor of	we should end economic sanctions as they provide no real value	1	0	0	0	0	1	0	0	0	1	3.333333333333333
6672	Holocaust denial should be a criminal offence	in favor of	The consequences of denying the horrors of the Holocaust are too dangerous to allow.	0	1	0	0	0	1	0	0	0	0	3.5
148	We should abolish the Olympic Games	in favor of	the olympic games encourage animosity between countries	0	1	0	0	0	1	0	0	0	1	3.333333333333333
1395	We should abolish capital punishment	in favor of	Capital punishment often goes wrong and leaves people suffering but still alive.	1	1	0	0	0	0	0	0	0	1	3.333333333333333
4425	We should ban telemarketing	in favor of	telemarketers exist only to scam people out of their money. they lie and use dishonest marketing tactics to get consumers to bend to their will.	0	1	0	0	1	1	1	0	0	0	3.0
6955	Cattle slaughter should be banned	against	70% of the cattle in India is owned by marginal farmers. They cannot afford to maintain their cattle after the cattle stop providing benefits to farmers, like providing milk, dung, etc. The only way for farmers is to sell these old animals to slaughterhouses.	1	0	0	0	1	1	1	0	0	1	3.0
6347	Entrapment should be legalized	against	entrapment can cause people to break the law that may not have if such a easy opportunity hadn't arisen.	0	0	0	0	0	0	0	0	0	1	3.333333333333333
5018	The EU should improve public management and anti-corruption mechanisms	in favor of	The EU needs to focus on simplifying and standardizing European processes and procedures associated with public management and creating efficient and effective anti-corruption mechanisms. This will reduce the financial resources to be made available to the most relevant areas of intervention at the EU, country, and regional Levels.	1	1	0	0	1	1	0	0	0	0	3.5
7373	Carbon emissions trading should be limited.	in favor of	Promoting global energy conservation and emission reduction can slow down the trend of China's low-end industries moving to third world countries, thus strengthening its position as a major manufacturing country.	0	0	0	0	1	1	0	0	0	0	3.5
6455	Blockade of the Gaza Strip should be ended	in favor of	blockage of the gaza strip strip should be ended because the people should be able to cross the boarder	0	0	0	0	0	0	1	0	0	0	3.0
4815	Climate neutrality can be achieved only by nuclear energy	in favor of	if we want stable, reliable energy grid we need a nuclear energy source. Solar energy and wind are not reliable, need a lot of batteries, and can not be a sole solution for the energy grid.	1	1	0	0	0	1	1	0	0	1	3.0
5535	Entrapment should be legalized	against	entrapment is an unjust form of capturing criminals as it is tempting someone to do something wrong	0	1	0	0	0	0	1	0	0	1	3.0
5169	All workers and unemployed should have access to social protection, including young people	in favor of	We cannot afford a lost generation, so we need to invest in quality jobs and young people for our future!	1	1	0	0	0	1	0	0	0	1	3.333333333333333
6742	We should subsidize vocational education	against	We can not afford to subsidize our elementary schools, let alone vocational schools.	0	0	0	0	0	1	0	0	0	1	3.333333333333333
2979	We should ban targeted killing	against	in certain circumstances it's impossible to detain highly dangerous individuals who pose a threat, the only option is targeted killing.	0	0	0	0	0	1	0	0	0	1	3.333333333333333
6296	We should subsidize vocational education	in favor of	vocational education is a great alternative to traditional schools and subsidizing would let more people participate.	1	1	0	0	0	1	0	0	0	1	3.333333333333333
4305	We should limit executive compensation	in favor of	executive compensation should be limited because it can be taxed as income	1	0	0	0	1	1	0	0	0	1	3.333333333333333
456	We should adopt a multi-party system	in favor of	A multi-party system allows for greater choice in whom to vote for.  It allows each citizen to vote for the party that best fits their beliefs and represents their ideology.	0	0	0	0	0	0	1	0	0	0	3.0
861	We should abolish intellectual property rights	in favor of	Intellectual property rights slows down the speed with which people have access to technology, goods and ideas that could transfrom their lives so should be abolished.	1	0	0	1	0	1	1	1	0	1	3.0
6247	Intelligence tests bring more harm than good	in favor of	IQ testing limits children by putting them into stereotyped categories.	1	0	0	0	0	0	1	0	0	1	3.0
4566	We should encourage people to take part in Fit India Movement	in favor of	Due to the inactive lifestyle and stressful lives, many people are getting lifestyle diseases such as diabetes, hypertension, etc. Fit India Movement can encourage people to consume healthy food and maintain physical and mental fitness.	0	0	0	0	1	1	0	0	0	0	3.5
3929	We should abolish capital punishment	against	we should keep capital punishment because killers dont deserve to live. a life for a life.	0	0	0	0	0	1	0	0	0	1	3.333333333333333
3813	We should ban whaling	in favor of	whaling is a particularly cruel and inhumane with 16,000 whales killed every year during the last century endangering some species.	0	0	0	0	0	0	0	0	0	1	3.333333333333333
2096	We should ban cosmetic surgery	against	cosmetic surgery is a personal choice that people should be allowed	1	1	0	0	1	1	1	1	0	1	3.0
5480	The vow of celibacy should be abandoned	in favor of	the vow of celibacy is an ancient law that is a cruel requirement  defying a natural part of a human's life and often deters people from entering certain professions and this should be abandoned.	0	1	0	1	0	0	1	1	0	1	3.0
2280	We should abolish the three-strikes laws	in favor of	Three strikes laws lead to more people being put in jail which ends up being a burden on tax-payers and federal funding.	0	1	0	0	1	1	0	0	0	1	3.333333333333333
5021	The EU should equalize the retirement age for all Europeans. 	against	Retirement is often funded by taxes and taxes are decided by each member state. So each member state should also be the one who decides how those taxes are spent. For some countries, a retirement age of 65 may be unaffordable or undesirable, while for others it may not.	0	0	0	0	1	0	1	0	0	0	3.0
3892	We should abolish zoos	in favor of	zoos are bad for wild animals that need to live free	0	0	0	0	0	0	0	0	0	1	3.333333333333333
2720	We should subsidize journalism	in favor of	we should subsidize journalism because we need people to accurately and thoroughly cover events around the world. the government has historically aided journalism without bias.	1	1	0	0	0	0	0	0	0	1	3.333333333333333
2594	We should ban factory farming	in favor of	we should ban factory farming as it poses a huge health risk by passing on diseases and bacteria to people.	0	0	0	0	0	1	0	0	0	0	3.5
1136	We should legalize cannabis	in favor of	in many cases cannabis has wonderful health results such as taking away pain from ill people.  it should be legal for all.	0	1	0	0	0	1	1	0	0	1	3.0
4195	We should adopt a multi-party system	in favor of	we should adopt a multi-party system because we need more than one opinion to round out solutions.	1	0	0	0	0	1	1	0	0	1	3.0
2506	We should legalize cannabis	against	it would lead to more crimes and trouble	0	0	0	0	0	1	0	0	0	1	3.333333333333333
4500	We should stop the development of autonomous cars	in favor of	the technology in autonomous cars is unproven and still unsafe, it has already resulted in multiple deaths. automatic cars should be banned from public roads immediately to stop further casualities.	0	0	0	0	0	1	0	0	0	0	3.5
1257	We should adopt an austerity regime	against	an austerity regime would be harmful	1	0	0	0	0	0	1	1	0	0	3.0
4417	We should ban the use of child actors	in favor of	for a parent to basically sell their child out as labor for their own purposes is wrong.  children should be allowed to grow up in a normal environment.	0	1	0	0	0	1	0	0	0	1	3.333333333333333
2582	We should adopt libertarianism	against	libertarianism runs roughshod over every collective and communal human right and entitlement.  privileged individuals prosper whilst the rest of society suffers. it should most definitely not be adopted	1	0	0	0	0	1	0	0	0	1	3.333333333333333
5588	Surrogacy should be banned	in favor of	Surrogacy reduces women's position in society by treating them like baby making machines.	0	0	0	0	0	0	1	1	0	1	3.0
95	We should cancel pride parades	against	pride parades encourage people to claim the rights and freedoms they are entitled to	0	0	0	0	0	1	1	0	0	1	3.0
4099	We should end mandatory retirement	in favor of	no single person should be compeled to give up their jobs due to certain things hence mandatory retirement is wrong.	0	0	0	0	0	0	1	0	0	1	3.0
5737	Homeopathy brings more harm than good	in favor of	its not safe at all and there are a lot of risks associated with it. besides it lacks government approval.	0	1	0	0	0	1	0	0	0	1	3.333333333333333
6713	Blockade of the Gaza Strip should be ended	in favor of	the blockade of the gaza strip only harms the people within it's barriers because they are not able to get the supplies they need to survive.	0	0	0	0	0	1	0	0	0	1	3.333333333333333
4698	India should have 'One Nation - One Election' policy 	against	Frequent elections in the country will bring politicians back to the public frequently whereas cutting down on elections would mean making them lazy for the rest of the term and suddenly becoming overactive during the election year.	1	1	0	0	0	0	0	0	0	0	3.5
118	We should ban the Church of Scientology	in favor of	scientology is actually a wealthy cult and members are abused physically and financially.	0	0	0	0	0	1	1	0	0	0	3.0
6800	Entrapment should be legalized	in favor of	it should be legal so that more crimials can be caught and pay for their crimes	0	1	0	0	0	1	0	1	0	1	3.333333333333333
5789	We should subsidize vocational education	in favor of	We should subsidize vocational education to ensure it is available in more secondary schools.	1	0	0	0	0	1	0	1	0	1	3.333333333333333
3455	We should introduce compulsory voting	against	being forced to do anything inhibits freedom.	0	0	0	0	0	0	1	0	0	0	3.0
5663	We should subsidize vocational education	against	vocational education caters to trades that will become obsolete in the future.	1	0	0	0	0	0	1	0	0	1	3.0
3711	We should ban private military companies	in favor of	military contractors take work away from our own troops, which the government already spends a great deal on.	0	0	0	0	1	1	0	0	0	1	3.333333333333333
686	We should abolish the Olympic Games	in favor of	the olympic games only benefit the rich as they are the only people who can afford to compete or attend the games.	0	0	0	0	0	0	0	0	0	1	3.333333333333333
7287	We should give up developing electric vehicles	in favor of	Low user confidence, low acceptance of new things, even from earlier scandalous events in the electric vehicles industry.	0	0	0	0	0	0	0	0	0	1	3.333333333333333
3770	We should ban fast food	against	fast food is an inexpensive alternative for those that can't afford higher value nutrition or do not have the time to cook and sit for an elaborate supper every day.	0	0	0	0	0	1	1	0	0	1	3.0
5757	Entrapment should be legalized	in favor of	people should be allowed to entrapment because it's another way to express themselves	0	0	0	0	0	0	1	0	0	0	3.0
1704	We should ban the use of child actors	against	it would not be possible to portray society realistically if child actors are banned because children are an important part of many dramas	1	1	0	0	0	0	0	0	0	1	3.333333333333333
3140	We should ban cosmetic surgery	in favor of	cosmetic surgery, other than for disfigurments, should be banned.  society puts too much pressure on people to look perfect.  people should embrace individuality.	0	0	0	0	0	1	1	0	0	1	3.0
1869	We should ban missionary work	against	missionary work helps many people who are in distress	0	1	0	0	0	0	1	0	0	0	3.0
3547	We should ban factory farming	against	we need to feed a large population & factory farming helps ensure we  can do that	1	1	0	0	0	1	0	0	0	0	3.5
2369	We should adopt gender-neutral language	in favor of	we should adopt gender-neutral language because it will make communication easier between genders	1	1	0	0	0	1	0	0	0	1	3.333333333333333
3383	We should ban whaling	against	whaling provides food and other resourses for people that are poor	0	1	0	0	0	1	0	0	0	1	3.333333333333333
2709	We should abolish intellectual property rights	against	copyright laws protect artistic creations.	0	0	0	0	0	0	1	0	0	0	3.0
882	We should adopt an austerity regime	against	We should not adopt an austerity regime because this move hurt people that are living on their pensions and people pay more taxes and this hurt a lot of people	1	0	0	0	1	1	1	0	0	1	3.0
4877	We need a common migration and asylum policy, based on respect for rights and equal treatment	against	I disagree, each country must be sovereign to establish its migration policy and no EU quotas should be accepted.	0	0	0	0	1	1	1	0	0	1	3.0
6968	It is right to ban Cattle Slaughter 	against	Many people are dying of hunger in India. Hunger and malnutrition are biggest problems India is facing right now. Beef is a cheap protein available to poor people. With the cattle slaughter ban, malnutrition problem worsens further.	0	0	0	0	0	1	0	0	0	1	3.333333333333333
2558	We should adopt a multi-party system	in favor of	a multi-party system allows for the airing of more viewpoints and would require politicians to build coalitions and compromise in order to get things accomplished.	1	0	0	0	1	1	1	0	0	1	3.0
5370	The EU should integrate the armed forces of its member states	in favor of	I am in favor of a possible army, but I would like to see it combined with social services and reconstruction. So NGOs and development cooperation must be involved. An army that can fight must also be able to build. We therefore also need a civilian army in Europe. I would also like an army consisting of civilians in uniform, in the same way as the German army. Please also take into account the right to refuse orders due to conscientious objection, also as in the German army.	1	1	0	0	1	1	1	0	0	0	3.0
2405	We should limit executive compensation	against	executives who run huge profitable companies that employ many people should be highly compensated for doing so	1	0	0	0	1	0	0	0	0	0	3.5
3194	We should abolish safe spaces	against	some groups are still subject to violence and mockery and they should have a place to access to get away from that.	0	1	0	0	0	1	0	0	0	1	3.333333333333333
5162	Esperanto should replace English as the first foreign language in schools and universities	in favor of	To build a common European understanding and to create a European identity, we need our own common language. 	1	0	0	0	1	1	0	0	0	0	3.5
1255	We should subsidize space exploration	in favor of	space exploration gives insight into our world and other planets which could be invaluable.	0	0	0	0	0	0	1	0	0	1	3.0
4150	We should ban factory farming	in favor of	they accuse the factory farming of being cruel to the treatment of animals. the current demand demands high production methods, it would be cruel to be unable to satisfy the national demand.	0	0	0	0	0	1	0	0	0	1	3.333333333333333
1517	We should ban cosmetic surgery for minors	against	it is everybody's right to have cosmetic surgery those that want it, including children, should have access	0	0	0	0	0	0	1	0	0	1	3.0
3889	We should introduce compulsory voting	in favor of	we should introduce compulsory voting because people have a right to vote	0	1	0	0	1	0	0	0	0	1	3.333333333333333
497	We should abolish capital punishment	against	strict capital punishment brings justice and closure to the victim's family	0	1	0	0	0	1	0	0	0	1	3.333333333333333
1701	We should subsidize space exploration	against	space exploration should be privatized and maybe we'd get somewhere.	1	0	0	0	1	0	1	0	0	0	3.0
4227	We should adopt a multi-party system	in favor of	by having a multi-party system people would be able to support parties with their values and the a larger party may adopt polices from the smaller one for support	1	1	0	0	1	0	1	0	0	1	3.0
3666	We should limit executive compensation	in favor of	executive compensation should be limited because i don't think the executives should get a bunch extra just because of that position.	0	0	0	0	0	0	0	0	0	1	3.333333333333333
2001	We should ban targeted killing	in favor of	we should ban targeted killing because innocent people can get aught in the crossfire.	0	1	0	0	0	1	0	0	0	1	3.333333333333333
5413	Surrogacy should be banned	against	surrogacy shouldn't be banned because sometimes there is a health issue preventing a perfectly good mother from having a baby. she deserves to have a child and a surrogate is the only way to do that.	0	1	0	1	0	0	1	0	0	0	3.0
4874	The European Union should support and integrate immigrant people to ensure that they live with dignity and equality with all European citizens	against	Successful migration is only possible when there is a vacancy in the host country, and the migrant has the required qualifications. Unlimited mass migration is the greatest existential threat to the EU.  Even more so than the CO2 threat.	0	0	0	0	0	1	0	0	0	0	3.5
3700	We should adopt atheism	in favor of	atheists are much more likely to care about the environment	0	0	0	0	0	1	0	0	0	1	3.333333333333333
5383	Surrogacy should be banned	against	Surrogacy should not be banned as it is the woman's right to choose if she wishes to do this for another couple and be compensated.	0	0	0	0	0	0	1	0	0	0	3.0
6375	Blockade of the Gaza Strip should be ended	in favor of	because it causes extreme hardship for the palestinians, shortages of essential goods, food and medicine. this results in feelings of hopelessness which will end in increasing hostilities with israel.	0	0	0	0	0	1	0	0	0	1	3.333333333333333
5819	Foster care brings more harm than good	against	Foster homes provide children with a community where they can talk, listen, cry, and laugh with other people who care about them	1	1	0	0	0	1	0	0	0	0	3.5
5580	Holocaust denial should be a criminal offence	against	History is what is related to us from other people. We can not really know if it has really happened. Denying the right not to believe this fact shouldn't be criminalized as people are freethinkers	0	0	0	0	0	0	1	0	0	1	3.0
466	We should legalize organ trade	in favor of	we should legalize organ trade because many people who are in need of organs have trouble getting good organs.	0	0	0	0	0	1	0	0	0	0	3.5
4753	Betting and gambling should be legalized in India	against	Gambling addiction can lead to increase in crime rates, mental illnesses.	0	0	0	0	0	1	0	0	0	0	3.5
5811	We should subsidize vocational education	in favor of	vocational education should be subsidized to allow a skilled workforce to develop and grow.	0	1	0	0	0	1	0	0	0	1	3.333333333333333
3741	We should abandon the use of school uniform	in favor of	school uniforms should not be required to wear in schools because it takes away a kids freedom of expression	0	0	0	0	0	0	1	0	0	0	3.0
1851	We should oppose collectivism	in favor of	this practice does not allow an individual their own thoughts and actions.	0	0	0	0	0	0	1	0	0	0	3.0
5561	Foster care brings more harm than good	in favor of	foster care tends to move children from home to home and lacks stability.	0	1	0	0	0	1	0	0	0	0	3.5
2598	We should adopt an austerity regime	against	an austerity regime promotes the continuation and growth of a country's debt which allows dependence on others instead of addressing and repairing issues of a particular country preventing self-growth.	0	0	0	0	1	1	1	0	0	0	3.0
1631	We should subsidize student loans	in favor of	It is difficult to get a job without a degree these days, so students need help paying to obtain one.	1	1	0	0	0	1	0	0	0	0	3.5
2946	We should subsidize space exploration	against	space exploration is such a costly exercise that subsidising would put an enormous strain on any country's finances that can be ill afforded when there are so many more causes that need supporting on earth.	0	1	0	0	1	1	0	0	0	1	3.333333333333333
5394	Social media brings more harm than good	in favor of	social media can be incredibly addicting and cause depression based on popularity contests. we shouldn't use it so much because it can cause suicide and cyber bullying.	0	0	0	0	0	1	0	0	0	0	3.5
4351	We should adopt a multi-party system	in favor of	it would allow more voices to be heard and more choice.	0	0	0	0	1	0	1	0	0	1	3.0
5873	The use of public defenders should be mandatory	against	how a person defends themself is their own decision.	0	0	0	0	0	0	1	0	0	1	3.0
6363	Blockade of the Gaza Strip should be ended	against	the blockade helps to keep more weapons from entering the area by ship and lessen the ability for violence.	0	1	0	0	0	1	0	0	0	0	3.5
3960	We should subsidize embryonic stem cell research	in favor of	embryonic stem cell research could lead to massive scientific break through that could save millions of lives. funding this would mean the difference of life and death to many people.	1	0	0	0	0	1	1	0	0	0	3.0
625	We should legalize organ trade	against	legalizing the organ trade would lead to people forcing or coercing other into giving their organs. this would increase death and suffering.	0	0	0	0	0	1	0	0	0	0	3.5
3457	We should abolish zoos	in favor of	zoos are inhumane structures built to house animals away from their natural environment. zoos  should be abolished and animals returned to their natural homes where they can be free.	0	0	0	0	0	0	0	0	0	1	3.333333333333333
4632	Artificial intelligence brings more harm than good	in favor of	With all the data and algorithms our apps and gadgets, without our conscious knowledge, are making decisions for us. Decision-making is (was) one of the qualities that made humans different from others	0	0	0	0	0	0	1	0	0	0	3.0
635	We should end mandatory retirement	in favor of	As people continue to have children later and later, mandatory retirement prevents people from being able to provide for their family and dependents.	0	1	0	0	0	1	0	0	0	0	3.5
4406	We should abolish the Olympic Games	against	the olympic games provide the opportunity for people from all countries to meet each other and learn about people from other places.	0	0	0	0	0	1	0	1	0	1	3.333333333333333
6615	Foster care brings more harm than good	in favor of	once a child is placed in foster care there is a danger that he or she gets stuck in the system and is subjected to multiple changes in placements with consequent damage to the child's wellbeing	0	0	0	0	0	1	1	0	0	0	3.0
4487	We should ban telemarketing	against	on rare occasions they can have a benefit, possibly the elderly  can benefit as they are less familiar with the internet.	1	1	0	0	0	0	0	0	0	1	3.333333333333333
18	We should ban algorithmic trading	in favor of	algorithms may not be 100% accurate and reflect the situation in the real market	0	0	0	0	0	0	0	0	0	1	3.333333333333333
4010	We should adopt gender-neutral language	against	we should not adopt gender-neutral language because using specific gender language should not have any specific meaning to a phrase.	0	0	0	0	0	0	0	0	0	1	3.333333333333333
1371	We should fight for the abolition of nuclear weapons	in favor of	When nuclear weapons exist in one place, they are always at risk of proliferating to the most dangerous of regimes.	0	0	0	0	0	1	0	0	0	1	3.333333333333333
350	We should subsidize space exploration	in favor of	space exploration is the next frontier.	1	0	0	0	0	0	1	1	0	0	3.0
6803	Homeschooling should be banned	in favor of	homeschooling deprives children from scocialising and making friends.	0	0	0	1	0	1	0	1	0	0	3.5
501	We should abolish the Olympic Games	against	the olympic games allow for true amateur athletes to live out their dreams.	1	0	0	1	0	0	1	1	0	1	3.0
6906	We should promote Zero Budget Natural Farming all over India	in favor of	At present, most of the farmers in India are following chemical-based farming. But the food produced by excessive use of chemical fertilizers and pesticides can cause serious health problems when consumed. So, there is a need to address this, and Natural farming can be a solution to this.	0	0	0	0	0	1	0	0	0	1	3.333333333333333
6806	Intelligence tests bring more harm than good	against	intelligence tests bring more good than harm because they let an individual know exactly what their potential is and can take learning paths accordingly.	1	0	0	0	0	0	0	0	0	0	3.5
5750	Homeopathy brings more harm than good	against	homeopathy has been proven to be more effective than modern medicine in some instances.	1	0	0	0	0	1	1	0	0	1	3.0
3543	We should adopt libertarianism	in favor of	libertarianism should be adopted as it will give more freedom to people to live their lives as they wish.	0	0	0	0	0	0	1	1	0	0	3.0
2036	We should adopt a zero-tolerance policy in schools	against	a zero-tolerance policy gives no leeway for administrators in cases where the crime may not be so serious.	0	1	0	0	0	0	0	0	0	1	3.333333333333333
4788	Nepotism exists in Bollywood	in favor of	The standards of Indian cinemas fall at times because of nepotism. Producers and directors are pushing star kids to launch in their movies, failing to judge their acting skills and screen presence. This leads to flop movies and a loss of quality and standards of the Indian cinemas.	1	0	0	0	0	0	0	0	0	0	3.5
2783	We should ban fast food	in favor of	fast food should be banned because it is nutritionally lacking in many essential nutrients, plus it provides substances that are totally unhealthy to the human diet, such as excess fat and sugar.	0	0	0	0	0	1	0	0	0	0	3.5
5305	The Western Balkans should join the EU immediately 	in favor of	I opt without a doubt that the Balkan countries should be already accepted as EU members so that their membership status helps them evolve. We have great examples in Romania and Bulgaria, and going back to the eighties, to Spain and Portugal. Those countries started to truly develop when they joined the EU. Besides, as you stated, the Balkan countries have made huge efforts in the last years to approach the EU. 	0	1	0	0	0	1	0	0	0	1	3.333333333333333
2117	We should oppose collectivism	in favor of	collectivism will ultimately fail because it is at odds with basic, self-preservation.	0	0	0	0	0	0	1	0	0	1	3.0
7207	We should prevent the surveillance state	in favor of	The number of video surveillance and control and intervention rights for public authorities is steadily increasing (at least according to my subjective feeling). This puts our free way of life at risk. A person who feels monitored will never really act freely. 	0	0	0	0	0	0	1	0	0	0	3.0
5954	We should abandon television	against	television is an important and loved form of entertainment and source of information that is endlessly creative and has much untapped potential for art and entertainment.	0	0	0	1	0	0	1	0	0	1	3.0
681	We should ban telemarketing	in favor of	unwanted telemarketing is a form of harassment, it's extremely annoying and it's got so out of hand that people are unable to avoid or opt out of it.	0	1	0	0	0	1	1	0	0	0	3.0
1244	We should adopt atheism	in favor of	if everyone adopted atheism it would bring more social cohesion and less wars. most conflicts, whether official wars or not, usually relate back to religious beliefs and convictions.	0	1	0	0	0	1	0	0	0	1	3.333333333333333
2772	We should subsidize space exploration	against	Subsidies are a zero sum game, by subsidizing space exploration we are neglecting more important fields such as education or affordable housing.	1	1	0	0	1	1	0	0	0	1	3.333333333333333
3407	We should abolish capital punishment	in favor of	capital punishment takes too long and has a long appeal process costing taxpayers money.	1	0	0	0	1	1	0	0	0	0	3.5
2985	We should ban fast food	in favor of	fast food has become extremely unhealthy and contributing to nation's obesity crisis.	0	1	0	0	0	1	0	0	0	1	3.333333333333333
3934	We should ban algorithmic trading	in favor of	algorithmic trading gives an unfair advantage to traders who can afford the best computers and internet connections -- i.e. those who are already rich.	0	0	0	0	0	0	0	0	0	1	3.333333333333333
2584	We should ban human cloning	in favor of	Cloning could lead to designer humans and we will lose the diversity of the human race	0	0	0	0	0	1	0	1	0	1	3.333333333333333
3519	We should subsidize journalism	in favor of	fair and honest journalism is important and should be subsidized for the benefit of all	0	1	0	0	0	0	0	0	0	1	3.333333333333333
708	We should abolish zoos	against	we shouldn't abolish zoos because they create jobs for zookeepers and they allow children to view wild animals which is fun and educational	0	0	0	1	0	1	1	0	0	0	3.0
4096	We should adopt a multi-party system	against	It is less likely for two party systems to have cooperation or coalitions based on extremist ideology.	0	0	0	0	0	1	0	0	0	1	3.333333333333333
33	We should legalize cannabis	in favor of	cannabis has been shown to be safer than alcohol and less addictive.  there is no real reason to keep it an illegal substance.	0	0	0	0	0	0	0	0	0	1	3.333333333333333
3062	We should adopt a multi-party system	in favor of	the two-party system is outdated and has proven, lately, that it does not always result in the best possible candidates.	1	0	0	0	0	1	0	0	0	1	3.333333333333333
1799	We should fight for the abolition of nuclear weapons	against	nuclear weapons prevent certain countries being attacked and help to keep world peace.	0	0	0	0	0	1	0	0	0	1	3.333333333333333
1628	We should subsidize embryonic stem cell research	in favor of	of all the different stem cells, embryonic have the most promise for scientific research.	0	1	0	0	0	1	0	0	0	0	3.5
6397	The vow of celibacy should be abandoned	against	the vow of celibacy should be up to each individual.	0	0	0	0	0	0	1	0	0	0	3.0
7248	We should strengthen Frontex and control immigration	in favor of	Bigger financial resources for Frontex and military action in Syria will stop the conflict.	1	0	0	0	0	1	0	0	0	1	3.333333333333333
2144	We should adopt an austerity regime	in favor of	an austerity regime will help the european economy get out of a recession.	1	0	0	0	1	1	0	0	0	0	3.5
6923	India should transition to electric vehicles	in favor of	As of 2019, India is importing crude oil for 82% of its oil requirement. By using electric vehicles, we can reduce the dependence on other countries for oil imports.	0	0	0	0	0	0	1	0	0	1	3.0
5315	Asylum seekers should only be able to file asylum applications from their home or neighboring country.	in favor of	If asylum applications are filed from abroad the security risks for asylum seekers are greatly reduced.	0	1	0	0	0	1	0	0	0	0	3.5
606	We should adopt a multi-party system	in favor of	tywo party systems no longer reflect the growing diversity of political views, only a multi party system can do this.	1	0	0	0	1	1	1	0	0	1	3.0
3182	We should subsidize embryonic stem cell research	against	to obtain embryonic stem cells, the early embryo has to be destroyed, this means destroying a potential human life	0	1	0	0	0	0	0	0	0	1	3.333333333333333
4767	Stray animals should be killed	in favor of	Stray dogs are often carriers of diseases because of the lack of care.	0	0	0	0	0	1	0	0	0	0	3.5
5829	We should abandon television	against	many people still rely on television as a source of news and entertainment	0	0	0	1	0	0	1	1	0	1	3.0
4412	We should ban missionary work	against	Banning missionary work would constitute a religious act by non-religious people and would therefore be hypocritical.	0	1	0	0	0	0	0	0	0	1	3.333333333333333
2797	We should adopt gender-neutral language	in favor of	we should adopt gender-neutral language because it will create a society where men are not more powerful and important than women.	0	0	0	0	0	0	0	0	0	1	3.333333333333333
4780	Aadhaar should be made mandatory in India	in favor of	Reduction of complexity in filling ITR's:	1	0	0	0	0	0	0	0	0	0	3.5
3285	We should cancel pride parades	against	these parades help support and bring gays into the open	0	1	0	0	0	1	0	0	0	1	3.333333333333333
2573	We should ban algorithmic trading	against	algorithmic trading helps people trade with a smaller risk of financial losses.	1	1	0	0	1	0	0	0	0	0	3.5
4433	We should legalize sex selection	in favor of	some illnesses are inherited by one gender or another, sex selection would enable these families to have a child without this illness, it would also result in fewer abortions of children who are the wrong sex.	0	0	0	0	0	1	1	0	0	1	3.0
1611	We should ban the use of child actors	in favor of	acting takes children away from their education and normal childhood pursuits	1	0	0	0	0	1	0	1	0	0	3.5
2296	We should limit judicial activism	against	many laws need to change with the times and a judge is in a better position than our elected officials to accurately and fairly review those laws.	1	1	0	0	1	1	1	0	0	1	3.0
2897	We should ban missionary work	in favor of	Missionary work is a waste of time and resources that could be better spent elsewhere.	0	1	0	0	0	1	0	0	0	1	3.333333333333333
3294	We should abolish safe spaces	against	safe spaces can help those hurting from abuse, anger, etc to feel protected	0	1	0	1	0	1	0	0	0	1	3.333333333333333
5849	Holocaust denial should be a criminal offence	in favor of	it is important to remember the atrocities that occurred so as not to allow the same thing to happen again.	1	0	0	0	0	1	0	0	0	1	3.333333333333333
217	We should abolish the three-strikes laws	in favor of	three strike laws perpetuate the for profit prison industrial complex and don't actually address the underlying issues driving people to commit crimes	0	0	0	0	0	0	0	0	0	1	3.333333333333333
6464	Social media brings more harm than good	in favor of	social media causes people to feel sad about their own lives.	0	0	0	1	0	1	0	0	0	0	3.5
2816	We should oppose collectivism	against	We should support collectivism because there would be fewer homeless people or starving people if people of means took a community interest rather than one of pure greed.	0	1	0	0	0	1	0	0	0	1	3.333333333333333
879	We should subsidize journalism	against	State subsidies for journalism will make journals financially dependent on the government, which will allow the government to influence what news gets reported and how the reporting is done.	0	1	0	0	0	0	1	0	0	1	3.0
921	We should legalize cannabis	in favor of	the healing properties of cannabis are necessary to alleviate the health of many patients who do not have access to it due to its restriction	0	0	0	0	0	1	1	0	0	0	3.0
2295	We should legalize cannabis	in favor of	Legalizing it would eliminate the black market for cannabis and will also free up prisons of people who are arrested and sentenced for cannabis possession.	0	1	0	0	0	1	0	0	0	1	3.333333333333333
4797	Businesses should buy unused emissions by reforesting, restoration, or conservation of habitats sequestrating carbon	in favor of	This would strengthen the carbon sinks across Europa.	1	0	0	0	0	0	0	0	0	1	3.333333333333333
1559	We should adopt an austerity regime	in favor of	We should adopt an austerity regime because the debt to gdp ratio threatens the future stability of the country	0	0	0	0	1	1	0	0	0	0	3.5
6657	We should abandon television	against	good television is an art form that can enrich our lives.	0	0	0	1	0	0	0	0	0	0	3.5
4038	We should adopt gender-neutral language	in favor of	language always evolves and this is just the next step for it	0	0	0	0	0	0	1	0	0	1	3.0
6318	Blockade of the Gaza Strip should be ended	in favor of	the blockade of the gaza strip is hurting innocent people	0	0	0	0	0	1	0	0	0	1	3.333333333333333
4329	We should adopt libertarianism	in favor of	libertarianism focuses on the individual and personal responsibility in making their own decisions	0	1	0	0	0	0	1	0	0	0	3.0
464	We should ban private military companies	against	private military companies provide additional soldiers in places where it is necessary	0	0	0	0	1	1	0	0	0	1	3.333333333333333
2313	We should adopt libertarianism	in favor of	it is an interesting concept that even though it hasn't caused much impact yet could possibly be a happy medium between the two existing parties and should be considered.	1	0	0	0	0	1	1	1	0	1	3.0
5982	We should subsidize vocational education	in favor of	vocational education should be subsidized because all students don't necessarily need a college education and rack up lots of debt in four year colleges.	0	0	0	0	1	1	0	0	0	0	3.5
3378	We should abolish the three-strikes laws	in favor of	we should abolish the three-strikes law because the definition of a previous violent offense could be arbitrary and prisons need to be places for rehabilitation, not excessive punishment.	0	1	0	0	0	0	0	0	0	1	3.333333333333333
887	We should ban cosmetic surgery for minors	against	a person should be allowed to choose what happens to their bodies	0	0	0	1	0	0	1	0	0	0	3.0
2540	We should abolish intellectual property rights	in favor of	we should abolish intellectual property rights because it create more laws from the copyrights and keeping it protected	1	0	0	0	0	0	1	0	0	0	3.0
4860	The EU needs strong advertising and recruitment strategies for students and qualified employees	in favor of	The EU should attract the world's most talented and most entrepreneurial. There was an attempt to reform the blue card directive by the Junker commission in order to create a new streamlined EU-wide visa category, similar to the short-lived Schengen visa. The holder of the new blue-card-like visa would have the entire EU labor market at their disposal. 	1	1	0	0	1	1	0	0	0	0	3.5
6497	Homeopathy brings more harm than good	in favor of	homeopathy has no scientific support	1	0	0	0	0	1	0	0	0	1	3.333333333333333
4413	We should stop the development of autonomous cars	in favor of	the development of autonomous cars is dangerous and removes human control	1	0	0	0	1	1	0	0	0	0	3.5
7323	We should open up three-child policy to encourage childbirth.	against	What people want is the right and freedom to be able to plan their own children.	0	1	0	0	0	0	1	0	0	0	3.0
5977	The vow of celibacy should be abandoned	in favor of	the vow of celibacy was originally established to prevent a pope or priest's son from inheriting the entire church should they chose to not be a pope. said concerns are now obsolete.	0	0	0	1	0	0	1	0	0	1	3.0
4138	We should subsidize student loans	in favor of	college is not affordable anymore.  an education can cost more than a home.  paying money to some student loan bills allow graduates to prosper, buying homes and cars and supporting the economy.	1	1	0	0	1	1	0	0	0	0	3.5
1082	We should ban human cloning	against	we shouldn't ban human cloning as it could help aid genetic medical problems	1	1	0	0	0	1	0	0	0	0	3.5
728	We should oppose collectivism	in favor of	people should be able to work hard and reap the benefits of their labor. with collectivism you will always have some people doing most of the work and the lazy ones will benefit from it.	1	1	0	0	1	0	1	0	0	1	3.0
5782	The use of public defenders should be mandatory	in favor of	making the use of public defenders mandatory would level the playing field and enable justice fo all, as opposed to when the wealthy can spend millions to hire counsel to extricate themselves from crimes.	0	0	0	0	0	0	0	0	0	1	3.333333333333333
42	We should abolish the Olympic Games	against	Olympic Games should not be banned. They are the tissue that solidify the friendship between nations in the world and a reminder of a peaceful world which should be the world vision	0	1	0	0	0	0	0	0	0	1	3.333333333333333
4463	We should ban fast food	against	Fast food provides a cheap and consistent meal for many people who see it as an occasional meal or treat and this should not be restricted because others cannot make good dietary choices.	0	0	0	1	0	1	1	0	0	0	3.0
1696	We should adopt a zero-tolerance policy in schools	against	we don't need a zero-tolerance policy that punishes students harshly for small things	0	0	0	0	0	0	0	0	0	1	3.333333333333333
1067	We should ban telemarketing	against	telemarketing allows small businesses to save money by reducing overhead costs.	1	0	0	0	1	0	0	0	0	0	3.5
2219	We should ban the use of child actors	in favor of	Many child actors are put under a huge amount of pressure to perform well and can be denied most of their childhood by unscrupulous adults that only want to profit from their talents.	0	1	0	1	0	1	1	0	0	1	3.0
3841	We should ban fast food	against	people should be able to choose what they put into their bodies.	0	0	0	0	0	0	1	0	0	0	3.0
4538	We should end the use of economic sanctions	against	economic sanctions provide security and ensure that citizens are treated fairly.	0	0	0	0	0	1	0	0	0	1	3.333333333333333
6954	Cattle slaughter should be banned	against	Many people are dying of hunger in India. Hunger and malnutrition are the biggest problems India is facing right now. Beef is a cheap protein available to poor people. With the cattle slaughter ban, the malnutrition problem worsens further.	0	1	0	0	0	1	0	0	0	0	3.5
1127	We should fight for the abolition of nuclear weapons	against	they are a deterrent for foreign forces not to attack smaller countries	1	0	0	0	1	1	0	0	0	1	3.333333333333333
6422	Foster care brings more harm than good	in favor of	Foster care providers are afforded a stipend for each child they take in, leading to the unfortunate situation of too many people taking advantage of the system and providing inadequate care in exchange for government funds.	0	1	0	0	0	0	0	0	0	1	3.333333333333333
3831	We should ban targeted killing	against	targeted killing is a necessary evil as it protects our citizens.	0	0	0	0	0	1	0	0	0	1	3.333333333333333
330	We should abandon the use of school uniform	in favor of	we should abandon the use of school uniform because people need to be free to express their thoughts on clothing	0	0	0	0	0	0	1	0	0	0	3.0
1233	We should subsidize journalism	against	journalism can make enough income to support itself as is seen by the countless successful media outlets	1	0	0	0	0	1	1	0	0	1	3.0
4522	We should adopt libertarianism	against	libertarianism is a cruel and short-sighted view. it leads to greater inequality and an unempathetic society.	0	0	0	0	0	1	0	0	0	1	3.333333333333333
2927	We should end mandatory retirement	against	people working longer than they should prevents employers from hiring new people who might be more useful	1	0	0	0	0	0	0	0	0	1	3.333333333333333
3742	We should stop the development of autonomous cars	against	autonomous cars will facilitate long commute riding	1	0	0	0	0	1	0	0	0	0	3.5
570	We should introduce compulsory voting	in favor of	compulsory voting ensures that our leaders reflect the will of all people, not just those who were able/motivated enough to make it to the polls.	0	0	0	0	0	0	0	0	0	1	3.333333333333333
245	We should legalize prostitution	in favor of	Legalizing prostitution would make the profession less dangerous and less hazardous to one's health.	1	0	0	1	0	1	0	0	0	0	3.5
766	We should stop the development of autonomous cars	against	development of autonomous car will make traffic and parking  easier	1	1	0	0	0	1	0	0	0	0	3.5
3405	We should fight for the abolition of nuclear weapons	against	nuclear weapons are vital to defending ourselves against enemies who are not moral or ethical.	0	0	0	0	0	1	0	0	0	0	3.5
7028	We should invest in sustainable alternative fuels for aviation	against	climate models (e.g. CO2 affecting anthropogenic climate warming) have not been validated.	0	0	0	0	0	0	0	0	0	1	3.333333333333333
3911	We should oppose collectivism	against	for the greater good of the whole community collectivism ensures everyone benefits, not just the few.	0	1	0	0	0	0	0	0	0	1	3.333333333333333
875	We should adopt gender-neutral language	in favor of	gender neutral language will allow both genders to be included and liberated to succeed as much as possible.  removing gender benefits all and reduces discrimination and suppression.	0	0	0	0	1	0	0	0	0	1	3.333333333333333
4374	We should cancel pride parades	against	pride parades are a support mechanism to allow gay people to feel that they are not alone and can be proud of who they are.	1	0	0	0	0	1	0	0	0	0	3.5
4399	We should introduce compulsory voting	against	people should not be forced to vote any more than they should be forced to have insurance or be fined for the lack of.	0	0	0	0	0	0	1	0	0	0	3.0
5225	There should be a federal Constitution for a European Federation	in favor of	People are willing to volunteer change in relation to involuntary inflicted changes, such as technology, economy, and climate. With this in mind, I hope a European Constitution will be long-lasting and help the people. We have to react to the circumstances and start fast.  	1	1	0	0	0	1	0	0	0	1	3.333333333333333
1700	We should subsidize journalism	against	funding comes with overt or covert strings attached, certain criticisms of the government would vanish	1	0	0	0	0	1	1	0	0	1	3.0
6221	We should abandon television	against	television is part of the entertainment of people and should not be prohibited	0	0	0	1	0	0	1	1	0	0	3.0
3630	We should ban targeted killing	in favor of	governments in this way seek to prioritize their needs and whims at the time of reaching power	0	1	0	0	0	1	0	0	0	1	3.333333333333333
2538	We should subsidize space exploration	in favor of	space exploration is needed to further our nations scientific knowledge. it should be supported by government. there is no profit in it but is vital to our nation and should be undertaken with public dollars.	1	0	0	0	0	1	1	0	0	1	3.0
3917	We should end the use of economic sanctions	against	economic sanctions are the only way to force other countries to give up certain damaging actions by affecting a larger crowd that simply the government people.	0	0	0	0	1	1	0	0	0	1	3.333333333333333
5647	We should subsidize vocational education	in favor of	schools ought to be required to provide vocational training	1	1	0	0	0	1	0	0	0	1	3.333333333333333
3386	We should legalize organ trade	in favor of	it would help to get organs faster for the people that need them	1	1	0	0	0	1	1	0	0	0	3.0
801	We should abolish safe spaces	against	safe spaces are important for those who do not feel included or feel threatened	0	1	0	0	0	1	1	0	0	1	3.0
5415	Homeschooling should be banned	in favor of	home schooling deprives children from the natural interaction with other kids their age, make new friends, and learn how to engage with children who are different than them	0	0	0	0	0	1	0	0	0	1	3.333333333333333
6331	The vow of celibacy should be abandoned	in favor of	the vow of celibacy is no longer relevant in today's society and should be abandoned	0	0	0	0	0	0	1	0	0	0	3.0
2852	We should ban targeted killing	against	targeted killing is the best way to eliminate threats without risking additional loss of life and it should not be banned.	0	0	0	0	0	1	0	0	0	1	3.333333333333333
3566	We should oppose collectivism	against	We should support collectivism because people have more freedom when they are supported in their choices than when they have to scramble for everything on their own.	0	1	0	0	1	1	1	1	0	0	3.0
2186	We should subsidize journalism	in favor of	Without journalism people have no way of having the information that empower them to make informed voting decisions, making journalism central to democracy and therefore in need of subsidization.	0	1	0	0	0	1	1	0	0	1	3.0
2771	We should limit executive compensation	against	Executive level employees have worked hard to achieve the level they have  and should be compensated for this.	1	0	0	0	1	0	0	0	0	0	3.5
7285	We should give up developing electric vehicles	in favor of	Power battery energy density is relatively low and stability is not high, the battery industry needs to break through the technical bottleneck or find cost-effective alternative products.	1	0	0	0	0	0	0	0	0	1	3.333333333333333
5275	There should be a single EU policy. 	in favor of	The EU should be a global actor. Merge all Foreign affairs departments from member states into a coordinated European network for international policy and intelligence.	0	0	0	0	1	1	0	0	0	0	3.5
2443	We should subsidize journalism	against	unchecked journalism can lead to biases, paid content, and sow seeds of distrust in the media.	0	1	0	0	0	0	0	0	0	1	3.333333333333333
6661	We should abandon television	against	we should not abandon television as it is an excellent source of news and information as well as entertainment.	1	0	0	1	0	0	0	0	0	0	3.5
3797	We should adopt a multi-party system	in favor of	a multi-party is essential to allow for democracy and prevent autocratic regimes coming to power.	0	1	0	0	1	1	1	0	0	1	3.0
3750	We should legalize organ trade	in favor of	organ trade will allow for more transplants, benefitting society a a whole	1	0	0	0	1	1	0	0	0	0	3.5
1719	We should adopt an austerity regime	in favor of	there are too many people on planet earth and austerity is the only way our planet will survive. we do not have enough resources for our population to be gluttonous.	0	1	0	0	0	1	0	0	0	1	3.333333333333333
3202	We should subsidize journalism	in favor of	we need to subsidize journalism so that it continues to draw in good people	1	1	0	0	0	0	0	0	0	1	3.333333333333333
452	We should subsidize journalism	in favor of	journalism has been an important profession.	1	0	0	0	0	0	1	0	0	1	3.0
1529	We should subsidize Wikipedia	in favor of	wikipedia is an amazing resource that just about everyone uses.  if it were to disappear many people would lose out.  subsidizing it would be beneficial to all.	1	1	0	0	1	0	0	0	0	1	3.333333333333333
6419	The use of public defenders should be mandatory	against	people should have the right to defend themselves if they think they can do the better job of it.	0	0	0	0	0	0	1	0	0	1	3.0
4972	There should be no immigration from non-European or non-first-world countries 	against	In Conclusion, we should say: 'Europeans go home. Go home, leave every part of the world where we are making business, exploiting cheap labor, rare minerals, selling arms, invading foreign countries and exporting democracy, etc. '	0	0	0	0	1	0	1	0	0	1	3.0
4396	We should ban cosmetic surgery for minors	in favor of	we should ban cosmetic surgery for minors because they don't have the mental capacity to make a life changing decision.	1	1	0	0	0	0	0	0	0	0	3.5
2383	We should abolish intellectual property rights	in favor of	intellectual property rights are unhelpful to companies who want to copy other people's ideas	1	1	0	0	1	0	1	0	0	0	3.0
2377	We should abolish the Olympic Games	against	the olympic games provide employment of many people and are entertaining	1	0	0	1	0	1	0	0	0	0	3.5
1755	We should adopt libertarianism	in favor of	libertarianism gives us real freedom and keeps the government out of our lives	0	0	0	0	0	0	1	1	0	0	3.0
884	We should ban the Church of Scientology	in favor of	Scientology is not a true religion it is a sect or a cult which brainwashes it's followers and makes money from them.	0	1	0	0	0	1	1	0	0	1	3.0
5471	Foster care brings more harm than good	in favor of	children raised in foster care don't have the love of a mom and dad	0	1	0	0	0	1	0	1	0	0	3.5
4384	We should limit executive compensation	in favor of	executive compensation has to be limited to permit the company to show a profit	1	0	0	0	1	0	0	0	0	0	3.5
1745	We should cancel pride parades	against	pride parades are a fantastic way for individuals to celebrate their identities which history has long put down as being not normal or labeled as a disorder.	0	1	0	0	0	1	0	1	0	1	3.333333333333333
458	We should cancel pride parades	against	gay people have suffered alot over the decades and should be entitled to have a parade celebrating their sexuality.	0	1	0	0	0	1	0	0	0	1	3.333333333333333
926	We should subsidize embryonic stem cell research	in favor of	without further research we won't know what amazing potential we have with embryonic stem cells	1	1	0	0	0	1	1	0	0	1	3.0
1305	We should ban telemarketing	against	Banning telemarketing will create job losses for many people who work in this industry.	1	0	0	0	1	1	1	0	0	0	3.0
4584	We should strengthen laws to fight against terrorism	against	If someone is booked under UAPA, the burden of proving their innocence is on them. This new amendment is enabling the government to seize their properties. Then how will they pay for legal expenses to prove their innocence, if they are falsely accused?	0	1	0	0	0	1	0	0	0	1	3.333333333333333
1647	We should adopt an austerity regime	against	We should not adopt an austerity regime because the global economy is now rapidly growing, and the recession is years behind us.	1	0	0	0	1	0	0	0	0	0	3.5
3858	We should abolish the Olympic Games	against	it makes income for the local communities	0	0	0	0	1	1	0	0	0	0	3.5
6889	The use of public defenders should be mandatory	in favor of	The use of public defenders should be mandatory because it would encourage more of the best law students to become public defenders, if they want to be defense attorneys.	1	0	0	0	0	0	0	0	0	0	3.5
4484	We should fight for the abolition of nuclear weapons	against	nuclear weapons development leads to other non-combative discoveries, such as nuclear energy.	1	0	0	0	0	0	1	0	0	0	3.0
2216	We should subsidize space exploration	against	there are many more practical realms of scientific inquiry that need our support more urgently.	1	0	0	0	0	1	1	0	0	1	3.0
3087	We should subsidize student loans	against	if people want to go to college, they need to work hard and earn enough to go	0	1	0	0	0	0	1	0	0	0	3.0
3035	We should ban private military companies	against	we should not ban private military companies as a person should have the right if they can afford to hire such companies to protect them.	0	0	0	0	1	0	1	0	0	0	3.0
5409	Foster care brings more harm than good	in favor of	many children in the foster care system have issues that can destroy a family.	0	1	0	0	0	1	0	0	0	0	3.5
5567	The use of public defenders should be mandatory	in favor of	People should be required to use a public offender to better than chances of winning a case when they cannot afford legal counsel of their own.	0	0	0	0	0	0	0	0	0	1	3.333333333333333
3308	We should abolish intellectual property rights	in favor of	we need to abolish intellectual property rights and let people innovate and create without having to worry about who owns what	0	0	0	0	0	0	1	0	0	0	3.0
7198	We should recognize Esperanto as one of the cultural languages of EU citizens	in favor of	Esperanto is a common language of citizens from all countries of the EU. Esperanto encounters bring them together for contact and understanding. The authorities of the European Union are called upon to support this direct communication of the citizens. It is our free choice in which language we want to talk to each other - please recognize and promote it!  	0	1	0	0	0	0	1	0	0	1	3.0
3551	We should stop the development of autonomous cars	in favor of	we do not have the infrastructure required for a safe autonomous driving system how can we code the car to choose between one fatality and another it would destroy the taxi and delivery driver job market	1	1	0	0	0	1	0	0	0	0	3.5
1488	We should ban factory farming	against	factory farming provides us with all the food we take for granted	0	0	0	0	1	1	0	0	0	1	3.333333333333333
6608	Intelligence tests bring more harm than good	against	intelligence tests help teachers to learn how best to teach certain students and are essential in this environment.	1	1	0	0	0	0	0	0	0	0	3.5
3665	We should legalize sex selection	against	selecting the sex of babies could lead to an in balance in society demonstrated by china , where the one child policy resulted in  areas where there are  approximately  10 males to 1 female.	0	0	0	0	0	1	0	0	0	1	3.333333333333333
4154	We should ban the use of child actors	in favor of	kids should be kids and not put to work. especially when some roles can cause emotional trauma and lasting effects when children's understanding of real and fake is often blurred.	1	0	0	1	0	1	0	0	0	1	3.333333333333333
5608	The use of public defenders should be mandatory	in favor of	Separate public and private defender systems contribute to social instability by being a very obvious example of the state providing preferential treatment to the rich.	0	0	0	0	0	1	0	0	0	1	3.333333333333333
6551	Homeschooling should be banned	in favor of	homeschooling keeps children from learning to work in a group	1	1	0	0	0	1	0	0	0	1	3.333333333333333
1164	We should abolish zoos	in favor of	zoos are entrapping animals that are meant to live in the world	0	1	0	0	0	0	0	0	0	1	3.333333333333333
4342	We should adopt a multi-party system	against	multi-party systems should not be allowed as it only causes a no win-win situation when the other parties can not agree upon a situation.	1	0	0	0	0	1	0	0	0	1	3.333333333333333
1423	We should adopt atheism	in favor of	religion has caused many wars. if we did not have religion then these wars may be avoided.	0	0	0	0	0	1	0	0	0	1	3.333333333333333
3486	We should adopt an austerity regime	against	austerity regimes disproportionally hit the poorest in society hardest.	0	0	0	0	1	1	0	0	0	1	3.333333333333333
6574	Surrogacy should be banned	against	it is a legitimate choice for the surrogate and family to make, if the surrogate wants to use their body to carry a baby the state has no right to stop this	0	1	0	0	0	0	1	0	0	0	3.0
2681	We should oppose collectivism	against	sometimes it's easier to get one's voice across if the voice is heard as a group	0	0	0	0	1	1	0	0	0	1	3.333333333333333
4785	There should be a ban on Bandhs	in favor of	Industries are also one of the worst hits. Investors may lose interest to invest in manufacturing sector as bandh by anyone results in the loss to them.	1	0	0	0	1	1	0	0	0	0	3.5
3807	We should oppose collectivism	against	collectivism shouldn't be opposed because societies like this are generally more stable	0	0	0	0	0	1	0	0	0	1	3.333333333333333
5320	The EU should change its internal structure.	in favor of	Without change, the EU will be following the route of the USSR and other communist countries, who after 70 years of trying to build a social paradise ended in poverty and suppression.	0	0	0	0	0	1	1	0	0	0	3.0
7106	We should improve and modernize our energy infrastructure	in favor of	A green initiative that I can endorse whole-heartedly. Rational environmentalism can save both our planet and our democracy (from the menace of the radical Greens).	0	0	0	0	0	1	0	0	0	1	3.333333333333333
6278	Intelligence tests bring more harm than good	against	intelligence tests are essential because they ensure pupils receive the education that is right for them	1	0	0	0	0	0	1	0	0	1	3.0
3943	We should legalize cannabis	against	more industrial accidents, more injuries, and truancy rates as a result of  marijuana use will hurt businesses by causing loss of productivity	1	1	0	0	1	1	0	0	0	0	3.5
4026	We should adopt atheism	in favor of	religion has been used as justification for many terrible things in the past. we should base our judgements only on what we know s true, and not what might be true.	1	0	0	0	0	0	0	0	0	1	3.333333333333333
253	We should adopt a zero-tolerance policy in schools	against	the zero-tolerance policy is not a good thing at all , kids getting punished for their actions and humiliated in front of a audience is really not the great thing to do.	0	1	0	0	0	0	1	0	0	0	3.0
3373	We should adopt atheism	in favor of	atheism should be the defacto standard for all people. If individuals choose to believe in unprovable, invisible super beings from space, it should be kept private and out of official/public spaces.	0	0	0	0	0	0	1	0	0	1	3.0
6198	Assisted suicide should be a criminal offence	against	assisting a suicide for medical reasons should not be considered a criminal offense because the person is making sound judgements based on someone else's suffering.	0	1	0	0	0	1	1	0	0	1	3.0
3009	We should abolish the Olympic Games	in favor of	We should abolish the Olympic Games because they have become very open to abuse in terms of drug use and oppressive government regimes.	0	1	0	0	0	1	0	0	0	1	3.333333333333333
6654	Entrapment should be legalized	in favor of	entrapment helps catch many criminals.	0	0	0	0	0	1	0	0	0	0	3.5
315	We should abolish the Olympic Games	against	the olympics have long been the goal for athletes to aim for to be the very best so abolishing the games would take away their dreams and ambitions.	1	0	0	0	0	0	1	1	0	0	3.0
6624	Surrogacy should be banned	against	knowing who the surrogate is provides better information than in an adoption where you don't know any background	0	1	0	0	0	0	0	0	0	1	3.333333333333333
5634	The use of public defenders should be mandatory	in favor of	this ensures the accused or defendees get the best legal advice for a fair trial.	0	1	0	0	0	0	0	0	0	1	3.333333333333333
2128	We should adopt libertarianism	against	libertarianism puts too much focus on the individual and can lead to selfishness and not enough focus on society as a whole.	0	1	0	0	0	1	0	0	0	1	3.333333333333333
981	We should subsidize student loans	in favor of	student loans should be subsidized so that more kids can go to school, get a better education and contribute to the advancement of society.	1	0	0	0	1	1	1	0	0	0	3.0
3927	We should stop the development of autonomous cars	against	why stop the development? sure delay releasing them to the public until the development is at a stage of safety that surpasses human driving but, there is nothing to be gained from stopping development	1	0	0	0	0	0	0	0	0	1	3.333333333333333
3441	We should introduce compulsory voting	against	no one should be forced to do anything in our country.	0	0	0	0	0	0	1	0	0	0	3.0
4407	We should abolish the right to keep and bear arms	in favor of	the right to keep and bear arms was designed in an era of muskets and bows. these weapons today are much more machine like and ought not be allowed in society.	0	0	0	0	0	1	1	0	0	1	3.0
1616	We should subsidize embryonic stem cell research	in favor of	embryonic stem cell research will help save lives and is very important.	0	0	0	0	0	1	1	0	0	1	3.0
7205	We should legalize non-violent drug offenses	in favor of	Psychedelic medicines specifically have the potential to radically transform our mental health care. 	1	0	0	0	1	1	1	0	0	1	3.0
6118	Blockade of the Gaza Strip should be ended	against	the blockade of the gaza strip  should not be ended as there is still no end to the violence in the region.	0	0	0	0	0	1	0	0	0	1	3.333333333333333
2436	We should limit executive compensation	against	Executives put more of their time, effort and life to put their company at the top. This effort really merits to be recognized. Only through a high compensation is their efforts be recognized	0	0	0	0	1	0	0	0	0	0	4.0
872	We should adopt an austerity regime	against	absolutely not.  the great president donald trump is turning the country around and saving us from the financial disaster that the last eight years were leading the united states towards.	1	0	0	0	1	1	0	0	0	0	3.5
4377	We should ban algorithmic trading	against	algorithmic trading uses computers to analyze vast amounts of data to provide the best decisions in a way that humans are not capable of.	1	0	0	0	0	0	0	0	0	1	3.333333333333333
7107	We should impose an IQ test to immigrants	against	IQ tests do not prevent ill-intentioned people from entering our borders. Canada aims to receive 400,000 people each year, and how intelligent or skilled they are does not matter. People working in the agricultural fields are being naturalized, relatives are being naturalized.	1	0	0	0	0	0	0	0	0	1	3.333333333333333
5616	Holocaust denial should be a criminal offence	against	while it is terrible to deny what happened during the holocaust everyone is entitled to their opinions.	0	0	0	0	0	0	1	0	0	0	3.0
816	We should ban targeted killing	against	targeted killing may be necessary in very limited circumstances where there is an immediate threat to life of civilians or military personnel	0	0	0	0	0	1	0	0	0	1	3.333333333333333
3178	We should adopt atheism	in favor of	atheism allows for an even playing field, removes the fighting over which religion is superior over another.	0	0	0	0	0	0	0	0	0	1	3.333333333333333
6617	Homeopathy brings more harm than good	in favor of	homeopathy is scientifically unproven and thus constitutes a health risk.	0	0	0	0	0	1	0	0	0	1	3.333333333333333
1727	We should cancel pride parades	against	Pride parades allow communities to be open and free about their lifestyles in a way that everyone else can all the time, they are fun, community events that go beyond the LGBTQ communities.	0	1	0	1	0	1	1	0	0	1	3.0
1287	We should subsidize Wikipedia	in favor of	the wealth of knowledge in wikipdia available to the public for free is too valuable to risk ever losing so it should be subsidized to ensure it continues.	1	0	0	0	0	1	1	0	0	1	3.0
4734	Beauty pageants should be banned	in favor of	Such competitions and beauty pageant have a very wrong influence on society as we all quickly follow the media trends. All this is basically sending the wrong message to our younger generation girls where they are made to understand that being perfect and pretty is extremely necessary. This affects their self-esteem and may even cause depression.	0	0	0	0	0	1	0	0	0	1	3.333333333333333
6281	Assisted suicide should be a criminal offence	against	to assist a loved one to pass on and be relieved of suffering is a selfless act that should not be criminalised.	0	1	0	0	0	1	1	0	0	1	3.0
4071	We should abolish the right to keep and bear arms	against	if people are denied the right to bear arms, they take away their right to feel protected, especially when your country shows that they are not capable of doing so.	0	1	0	0	0	1	1	0	0	0	3.0
1177	We should subsidize space exploration	in favor of	we should subsidize space exploration because it is beneficial for educational purposes	1	0	0	0	1	0	1	1	0	1	3.0
4942	The European Union should be harder towards irreparable migrants, those who do not value their lives in peace, security, and prosperity.	against	The emphasis on negative stereotypes towards migrants comes mostly from people who don't know Africans or other migrants or refugees. 	0	0	0	0	0	0	0	0	0	1	3.333333333333333
2962	We should ban algorithmic trading	against	algorihmitic trading is much less expensive for the individual trader.	0	1	0	0	1	0	0	1	0	1	3.333333333333333
300	We should ban the use of child actors	against	we shouldn't ban the use of child actors because it is a way for children to find a career early in their life	1	0	0	0	0	0	0	0	0	0	3.5
407	We should abandon the use of school uniform	against	school uniforms allow children to attend school without peer pressure on clothing.	0	0	0	0	0	1	0	0	0	0	3.5
1640	We should introduce compulsory voting	in favor of	compulsory voting would ensure that everyone becomes engaged in the political process and it would be the true voice of the people rather than the voice of the minority  who vote.	0	1	0	0	1	0	0	0	0	1	3.333333333333333
3408	We should ban targeted killing	against	a successful targeted killing can prevent a war or other deaths and as such, should be a tool at our disposal.	0	0	0	0	0	1	0	0	0	1	3.333333333333333
2562	We should subsidize space exploration	against	the space exploration can be private and get money from private funds, why should we keep it?	0	0	0	0	1	0	0	0	0	0	4.0
1862	We should legalize organ trade	against	Selling organs puts the seller in incredible risk of further injury and decreases their quality of life.	0	0	0	0	0	1	0	0	0	0	3.5
1438	We should adopt a zero-tolerance policy in schools	against	students are not yet adults, and circumstances are unique for each child.	0	1	0	0	0	0	0	0	0	1	3.333333333333333
3505	We should ban cosmetic surgery for minors	in favor of	plastic surgery is a life altering decision and should not be taken lightly so much so that if you are a minor you should not be allowed to get it	0	1	0	1	0	1	1	0	0	1	3.0
6256	Foster care brings more harm than good	against	orphanages cannot give kids the personal care that foster parents can.	0	1	0	0	0	0	0	0	0	1	3.333333333333333
2398	We should abolish the three-strikes laws	in favor of	the three-strikes law is unfair to those whose crimes are minimal verses those whose crimes are very bad.	0	1	0	0	0	0	0	0	0	1	3.333333333333333
493	We should ban fast food	against	fast food is good for busy people allowing the to pick up something to eat on the go.	0	0	0	0	0	1	1	1	0	0	3.0
5310	Foreign Policy at the EU level should be based on an absolute majority, not unanimity	against	If a veto is happening in the current EU voting procedure it is justified.	0	0	0	0	0	0	0	0	0	1	3.333333333333333
2362	We should abolish the three-strikes laws	in favor of	three strikes laws lack nuance and fail to evaluate circumstances around crimes committed.	0	1	0	0	0	0	1	0	0	1	3.0
7132	We should promote a plant-based diet	in favor of	The environmental impact of a given product should also be stated on its package and/or in menus in order to raise awareness on the subject.	0	1	0	0	1	0	0	0	0	1	3.333333333333333
2197	We should ban algorithmic trading	in favor of	there is a possibility that the servers could be hacked and alter algorithmic programming, which would cause widespread panic	0	1	0	0	0	1	0	0	0	1	3.333333333333333
3899	We should subsidize journalism	in favor of	journalists put their lives on the line when they report news from war zones, or shootings or natural disasters.	1	1	0	0	0	1	0	1	0	0	3.5
5228	There is a lack of unity in European migration policies.	against	For a better migration policy, a European mission could be created to welcome migrants from the coasts of Libya and Tunisia. People welcomed in the centers in North Africa will be re-distributed to the countries of the Union. Are you insane?	0	0	0	0	0	1	0	0	0	1	3.333333333333333
4612	We should subsidize higher education institutions	in favor of	 Though we have been establishing national-level institutes for the past 40 years, we haven’t been investing to maintain their standards. Funds are needed for quality education. Even the top Indian institutes lack proper infrastructure, labs, resources, etc. And even whatever is available is just for the sake of passing the students in the examination and sitting idle the rest of the time.	1	0	0	0	1	0	0	0	0	0	3.5
1806	We should adopt a multi-party system	in favor of	multi-party systems bring diversity to politics, and giving more voices to the population	0	0	0	0	0	1	1	0	0	1	3.0
363	We should abolish zoos	in favor of	we should abolish zoos because it dangerous and not good for the animals to be out of their natural habitat just for the purpose of human entertainment	0	0	0	0	0	0	0	0	0	1	3.333333333333333
5692	The use of public defenders should be mandatory	against	public defenders are a drain on the judicial system because often they do not have their clients best interests at heart.	1	0	0	0	0	0	1	0	0	1	3.0
5443	Entrapment should be legalized	in favor of	entrapment should be legalized because it can be useful to weed out all the criminals. if you are entrapped, your true self will show if you commit a crime.	0	0	0	0	0	1	0	0	0	0	3.5
7015	We should protect very large natural areas	in favor of	To help achieve this, the EU should reduce its excessive livestock subsidies. An agricultural transition away from cattle towards plants would free up a lot of space	0	0	0	0	0	0	0	0	0	1	3.333333333333333
3199	We should adopt a multi-party system	in favor of	this would provide more choices and let us see more points of view	0	0	0	0	0	1	0	0	0	1	3.333333333333333
5894	Blockade of the Gaza Strip should be ended	in favor of	The  Middle East is really no longer a threat to anyone and the blockade should end.	0	1	0	0	0	1	1	0	0	1	3.0
67	We should adopt libertarianism	in favor of	libertarianism fosters a more equitable and efficient society for all	0	0	0	0	0	1	0	0	0	1	3.333333333333333
3977	We should abolish zoos	in favor of	zoos should be abolished because it is cruel and inhumane to cage animals.	0	0	0	0	0	0	0	0	0	1	3.333333333333333
6531	Payday loans should be banned	against	payday loans have really high interest rates only because of how risky it is to loan money to certain individuals.	0	1	0	0	1	1	0	0	0	1	3.333333333333333
7093	We should reduce environment pollution by limiting number of people in Europe	against	It makes no difference where we place the population of the world. Either in or out of EU, the western way of living is unsustainable.	1	1	0	0	0	0	0	0	0	1	3.333333333333333
3692	We should ban cosmetic surgery for minors	against	some children may require cosmetic surgery for health reasons, such as a cleft palate, therefore it should not be banned.	0	0	0	0	0	1	1	0	0	0	3.0
6164	Homeschooling should be banned	in favor of	homeschooling prevent children to socialize and confront with others, therefore it should be banned.	0	0	0	0	0	1	0	0	0	0	3.5
6243	Blockade of the Gaza Strip should be ended	in favor of	many innocent people are hurt by the lack of food and essentials that are stopped by the blockade	0	1	0	0	0	1	0	0	0	1	3.333333333333333
2178	We should abolish safe spaces	in favor of	they prevent people from being able to express their opinions that might bother someone	0	0	0	0	0	0	1	0	0	0	3.0
2223	We should ban algorithmic trading	against	people deserve to have the best trading options	1	0	0	0	1	0	1	0	0	1	3.0
1504	We should abolish zoos	in favor of	it is inhumane to keep animals in cages for our entertainment. they need to be in their natural habitat in order to thrive instead of zoos.	0	0	0	0	0	0	0	0	0	1	3.333333333333333
1604	We should introduce compulsory voting	against	compulsory voting is an infringement on personal choice	0	0	0	0	0	0	1	0	0	0	3.0
2165	We should adopt an austerity regime	against	austerity regimes can cause widespread unemployment	0	0	0	0	1	1	0	0	0	0	3.5
773	We should legalize organ trade	in favor of	people are more likely to share their organs if there is financial benefit to them, increasing supply.	0	0	0	0	1	1	1	0	0	0	3.0
1523	We should adopt a multi-party system	against	too much parties are dangerous for cohesion.	0	0	0	0	0	1	0	0	0	1	3.333333333333333
4692	College education should be free for everyone	in favor of	Some students are taking education loans to study and then they have to work hard to repay their loans. Many people are forced to take up jobs immediately after college to repay loans. But with free education, they will have the liberty in career choices like choosing a job or becoming entrepreneurs or experimenting with gigs, etc.	0	0	0	0	0	1	1	0	0	0	3.0
2503	We should ban the Church of Scientology	in favor of	scientology is a cult that brainwashes people	0	0	0	0	1	0	1	0	0	0	3.0
39	We should stop the development of autonomous cars	in favor of	autonomous cars will take away the jobs of thousands of people around the world by removing the function of drivers.	0	0	0	0	0	0	0	0	0	1	3.333333333333333
1038	We should adopt a zero-tolerance policy in schools	against	We should not adopt zero tolerance policies because they have not improved school discipline in other districts, only introduced more punishments for students.	1	1	0	0	0	0	0	0	0	1	3.333333333333333
3727	We should abolish safe spaces	against	safe spaces are an important place for students to get help or support without being judged	0	1	0	0	0	1	0	0	0	1	3.333333333333333
6008	Surrogacy should be banned	in favor of	pregnancy places a huge strain on the body and surrogacy encourages poorer women to do this for money.	0	0	0	0	0	1	0	0	0	1	3.333333333333333
5955	Payday loans should be banned	in favor of	they should be banned because the finance charges are very high and people get futher in debt	0	1	0	0	0	1	0	0	0	1	3.333333333333333
2099	We should legalize organ trade	against	we cannot legalize the trade of human organs, it will open up an exploitative industry that preys on people with money problems	0	0	0	0	0	1	0	0	0	1	3.333333333333333
3390	We should cancel pride parades	against	it is essential that people realize the whole world is diverse. by promoting these parades we are showing the world that you need to be proud of who you are regardless or gender or orientation.	0	0	0	0	0	0	0	0	0	1	3.333333333333333
3816	We should legalize cannabis	against	cannabis can harm brain chemistry in children.	0	0	0	0	0	1	0	0	0	0	3.5
611	We should ban telemarketing	in favor of	telemarketing can harm vulnerable people who are less able to say no.	0	1	0	0	0	1	0	0	0	1	3.333333333333333
3774	We should ban cosmetic surgery for minors	against	More investment into cosmetic surgery has overflow benefits for reconstructive and general surgery to due innovative technology and techniques.	1	0	0	0	0	1	1	0	0	0	3.0
1332	We should end the use of economic sanctions	in favor of	Economic sanctions are immoral and hurt the people they are supposed to be protecting.	0	1	0	0	0	1	0	0	0	1	3.333333333333333
6293	We should subsidize vocational education	against	any subsidy for education after school is unnecessary, the right to access education ends at 16 at which point people can fund their own adult decisions	1	1	0	0	0	0	1	0	0	1	3.0
2344	We should subsidize student loans	in favor of	subsidizing student loans lets the students work in their classes not at jobs to pay for their education	1	0	0	0	1	1	1	0	0	0	3.0
6209	Foster care brings more harm than good	against	foster care is open to children who have been lacking love from their parents. they are nurtured and given love by people who have a lot to offer	0	1	0	0	0	0	0	0	0	0	4.0
6720	Intelligence tests bring more harm than good	against	intelligence tests have been known to help students be comfortable learning and studying among their peers based on aptitude	1	0	0	0	0	0	0	0	0	1	3.333333333333333
5532	Intelligence tests bring more harm than good	in favor of	it is often difficult to use a standard IQ test to measure the capabilities of people who communicate in a non-standard way	1	0	0	0	0	0	0	0	0	1	3.333333333333333
2347	We should subsidize student loans	against	students should pay for their own education; it isn't fair that everyone has to pay for education through tax regardless of whether they use it.	0	1	0	0	1	0	1	0	0	1	3.0
7361	We should vigorously develop the countryside.	in favor of	Unemployment and urbanization when combined are slums and instability, so the rural areas need to be allowed to absorb the unemployed.	0	0	0	0	0	1	0	0	0	1	3.333333333333333
4689	We should have psychological counseling in educational institutions	in favor of	Some students do not even understand what they are going through, they may not even know how to ask for help. Having a counselor at their educational institution will help them a lot in understanding their issues. Moreover, they will learn how to ask for advice and help.	1	1	0	0	0	1	0	0	0	1	3.333333333333333
1822	We should subsidize journalism	against	journalism is self sustaining and subsidizing it gives the government control over content.	0	0	0	0	0	0	1	0	0	1	3.0
1318	We should introduce compulsory voting	against	no one should be forced to do something they do not want to do	0	0	0	0	0	0	1	0	0	0	3.0
6641	Surrogacy should be banned	against	surrogacy is the only way some couples can have a child of their own.	0	1	0	0	0	0	1	0	0	0	3.0
4755	We should ban alcohol in India	in favor of	Crimes and accidents will be reduced to some extent.	0	0	0	0	0	1	0	0	0	0	3.5
3891	We should ban cosmetic surgery for minors	against	its their body minors should be able to do what they want, especially if its impacting their self image	0	0	0	0	1	0	1	1	0	1	3.0
709	We should ban cosmetic surgery for minors	against	even minors have the right to bodily autonomy and should be allowed to decide for themselves whether to have cosmetic surgery.	0	0	0	0	0	0	1	0	0	0	3.0
4862	The EU needs strong advertising and recruitment strategies for students and qualified employees	in favor of	Compared to most anglophone countries, Europe has been quite timid in attracting talent across the globe. Too few people know of and make use of the EU Blue Card. The EU is a destination of choice for migration and refugees from developing and some neighboring countries.	1	0	0	0	0	0	0	0	0	0	3.5
266	We should abolish capital punishment	in favor of	capital punishment should be removed from society as it is a backwards and medieval solution to crime that has no place in a modern society.	0	1	0	0	0	1	0	0	0	1	3.333333333333333
7363	We should vigorously develop the countryside.	in favor of	In this field of food we can not be subject to others, even if imported food is cheaper, we can not rely on imports, but to vigorously develop our own level of agriculturalization.	0	0	0	0	0	1	1	0	0	0	3.0
2210	We should subsidize Wikipedia	against	anyone can edit the pages, so the information is not guarenteed to be correct.	1	1	0	0	0	1	1	0	0	1	3.0
6446	The vow of celibacy should be abandoned	in favor of	celibacy vows are unnatural, and can cause problems.	0	0	0	0	0	1	0	0	0	1	3.333333333333333
448	We should stop the development of autonomous cars	against	autonomous cars will reduce the human margin of error to near zero and make for a safer commute.	1	0	0	0	0	1	0	0	0	0	3.5
2821	We should oppose collectivism	in favor of	collectivism encourages herd mentality	0	0	0	0	0	0	1	0	0	1	3.0
6834	Foster care brings more harm than good	against	foster care offers some stability to children who have none.	0	1	0	0	0	1	0	0	0	1	3.333333333333333
2796	We should abolish capital punishment	in favor of	Capital punishment is hypocritical by engaging in the behavior it is trying to prevent.	0	1	0	0	0	1	0	0	0	1	3.333333333333333
3650	We should adopt libertarianism	against	we shouldn't adopt libertarianism because it means less government intervention for people that need it for example welfare	0	1	0	0	1	1	0	0	0	1	3.333333333333333
5590	Intelligence tests bring more harm than good	in favor of	Intelligence tests have been a tool used by Eugenicists to argue for the culling of certain racial and ethnic groups.	0	0	0	1	0	0	0	0	0	1	3.333333333333333
2934	We should abolish the Olympic Games	against	the olympic games are a way for nations to compete in a friendly way and to encourage people of all ages to take up sport.	1	0	0	0	0	1	1	1	0	0	3.0
6364	The use of public defenders should be mandatory	against	the use of public defenders shouldn't be mandatory because people should be able to pick their lawyers not have one forced on them	0	0	0	0	0	0	1	0	0	0	3.0
2291	We should ban fast food	in favor of	Fast food is leading to a major increase in obesity and other health issues in the U.S.	0	0	0	0	0	1	0	0	0	0	3.5
6619	The use of public defenders should be mandatory	in favor of	The use of public defenders should be mandatory so that both parties have access to state resources in criminal trials.	0	0	0	0	0	0	0	0	0	1	3.333333333333333
1680	We should legalize organ trade	against	legalizing organ trade could lead to some horrific situations such as organs being taken from unwilling donors.	0	0	0	0	0	1	0	0	0	1	3.333333333333333
3623	We should subsidize student loans	against	student loans shouldn't be subsidized because you're limited in the amount that you can borrow	1	0	0	0	1	1	0	0	0	0	3.5
5022	Food health and industry companies should be located within the EU	in favor of	The COVID crisis has shown, that we are very vulnerable.  Critical industries must stay in Europe. Infrastructure in the EU especially critical infrastructure must remain under full and absolute European control.	0	0	0	0	1	1	0	0	0	0	3.5
59	We should abandon the use of school uniform	in favor of	School uniforms are too expensive and many parents can not afford the extra expense.	0	0	0	0	0	1	0	0	0	0	3.5
2794	We should adopt a multi-party system	in favor of	a multi-party system would help create more options for voters.	0	1	0	0	0	0	1	0	0	1	3.0
2990	We should adopt libertarianism	against	libertarianism promotes self interest and not that of society as a whole	0	0	0	0	1	1	1	0	0	0	3.0
2904	We should ban whaling	in favor of	killing whales is cruel and inhumane and if we don't ban it now we risk losing the entire whale species.	0	0	0	0	0	0	0	0	0	1	3.333333333333333
6033	Surrogacy should be banned	against	surrogacy is the only way some people can have children	0	1	0	0	0	0	0	0	0	0	4.0
2030	We should ban cosmetic surgery for minors	against	Increased demand for cosmetic surgery increases innovation, helping people who need conventional surgery.	1	1	0	0	0	1	1	0	0	0	3.0
3295	We should legalize prostitution	in favor of	there are different types of prostitution, not all is abusive and exploitative. a regulated industry based upon freedom of choice is a positive liberation and safer than the situation today	0	0	0	0	1	1	1	0	0	1	3.0
4562	We should ban cosmetic surgery for minors	against	Small, harmless cosmetic surgeries can do a lot for increasing a child's confidence and productivity.	1	0	0	1	0	1	0	0	0	0	3.5
576	We should cancel pride parades	in favor of	pride parades can cause increased tensions which requires more police protection.  this can also cause fighting to break out.	0	0	0	0	0	1	0	0	0	0	3.5
3324	We should ban cosmetic surgery	against	for some people who suffer from poor self esteem, cosmetic surgery can offer hope.	1	0	0	1	0	1	1	0	0	1	3.0
2066	We should ban whaling	in favor of	Whales are wonderfully intelligent creatures that don't deserve to be hunted in such a gruesome manner.	0	0	0	0	0	0	0	0	0	1	3.333333333333333
2643	We should ban human cloning	against	it would help in research for breakthroughs in health	1	1	0	0	0	1	1	0	0	1	3.0
1150	We should end mandatory retirement	in favor of	mandatory retirement is purely age discrimination	0	0	0	0	0	0	1	0	0	1	3.0
1900	We should adopt a zero-tolerance policy in schools	against	zero-tolerance results in an overly disciplinarian approach, and is unable to distinguish between all the subtle gradations of rule-breaking.	0	1	0	0	0	0	0	0	0	1	3.333333333333333
2304	We should adopt gender-neutral language	in favor of	we should adopt gender-neutral language because gender-neutral language can improve women's status in society	0	0	0	0	0	1	0	0	0	1	3.333333333333333
3368	We should subsidize embryonic stem cell research	in favor of	who knows what the future holds in possible medical breakthroughs based on stem cell research.  we need to keep funding this important research to see what discoveries can be made.	1	0	0	0	0	1	1	0	0	1	3.0
6329	We should subsidize vocational education	against	vocational education should be provided on the same terms as academic, not given preferential subsidies.	0	0	0	0	0	0	0	0	0	1	3.333333333333333
2469	We should ban cosmetic surgery for minors	in favor of	minors don't have the forethought and capacity to make decisions about permanent procedures. they cant fully think through the consequences of plastic surgery. many may end up regretting it.	0	0	0	0	0	1	0	0	0	0	3.5
3563	We should fight for the abolition of nuclear weapons	against	"The theory of ""Mutual Assured Destruction"" is viable today as much as it was in the cold war, and the result is relative peace"	0	0	0	0	0	1	0	0	0	1	3.333333333333333
360	We should subsidize space exploration	against	we should not subsidize space exploration because there are far more important things to spend public money on closer to home such as healthcare, education and transport infrastructure	0	1	0	0	0	1	0	0	0	1	3.333333333333333
3462	We should ban private military companies	against	private military companies are trained for combat and can assist the governmental military groups	1	1	0	0	0	1	0	0	0	1	3.333333333333333
2689	We should abolish intellectual property rights	against	if someone invents something they should be able to profit from it	1	0	0	0	1	0	0	0	0	0	3.5
1688	We should ban the use of child actors	against	if they want to be an actor it is their choice	0	0	0	0	0	0	1	0	0	0	3.0
3541	We should legalize organ trade	against	an organ trade could lead to exploitation of vulnerable people for financial gain.	0	0	0	0	0	1	0	0	0	1	3.333333333333333
925	We should ban missionary work	against	it helps small third world countries become more modernized.	1	1	0	0	1	1	0	1	0	1	3.333333333333333
4421	We should abolish capital punishment	in favor of	The death penalty leaves everyone involved in the criminal justice system with residual guilt and trauma over sending someone to their death.	0	1	0	0	0	1	0	0	0	0	3.5
5325	There should be a president for the EU elected by the people.	in favor of	We need one single president of the Commission that will chair the Commission and the Council. I wonder though how the president of the EU Parliament would be involved in this structure. 	1	1	0	0	1	1	0	0	0	0	3.5
2710	We should abolish intellectual property rights	in favor of	we should abolish intellectual property rights as the law is very complex and it is very easy to infringe copyright.	1	0	0	0	0	0	1	0	0	0	3.0
7268	We should shift the EU policy toward the Russian Federation	in favor of	Russia is troublesome with its own agenda and unconventional methods. Perhaps due to a heritage of a system, that is no longer the norm today. Remember, they fought next to us and Russians merit our hand reaching out to them. A policy change to show empathy, foster closer economic ties, and build on bilateral projects and partnerships in various cultural, scientific, trade, or economic programs. 	0	1	0	0	1	1	0	0	0	1	3.333333333333333
4519	We should adopt atheism	in favor of	adopting atheism would eliminate the bickering between religious groups	0	0	0	0	0	1	0	0	0	1	3.333333333333333
5712	We should subsidize vocational education	against	vocational education funds would be better used in higher education which is more important as the workplace becomes more computerized	1	0	0	0	1	1	0	0	0	1	3.333333333333333
1936	We should subsidize student loans	in favor of	by subsidizing student loans we can remove one of the stressors from continuing education.	1	1	0	0	0	1	0	0	0	1	3.333333333333333
1590	We should subsidize embryonic stem cell research	in favor of	stem cell research may be the key to curing many diseases	1	1	0	0	0	1	1	0	0	1	3.0
3084	We should adopt libertarianism	against	we should not adopt libertarianism because the government would have too much control over people	0	0	0	0	0	0	1	0	0	0	3.0
3769	We should ban algorithmic trading	against	we shouldn't ban algorithmic trading because there is nothing wrong with it. if a person wants to use algorithms to trade instead of making investment decisions based on emotion, we should allow it.	0	0	0	0	0	0	1	0	0	0	3.0
3033	We should oppose collectivism	in favor of	we will lose individuality and become one big hive mind	0	0	0	0	0	0	1	0	0	1	3.0
1985	We should end the use of economic sanctions	against	economic sanctions offer an effective way to deal with international conflict which does not involve military action.	1	0	0	0	0	1	0	0	0	1	3.333333333333333
7319	We should restrict minors from playing online games.	in favor of	Long-term addiction to online games can change the structure of a child's brain. Imagination, thinking and integration skills are not trained.	1	0	0	0	0	0	1	0	0	0	3.0
144	We should abolish the Olympic Games	in favor of	we should abolish the olympic games because bring together different nations with radically different governments is dangerous.	0	1	0	0	0	1	0	0	0	1	3.333333333333333
6429	Intelligence tests bring more harm than good	in favor of	a person can be gifted musically, intrapersonally or kinetically in ways that are just as important as verbal or mathematical skill and these other types of intelligence are not easily measured by any test yet produced	1	0	0	0	0	0	0	0	0	1	3.333333333333333
367	We should abolish the Olympic Games	against	the olympic games offer a friendly competition meeting where the best athletes around the world can come together to celebrate the best of human physical achievement.	1	0	0	1	0	0	0	1	0	1	3.333333333333333
2049	We should ban fast food	in favor of	fast food can lead to obesity if eaten too often. banning it would mean people have less access and obesity levels would fall.	0	0	0	0	1	1	0	0	0	1	3.333333333333333
2989	We should subsidize space exploration	against	space exploration costs too much money that could be spent on better thing such as helping the poor in society.	0	1	0	0	0	1	0	0	0	1	3.333333333333333
1739	We should adopt a zero-tolerance policy in schools	against	A zero tolerance policy in schools is a very old fashioned theory, and it has failed over and over again.	1	1	0	0	0	0	1	0	0	1	3.0
3614	We should legalize cannabis	in favor of	people should be able to decide themselves if they want to use it	0	0	0	0	0	0	1	0	0	0	3.0
71	We should abolish the Olympic Games	in favor of	the olympic games cause turmoil and a lot of money.	0	0	0	0	1	1	0	0	0	1	3.333333333333333
1928	We should subsidize space exploration	in favor of	we need to find a new planet with resources before we use ours up, putting more into space exploration would help accomplish this.	1	1	0	0	1	0	1	0	0	1	3.0
987	We should subsidize Wikipedia	in favor of	we should subsidize wikipedia because everyone in the world knows it as a household name and if the government pays for libraries why cant they pay for wikipedia which contains probably more information.	1	0	0	0	1	1	1	0	0	0	3.0
6265	Homeopathy brings more harm than good	in favor of	one single fact that when somebody receiving homeopathy there is no quaranties that these substances will be good for the patient.	1	1	0	0	0	1	1	1	0	1	3.0
4717	Kids' reality shows should be banned	in favor of	Reality shows put enormous pressure on participants to perform well every time. Children cannot handle this stress, and this may cause mental health issues. Almost all reality shows involve the process of eliminating participants one by one at each level. Facing defeat in front of everyone is not that easy for children. This may put an emotional toll on children.	1	0	0	0	0	1	0	0	0	1	3.333333333333333
6193	Homeschooling should be banned	against	homeschooling is better that state education providing one-to-one learning opportunities they benefit children.	1	1	0	0	0	0	1	1	0	1	3.0
3715	We should fight for the abolition of nuclear weapons	in favor of	nuclear weapons have the ability to destroy the entire human race and should be banned.	0	0	0	0	0	1	0	0	0	1	3.333333333333333
2766	We should ban private military companies	against	if a private military company sends it's employees to dangerous places then it saves the lives of soldiers who won't be sent there	0	1	0	0	1	1	0	0	0	1	3.333333333333333
446	We should legalize cannabis	in favor of	cannabis is no more harmful than cigarettes or alcohol, and no more addictive than the two.	0	0	0	1	0	0	1	0	0	1	3.0
6199	The use of public defenders should be mandatory	against	because the state pays for public defenders they have a smaller budget, meaning that valuable resources are not available which could compromise cases	1	0	0	0	1	1	0	0	0	1	3.333333333333333
2345	We should ban human cloning	against	human cloning can aid in research for medical issues as well as preserving the continuation of humankind.	0	1	0	0	1	1	0	0	0	0	3.5
971	We should ban human cloning	against	cloning of organs can and will save many lives, people who need organ transplants could be saved by cloning organs for them rather than waiting for others to die, cloned limbs would also help disabled people.	0	1	0	0	0	1	0	0	0	0	3.5
3559	We should ban missionary work	against	missionary work is important because it gives aid to third-world and poor people that might otherwise be ignored by society.	1	1	0	0	0	0	1	0	0	1	3.0
7081	We should make living wages a human right	in favor of	Many people, even in the richest European countries, work hard, work overtime or have several jobs & cannot sustain themselves. That's humiliating, time-consuming alien to physical & mental health, and poisoning society.  	0	0	0	0	1	1	0	0	0	0	3.5
668	We should stop the development of autonomous cars	in favor of	it is just another way for lazy people to do as little as possible.	0	1	0	0	0	0	0	1	0	0	3.5
5328	The EU needs a single market for news	in favor of	We have a deficit in democracy in the EU because of the lack of coverage of European affairs in our media. It's also the reason why people don't know much about the EU and don't understand how it benefits us all.	1	1	0	0	0	0	0	0	0	1	3.333333333333333
4348	We should legalize organ trade	in favor of	organ trade should be legalized to help meet the demand of patients waiting for a life saving transplant	0	1	0	0	0	1	1	0	0	0	3.0
398	We should ban missionary work	in favor of	if we ban missionary work, then a lot less people would be seeing propaganda.	0	1	0	0	0	0	1	0	0	1	3.0
2999	We should adopt an austerity regime	in favor of	for longer term economic benefits, short term sacrifices are necessary to dig the country out of debt, and an austerity regime is the only way to achieve this.	1	0	0	0	1	1	0	0	0	0	3.5
3836	We should abolish intellectual property rights	in favor of	ideas should be everyones not just one persons	0	0	0	0	0	0	1	0	0	1	3.0
3699	We should abolish intellectual property rights	in favor of	intellectual endeavors are not isolated and it's possible for more than one individual to have the same ideas and inspiration	1	0	0	0	0	0	1	0	0	1	3.0
6343	We should subsidize vocational education	against	we don't need to subsidize vocational education because the cost is already lower than traditional college.	0	1	0	0	0	1	0	0	0	0	3.5
3555	We should adopt a multi-party system	in favor of	multi-party systems are proven around the world to work better	1	0	0	0	0	1	0	0	0	0	3.5
5752	Payday loans should be banned	in favor of	payday loans are predatory and negatively impact the poor and uneducated	0	1	0	0	0	1	0	0	0	1	3.333333333333333
2358	We should end the use of economic sanctions	in favor of	economic sanctions have little effect when power is concentrated to an individual like a dictator, because the dictator doesn't care about the suffering of their people.	1	0	0	0	0	1	0	0	0	1	3.333333333333333
3001	We should subsidize student loans	in favor of	subsidized student loans allow for those from pooer backgrounds to achieve a good standard of education and progress in their lives	1	0	0	0	0	1	0	0	0	1	3.333333333333333
3211	We should introduce compulsory voting	against	many people are uninformed about the issues and we are better off with them not voting	1	1	0	0	0	1	1	0	0	0	3.0
1055	We should limit judicial activism	in favor of	judicial activism would allow for personal grievances to be accepted as truth	0	1	0	0	0	1	0	0	0	1	3.333333333333333
2908	We should adopt an austerity regime	against	Adopting an austerity regime lowers people's confidence in the economy and discourages investment.	0	0	0	0	1	1	0	0	0	0	3.5
471	We should ban whaling	in favor of	whaling should be banned because it harms economic activity that's generated by whale watching	0	0	0	0	1	0	0	0	0	1	3.333333333333333
6910	We should promote Zero Budget Natural Farming all over India	against	ZBNF is a cow-based farming practice. So ZBNF will result in an increase in the number of cows. But cows produce Methane, Nitrous Oxide & Ammonia, which are greenhouse gases and hence contribute to climate change. Methane is more efficient at trapping radiation than carbon dioxide, which is another greenhouse gas. Comparatively, methane is 25 times more powerful than Carbon dioxide. Nitrous Oxide is 300 more powerful than Carbon dioxide. And hence it is not a totally safe option.	0	0	0	0	0	0	0	0	0	1	3.333333333333333
5950	Homeschooling should be banned	against	homeschooling has proven beneficial for many children	1	1	0	0	0	0	1	0	0	0	3.0
4032	We should abandon the use of school uniform	in favor of	school uniforms stunt young peoples' creativity.	1	0	0	0	0	0	1	1	0	0	3.0
6563	Blockade of the Gaza Strip should be ended	in favor of	blockade of the gaza strip should be ended because the conflicts need to be finished, a resolution should be found and people should be able to get back on track with life	0	0	0	0	1	1	0	0	0	1	3.333333333333333
1564	We should end the use of economic sanctions	in favor of	economic sanctions affect the poor more than the tyrants	0	0	0	0	1	1	0	0	0	1	3.333333333333333
3524	We should ban cosmetic surgery for minors	against	sometimes cosmetic surgery isn't so much cosmetic as it is therapeutic.  it offers a ray of hope and should not be banned.	0	1	0	0	0	1	1	0	0	1	3.0
5901	Intelligence tests bring more harm than good	in favor of	I.Q. tests are much too narrow and potentially dangerous if relied on to classify people	1	0	0	0	0	0	0	0	0	1	3.333333333333333
3525	We should legalize cannabis	against	the use without measure of cannabis harms the mental health of the people therefore it is necessary that the intention to legalize cannabis be eliminated	0	0	0	0	0	1	0	0	0	0	3.5
3086	We should abolish the Olympic Games	in favor of	olympic games cost a lot of money for the host city to organise and the money could be spent better elsewhere	0	1	0	0	1	1	0	0	0	1	3.333333333333333
7163	We should not have any immigration from non-European or non-first-world countries 	against	Japan was a global superpower once just behind the USA, however, it has a strict immigration policy. Where is it now in global power rankings?	1	0	0	0	1	0	0	0	0	1	3.333333333333333
105	We should adopt an austerity regime	in favor of	an austerity regime will help to reduce the deficit of the country	0	1	0	0	0	1	0	0	0	0	3.5
5976	Social media brings more harm than good	against	social media provides ways for people to connect where they might not be able to otherwise. reconnecting with old friends, new colleagues, etc. is great via social media.	0	1	0	0	0	1	0	1	0	0	3.5
2196	We should legalize prostitution	in favor of	Legalizing prostitution will make sex workers safer because they will no longer have to hide, be ruled by criminals or judged as ones.	0	0	0	0	0	1	0	0	0	1	3.333333333333333
695	We should end the use of economic sanctions	in favor of	economic sanctions often do not work and cutting out countries from the world economy hurts their citizens, not their leaders.	1	0	0	0	0	1	0	0	0	1	3.333333333333333
6484	Holocaust denial should be a criminal offence	against	holocaust denial should not be a criminal offence because if people don't want to believe something happened they shouldn't be punished because of it.	0	0	0	0	0	0	1	0	0	0	3.0
6616	Blockade of the Gaza Strip should be ended	against	a blockade is sometimes the only non-violent option available in trying to force a diplomatic hand.	0	0	0	0	1	1	0	0	0	1	3.333333333333333
3901	We should stop the development of autonomous cars	against	they are the way of the future, and they decrease the amount of road accidents.	0	0	0	0	0	1	0	0	0	0	3.5
3593	We should abolish the Olympic Games	in favor of	the olympic games are a huge waste of money to the host countries. they spend large amounts of money to build places that are never used again.	0	1	0	0	1	1	0	0	0	0	3.5
7186	We should make cycling and micromobility the primary modes of transport in all EU cities	in favor of	Having cycling and micromobility as primary modes also makes cities quieter, less congested, less polluted, safer, and simply more pleasant and liveable, particularly for children.	0	1	0	1	0	1	0	0	0	1	3.333333333333333
4596	India should store the data within the territorial boundaries of the country	against	We are in a globalized world. At present, the world is running on the free flow of people, goods, services, and data. Data localization laws seem to be a part of protectionist policies, which is a threat to the free flow of data.	1	0	0	0	1	0	1	0	0	1	3.0
3281	We should ban private military companies	in favor of	private military companies should be banned because these jobs depend on government funding	0	0	0	0	0	1	0	0	0	0	3.5
2374	We should ban cosmetic surgery	against	people should have the right to choose what they want to do to their body.	0	0	0	0	0	0	1	0	0	1	3.0
3764	We should ban telemarketing	against	banning telemarketing would destroy many businesses leading to masses of forced redundancies.	1	0	0	0	0	1	0	0	0	1	3.333333333333333
7175	We should protect the European border.	in favor of	Frontex is the way to protect the European border. It should completely take over every border, land, sea, and air. Otherwise, it will just take over all the good personnel of a member state, causing even more problems at the border.	1	0	0	0	0	0	0	0	0	0	3.5
3150	We should ban private military companies	against	private military companies rarely actually kill anyone or operate in the manner of the official military. they are used for protection without needing tax payer dollars.	0	0	0	0	0	1	0	0	0	1	3.333333333333333
1487	We should subsidize embryonic stem cell research	in favor of	providing more funding from goverment to speed up embryonic stem cell research can only be for the benefit of the public's health.	0	1	0	0	0	1	0	0	0	1	3.333333333333333
6703	Assisted suicide should be a criminal offence	against	if someone wishes to die and they are unable to do it it ought to be legal to receive assistance	0	1	0	0	0	0	1	0	0	0	3.0
7209	We should reform Europol towards a European FBI	in favor of	In order to be able to fight cross-border crime, Europol should have the same jurisdiction as the FBI in the US. It should focus on domestic EU cross-border crime fighting. It should have the autonomy to act without the intervention of local or national political influence.	1	0	0	0	1	1	1	0	0	0	3.0
3101	We should subsidize Wikipedia	against	we should not subsidize wikipedia because the government should spend the money for more useful things	0	0	0	0	1	1	1	0	0	0	3.0
5537	Intelligence tests bring more harm than good	in favor of	intelligence tests unfairly punish intelligent people who are not good test takers.	1	1	0	0	0	0	0	0	0	1	3.333333333333333
5734	Homeschooling should be banned	against	homeschooling helps those who do not thrive in a school environment	1	1	0	0	0	0	1	0	0	1	3.0
952	We should ban the Church of Scientology	against	we should not ban the church of scientology because people have a right to chose their believes	0	1	0	0	0	1	1	0	0	1	3.0
7099	We should promote a plant-based diet	in favor of	Obviously, this is the future: less suffering animals, more plants, less CO2, more healthier people.... and don't forget the artificial meat as an alternative or first step.	0	0	0	0	0	1	0	0	0	1	3.333333333333333
5733	Foster care brings more harm than good	in favor of	children is foster care rarely get the nurturing support they need since foster parents don't want to put in the time to get to know and love them, afraid they will leave too quickly.	0	1	0	0	0	1	0	0	0	0	3.5
3588	We should subsidize Wikipedia	against	if the government provides funding to wikipedia the impartiality and therefore reliability of the information held on there may be compromised	0	1	0	0	0	0	1	0	0	1	3.0
6365	We should abandon television	against	television is an important source of entertainment especially for older people	0	0	0	1	0	0	0	0	0	0	3.5
5421	Payday loans should be banned	against	a payday loan company serves the public.  they allow people that need their money now without waiting for the paycheck.  if people want to use these companies why should we stop them..	0	0	0	0	1	1	1	0	0	1	3.0
1479	We should ban the Church of Scientology	in favor of	the church of scientology is nothing more then a cult that brachurch of scientologyinwashes people.	0	1	0	0	0	1	1	0	0	0	3.0
790	We should adopt a zero-tolerance policy in schools	against	however these policies can impede the advancement of children from troubled backgrounds or with additional needs. they need a safe place to learn in a positive behaviours in a supportive environment.	1	1	0	0	0	1	0	0	0	1	3.333333333333333
4289	We should oppose collectivism	in favor of	collectivism stops creativity and individual thought	1	0	0	0	0	0	1	0	0	1	3.0
1773	We should adopt libertarianism	in favor of	libertarianism promotes freedom and liberty in the more fair form for all. the foundation of our country is built on these ideas. there is more equality and freedom through libertarianism.	0	0	0	0	0	0	1	0	0	1	3.0
3391	We should fight for the abolition of nuclear weapons	against	nuclear weapons provide a worthy deterent to states who would otherwise be more aggressive and pose a threat to others.	0	0	0	0	1	1	0	0	0	1	3.333333333333333
4053	We should ban factory farming	against	factory farming should not be banned as it allows for cost effective production of valuable and necessary food	1	1	0	0	0	1	0	0	0	0	3.5
3290	We should subsidize space exploration	in favor of	from exploring other planets we can learn more about our own.	1	0	0	0	0	0	1	0	0	1	3.0
2227	We should ban private military companies	against	private military companies are needed to provide security when the military can not do the job	1	1	0	0	0	1	0	0	0	1	3.333333333333333
4230	We should abolish safe spaces	against	We should not abolish safe spaces because they don't harm anyone, since people are still free to speak their minds in all other settings, and this is a tiny imposition upon them.	0	0	0	0	0	0	1	0	0	1	3.0
2491	We should fight for the abolition of nuclear weapons	in favor of	nuclear weapons shouldn't exist and if used erroneously could destroy the planet	0	0	0	0	0	1	0	0	0	1	3.333333333333333
348	We should limit judicial activism	against	judicial activism is sometimes the best way to get things done	1	0	0	0	0	0	1	1	0	1	3.0
1703	We should abolish safe spaces	against	people need a place to go when they need help. they need somewhere that is going to help them without question instead of forcing them back into the situation they are trying to get away from	0	1	0	0	0	1	1	0	0	1	3.0
6154	Intelligence tests bring more harm than good	against	intelligence tests can determine which area an individual excels at so they can  take a path that will lead them to their greatest success	1	0	0	0	0	0	1	0	0	1	3.0
4370	We should subsidize journalism	in favor of	subsidizing journalism would help crowd out the every increasing false news market. if the false news market could not compete with legitimate news, less people would be exposed to dangerous false news.	0	1	0	0	0	0	0	0	0	1	3.333333333333333
371	We should ban cosmetic surgery	in favor of	cosmetic surgery has too many risks of something going wrong compared to the benefit of looking more aesthetically pleasing.	0	1	0	0	0	1	0	0	0	0	3.5
4263	We should adopt libertarianism	in favor of	we should adopt libertarianism because sometimes people need the government to help them make decisions that are best for them	1	0	0	0	1	1	0	0	0	1	3.333333333333333
1629	We should end the use of economic sanctions	against	we should not end the use of economic sanctions because in the long term they can achieve significant results such as the end of the apartheid regime in south africa	0	0	0	0	1	0	0	0	0	1	3.333333333333333
81	We should subsidize student loans	in favor of	student loans set children up to be valuable citizens and the state should support this	1	0	0	0	0	1	0	0	0	0	3.5
3132	We should legalize prostitution	in favor of	people can make a living from prostitution	0	0	0	0	1	1	1	0	0	1	3.0
6724	Foster care brings more harm than good	in favor of	foster care damages a child growing up.   not having the love from the birth mother and father will cause a child to grow up depressed.	0	1	0	0	0	1	0	0	0	0	3.5
5395	The use of public defenders should be mandatory	against	a person accused of a crime should have the right to pick their own defense, whether that is to pick the defender they think will be most capable or that they find makes them more comfortable.	0	0	0	0	0	1	1	1	0	0	3.0
4215	We should legalize organ trade	against	the organ trade hurts impoverished people	0	0	0	0	0	0	0	0	0	1	3.333333333333333
5628	Entrapment should be legalized	against	entrapment should not be legalized as the poice will have a detailed knowledge of the law and therefore how to persuade others to break it in order to gain the conviction.	0	1	0	0	0	0	0	0	0	1	3.333333333333333
4650	We should subsidize hydrogen vehicles	against	If the production of hydrogen fuel uses fossil fuels, that can be counterproductive. So, using renewable energy to produce hydrogen fuel is important.	0	1	0	0	0	0	0	0	0	1	3.333333333333333
4699	Firecrackers should be banned during Diwali, other festivals, and weddings	against	Almost 3 lakh people were employed in the firecracker industry in these places, and 5 lakh people in packaging, transporting, distributing, and selling these crackers. Thus, the ban would also mean huge unemployment in these states.	0	0	0	0	0	1	1	0	0	1	3.0
4288	We should legalize prostitution	in favor of	it could help reduce rape and sexual abuse of people and prostitutes and it could then be regulated.	0	1	0	0	0	1	0	0	0	1	3.333333333333333
6377	Payday loans should be banned	against	payday loans may off the only solution for someone that does not have any other means to avoid a monetary emergency.	0	1	0	0	0	1	0	0	0	0	3.5
7056	We should open free training centers for the EPSO competition	in favor of	A great idea because it definitely lowers the threshold. 	1	0	0	0	0	0	0	0	0	1	3.333333333333333
2647	We should legalize prostitution	in favor of	legitimate prostitutes as in those not forced into the trade are hurting no one and simply providing pleasure at a cost.  pleasure that some people can't get obtain any other way.	0	1	0	1	1	1	1	1	0	0	3.0
5732	The use of public defenders should be mandatory	against	this would cause a decrease in pay for the public defender and lower the quality of representation as too many people will rush to the new employment opportunities regardless of their record..	1	0	0	0	1	1	0	0	0	0	3.5
1821	We should ban cosmetic surgery	against	As long as they use an accredited plastic surgeon, people should be able to do whatever they want with their bodies.	0	0	0	0	0	0	1	0	0	0	3.0
133	We should subsidize student loans	in favor of	we should subsidize student loans as these are our future leaders and workers and we want to ensure their success in order to secure the countries success.	1	0	0	0	0	1	0	0	0	0	3.5
4036	We should end mandatory retirement	in favor of	i agree with you, many people do not want to retire, they want to continue trading, and they are forced to retire	0	0	0	0	0	0	1	0	0	0	3.0
380	We should oppose collectivism	against	collectivism takes care of an entire group's need vs just one persons.	0	1	0	0	0	1	0	0	0	1	3.333333333333333
710	We should fight for the abolition of nuclear weapons	against	nuclear weapons provide us security in times of war.	0	0	0	0	1	1	0	0	0	0	3.5
6756	Foster care brings more harm than good	against	foster care is the best option for children needing to not be with their own family.  they're far superior to a group home setting.	1	1	0	0	0	1	0	0	0	0	3.5
7291	We should ban the trading of virtual currencies.	in favor of	Digital currency not only cannot create foreign exchange, but also causes foreign exchange outflow	0	0	0	0	1	1	0	0	0	0	3.5
6052	Payday loans should be banned	against	payday loans can provide financial assistance in a crisis, when someone has nowhere else to turn.	0	1	0	0	1	1	0	0	0	0	3.5
1249	We should ban targeted killing	against	sometimes we need to eliminate threats from afar and not risk putting people in more danger so target killing is necessary.	0	0	0	0	0	1	0	0	0	0	3.5
4648	5G services should be available across India	in favor of	The government will be able to improve its governance and give a boost to its digital India initiative, which aims to ensure the government’s services are made available to citizens electronically, making the country digitally empowered in the field of technology.	1	1	0	0	0	1	1	0	0	0	3.0
1327	We should ban cosmetic surgery for minors	in favor of	Allowing cosmetic surgery for minors creates more risk for doctors and therefore more frivolous lawsuits and money spent on malpractice insurance. This is bad for the healthcare system overall.	0	1	0	0	1	1	0	0	0	0	3.5
6999	We should include young people in decision-making processes considering climate change	in favor of	Youth is a minority that will face the negative effects of climate change without being able to sufficiently participate in climate governance. 	0	1	0	0	0	0	1	0	0	1	3.0
4353	We should ban factory farming	against	Factory farming allows for food to be produced at a lower cost than would be possible using other methods.	1	0	0	0	1	1	0	0	0	0	3.5
5947	We should abandon television	against	television is entertaining and relaxes the population	0	1	0	1	0	0	1	0	0	0	3.0
2400	We should adopt an austerity regime	against	i am against this because an austerity regime increase tax which decreases the economy and would ruin our country financially.	1	0	0	0	1	1	0	0	0	0	3.5
4373	We should abandon the use of school uniform	in favor of	the school uniform is outdated and does not affect student's work	1	1	0	0	0	0	1	0	0	1	3.0
2245	We should end mandatory retirement	in favor of	Mandatory retirement should not be allowed because many people can't live off of their pensions and need to keep working.	1	0	0	0	1	1	1	0	0	0	3.0
1205	We should abolish intellectual property rights	in favor of	it gives more people an opportunity to improve a product already on that market without worrying about copyright infringement.	1	1	0	0	1	1	1	0	0	0	3.0
499	We should limit executive compensation	in favor of	excessive wages damage company profitabity and is an abuse of the shareholders	1	1	0	0	1	1	0	0	0	0	3.5
187	We should ban cosmetic surgery for minors	against	We should not ban cosmetic surgery for minors because there are legitimate cases when it would improve a young person's mental health.	1	1	0	0	0	1	1	0	0	0	3.0
415	We should adopt gender-neutral language	in favor of	With genders now being more equal than ever, and gender neutrality growing exponentially the old gendered language is just a historic anachronism.	0	0	0	0	0	0	0	0	0	1	3.333333333333333
2301	We should adopt atheism	in favor of	we should adopt atheism because it gives the freedom from being bound by a religion and their rules	0	0	0	0	0	0	1	1	0	1	3.0
1457	We should abolish capital punishment	in favor of	several people have been found not guilty after they had already been put to death.	0	1	0	0	0	0	0	0	0	1	3.333333333333333
536	We should subsidize Wikipedia	in favor of	we should subsidize wikipedia because wikipedia helps people to learn about any and everything they want to learn about.	1	0	0	0	0	0	1	0	0	1	3.0
1367	We should limit executive compensation	in favor of	we should limit executive compensation because it only helps the rich	1	0	0	0	1	1	0	0	0	1	3.333333333333333
6047	Holocaust denial should be a criminal offence	against	Holocaust denial should not be a criminal offence because it is better to let bad ideas be outcompeted by good ideas than to let them fester and grow out of sight like a cancer.	1	0	0	0	0	1	1	0	0	1	3.0
5883	Intelligence tests bring more harm than good	against	Intelligence tests can help to identify struggling or gifted students so that educators can accommodate to each individuals needs.	1	1	0	0	0	0	1	0	0	1	3.0
1091	We should introduce compulsory voting	against	compulsory voting will be difficult to enforce on the elderly and others who will have a difficult time voting.	0	0	0	0	0	0	1	0	0	0	3.0
2713	We should ban whaling	in favor of	whaling is contributing to the extinction of a lifeform and is unethical	0	1	0	0	0	0	0	0	0	1	3.333333333333333
3229	We should stop the development of autonomous cars	in favor of	autonomous cars can be easily hacked to cause widespread accidents.	0	0	0	0	0	1	0	0	0	0	3.5
4223	We should abolish the Olympic Games	against	the olympic games bring tourism to the place hosting it and that can be very beneficial.	0	0	0	0	1	0	0	1	0	1	3.333333333333333
3217	We should end the use of economic sanctions	in favor of	economic sanctions don't work and result to have enemies abroad	1	0	0	0	1	1	0	0	0	1	3.333333333333333
6865	Blockade of the Gaza Strip should be ended	in favor of	While Israel is justified in its claims of self-defense against Hamas and other organizations that have used violence against the state, the response to this violence in the blockade is massively disproportionate and therefore unjustified.	0	0	0	0	1	1	0	0	0	1	3.333333333333333
1307	We should adopt an austerity regime	against	we should not allow an austerity regime because it will completely destroy the country by causing worse economic demise.	0	1	0	0	1	1	0	0	0	1	3.333333333333333
6679	Blockade of the Gaza Strip should be ended	in favor of	because of the gaza strip families living in poverty has continuously grown over the years, it should be ended so the country can progress	0	0	0	0	1	1	0	0	0	1	3.333333333333333
7280	We should give up developing electric vehicles	against	The electric car is driven by an electric motor and has a direct maximum torque at start-up, which is faster than the fuel car power section.	1	0	0	0	0	0	0	0	0	1	3.333333333333333
2060	We should ban whaling	in favor of	the whales are the ambassadors of the sea and an icon of the struggle to protect the planet. they must prohibit whaling	0	0	0	0	0	0	0	0	0	1	3.333333333333333
6854	Homeopathy brings more harm than good	against	many people find symptomatic relief by using homeopathic remedies	0	0	0	0	0	1	1	0	0	0	3.0
5748	We should subsidize vocational education	in favor of	the trades need more workers and we should encourage kids who aren't college material to pick up a trade.	1	1	0	0	1	1	0	0	0	0	3.5
6537	Assisted suicide should be a criminal offence	against	people should have the right to decide how and when they want to die, particularly if they are suffering from a terminal illness	0	0	0	0	0	0	1	1	0	0	3.0
4488	We should abolish intellectual property rights	against	intellectual property rights ensure that people or companies can make profits from what they have spent much time and effort in creating.	1	0	0	0	1	0	0	0	0	0	3.5
2229	We should ban fast food	in favor of	fast food should be banned to fight obeisity.	0	0	0	0	0	1	0	0	0	0	3.5
1741	We should abolish capital punishment	against	we should not because it will be much cheaper than keeping these evil people in prison for there life.	0	0	0	0	0	1	0	0	0	1	3.333333333333333
4529	We should ban factory farming	against	factory farming is a cheaper way to produce large quantities of food	1	1	0	0	0	1	1	0	0	1	3.0
4398	We should ban fast food	against	People should have the choice and a little fast food as part of a balanced diet is not harmful.	0	0	0	0	0	0	1	0	0	1	3.0
5905	Homeschooling should be banned	in favor of	homeschooling does not compare to regular schooling.  home schooled children tend to learn the bare minimum, with the bare minimum of effort.	1	0	0	0	0	0	0	0	0	1	3.333333333333333
6759	Holocaust denial should be a criminal offence	against	everyone is entitled to the right to believe or disbelieve the  holocaust.	0	0	0	0	0	0	1	0	0	0	3.0
5918	Payday loans should be banned	in favor of	it is not fair for families especially poor ones to pay fees in the form of interest over the money that they have already earned.	0	0	0	0	0	1	0	0	0	1	3.333333333333333
139	We should end the use of economic sanctions	in favor of	economic sanctions are used to bully other nations to act in your own interest, by harming the innocent citizens no less	0	1	0	0	1	1	0	0	0	1	3.333333333333333
4180	We should cancel pride parades	against	pride parades are a way for people to express their individualities and rights.	0	0	0	0	0	0	1	0	0	1	3.0
6746	Homeopathy brings more harm than good	in favor of	homeopathy is untested and not backed up by scientific evidence, allowing dangerous outcomes where unqualified practicioners can see vulnerable patients.	0	0	0	0	0	1	0	0	0	1	3.333333333333333
3498	We should abolish zoos	in favor of	zoos are cruel and contain wild animals in such tiny spaces when they need to run free so zoos should be abolished.	0	0	0	0	0	0	0	0	0	1	3.333333333333333
74	We should ban algorithmic trading	in favor of	algorithmic trading should be banned as it manipulates the economy to benefit stockholders.	0	0	0	0	0	1	0	0	0	1	3.333333333333333
99	We should ban cosmetic surgery for minors	in favor of	cosmetic surgery for minors should be banned because they are not finished growing no do they have a mature enough background to make a sound decision towards this procedure.	0	0	0	0	0	1	0	0	0	1	3.333333333333333
1145	We should abolish capital punishment	in favor of	prisoners could be let go after serving their years as their perspective could change and they could play a part in helping the society through workforce	0	1	0	0	0	1	0	0	0	1	3.333333333333333
517	We should abolish safe spaces	against	safe spaces allow individuals a place to feel comfortable without having to worry about feeling judged for who they are or whom they love.	0	0	0	0	0	1	0	0	0	1	3.333333333333333
7249	We should strengthen Frontex and control immigration	in favor of	 Bigger financial resources for Frontex and military action in Syria will stop immigration.	1	1	0	0	0	1	0	0	0	1	3.333333333333333
1130	We should ban factory farming	in favor of	factory farming is harming the environment on a large scale	0	0	0	0	0	0	0	0	0	1	3.333333333333333
3160	We should abolish zoos	in favor of	we should abolish zoos because the animals are kept in such small enclosures and have hardly any room to move around	0	0	0	0	0	0	0	0	0	1	3.333333333333333
3683	We should abolish zoos	against	zoos are the only way we can preserve endangered species.	0	0	0	0	0	0	0	0	0	1	3.333333333333333
3662	We should abandon the use of school uniform	in favor of	school uniforms are an expense that many families can't afford. there are plenty of ways to get very cheap clothing, but discounted uniforms are more difficult to obtain.	0	0	0	0	0	1	1	0	0	0	3.0
3125	We should limit judicial activism	against	judicial activism is the only way to maintain control	0	0	0	0	0	1	0	0	0	1	3.333333333333333
6826	Intelligence tests bring more harm than good	against	intelligence tests provide an easy way of assessing the capabilities of individuals.	1	0	0	0	0	0	0	0	0	1	3.333333333333333
5364	There should be a reform of EU trade and investment policy and a relaunch of global multilateralism	in favor of	The EU needs to both promote and uphold the highest social and environmental standards in its internal as well as external policies. Human rights and collective agreements must never be seen as barriers to trade!	0	0	0	0	0	0	1	0	0	1	3.0
7069	We should implement minimum EU social standards	in favor of	To reduce poverty and inequalities, the EU should develop a legal framework guaranteeing minimum social standards, including decent living and working conditions as well as adequate social protection.	0	0	0	0	0	1	0	0	0	1	3.333333333333333
2711	We should oppose collectivism	in favor of	collectivism does not allow one person to stand out from the others, which can be negative	1	0	0	0	1	0	1	1	0	0	3.0
160	We should abandon the use of school uniform	in favor of	Allowing students to make their own choices regarding the clothes they wear prepares them for the adult world.	0	0	0	0	0	0	1	1	0	1	3.0
6691	Homeschooling should be banned	in favor of	homeschooling should be banned as the quality of education received at home is considerably less than what you would receive at a school.	1	0	0	0	0	0	0	0	0	0	3.5
4804	Toilet paper should be made of recycled paper only	in favor of	In order to improve the protection of the environment, the use of fresh pulp should no longer be allowed for toilet paper.	0	0	0	0	0	0	0	0	0	1	3.333333333333333
5520	Foster care brings more harm than good	against	foster care gives kids who would otherwise not have any parental figures in their lives have a chance at a somewhat normal life.	0	1	0	0	0	1	0	0	0	1	3.333333333333333
1330	We should subsidize space exploration	in favor of	the future of the human race will rely on moving to other planets in the future therefore we need to subsidize space exploration to speed up research.	1	0	0	0	0	1	1	0	0	0	3.0
165	We should adopt libertarianism	against	We should not adopt libertarianism because we need the government to provide essential services that are unprofitable.	0	1	0	0	0	1	0	0	0	0	3.5
6799	Foster care brings more harm than good	against	foster care can help a child find a family that truly loves them and gives them everything they need	0	1	0	0	0	1	0	0	0	0	3.5
2340	We should abolish safe spaces	in favor of	We should abolish safe spaces because because they are used to silence legitimate viewpoints.	0	0	0	0	0	1	1	0	0	1	3.0
1849	We should adopt atheism	in favor of	we should adopt atheism because science can explain how we got here without needing a god to explain it.	0	0	0	0	0	0	0	0	0	1	3.333333333333333
6681	Intelligence tests bring more harm than good	in favor of	intelligence tests bring more harm than good because it gives some people low self-esteem when they don't do good on them	1	0	0	0	0	0	0	0	0	1	3.333333333333333
6258	Social media brings more harm than good	against	social media brings more good than harm because it connects people who have similar interests, but are far away from each other - even in different countries.	0	1	0	0	0	1	0	1	0	0	3.5
5103	We need to move towards drug reform, which will change our outdated drug policy. 	in favor of	Today, cannabis repression is simply a political posture aimed to target rightwing voters, not a rational policy. 	0	0	0	0	0	0	1	0	0	1	3.0
1725	We should ban the use of child actors	in favor of	children are too young to know the full effects of such a lifestyle and history has shown us many child actors are abandoned by the industry and often fall foul to substance abuse	0	1	0	0	0	1	0	0	0	0	3.5
7331	We should prohibit capital monopoly.	in favor of	Capital monopolies distort market prices and undermine fair competition in the market.	0	0	0	0	0	0	0	0	0	1	3.333333333333333
4072	We should ban cosmetic surgery for minors	against	we should not ban cosmetic surgery for minors as they may be suffering from bulling because of this problem that could be solved with surgery.	0	1	0	0	0	1	1	0	0	1	3.0
5268	We don't need immigration from non-European or non-first-world countries. 	against	What are you 5? And what do you mean by first-world? Should we create a task force just to understand what countries are to be considered the first world? Is it the money? The religion? The food? Their political system? And then reevaluate each year? This comment is plain ignorant. 	1	0	0	0	0	0	0	0	0	1	3.333333333333333
3586	We should subsidize student loans	against	we should not because it would cost the country millions of pounds and raise everyone's taxes, so the cost of living would go up.	0	1	0	0	1	1	0	0	0	0	3.5
3240	We should subsidize journalism	against	we should not subsidize journalism because it acts to protect poorly run and inefficent media companies from normal market forces	1	1	0	0	0	0	0	0	0	1	3.333333333333333
621	We should subsidize space exploration	in favor of	space exploration has the ability to solve the problem of limited materials on earth	1	1	0	0	0	0	0	1	0	1	3.333333333333333
5501	Homeschooling should be banned	in favor of	homeschooling does not prepare children for the real world.  the child is not getting the top notch education they need in order to succeed in life.  the children deserve better.	1	0	0	0	0	0	1	1	0	0	3.0
4371	We should end the use of economic sanctions	against	economic sanctions help keep dangerous regimes in check	0	0	0	0	1	1	0	0	0	1	3.333333333333333
1348	We should abandon the use of school uniform	against	school uniforms eliminated having to buy numerous outfits, trying to buy close that are in style, which can be expensive, uniforms can save money for other school related needs.	0	0	0	0	0	1	0	0	0	1	3.333333333333333
3583	We should abolish the right to keep and bear arms	in favor of	by allowing citizens to own guns, the chances of these weapons being stolen by criminals is increased, allowing guns to fall into the wrong hands would be disastrous	0	1	0	0	0	1	0	0	0	0	3.5
7174	We should stop immigration.	in favor of	The organization of mass migration is a heinous crime. No more immigration from non-European or non-first-world countries.	0	0	0	0	0	1	0	0	0	0	3.5
7049	We should preserve bees and polling insects	in favor of	Bees and pollination are essential for the sexual reproduction of plants and are an important factor in biodiversity.	0	0	0	0	0	0	0	0	0	1	3.333333333333333
2074	We should legalize sex selection	in favor of	sex selection allows families to be balanced.	0	1	0	0	0	1	0	0	0	0	3.5
5824	Homeopathy brings more harm than good	against	homeopathy has been proven to work by many different studies.	1	1	0	0	0	0	0	0	0	0	3.5
6284	Homeopathy brings more harm than good	in favor of	homeopathy if not used correctly for many ailments could make them worse.	0	1	0	0	0	1	0	0	0	1	3.333333333333333
2226	We should ban cosmetic surgery	against	people should be free to choose for themselves	0	0	0	0	0	1	1	0	0	0	3.0
1804	We should limit executive compensation	against	executives have earned their compensation and should not be capped on what they can earn as this would be and overreach into company affairs	1	0	0	0	1	0	1	0	0	0	3.0
5460	Blockade of the Gaza Strip should be ended	against	ending the blockade of the gaza strip will only serve to destabilize the region further.	0	0	0	0	1	1	0	0	0	1	3.333333333333333
3790	We should fight for the abolition of nuclear weapons	in favor of	It matters not how unlikely the event of nuclear conflict is, because the danger it presents is grave. In order to survive as a society, we must get rid of nuclear weapons.	0	0	0	0	0	1	0	0	0	1	3.333333333333333
5335	The European Union should visible on the facades of the embassies and consulates of European countries.	in favor of	The European flag should be systematically displayed, in addition to the national flag, on any facade of an embassy or consulate of a European country. This would enhance the image of the European Union in addition to synergies like the pooling of support services. This approach could accompany the construction of common structures and policies in the field of foreign affairs.	0	0	0	0	1	1	0	0	0	0	3.5
4903	There should be an EU citizenship	against	If we do have an EU citizenship we will have an EU country and EU already proved to be no good dealing with problems and is extremely undemocratic and not listening to the people.	1	0	0	0	1	1	0	0	0	1	3.333333333333333
7013	We should support short-distance economies	in favor of	supporting short-distance economies can help kick off the development of localized small-scale economies.	1	0	0	0	1	0	0	0	0	0	3.5
451	We should ban private military companies	in favor of	private military companies are a threat to our democracy and should not be tolerated anymore	0	0	0	0	0	1	0	0	0	1	3.333333333333333
4653	We should subsidize hydrogen vehicles	in favor of	Hydrogen vehicles are much quieter than fossil fuel-based vehicles. So, they can reduce noise pollution too.	0	0	0	0	0	1	0	0	0	1	3.333333333333333
6825	Blockade of the Gaza Strip should be ended	against	Lifting the Gaza blockade would let weapons into the Gaza Strip and undermine peace.	0	0	0	0	0	1	0	0	0	1	3.333333333333333
5236	We need a better distribution of refugees.	against	If you want migrants, invite them into your home.	1	1	0	0	0	0	1	0	0	1	3.0
4904	We need integrated rail transport systems, agreements between various railway operators and a simple and accessible search engine	in favor of	There are countries like Greece to which to my knowledge is no train connection from other EU countries at all. That should be a top priority for the EU! 	1	0	0	0	0	1	0	1	0	1	3.333333333333333
4976	The EU should immediately end the refugee deal with Turkey.	against	The EU leadership fails to carry out its fundamental duties: guard its border and protect its own people. Even 30 years after Schengen was introduced. 	0	1	0	0	0	1	0	0	0	0	3.5
7044	We should limit the number of plastic types used for packaging	in favor of	limiting the number of plastic types used for packaging will decrease the emissions caused by burning the used plastic packaging, as well as decrease the amount of plastic in the ocean	0	0	0	0	0	1	0	0	0	1	3.333333333333333
2211	We should ban factory farming	in favor of	factory farming conditions are usually horrible, with animals treated badly and disease running rampant	0	1	0	0	0	1	0	0	0	1	3.333333333333333
2217	We should abolish the right to keep and bear arms	in favor of	the right to keep and bear arms is putting everyone in danger and making mass-shootings more easily done.	0	0	0	0	0	1	0	0	0	0	3.5
1464	We should end mandatory retirement	in favor of	we should end mandatory retirement because a person should be able to work for as long as they wish as long as they do not pose as a safety threat to those around them.	1	0	0	0	0	0	1	0	0	0	3.0
3379	We should oppose collectivism	against	collectivism should be encouraged as people work better together in teams	1	1	0	0	0	1	1	0	0	1	3.0
4146	We should abolish capital punishment	in favor of	capital punishment is evil in all aspect of kid's life and should be banned by law and government across the world.	0	1	0	0	1	1	0	0	0	0	3.5
5339	The European Union should be harder towards irreparable migrants, those who do not value their lives in peace, security, and prosperity.	against	The emphasis on negative stereotypes towards migrants comes mostly from people who don't know Africans or other migrants or refugees. 	0	0	0	0	0	0	1	0	0	1	3.0
2162	We should legalize cannabis	in favor of	we should legalize cannabis because it is harmless.	0	0	0	1	0	0	1	0	0	0	3.0
1802	We should end mandatory retirement	in favor of	we should end mandatory retirement these days people need to work longer to afford to live because of inflation.	0	0	0	0	1	1	0	0	0	0	3.5
4411	We should fight for the abolition of nuclear weapons	against	we must protect ourselves and these weapons allow us to	1	0	0	0	0	1	0	0	0	0	3.5
4532	We should ban cosmetic surgery for minors	in favor of	Minors with cosmetic surgery are less likely to be able to properly take care of the surgical sites, making them more prone to infection afterward.	1	0	0	0	0	1	0	0	0	0	3.5
3494	We should subsidize student loans	in favor of	student loans should be subsidized because no human being should start their adult life off with thousands of dollars in debt, it's not fair	0	0	0	0	1	1	0	0	0	1	3.333333333333333
7170	We should stop integration.	in favor of	This is genuinely the most humane proposal. If Europeans are 'privileged' we should use that to help foreign nations. Instead, our elites do the opposite, instigate problems in other nations (Syria, Libya, etc.), and then indigenous Europeans get replaced in our own homelands because we're 'privileged'.	0	1	0	0	0	1	1	0	0	1	3.0
1787	We should abolish zoos	against	zoos are an educational and entertaining tool and the animals are well fed and cared for.	1	0	0	1	0	0	1	1	0	1	3.0
6006	The vow of celibacy should be abandoned	in favor of	the vow of celibacy should be abandoned because not everyone can hold up to the lifelong commintment	0	0	0	1	0	0	1	1	0	1	3.0
5317	Europe should stand together!	against	Do you have some reservations about the EU? Go and protest your own government's decisions because it's the member states that decide what the EU can do and what it can't, unfortunately. The EU does not have an actual army - not because of bureaucrats but because our member states think they are better alone than united. 	0	0	0	0	0	0	1	0	0	1	3.0
589	We should legalize prostitution	in favor of	legalising prostitution can only be beneficial to the sex workers and their clients from a safety and health point of view.	0	0	0	1	1	1	0	0	0	1	3.333333333333333
7112	We should support local associations for the recovery of bio-waste	in favor of	To create value directly in the rural areas, is very important.	0	0	0	0	1	1	0	0	0	1	3.333333333333333
8	We should adopt an austerity regime	against	adopting austerity regime will have very negative impact on the poor and the vulnerable in society.	0	0	0	0	0	0	0	0	0	1	3.333333333333333
1357	We should ban private military companies	in favor of	they have no need in society today with the amount of military we have	1	0	0	0	0	0	0	0	0	1	3.333333333333333
2500	We should subsidize embryonic stem cell research	in favor of	embryonic stem cell research is important in helping to cure diseases and defects.	1	1	0	0	0	1	0	0	0	0	3.5
615	We should subsidize Wikipedia	against	subsidizing wikipedia will lead to bias in the contents. content creators and moderators will be afraid to criticize the people who contribute money to wikipedia	1	0	0	0	0	0	1	0	0	1	3.0
1934	We should ban factory farming	against	Factory farming allows us to fill a high demand.	1	1	0	0	1	1	1	0	0	0	3.0
967	We should oppose collectivism	in favor of	collectivism is morally wrong and a form of slavery.	0	0	0	0	0	1	1	0	0	1	3.0
4016	We should adopt a multi-party system	in favor of	there are too many diverse political philosophies to be crammed into 2 parties	0	0	0	0	0	0	0	0	0	1	3.333333333333333
6842	Entrapment should be legalized	against	entrapment is unfair and uses low and unfair tactics to trick people into committing crimes.	0	1	0	0	0	1	0	0	0	1	3.333333333333333
2901	We should subsidize Wikipedia	against	i am contesting the subsidizing of the wikipedia because it mean they can be controlled and you are not getting the full result when you try to search about certain subjects or people	0	0	0	0	0	0	1	0	0	1	3.0
6525	Blockade of the Gaza Strip should be ended	in favor of	it should be ended because it has massive implications on the economy in gaza and is holding it back.	0	0	0	0	1	1	0	0	0	1	3.333333333333333
5492	Blockade of the Gaza Strip should be ended	in favor of	the blockade of the gaza strip is a humanitarian crisis, with severe economic impacts.	0	0	0	0	1	1	0	0	0	1	3.333333333333333
6877	We should abandon television	in favor of	too many people sit in front of the television instead of doing physical activity, which is a factor in the increase of obesity	0	0	0	0	0	1	0	0	0	0	3.5
3273	We should ban the Church of Scientology	in favor of	banning the church of scientology  would be good because it is very cult like.	0	0	0	0	0	0	1	0	0	1	3.0
3847	We should ban cosmetic surgery for minors	against	they should be allowed if they are medically necessary.	0	0	0	0	0	1	0	0	0	0	3.5
4987	We need a better distribution of refugees	against	The dividing of refugees is a long-discussed plan. But in the end, no involved group agreed with these plans. Some countries do not like these people at all. 	0	0	0	0	0	0	1	0	0	1	3.0
1587	We should fight for the abolition of nuclear weapons	against	Nuclear Weapons are a good defense and allows a nation to protect themselves	0	1	0	0	1	1	0	0	0	1	3.333333333333333
6302	We should abandon television	against	television has a larger screen  which families can bond and enjoy them together	0	1	0	1	0	1	0	0	0	0	3.5
6327	Homeschooling should be banned	against	homeschooling can be tailored to individual needs of children.	1	0	0	0	0	0	1	0	0	0	3.0
4242	We should ban human cloning	in favor of	it's not right to be able to clone people because people might use clones for crime	0	0	0	0	0	1	0	0	0	1	3.333333333333333
6325	We should abandon television	against	we should not abandon television because television is the only form of entertainment for some people	0	0	0	1	0	0	0	1	0	0	3.5
278	We should subsidize embryonic stem cell research	against	we should not subsidize embryonic stem cell research because it can harm life of a person once it is not done successfully	0	1	0	0	0	1	0	0	0	1	3.333333333333333
2173	We should abandon the use of school uniform	in favor of	school uniform requirements curtail any individual creativity and self-expression at an important age of self-discovery and should be abandoned.	0	0	0	0	0	0	1	0	0	0	3.0
5083	Pay-as-you-go public health insurance funds should only be used for the most serious illnesses	against	This only works if you're young and healthy, otherwise, you're a bad risk for private health insurance and it will become even more expensive	0	0	0	0	1	1	1	0	0	1	3.0
5314	Asylum seekers should only be able to file asylum applications from their home or neighboring country.	in favor of	If asylum applications are filed from abroad the humanitarian crisis in the Mediterranean sea is ended.	0	1	0	0	0	1	0	0	0	1	3.333333333333333
3296	We should subsidize Wikipedia	in favor of	wikipedia plays a vital role in sharing information on the internet, and should be subsidized to continue functioning	1	0	0	0	0	1	1	0	0	1	3.0
1778	We should abolish zoos	against	zoos can help people, especially those with little money, to  discover the beauty of wildlife and learn how to protect  endangered species	0	0	0	0	0	1	0	1	0	1	3.333333333333333
6961	Hindi should be the national language of India	against	Some people are arguing that English is not born in India and hence we should avoid using it. This statement lacks logic because all the technological innovations we are now using were born in different parts of the world. We cannot reject things just because they are not Indian.	1	0	0	0	0	0	0	0	0	1	3.333333333333333
2452	We should ban targeted killing	in favor of	we should ban targeted killing as it is too harsh on the persons involved, put them all in a specialist jail and make them earn forgiveness	0	1	0	0	0	1	0	0	0	1	3.333333333333333
6289	Payday loans should be banned	in favor of	Payday loans should be banned because they are not held to the same standards as loans for middle class people	0	0	0	0	0	1	0	0	0	1	3.333333333333333
4576	Technology is making us feel less human	in favor of	Industrialization increased work hours. Workers faced inhuman conditions. Humans cannot work and focus continuously like machines. Fast forward to today, we have technological devices to check how many hours we actually work. Some companies want to be connected 24 hours a day through emails and messages. This makes people feel less human.	0	0	0	1	0	1	1	0	0	1	3.0
4132	We should stop the development of autonomous cars	in favor of	autonomous cars are dangerous, more dangerous than a single person could ever be.  we're trusting a computer program to make life and death decisions.	1	0	0	0	0	1	0	0	0	0	3.5
3422	We should ban fast food	against	fast food restaurants sell all types of food including soups and salads.  people should be able to choose what they want to eat without government interference.	0	0	0	1	0	1	1	0	0	0	3.0
7023	We should replace solar and wind energy with nuclear energy	against	In the case of nuclear power, cooling is needed to prevent a meltdown. And if water is not available because of drought or freezing, earthquake or tsunami, etc, these gigantic steam engines have to be shut down, otherwise, they will produce highly hazardous outcomes.	0	0	0	0	0	1	0	0	0	1	3.333333333333333
2950	We should ban fast food	against	people should be able to assess the risks of eating fast food themselves	0	1	0	0	0	0	1	0	0	0	3.0
1657	We should limit executive compensation	against	executive compensation provides motivation for executives to act in ways that are beneficial to the company and shareholders.	1	0	0	0	1	0	0	0	0	0	3.5
2154	We should fight for the abolition of nuclear weapons	in favor of	nuclear weapons create unnecessary political tension	0	0	0	0	0	1	0	0	0	1	3.333333333333333
384	We should legalize organ trade	against	Selling organs is dangerous, leading to many deaths on the operating table.	0	0	0	0	0	1	0	0	0	0	3.5
6743	Intelligence tests bring more harm than good	against	intelligence tests are very useful to determine who needs extra help in core learning and who can be pushed to excel, meaning both high and low scorers are more equipped to reach their full potential.	1	1	0	0	0	0	1	0	0	0	3.0
5693	Homeopathy brings more harm than good	against	homeopathy has been proven to have a successful effect on many people, so if the end results are good it has to be worth a shot.	1	0	0	0	0	1	1	0	0	0	3.0
3582	We should ban cosmetic surgery	in favor of	we should ban cosmetic surgery because doctors should spend their time helping people that need it not the people that want it	0	1	0	0	0	1	0	0	0	1	3.333333333333333
5295	We need a better migration policy.	in favor of	Africa is the only continent where the number of young people continues to increase.  	0	0	0	0	0	1	0	0	0	0	3.5
1918	We should ban targeted killing	against	if they can kill someone who has done or is planning on doing something to harm americans then why not target them and kill them	0	0	0	0	0	1	0	0	0	1	3.333333333333333
3845	We should abolish safe spaces	in favor of	safe spaces are an illusion, no place is safe.	0	1	0	0	0	0	0	0	0	0	4.0
320	We should ban human cloning	against	we should allow human cloning as this will be beneficial to scientific advances in the future.	1	1	0	0	0	0	1	0	0	0	3.0
6886	The vow of celibacy should be abandoned	in favor of	the vow of celibacy is outdated, times have changed. it also begs to question whether the vow of celibacy is contributing to the frequent assaults plaguing the catholic church.	0	0	0	0	0	0	0	0	0	1	3.333333333333333
63	We should ban factory farming	in favor of	factory farming is bad for the environment and should be banned	0	0	0	0	0	0	0	0	0	1	3.333333333333333
813	We should ban human cloning	against	human cloning is simply another avenue of science to explore, and it is vital to push back the boundaries in order to open up possible potential cures for disease and medical issues.	1	0	0	0	0	1	1	0	0	0	3.0
1818	We should adopt a multi-party system	against	multi-party systems encourage the formation of weak and unstable coalitions that achieve little beyond their own day to day survival	1	0	0	0	0	1	0	0	0	0	3.5
5381	The use of public defenders should be mandatory	in favor of	the use of public defenders should be mandatory because some people don't have money for a lawyer and this would help those that don't	0	0	0	0	0	0	0	0	0	1	3.333333333333333
3287	We should subsidize student loans	in favor of	helping younger generations is obligatory for us and helping them we helping our future.	0	1	0	0	0	1	0	0	0	1	3.333333333333333
4104	We should ban private military companies	in favor of	there are not enough safe-guards that oversee private military companies from producing under-par products and they should be banned.	1	1	0	0	0	0	0	0	0	0	3.5
1965	We should ban whaling	in favor of	whaling should be banned. the number of whales is depleting seriously and is a real environmental concern.	0	1	0	0	0	0	0	0	0	1	3.333333333333333
6700	Foster care brings more harm than good	against	foster care brings love and warmth to children who really need it and to give them a chance to have a normal family	0	1	0	0	0	1	0	0	0	0	3.5
7269	We should shift the EU policy toward the Russian Federation	in favor of	Including Russia in our sphere of friendship would allow the EU to discuss certain values from within and coax them toward democracy and change. Economic partnerships can act as leverage. Friendly ties, in time, will bring common views to prevail. 	0	0	0	0	1	1	0	0	0	1	3.333333333333333
585	We should legalize prostitution	in favor of	very often prostitutes are the most vulnerable in society and have drug and alcohol problems. they need to be properly protected.	0	1	0	0	0	0	0	0	0	1	3.333333333333333
372	We should ban the Church of Scientology	against	we shouldn't ban the church of scientology because it is a way to study the nature of life	1	0	0	0	0	0	1	0	0	1	3.0
1613	We should ban the Church of Scientology	in favor of	we should ban them because it is a cult that expects members to pay lots of money to join, and if anyone tries to leave they make their life hell.	0	1	0	0	0	1	0	0	0	0	3.5
361	We should adopt a multi-party system	in favor of	a multi-party system allows for more options and candidates that are more in line with certain populations as not everyone has the same political views.	0	0	0	0	0	1	1	0	0	1	3.0
410	We should ban algorithmic trading	against	algorithmic trading is faster and more accurate than human guesswork and so provides greater value to shareholders.	1	0	0	0	1	0	0	0	0	1	3.333333333333333
4766	Uniforms should be mandatory in schools	in favor of	It reduces financial burden, because there is no need to buy many clothes.	0	0	0	0	0	1	0	0	0	0	3.5
2857	We should subsidize space exploration	against	space exploration should not be subsidized because it is not affordable. there is not enough money available in mostcountries to even support health care and security without space exploration too.	0	1	0	0	1	1	0	0	0	0	3.5
542	We should adopt atheism	in favor of	in the interest of world peace we should adopt atheism and would then avoid religious wars	0	0	0	0	0	1	0	0	0	1	3.333333333333333
4995	We need a better distribution of refugees.	against	If you want migrants, invite them into your home.	0	1	0	0	0	0	1	0	0	1	3.0
5549	Homeschooling should be banned	against	homeschooling should not be banned because some kids get picked on and a safe home setting is best place to learn.	1	0	0	0	0	1	0	0	0	0	3.5
3438	We should abolish the three-strikes laws	in favor of	it causes people to receive disproportionately high sentences for petty crimes	0	0	0	0	0	0	0	0	0	1	3.333333333333333
3459	We should cancel pride parades	against	pride parades are entertaining and demonstrate that everybody is equal regardless of their sexuality	0	0	0	1	0	0	0	0	0	1	3.333333333333333
6473	Surrogacy should be banned	in favor of	surrogacy should be banned because the surrogate parent becomes attached to the child during the normal course of the pregnancy.	0	1	0	0	0	1	0	0	0	1	3.333333333333333
5338	There should be a reform of EU trade and investment policy and a relaunch of global multilateralism	in favor of	Trade should always include the respect and the protection of fundamental and human rights, including workers' and trade union rights.	0	0	0	0	0	0	0	0	0	1	3.333333333333333
6626	Surrogacy should be banned	in favor of	Surrogacy can put women in danger because pregnancy is unpredictable.	0	0	0	0	0	1	0	0	0	0	3.5
6535	We should subsidize vocational education	in favor of	subsidizing vocational education will improve economy growth and will make people more successful.	1	1	0	0	1	1	0	0	0	0	3.5
2310	We should abolish zoos	in favor of	zoos are an outdated and cruel form of entertainment that enslaves captured animals and leaves them in climates they are often not suited to.	0	1	0	0	0	1	0	0	0	1	3.333333333333333
6285	Intelligence tests bring more harm than good	against	sometimes these tests help identify people's strengths.	1	1	0	0	0	0	0	0	0	0	3.5
2057	We should limit executive compensation	in favor of	executives shouldn't be the only ones to get compensation and if that's the case then no one should get any to make it more fair to the rest of the employees.	0	0	0	0	1	1	0	0	0	1	3.333333333333333
1017	We should adopt an austerity regime	against	an austerity regime would negatively impact the weakest of our citizens.  we cannot let them slip through the cracks.	0	1	0	0	0	1	0	0	0	1	3.333333333333333
6934	We should abolish the National Register of Citizens (NRC)	in favor of	The present process lacks impartiality, transparency, and equality. Updating or maintaining an NRC with such a huge population, and that too people with less income and low literacy is a very tedious task. And all efforts should be made to minimize injustice to anyone.	0	0	0	0	0	0	0	0	0	1	3.333333333333333
3865	We should stop the development of autonomous cars	against	autonomous cars can help people to do more long distance traveling that will allow them to arrive refreshed and less anxious.	1	0	0	0	0	1	0	1	0	0	3.5
302	We should abolish capital punishment	against	capital punishment is a real deterant to crime and should not be abolished.	0	0	0	0	0	1	0	0	0	0	3.5
1328	We should subsidize journalism	in favor of	subsidising journalism will put more resources into good investagative journalism.	1	0	0	0	0	0	1	0	0	1	3.0
1901	We should abolish the right to keep and bear arms	in favor of	there are many people killed every year by guns that were improperly secured	0	1	0	0	0	1	0	0	0	0	3.5
6734	Homeopathy brings more harm than good	against	people should have options when in comes to their health. most people use homeopathy in conjunction with western medicines, and that should be their own decision and choice.	0	0	0	0	0	1	1	0	0	0	3.0
2727	We should ban human cloning	in favor of	contamination can happen very easy, cloning a human with contaminated cells could lead to diseases with no cure being spread worldwide	0	1	0	0	0	1	0	0	0	1	3.333333333333333
631	We should ban algorithmic trading	against	algorithmic trading allows for more timely, accurate, and efficient trading.	0	0	0	0	1	0	0	0	0	0	4.0
6100	Homeopathy brings more harm than good	in favor of	as homeopathy is unregulated, it can be dangerous because nobody really knows the quality, safety or efficacy of the products that are on sale.	0	0	0	0	0	1	0	0	0	0	3.5
3914	We should stop the development of autonomous cars	against	many people who are not capable to drive, would be able to commute easily with autonomous cars	1	0	0	0	0	1	1	0	0	0	3.0
2692	We should end mandatory retirement	against	Many jobs, like airplane pilots and doctors, are tasked with they physical safety of hundred of others. Companies have an obligation to make sure people holding those positions are the most capable, which old age threatens.	1	1	0	0	0	1	0	0	0	0	3.5
1393	We should abolish zoos	against	zoos provide an excellent learning opportunity for children.	0	1	0	1	0	0	1	0	0	1	3.0
2654	We should abolish the Olympic Games	in favor of	the olympic games are a hugely expensive enterprise to host, and history is littered with countries left financially broken in the aftermath.	0	0	0	0	1	1	0	0	0	0	3.5
7038	We should invest in nuclear energy	in favor of	Nuclear energy is undoubtedly the best form of electricity production, massive and controllable, with no CO²/GHG emissions. 	1	0	0	0	0	0	0	0	0	1	3.333333333333333
4649	We should subsidize hydrogen vehicles	against	Hydrogen is flammable and can cause fires or explosions. So, it is not completely safe yet.	0	0	0	0	0	1	0	0	0	1	3.333333333333333
938	We should abolish the Olympic Games	in favor of	they are boring and cost too much money	0	0	0	1	1	1	0	1	0	0	3.5
7296	We should ban the trading of virtual currencies.	against	The organizational structure brought about by the blockchain distributed technology replaces what a beautiful society this is. There is no corruption and it discards all the disadvantages of centralization.	1	0	0	0	1	1	0	0	0	0	3.5
5864	Holocaust denial should be a criminal offence	against	why should anyone be told they cannot deny something even if it happened?  freedom of speech, surely.	0	0	0	0	0	0	1	0	0	0	3.0
465	We should abandon the use of school uniform	in favor of	Adolescents can be very self-conscious about their appearance. If a student thinks their uniform is unflattering, it may cause them discomfort and embarrassment.	0	0	0	0	0	1	0	0	0	0	3.5
2602	We should end mandatory retirement	in favor of	mandatory retirement forces people to end careers before they are ready	1	0	0	0	0	0	1	0	0	0	3.0
3732	We should ban private military companies	in favor of	private military companies only purpose is to make money and as a result they don't focus on protection as much as they should be.	1	1	0	0	0	1	0	0	0	0	3.5
6582	We should subsidize vocational education	in favor of	vocational jobs  play a vital role in society, but not as many students are pursuing these careers. subsidizing vocational education allows schools to still afford to offer these courses.	1	1	0	0	0	1	0	0	0	1	3.333333333333333
5087	The EU needs a more rational Green Policy	in favor of	It shouldn't be the European families who pay for the damage caused by multinational corporations. 	0	0	0	0	1	1	0	0	0	1	3.333333333333333
574	We should ban cosmetic surgery for minors	in favor of	minors should not be allowed to have an elective cosmetic surgery.  their bodies are still growing and changing and should be allowed to mature before going under the knife.	0	0	0	0	0	1	0	0	0	1	3.333333333333333
2623	We should legalize prostitution	in favor of	some women have no other way to support themselves and their children	1	1	0	0	1	1	0	0	0	1	3.333333333333333
4571	We should encourage people to take part in Fit India Movement	against	‘Fit India Movement’ may not reach the people of below poverty line. To maintain a healthy lifestyle, both physical activity and nutritious food are necessary. But in India, still many people are malnourished and some people do not have access to safe drinking water. So, without solving the issue of poverty and lack of access to affordable nutritious food, a section of people in India will not be able to take advantage of this movement.	1	0	0	0	0	1	0	0	0	1	3.333333333333333
4738	Driverless cars should be allowed in India	in favor of	If driverless cars are allowed in India, they can be used for a variety of other purposes also such as delivery or pickup service, which will also save time and human resources.	1	1	0	0	0	1	0	0	0	0	3.5
7011	We should reintroduce nuclear power in Germany	against	With tens of thousands of years where you have to guard and manage the nuclear waste? Not really, sorry. 	0	0	0	0	0	1	0	0	0	1	3.333333333333333
4013	We should legalize sex selection	in favor of	the right to bodily autonomy permits mothers to have abortions for sex selective purposes	0	1	0	0	0	0	1	0	0	0	3.0
6436	Assisted suicide should be a criminal offence	against	people should not have to suffer unduly and a person that assists them in ending it should not be a criminal.	0	0	0	0	0	0	1	0	0	0	3.0
7054	We should use the waste from the agri-food industry in the ruminant feed chain	in favor of	allow it to be handed out to charities for consumption by those in need. 	0	1	0	0	0	0	0	0	0	1	3.333333333333333
6393	Blockade of the Gaza Strip should be ended	in favor of	the blockade of the gaza strip is not ending the dissention between the countries	1	0	0	0	0	1	0	0	0	1	3.333333333333333
3126	We should abolish safe spaces	against	mental health is important, now a days more than ever before with how society is. safe places are important to have available for a healthy mental status.	0	1	0	0	0	1	0	0	0	1	3.333333333333333
4113	We should adopt atheism	in favor of	we should adopt atheism because we can not prove that deities really do exist.	0	1	0	0	0	0	0	0	0	1	3.333333333333333
7208	We should prevent the surveillance state	in favor of	I am not prepared to continue to restrict my freedom on a permanent basis due to the actions of a minority of offenders, as a citizen who is not a victim. The policy has to find a better balance here. 	0	0	0	0	0	0	1	0	0	0	3.0
5399	The vow of celibacy should be abandoned	in favor of	there is a serious shortage of priests and this can be remedied by abandoning the vow of celibacy.	0	1	0	0	1	0	1	0	0	1	3.0
6837	The vow of celibacy should be abandoned	in favor of	the vow of celibacy should be abandoned because people are going to do whatever they want and no law can be enforced when it comes from abstaining from marital or sexual commitment.	0	0	0	0	0	0	1	0	0	1	3.0
5081	Primary Health Care (PHC) is an indispensable good for equitable and high-quality care in Europe and beyond	in favor of	The range of primary care services should be available to all patients universally, with special emphasis on those at the margins, often in most need.	0	1	0	0	0	1	0	0	0	1	3.333333333333333
4654	We should subsidize hydrogen vehicles	against	If the hydrogen fuel escapes into the air, it can increase global warming.	0	0	0	0	0	0	0	0	0	1	3.333333333333333
5486	The use of public defenders should be mandatory	in favor of	the mandatory use of public defenders will bring a more consistent judicial system	0	0	0	0	0	1	0	0	0	1	3.333333333333333
602	We should adopt gender-neutral language	in favor of	it would make people who are gender challenged feel better.	0	0	0	0	0	1	0	0	0	0	3.5
4441	We should end mandatory retirement	against	We should not end mandatory retirement because the world is already over-populated and people need to retire so that others can back-fill their jobs.	0	0	0	0	0	0	1	0	0	1	3.0
5253	The European Parliament should be dissolved and replaced with a global government.	against	We certainly need levels of government at the global, regional, and local levels. Equally, we absolutely need democracy at the global, regional, and local levels. Neither the European nor the national and regional parliaments should be abolished because of the need for global governance for the planet. 	0	0	0	0	1	0	0	0	0	1	3.333333333333333
2008	We should ban algorithmic trading	against	algorithmic trading allows for quicker and more effective trading than can be conducted by a human investor.	1	0	0	0	1	0	0	0	0	1	3.333333333333333
252	We should ban cosmetic surgery for minors	in favor of	Children are not able to consent or conceptualize permanent changes which result from cosmetic surgery.	0	1	0	0	0	1	0	0	0	1	3.333333333333333
4344	We should subsidize student loans	in favor of	due to the obligations of the students it is sometimes difficult to get a job, we must help them pay their loans so that they do not leave school	1	0	0	0	0	1	0	0	0	0	3.5
1723	We should subsidize space exploration	against	The government is already in debt and subsidizing space exploration is not necessary.	0	1	0	0	0	1	0	0	0	0	3.5
5031	The European Union needs to equip itself with the institutional and legal tools to resolve democratic conflicts on sovereignty within its own borders.	in favor of	In order to promote European peace, prosperity, and precious diversity, a different administration system is needed: a federal Europe, based on a democratic federal constitution instead of anarchy-provoking EU treaties. 	0	0	0	0	1	1	0	0	0	1	3.333333333333333
2175	We should abolish intellectual property rights	against	we shouldn't abolish intellectual property rights because people should have the right to do what they want with their ow property	0	0	0	0	0	0	1	0	0	0	3.0
4764	Homeschooling should be encouraged in India 	in favor of	Children can better explore themselves when they do not have constraints.	0	0	0	0	0	0	1	0	0	0	3.0
3167	We should abolish the Olympic Games	in favor of	the olympic games are no longer relevant.  they focus on the athletic and competitive nature of humanity.  we must instead focus on the intellectual and collaborative aspects to solve humanity's problems.	1	1	0	0	0	1	0	0	0	0	3.5
132	We should ban the use of child actors	in favor of	we should ban the use of child actors since it puts so much pressure on them. they should be growing up with a stable life and just enjoy being a kid.	0	0	0	0	0	1	1	0	0	0	3.0
4953	The fear of migration is a fear of the unknown and is exacerbated.	against	Additionally when fear is reinforced by facts like increased violence in every country with a high number of immigrants, and rapes of women it is not a problem of 'perception' but a simple reality.	0	0	0	0	0	1	0	0	0	1	3.333333333333333
7010	We should reintroduce nuclear power in Germany	against	A technology that takes 20 - 40 years to build up on any meaningful scale, and takes many decades to pay its costs, if ever? 	1	0	0	0	0	1	0	0	0	1	3.333333333333333
2888	We should end mandatory retirement	against	mandatory retirement allows for new people to saturate the workforce and the older generation to relax.  this is a good thing.	1	1	0	1	0	1	0	0	0	0	3.5
1860	We should ban algorithmic trading	in favor of	algorithmic trading gives too much control to machines. humans are better placed to understand the intricacies of the markets.	1	0	0	0	0	0	1	0	0	0	3.0
4514	We should ban targeted killing	against	targeted killing allows for prime targets and organizers of terror with ingrain beliefs that result in deadly consequences and should be assassinated for protection of lives.	0	0	0	0	0	1	0	0	0	0	3.5
4746	Marital Rape should be criminalized in India	in favor of	IPC 375, which criminalizes rape, discriminates married women from using the section on their husbands.	0	0	0	0	0	0	0	0	0	1	3.333333333333333
5037	The EU should be involved in the creation of a media-funding framework	against	In other words, EU (taxpayer)-sponsored propaganda.	0	0	0	0	1	1	1	0	0	1	3.0
4627	We should adapt the viable pay incentive scheme	in favor of	Variable pay helps in retaining valuable employees. This helps in retaining good talent for long periods of time and thereby, less spending on hiring new talents. This provides stability to the organization.	1	1	0	0	0	1	0	0	0	0	3.5
7037	We should invest in nuclear energy	in favor of	wind and solar power sources are inherently non-controllable and destroy our landscapes and natural environment, with their multiple harmful impacts on flying species, fauna and flora in general, and even insects.	1	0	0	0	0	0	0	0	0	1	3.333333333333333
4977	The EU should immediately end the refugee deal with Turkey.	against	Immigration should not be part of humanitarian aid. Humanitarian aid should be delivered directly to Africa / Asia. The Turkey deal should eventually be abolished.	1	1	0	0	0	0	1	0	0	1	3.0
4791	Electric cars are not a solution to air pollution	in favor of	It would be smarter and cheaper to develop and encourage limited speed, low consumption shared thermal cars, and abandon the myth of owning a car.	1	0	0	0	0	0	0	0	0	1	3.333333333333333
4509	We should cancel pride parades	against	we should not cancel pride parades because they have the right to celebrate too.	0	0	0	1	0	0	1	0	0	1	3.0
2430	We should ban algorithmic trading	against	Algorithmic trading makes it easier to stay ahead in the market and not get blindsided by a sudden crash.	1	0	0	0	0	0	0	0	0	0	3.5
6711	Foster care brings more harm than good	in favor of	The meager amount of compensation has been the prime reason why foster children receive inadequate care from their foster parents	0	1	0	0	1	1	0	0	0	0	3.5
0	We should ban human cloning	in favor of	we should ban human cloning as it will only cause huge issues when you have a bunch of the same humans running around all acting the same.	0	0	0	0	0	1	0	0	0	0	3.5
2333	We should abolish intellectual property rights	in favor of	we should abolish intellectual property rights because it discourages new ideas.	1	0	0	0	0	0	1	0	0	0	3.0
6591	Payday loans should be banned	in favor of	payday loans are predatory, preying on those in debt and with a low credit score, those who are below the poverty level and are desperate to supply basic necessities.	0	0	0	0	1	1	0	0	0	1	3.333333333333333
6137	Blockade of the Gaza Strip should be ended	against	blockading a terror entity is the only solution other than combating it	1	0	0	0	0	1	0	0	0	1	3.333333333333333
1994	We should abolish zoos	in favor of	zoos constrict wild animals to enclosures not suitable for them purely for enjoyment	0	1	0	0	0	0	0	0	0	1	3.333333333333333
5115	The EU should enforce the obligation to respect the Rule of Law within its borders	in favor of	Mostly agree. Only if a country violates basic human rights its vote in the EU should be suspended and/or financial sanctions imposed, tailored to target the offending government and its supporters. But such a country should NOT be excluded from the EU, because that would mostly harm the opposition which is likely to be more EU-friendly.	0	0	0	0	0	1	0	0	0	1	3.333333333333333
3210	We should subsidize journalism	against	subsidizing journalism will create biased reporting	1	0	0	0	1	0	1	0	0	1	3.0
4779	Censorship of movies is an outdated concept	in favor of	Censorship causes imposition of majoritarian ideals on others.	0	0	0	0	0	0	1	0	0	0	3.0
3146	We should limit executive compensation	in favor of	executives make a huge salary, so their total compensation should be limited in order to allow for better pay for the lower levels of employees in their organizations.	0	0	0	0	0	1	0	0	0	1	3.333333333333333
3418	We should ban cosmetic surgery	in favor of	we should ban it because it gives people a unrealistic view on how a natural body or face should look.	0	0	0	0	0	0	0	0	0	1	3.333333333333333
555	We should abolish the three-strikes laws	in favor of	Three strikes laws reduce the power of judges and discretion in the court room, making judgments shallower.	0	1	0	0	1	1	1	0	0	1	3.0
5256	We do not need immigration from non-European or non-first-world countries. 	in favor of	Immigration is a class issue. At the same time integration is important. Those against this policy should be made to send their children to multicultural schools in order to help with integration.  	0	1	0	0	0	1	0	0	0	0	3.5
1554	We should ban private military companies	in favor of	pmcs should be banned, as they are profiting from war and destruction. it is their interest to cause and prolong discord in the world.	0	0	0	0	0	1	0	0	0	1	3.333333333333333
6259	Homeopathy brings more harm than good	in favor of	homeopathy is scientifically implausible and produces nothing more than a placebo effect in patients	1	0	0	0	0	0	0	0	0	1	3.333333333333333
3250	We should ban private military companies	in favor of	private military companies are mercenaries who can harm our society for greed and we don't need them	0	0	0	0	0	1	1	0	0	0	3.0
6900	Assisted suicide should be a criminal offence	against	people who are terminally ill and don't want to suffer any more have a right to ask for help to end their lives	0	1	0	0	0	0	1	0	0	0	3.0
1178	We should ban telemarketing	against	we shouldn't ban telemarketing because it is a useful way to make sales and it isn't overly abusive to people	1	0	0	0	1	0	0	0	0	0	3.5
2680	We should legalize sex selection	against	sex selection should not be legalized because it is counter to nature	0	0	0	0	0	0	0	0	0	1	3.333333333333333
4276	We should oppose collectivism	against	collectivism ensures that everybody is taken care of	1	1	0	0	0	1	0	0	0	1	3.333333333333333
2294	We should ban cosmetic surgery	against	cosmetic surgery helps to reconstruct physical aspects such as a person who has had a mastectomy and wants  surgery to restore their breats.	0	1	0	1	0	1	1	1	0	0	3.0
4714	Cryptocurrencies should be legalized	against	There will be no sense of security. We cannot sleep peacefully because the cryptocurrency’s value keeps on fluctuating. Standard currencies fluctuate too, but not as high as cryptocurrencies. If the value of standard currency falls, we can still afford to live in our country, because the fall of currency value impacts all fields. For example, if the prices of groceries rise, so do our salaries. But if the value of cryptocurrencies like bitcoin falls, we will lose our hard-earned money.	0	0	0	0	1	1	0	0	0	1	3.333333333333333
1176	We should introduce compulsory voting	in favor of	compulsory voting would saturate the polls with new faces, causing more change and better results.	0	0	0	0	1	1	0	0	0	1	3.333333333333333
2322	We should ban the use of child actors	in favor of	child actors are for the most part thrown into a role they do not wish to be in, while their parents pocket the gains.	0	1	0	0	0	0	1	0	0	1	3.0
5895	Homeschooling should be banned	against	home schooling is a good alternative for many. it is economical, safe and and a better environment for some children.  parents have a right to choose what is best for their child.	0	1	0	0	0	1	1	0	0	0	3.0
2664	We should abolish the right to keep and bear arms	against	gun ownership is a personal right and a form of personal protection in an ever-increasingly hostile and dangerous world.	0	1	0	0	0	1	1	0	0	0	3.0
5813	Homeschooling should be banned	against	we have already proven that home-schooled kids attend more extra-curricular activities than public-school kids	1	0	0	0	0	0	0	1	0	0	3.5
5323	Foreign Policy at the EU level should be based on an absolute majority, not unanimity	against	Each country should keep its power, which is ensured through the current unanimous voting process in the European Union.	0	1	0	0	1	1	1	0	0	1	3.0
3554	We should cancel pride parades	against	pride parades may help overcome prejudice and cultural barriers, they are what we need to start educating future generations.	0	0	0	0	0	1	1	0	0	1	3.0
6457	We should abandon television	against	television can be shared by many, allowing to enjoy a show and foster discussion about topics that are being broadcast.	1	0	0	1	0	1	1	1	0	1	3.0
6190	Blockade of the Gaza Strip should be ended	against	given a country right to security and self-preservation, a blockade could be affected in international waters. This has been practiced for some time now, including when Britain and the U.S. blockaded Germany and Japan	0	1	0	0	1	1	0	0	0	1	3.333333333333333
4446	We should ban factory farming	against	we shouldn't ban factory farming because it can help improve the economy	1	1	0	0	1	1	0	0	0	0	3.5
3584	We should legalize organ trade	against	the organ trade should not be legalized as it encourages the expoitationn of poor people by rich people.	0	0	0	0	0	1	0	0	0	1	3.333333333333333
4577	Technology is making us feel less human	in favor of	Our decision-making skills are also getting affected as we are now asking search engines to know what is best. We are depending on the knowledge base of the internet even at offices to finish the work at hand. This affects cognitive skills ( to think, read, learn, remember, and reason), which is an essential quality of humans.	1	0	0	0	0	0	1	0	0	0	3.0
4782	Organ donation should be made compulsory	in favor of	Many people are being kidnapped for organs. Illegal human organ trafficking is in almost every country. Some poor people are selling organs. All these things are consequences of organs shortage.	0	1	0	0	0	1	0	0	0	1	3.333333333333333
786	We should adopt atheism	in favor of	Atheism should be adopted because many people do not believe in God or a higher power,	0	0	0	0	0	0	1	0	0	1	3.0
1698	We should ban factory farming	against	factory farming brings meat down to a price affordable to the poorest in our community on a regular basis	0	1	0	0	0	1	0	0	0	1	3.333333333333333
1783	We should subsidize student loans	against	the tax payers would have to pay for the subsidization of student loans in the end, it would be better to reform the entire university system instead.	0	0	0	0	0	1	0	0	0	1	3.333333333333333
6813	Homeschooling should be banned	against	homeschooling is a better way to help talented kids get an in-depth knowledge of  the subject they are really good at,	1	0	0	0	0	0	1	0	0	0	3.0
5458	Holocaust denial should be a criminal offence	against	people have the right to think what they'd like.	0	0	0	0	0	0	1	1	0	0	3.0
3633	We should end mandatory retirement	in favor of	mandatory retirement should be abolished as lifespans increase and older people are more able and active than ever, making the old retirement ages useless.	0	0	0	0	1	1	0	0	0	1	3.333333333333333
995	We should ban telemarketing	against	Telemarketing involves lower overhead costs and thus saves companies money.	1	0	0	0	1	1	1	0	0	0	3.0
4770	Experimenting on Animals is fair	against	Tests can be done on human volunteers with their consent. But animals are forced to take tests with no choice.	0	1	0	0	0	1	0	0	0	1	3.333333333333333
5889	Blockade of the Gaza Strip should be ended	in favor of	Ending the blockade of the Gaza Strip would be the beginning of peace in the region.	0	0	0	0	0	1	0	0	0	1	3.333333333333333
4999	There should be no illegal migration.	against	What does legal migration look like? People can only ask for asylum from within the EU and must officially do so at the Point of Entry. This has caused inhumane circumstances as we see at Camp Moria in Greece. 	0	1	0	0	0	1	0	0	0	0	3.5
2145	We should abolish intellectual property rights	in favor of	intellectual property rights eliminate competition which causes higher prices	1	0	0	0	1	0	1	0	0	1	3.0
6254	Foster care brings more harm than good	in favor of	foster care is not good , because children are often bounced around from several different homes during their time in foster care & never become settled & stable	0	1	0	0	0	1	0	0	0	0	3.5
5041	The president of the European Commission should be elected by the people of the EU	against	How would the candidates be selected? One per country? That just makes it a tight race between the two countries with the largest population (assuming one vote per person). Why would e.g. a Greek person vote for a Swedish candidate? How would even a Swedish candidate campaign in such a way as to appeal to Greek voters?	0	0	0	0	1	1	1	0	0	1	3.0
6605	Surrogacy should be banned	against	there are cases where surrogacy is the only way that a couple can have a biologically related child	0	1	0	0	0	1	0	0	0	0	3.5
1250	We should ban targeted killing	in favor of	targeted killing is useless and just unfair, no violence should ever be allowed	1	1	0	0	0	1	0	0	0	1	3.333333333333333
2431	We should ban the use of child actors	against	children should be allowed to work in performing arts or professional sports, a ban does not make sense, nothing bad is being done	0	0	0	0	1	0	1	1	0	0	3.0
4301	We should end the use of economic sanctions	against	economic sanctions provide an easy way to protest and can easily be reversed when situations change.	1	1	0	0	1	1	0	0	0	1	3.333333333333333
4563	We should subsidize student loans	against	subsidizing student loans would allow access to funds above the means of the student and the financial consequences in the future, including higher interest rates would be financially detrimental.	0	1	0	0	1	1	0	0	0	0	3.5
2199	We should abolish zoos	against	many zoos are involved in conservation projects- without them animals would go extinct	0	1	0	0	0	0	0	0	0	1	3.333333333333333
5457	Intelligence tests bring more harm than good	against	iq tests are great for determining how smart a person is.   this not only helps with getting into colleges and jobs but a person with a low iq can show that they are a prime candidate for public assistance.	1	0	0	0	0	1	0	0	0	0	3.5
1044	We should end the use of economic sanctions	against	economic sanctions have had a positive effect on denuclearization	0	1	0	0	0	1	0	0	0	1	3.333333333333333
4148	We should subsidize student loans	in favor of	we should subsidize student loans because it can help them manage future finances	0	0	0	0	0	1	0	0	0	0	3.5
5264	The EU should immediately end the refugee deal with Turkey.	against	Without the refugee deal, the migrants will return to invade us. 	0	0	0	0	0	1	0	0	0	1	3.333333333333333
2858	We should subsidize journalism	against	the is enough money in journalism already, and funds available through subsidies should be redirected towards more worthwhile causes such as healthcare.	1	0	0	0	1	1	0	0	0	0	3.5
1622	We should limit judicial activism	in favor of	judicial activism violates the legislature's authority, endangering the coequal balance of the governmental branches.	0	0	0	0	0	1	0	0	0	1	3.333333333333333
6061	We should subsidize vocational education	in favor of	we should subsidize our vocational education so that the workforce is stronger, more educated in their specific field, and more jobs are filled which boosts the economy	1	0	0	0	1	1	1	0	0	1	3.0
6668	Blockade of the Gaza Strip should be ended	against	the gaza strip is particularly important to israel because of the strategic location of the strip. there is no way to have a barrier between israel & gaza so they can distance themselves from the rockets.	0	0	0	0	0	1	0	0	0	1	3.333333333333333
1738	We should end the use of economic sanctions	in favor of	you cannot push another country just because you don't approve of their behaviors	0	0	0	0	0	1	1	0	0	1	3.0
2967	We should stop the development of autonomous cars	in favor of	autonomous cars are not able to react to specific scenarios where decisions must be made.	1	0	0	0	0	1	0	0	0	1	3.333333333333333
276	We should ban factory farming	in favor of	Animals should not have to suffer to save a few dollars.   Businesses need to have better morals and treating animals with care should be a top priority regardless of the cost.   It also hurts small farmers.	0	1	0	0	0	1	0	1	0	1	3.333333333333333
2234	We should end mandatory retirement	against	mandatory retirement is necessarily, in many cases, to force someone out of a job that their age dictates they can no longer do appropriately.	1	1	0	0	1	0	0	0	0	1	3.333333333333333
819	We should ban fast food	against	people should be able to choose what they want to eat	0	0	0	1	0	0	1	0	0	0	3.0
2103	We should end the use of economic sanctions	against	cooperation among countries is essential nowadays. avoiding armed conflict when one country's terrorizing others by the use of economic sanctions is a great solution to return that country back more cooperation	0	1	0	0	0	1	0	0	0	1	3.333333333333333
5502	Homeschooling should be banned	against	home education is equal to or better than in institutions	1	0	0	0	0	0	0	0	0	1	3.333333333333333
7316	We should restrict minors from playing online games.	against	Instead of banning games, it might be better to increase young people's awareness of life and society, and to promote self-awareness and active thinking among students.	1	1	0	0	0	0	1	0	0	0	3.0
2733	We should adopt libertarianism	against	libertarianism is a form of selfishness which promotes the rights of the individual over the rights of everyone.	1	0	0	0	0	1	0	0	0	0	3.5
176	We should legalize organ trade	in favor of	Organ sales increase the likelihood that people with rare blood types or conditions can find an organ.	0	1	0	0	0	1	1	0	0	0	3.0
258	We should abolish capital punishment	in favor of	recent dna evidence have proved that some death penalty inmates to be innocent. executing one innocent person is an enough proof that the capital punishment should be abolished.	0	1	0	0	0	0	0	0	0	1	3.333333333333333
6660	We should subsidize vocational education	in favor of	vocational education can be used as the easy way out for students not willing to put in the work of real college	1	0	0	0	0	0	1	0	0	0	3.0
4121	We should introduce compulsory voting	in favor of	compulsory voting can help encourage better results during elections	1	1	0	0	1	0	0	0	0	0	3.5
3852	We should abolish capital punishment	against	"the old saying ""an eye for an eye"" exists for a reason.  if a person commits a horrible act, than swift punishment is not only a good thing but deserved."	0	0	0	0	0	0	0	0	0	1	3.333333333333333
6844	Blockade of the Gaza Strip should be ended	against	hamas is too dangerous to allow in & the blockade should continue	0	1	0	0	1	1	0	0	0	0	3.5
4014	We should legalize organ trade	in favor of	Anyone who wants to sell an organ would be made fully aware of the risks involved, in which case they should be allowed to make that choice.	0	1	0	0	0	1	1	0	0	0	3.0
3052	We should abandon the use of school uniform	against	school uniform is necessary to avoid poor students to feel any different	0	0	0	0	0	1	0	0	0	1	3.333333333333333
942	We should subsidize space exploration	in favor of	we need to explore space so we can find minerals that are getting depleted on our planet	0	0	0	0	0	1	0	1	0	1	3.333333333333333
2803	We should end mandatory retirement	in favor of	There is nothing about a younger workforce that is inherently better, and qualified young people will still be able to get jobs without a policy of mandatory retirement.	1	1	0	0	0	1	1	0	0	1	3.0
7128	We should put a higher tax or a toll on imported meat from abroad.	in favor of	I agree! So perhaps we will have less meat but also less pollution, and much more quality of meat, of air and of environment	0	0	0	0	0	1	0	0	0	1	3.333333333333333
6835	Homeopathy brings more harm than good	against	when modern medicine avenues have been exhausted, it is a valuable alternative to keep hope many homeopathic medicines are effective and help the patient to stay positive, which is half the battle sometimes	1	1	0	1	0	1	0	0	0	1	3.333333333333333
479	We should abolish zoos	in favor of	zoos trap animals into a meaningless life only to amuse human onlookers	0	1	0	0	0	0	0	0	0	1	3.333333333333333
4240	We should fight for the abolition of nuclear weapons	in favor of	we should because they are extremely dangerous.	0	0	0	0	0	1	0	0	0	1	3.333333333333333
1041	We should adopt a multi-party system	in favor of	multi-party systems provide many new sources of views on relevant topics	0	1	0	0	0	0	1	0	0	1	3.0
5743	Blockade of the Gaza Strip should be ended	in favor of	A blockade is what you do when you want any chance for peace eliminated and for both nations to grow suspicious towards each other	0	0	0	0	0	1	0	0	0	1	3.333333333333333
1421	We should legalize cannabis	in favor of	cannabis should be legalized because no link has been found to document a connection between cannabis use and mind altering drugs.	0	0	0	1	0	1	1	0	0	1	3.0
6503	Assisted suicide should be a criminal offence	against	people have the right to their bodies and if they wish to die they should be able to get help to do so.	0	1	0	0	0	0	1	0	0	0	3.0
6074	We should abandon television	against	we should not abandon television because it helps us to experience what is happening in the world and also provides entertainment.	0	0	0	0	0	1	1	1	0	1	3.0
2846	We should adopt atheism	in favor of	atheism should be adopted as it will put an end to organized religions which have caused wars and deaths over the centuries.	0	0	0	0	0	1	0	0	0	1	3.333333333333333
4323	We should limit judicial activism	against	we should not limit judicial activism because judges have better knowledge of the laws than juries do	1	0	0	0	1	0	0	0	0	0	3.5
4884	We need a common migration and asylum policy, based on respect for rights and equal treatment	in favor of	Migrant workers are overrepresented in the most precarious jobs, they are too often underpaid, they work under intolerable working conditions, and live in horrendous housing facilities. Workers are vulnerable to abuse and exploitation. And they continue to encounter inhumane working and living conditions because effective enforcement is lacking. Trade unions are often not allowed on worksites with precarious jobs and migrant workers can therefore not adequately be informed about their labor and trade union rights. Third-country nationals are even more vulnerable than EU migrant/mobile workers. 	0	0	0	0	1	1	0	0	0	1	3.333333333333333
1915	We should abolish intellectual property rights	against	intellectual property rights serve to prevent the sharing of information and ideas, which would allow groundbreaking concepts to develop more quickly for the benefit of all.	1	0	0	0	0	0	1	0	0	1	3.0
4530	We should abolish intellectual property rights	against	intellectual property rights are important as it  gives economic incentive for their creation and helps to stimulate innovation and contribute to the technological progress of countries.	1	0	0	0	1	1	1	0	0	1	3.0
6828	Blockade of the Gaza Strip should be ended	in favor of	The blockade creates discourse around the issue of Hamas and Israel.	1	0	0	0	0	0	1	0	0	1	3.0
946	We should limit judicial activism	against	it is important that the highly experienced, well trained people at the top of the judicial system can use their own experiences and common sense when passing judgments - else anyone could be a judge.	0	1	0	0	1	1	0	0	0	1	3.333333333333333
2648	We should ban missionary work	in favor of	We should ban missionary work because it convinces people to abandon their culture and adopt a dominant, colonial culture instead, which damages our shared cultural heritage.	0	0	0	0	0	0	1	0	0	1	3.0
4674	We should stop using cash	in favor of	A cashless economy saves so much money for governments because printing money, and sending the money to banks requires money and human resources. The need to purchase or rent land for ATMs will also be eliminated. International payments will also be easier because there is no need to exchange currency.	0	0	0	0	1	1	0	0	0	1	3.333333333333333
4250	We should ban the use of child actors	in favor of	children need to be kids and get an education.	1	0	0	0	0	1	1	0	0	1	3.0
4512	We should abolish safe spaces	against	we all need to feel we have a refuge so it is critically important that we have safe spaces.	0	0	0	0	0	1	1	0	0	1	3.0
6453	Surrogacy should be banned	against	some women, through no fault of their own, are incapable of being biological mothers - surrogacy gives them the chance of such an incredible experience.	0	1	0	1	0	0	1	0	0	1	3.0
4615	We should subsidize higher education institutions	in favor of	We haven’t been paying our teachers on the scale of what their counterparts earn in other countries. As a result, people are reluctant to the idea of teaching as a career. We have also failed to lure successful foreign faculties to our institutes.	1	0	0	0	0	1	0	0	0	1	3.333333333333333
4130	We should ban algorithmic trading	against	there's no need to ban algorithmic trading as it is a very good system for trading, leading to great gains for the investors.	1	0	0	0	1	0	0	0	0	0	3.5
5455	The vow of celibacy should be abandoned	in favor of	clergy should have the option to marry and have a family like everyone else	0	1	0	1	0	0	1	1	0	0	3.0
4812	Devices with batteries should be designed so that batteries can be replaced	in favor of	And not just the batteries. The EU should have an overall policy with a clear goal to restrict and reduce planned obsolescence. 	1	1	0	0	0	0	1	0	0	0	3.0
1883	We should ban cosmetic surgery for minors	against	cosmetic surgery helps build self esteem	0	1	0	1	0	1	0	1	0	0	3.5
5758	Payday loans should be banned	against	payday loans should  not be banned because some peoples last hope is these kinds of stores.	0	1	0	0	1	0	1	0	0	0	3.0
2390	We should legalize sex selection	in favor of	we should legalize sex selection as it is a parents right to choose and many families may want a girl after many boys and so sex selection will help ensure a wanted pregnancy.	0	1	0	0	1	0	1	0	0	0	3.0
5388	Surrogacy should be banned	in favor of	a woman giving birth to someone else's child will cause that child to grow up and not understand who their mother is.   it can lead to major depression and a very unhealthy lifestyle.	0	0	0	0	0	1	0	0	0	0	3.5
4309	We should limit executive compensation	in favor of	we must provide oversight to companies that are overcharging for products and services and providing executive compensation above what is reasonable.	0	1	0	0	0	0	0	0	0	1	3.333333333333333
86	We should subsidize Wikipedia	against	subsidizing wikipedia can cause it to provide biased information	0	1	0	0	0	0	0	0	0	1	3.333333333333333
3932	We should end mandatory retirement	against	Older people should be forced to retire at a certain age because the world is steadily changed and their knowledge becomes outdated	1	0	0	0	0	0	0	0	0	0	3.5
3277	We should limit judicial activism	against	activist judges are an important part of bringing about legislative change	0	0	0	0	1	1	0	0	0	1	3.333333333333333
6802	Foster care brings more harm than good	against	foster care can bring secure home and love to children who lost their parents	0	1	0	0	0	1	0	0	0	0	3.5
1180	We should ban algorithmic trading	in favor of	we should ban algorithmic trading because theres is scientic advance	1	0	0	0	1	0	1	1	0	1	3.0
1803	We should subsidize embryonic stem cell research	against	we should not subsidize embryonic stem cell research because these scientists have been working on this a long time.	1	0	0	0	0	0	1	0	0	1	3.0
6573	We should abandon television	against	no, television is a form of entertainment for people	0	0	0	1	0	0	0	1	0	0	3.5
6245	Social media brings more harm than good	against	social media allows family members and friends to keep abreast of things that are going on in each other's lives.	0	1	0	0	0	1	0	0	0	0	3.5
6931	We should abolish the National Register of Citizens (NRC)	against	India has already become a resource-scarce country. We are unable to deliver the basic necessities to genuine Indian citizens, and a large number of additional immigrants will further worsen the conditions. The efficient NRC will help us in identifying illegal immigrants and some steps that can be taken for their deportation.	1	0	0	0	1	1	0	0	0	0	3.5
4194	We should adopt a zero-tolerance policy in schools	against	if a zero tolerance policy in schools is adopted, this will impinge on the rights of the pupils to challenge decisions they may deem unfair or unfit.	1	0	0	0	1	0	1	1	0	0	3.0
6649	Homeschooling should be banned	in favor of	the kids do not get the proper socialization and may have more trouble moving on to college educationally and socially.	1	0	0	0	0	1	0	0	0	0	3.5
6533	Homeopathy brings more harm than good	in favor of	someone with a serious life-threatening disease might put all their trust in homeopathy rather than using more proven medicine.	1	1	0	0	0	1	1	0	0	0	3.0
6098	We should abandon television	against	television isn't something that needs to be abused. we can watch it and still find time for exercising and a social life.	0	0	0	1	0	1	1	1	0	0	3.0
1675	We should legalize organ trade	in favor of	legalizing the organ trade would provide life saving options for all people not just the wealthy ones who can afford to buy them on the black market.	0	0	0	0	0	1	0	0	0	1	3.333333333333333
556	We should end the use of economic sanctions	against	economic sanctions can help force countries to provide better treatment for the common people of that country.	0	1	0	0	1	1	0	0	0	1	3.333333333333333
5865	Intelligence tests bring more harm than good	against	intelligence tests often help children excel by allowing them to be placed in appropriate classes or programs based on their individual abilities.	1	1	0	0	0	0	0	0	0	0	3.5
6424	Intelligence tests bring more harm than good	in favor of	IQ tests measure only a few types of cognitive abilities and do not account for the vast array of intelligence types	1	0	0	0	0	0	0	0	0	1	3.333333333333333
4477	We should ban algorithmic trading	in favor of	relying on computers to do all this trading for us could lead to technical issues, hacking, or other problems that could lead to a total market crash.	1	0	0	0	0	1	0	0	0	0	3.5
2054	We should abolish capital punishment	in favor of	the most obvious reason to oppose is the danger that an innocent person is killed due to the fact that mistakes are made. witnesses can be wrong in what they saw and lawyers can make a hash of defending a case.	0	1	0	0	0	0	0	0	0	1	3.333333333333333
2457	We should ban the use of child actors	in favor of	we should ban the use of child actors because it strips them of childhood, let them be children and play and mess around	0	0	0	1	0	0	1	0	0	0	3.0
1424	We should stop the development of autonomous cars	in favor of	the cars can be dangerous and cause accidents if the equipment fails.	0	0	0	0	0	1	0	0	0	0	3.5
1914	We should adopt atheism	in favor of	atheism could be of great benefit because it would foster more scientific ideas which could prevent our demise from global warming and other looming challenges	1	0	0	0	0	0	1	0	0	1	3.0
3489	We should ban factory farming	in favor of	factory farming is not good for the environment	0	0	0	0	0	0	0	0	0	1	3.333333333333333
106	We should adopt an austerity regime	against	people should not have to endure higher taxes to pay for the government's inefficiency.	0	1	0	0	0	1	0	0	0	1	3.333333333333333
3704	We should subsidize journalism	in favor of	journalism is incredibly important when it comes to unbiased coverage of our government.	1	0	0	0	0	0	0	0	0	1	3.333333333333333
3760	We should abolish intellectual property rights	against	abolishing intellectual property rights removes the financial incentive to innovation.	1	0	0	0	1	0	1	0	0	0	3.0
5666	Social media brings more harm than good	against	social media gives it users a place to seek support when in need whether emotional or financially, things that would be more difficult if not impossible to do outside of their home.	0	1	0	0	0	1	1	0	0	0	3.0
5740	The use of public defenders should be mandatory	in favor of	The fact that poor people get stuck with public defenders while rich people get private lawyers contributes to disparate jailing and sentencing that overwhelmingly harms the poor.	0	1	0	0	0	1	0	0	0	1	3.333333333333333
4051	We should abolish intellectual property rights	in favor of	intellectual property rights should be abolished as it defies the rights of an individual who has created a conception that has proven successful of moving on to another company.	1	0	0	0	0	0	1	0	0	1	3.0
594	We should abolish the right to keep and bear arms	against	Citizens should be allowed to defend themselves with lethal force in a life-or-death situation because the police are typically slow to respond to such situations.	0	1	0	0	0	0	0	0	0	0	4.0
7039	We should use waste from the agri-food industry in the ruminant feed chain	in favor of	What is edible, should be given to humans. What humans cannot eat, should be available for animals. What both cannot use, should go to biogas plants. The solid waste from biogas plants can be transformed into excellent compost. Runoff from biogas plants can be treated & provide H2. And the heat from biogas plants can provide heating or other forms of energy.	1	1	0	0	0	0	0	0	0	1	3.333333333333333
2813	We should ban targeted killing	against	targeted killing uses expertise to eliminate those that are extreme threats, not only to our government, but to the global governing bodies.	0	0	0	0	0	1	0	0	0	1	3.333333333333333
6752	We should abandon television	in favor of	television is an out-dated form of entertainment that has been succeeded by the internet.	0	0	0	1	0	0	1	0	0	1	3.0
7124	We should include all costs of nuclear energy in our comparisons, for example insurance and disposal	against	If you want to do it for nuclear power, then it would be better to do it for every single kind of energy production methods. It’s also important then to include the complete cycle of all the energies, the human cost, the extraction of primary resources, in the case of renewable energy, take into account the necessary energy storage, and so on and so forth.	0	1	0	0	0	0	0	0	0	1	3.333333333333333
4686	We should have psychological counseling in educational institutions	in favor of	Many students struggle with several issues such as anxiety, self-esteem issues, trouble forming friendships, etc. Guidance and support are very important to help them overcome these problems. So, educational institutions should have mental health professionals to help students.	1	1	0	0	0	1	0	0	0	1	3.333333333333333
2312	We should abolish capital punishment	against	capital punishment for the most violent crimes is acceptable because it costs thousands of dollars to keep a prisoner incarcerated for life.	0	0	0	0	1	1	0	0	0	1	3.333333333333333
5065	The president of the European Commission should be elected by the people of the EU	against	No, the direct election of a single leader by the people gives too much power to this person. And anyhow: nobody can know another person well enough. Look at the USA: the candidates for president are not real people but are constructed by PR agencies.	0	0	0	0	0	0	0	0	0	1	3.333333333333333
1209	We should ban cosmetic surgery	against	cosmetic surgery helps many people with their self esteem.	0	0	0	0	0	1	0	0	0	0	3.5
698	We should abolish intellectual property rights	in favor of	also called intellectual plagiarism none of this makes sense there may be people who think the same and that is not a crime	1	0	0	0	0	0	1	0	0	0	3.0
193	We should fight for the abolition of nuclear weapons	in favor of	the abolition of nuclear weapons is a hugely important goal on the path to world peace.	0	0	0	0	0	1	0	0	0	1	3.333333333333333
2028	We should end the use of economic sanctions	in favor of	the only ones that suffer with economic sanctions are the regular citizens of the countries.	0	0	0	0	0	1	0	0	0	1	3.333333333333333
5599	Payday loans should be banned	in favor of	payday loans are ineffective and make people go deeper into debt	1	1	0	0	0	1	0	0	0	0	3.5
3300	We should subsidize Wikipedia	in favor of	wikipedia should be financed different ways	1	0	0	0	0	1	0	0	0	0	3.5
1669	We should limit judicial activism	against	judicial activism should not be limited as times have changed, circumstances are vastly different, than a reason why an initial law was enacted.	0	0	0	0	0	1	1	0	0	1	3.0
6383	We should subsidize vocational education	against	subsidies for vocational education don't work because they do not increase the number of people who choose this career path	1	1	0	0	0	0	0	0	0	1	3.333333333333333
2644	We should ban cosmetic surgery for minors	in favor of	minors are too young to make life changing decisions required fr cosmetic surgery.	0	1	0	0	0	0	0	0	0	1	3.333333333333333
5372	The EU should integrate the armed forces of its member states	in favor of	In principle, I would be in favor of a European army, but I would tie it to a reform of European decision-making (majority or 2/3 majority). An army is worth nothing if the members cannot agree or if a single country uses it as a means of pressure to push through its own interests.	0	0	0	0	1	1	0	0	0	1	3.333333333333333
781	We should limit executive compensation	in favor of	if a company has received enough profits to offer bonuses to their executives, the money could be better spent on giving bonuses to poorer staff members at the bottom of the chain.	0	0	0	0	1	0	0	0	0	1	3.333333333333333
4682	All countries should take responsibility for accepting refugees	in favor of	All countries should share the responsibility for refugees. Resettlement of the refugees should be done without much delay. They should be provided with skill development courses and employment opportunities to help them in living a dignified life.	1	1	0	0	0	1	0	0	0	0	3.5
2983	We should abolish intellectual property rights	against	intellectual property rights protect the small guy from being gobbled up by large companies who have more money to create a product.	1	0	0	0	0	1	1	0	0	1	3.0
1375	We should abolish zoos	against	zoos do so much for the conservation of animals and species that are at risk of being extinct and they should not be abolished.	0	0	0	0	0	0	0	0	0	1	3.333333333333333
7324	We should open up three-child policy to encourage childbirth.	against	Other measures such as subsidizing childbirth, reducing the cost of health care and education for the population, and protecting women more from the law and the workplace are more imminent.	1	0	0	0	0	1	0	0	0	1	3.333333333333333
751	We should abolish intellectual property rights	in favor of	maintaining intellectual property rights for all is too expensive, and maintaining these rights might restrict innovation in certain sectors.	1	0	0	0	1	1	1	1	0	0	3.0
2704	We should abolish safe spaces	against	we should not abolish safe spaces because they are vital for people who struggle in social situations and need a calm area to calm down when experiencing a panic attack.	0	0	0	0	0	1	1	0	0	1	3.0
6106	We should subsidize vocational education	in favor of	vocational education is essential to fill gaps in society for example where there is a lack of builders, plumbers and other tradesmen.	1	1	0	0	0	1	0	1	0	0	3.5
6584	Foster care brings more harm than good	against	it is better for a child to be in a home where there is a family	0	1	0	0	0	1	0	0	0	0	3.5
5898	We should abandon television	in favor of	television only serves as a platform for multinationals to spread their lies	0	1	0	0	0	1	0	0	0	1	3.333333333333333
2365	We should stop the development of autonomous cars	against	autonomous cars can help those without the capability of driving be able to have consistent transportation when they don't otherwise.	1	0	0	0	0	1	0	0	0	0	3.5
913	We should abolish the right to keep and bear arms	in favor of	the right to keep and bear arms has enabled the death of many innocent people - including small children. it is time to move on.	0	1	0	0	0	1	1	0	0	1	3.0
7129	We should reduce environment pollution by limiting number of people in Europe	against	If we tried to fix the issue by controlling the population, countries like Denmark would need to reduce their population to 1/5 of the current number, to reach sustainable resource use.	0	0	0	0	0	0	0	0	0	1	3.333333333333333
1408	We should end the use of economic sanctions	in favor of	economic sanctions hurt poorer citizens	0	0	0	0	0	1	0	0	0	1	3.333333333333333
6313	We should subsidize vocational education	in favor of	vocational education allows to develop citizens with skills still necessary for our society	1	1	0	0	0	1	0	0	0	0	3.5
7347	We should crack down on unreasonably high incomes.	in favor of	The rich use the wealth in their hands to build a network of interests to continuously strengthen and consolidate their own interests. Blocking others' class upward path.	0	0	0	0	0	1	0	0	0	1	3.333333333333333
2490	We should end mandatory retirement	in favor of	Older workers have more experience and expertise than young workers.	1	0	0	0	0	0	0	0	0	1	3.333333333333333
6665	We should subsidize vocational education	in favor of	vocational education is just as important as college because there is a great need to blue collar workers	1	0	0	0	1	1	0	0	0	1	3.333333333333333
3595	We should subsidize Wikipedia	against	it is a useful site but no need to subsidize wikipedia. the site can get by with private funding like it has all these years and besides, government has much more important needs to subsidize like health care	0	1	0	0	1	1	1	0	0	1	3.0
216	We should abandon the use of school uniform	in favor of	the school uniform is outdated and takes away individual personalities.	0	0	0	0	0	0	1	0	0	1	3.0
5914	We should abandon television	against	we should not abandon television because it gives us a lot of news and information that may not otherwise be available to us	0	1	0	0	0	0	1	0	0	1	3.0
4319	We should abolish capital punishment	against	it would save taxpayers from paying for a person to have a room and food for the rest of their natural life if thats their sentence.	0	0	0	0	0	1	0	0	0	0	3.5
1591	We should legalize cannabis	in favor of	adults should be able to choose substances that they want to use.	0	0	0	0	0	0	1	0	0	1	3.0
7126	We should support agroforestry	in favor of	Changes in management practices, and above all the integration of trees in arable and pastoral lands, are key, and could turn agriculture from a net emitter to a net absorber of greenhouse gases.	0	0	0	0	0	0	0	0	0	1	3.333333333333333
6320	We should abandon television	in favor of	television should be abandoned because it worsens eyesight.	0	0	0	0	0	1	0	0	0	0	3.5
401	We should legalize sex selection	in favor of	parents have every right to decide whether they give birth to a boy or a girl.	0	1	0	0	0	0	1	0	0	0	3.0
1355	We should introduce compulsory voting	against	compulsory voting shouldn't be introduce because it forces undecided people to vote for a random people will ruin the quality of elections	1	0	0	0	0	0	1	0	0	0	3.0
3873	We should ban cosmetic surgery	in favor of	cosmetic surgery has been known to lead to deaths due to botched jobs. it should be banned so these deaths do not occur.	0	0	0	0	0	1	0	0	0	0	3.5
4712	Marital rape should be criminalized in India	against	The most misused law in the Indian judicial system is Section 498A, which allows women to file a case on a husband and his family in case of dowry harassment. Many women are using this law to extort money and property from their in-laws. If the law on marital rape comes into effect, many innocent men will be at threat.	0	0	0	0	1	0	0	0	0	1	3.333333333333333
6719	Homeschooling should be banned	against	for rural communities home schooling can be the only viable option to access daily education	1	0	0	0	0	1	1	0	0	1	3.0
4442	We should abolish the three-strikes laws	in favor of	many people could pay long sentences for nonviolent crimes	0	0	0	0	0	0	0	0	0	1	3.333333333333333
4964	We need a better EU migration policy 	in favor of	his is the issue in politics and public sector policy making. No objectives are to be pursued. No problems to be solved. I guess it is the nature of the beast. Balancing conflicting interests. 	0	0	0	0	0	0	1	0	0	1	3.0
1368	We should subsidize space exploration	against	we should be concentrating on and spending money on making our world a better place then out exploring other worlds and space needlessly.	0	1	0	0	0	1	0	0	0	0	3.5
5875	Homeschooling should be banned	in favor of	homeschooling doesnt get children enough interaction with people so they are more likely to be social outcasts	0	1	0	0	0	1	0	1	0	0	3.5
6912	We should promote Zero Budget Natural Farming all over India	in favor of	We are witnessing farmer suicides in the past few years in several parts of the country. This is mainly because of the high input costs involved in farming. To raise capital, they are forced to take loans and if the crop fails due to various reasons, they are opting for suicide. Zero Budget Natural Farming will prevent farmers from getting trapped in a vicious cycle of debts.	0	1	0	0	1	1	0	0	0	0	3.5
2509	We should end mandatory retirement	against	We should not end mandatory retirement because it opens up positions to women, people of color, and immigrants who were not able to take those jobs due to past discrimination.	1	0	0	0	0	1	0	0	0	1	3.333333333333333
6976	Bullet for Bullet is a right policy	in favor of	If we keep on forgiving the terrorists, terrorism will not be eliminated.	0	1	0	0	0	1	0	0	0	1	3.333333333333333
7251	We should not have illegal immigrants!	in favor of	We can only employ people in understaffed job fields.	0	0	0	0	1	1	0	0	0	0	3.5
5290	We need an integrated migration and border policy.	in favor of	The EU member states need to lift together instead of trying to push the burdens onto each other or external nations.	1	1	0	0	0	1	0	0	0	1	3.333333333333333
4281	We should ban whaling	against	whaling provides a lot of income for people that would then become unemployed if they couldn't do it anymore.	0	0	0	0	0	1	0	0	0	0	3.5
6914	Referendums are good for the society	in favor of	It can be said that referendums are a direct form of democracy. As the people directly participate in the decision-making, avoiding any manipulation by their representatives.	0	0	0	0	1	0	1	0	0	1	3.0
1432	We should ban telemarketing	against	telemarketing is an easy way for people to connect with consumers that are interested in their products.	1	0	0	0	1	1	1	0	0	1	3.0
4236	We should ban the Church of Scientology	in favor of	the church of scientology is a dangerous sect we shall not allow anymore	0	0	0	0	0	1	0	0	0	0	3.5
3375	We should end the use of economic sanctions	against	there are usually totally just reasons for imposing sanctions.  those reasons could be political or even sometimes military based, but are usually done for the greater good of all.	0	0	0	0	1	0	0	0	0	1	3.333333333333333
3877	We should ban telemarketing	against	some telemarketing is beneficial as it may be selling useful products or services.	1	1	0	1	0	0	1	0	0	1	3.0
7057	We should open free training centers for the EPSO competition	in favor of	It's high time that all broadcasting stations in the EU stimulate their journalists to cover European news as well.	0	0	0	0	0	0	1	0	0	1	3.0
1427	We should subsidize student loans	in favor of	providing help in paying student loans will lift a financial burden off of students and allow them to become more indepedent.	1	0	0	0	1	1	1	0	0	0	3.0
5289	The Western Balkans should join the EU immediately 	in favor of	I opt without a that the Balkan countries should be EU members, so their membership status helps them evolve. We have great examples in Romania and Bulgaria, and going back to the eighties, to Spain and Portugal. Those countries started to truly develop when they joined the EU. Besides, as you stated, the Balkan countries have made huge efforts in the last years to approach the EU.	1	1	0	0	0	1	0	0	0	1	3.333333333333333
5992	Surrogacy should be banned	against	surrogacy enables infertile couples to raise their own family.	0	1	0	0	0	0	0	0	0	0	4.0
5754	Homeopathy brings more harm than good	in favor of	homeopathy is sometimes used by people instead of traditional medicine. this  could lead to unnecessary deaths.	0	1	0	0	0	1	0	0	0	1	3.333333333333333
4468	We should ban human cloning	against	human cloning can provide a lot of advancements to medical science. to ban it out of some knee-jerk fear is to deny ourselves all of these potential great advancements	1	1	0	0	0	1	1	0	0	1	3.0
5354	There should be a reform of EU trade and investment policy and a relaunch of global multilateralism	in favor of	The protection of fundamental and human rights, decent work, and the high quality of public services for all must be an integral part of trade and investment policy reform.	0	0	0	0	0	1	0	0	0	1	3.333333333333333
5854	Homeschooling should be banned	against	homeschooling is best for children where the schools in the area are not conducive to learning	0	1	0	0	0	0	1	0	0	0	3.0
2147	We should ban whaling	in favor of	we need to ban whaling to protect whales from going extinct	0	1	0	0	0	0	0	0	0	1	3.333333333333333
2051	We should subsidize space exploration	in favor of	by subsidizing space exploration we can work toward colonizing other planets and reduce over population on earth.	1	1	0	0	0	1	1	0	0	1	3.0
368	We should subsidize journalism	against	when you subsidize journalism you are making the reporting agency less likely to report anything bad about the place that is providing the funding. therefore you are getting less accurate news.	0	1	0	0	0	0	1	0	0	1	3.0
3673	We should abolish the three-strikes laws	in favor of	three-strikes laws are a major reason for overcrowding in our prison system.	1	1	0	0	0	0	0	0	0	1	3.333333333333333
1353	We should prohibit school prayer	in favor of	enforced prayer sessions in schools indoctrinate children into regressive belief systems and limit their ability to think independently for themselves and so should be removed from all schooling	0	0	0	0	0	0	1	0	0	1	3.0
4626	We should adapt the viable pay incentive scheme	in favor of	In variable pay schemes, the employees feel content and motivated with their work. They feel that they are an active part of the organization, the organization recognizes them as a part of its growth and values their efforts.	1	0	0	0	1	1	1	0	0	0	3.0
6853	Intelligence tests bring more harm than good	against	Intelligence tests give us the ability to pinpoint topics that students struggle with so that educators can learn where to focus their efforts.	1	0	0	0	0	0	0	0	0	0	3.5
3219	We should legalize cannabis	against	cannabis has been shown to negatively affect the brain, causing psychosis and paranoia and should continue to be controlled	0	0	0	0	0	1	0	0	0	1	3.333333333333333
6831	Surrogacy should be banned	against	surrogacy is a good thing because give a chance to other people to have kids	0	1	0	0	0	0	1	0	0	1	3.0
349	We should ban whaling	against	whaling should be allowed when it will help to revive dwindling fish populations.	0	0	0	0	0	0	0	0	0	1	3.333333333333333
5445	We should abandon television	in favor of	people spend too much time watching television at the cost of more active pursuits	0	0	0	0	0	1	0	0	0	0	3.5
2600	We should adopt a zero-tolerance policy in schools	against	We should not adopt a zero-tolerance policy in schools- children need more tolerance in their lives in order to flourish, and creating a zero-tolerance policy will cause harm and suffering.	1	1	0	0	0	0	0	0	0	1	3.333333333333333
7177	We should stop making one-cent coins	in favor of	The convenience of carrying fewer coins is obvious.	0	1	0	0	0	1	0	0	0	1	3.333333333333333
4280	We should fight for the abolition of nuclear weapons	in favor of	it only needs one lunatic in charge of setting off the nuclear weapon to obliterate the entire world so surely if you take these weapons out of the equation, the world must be a safer place.	0	0	0	0	0	1	0	0	0	1	3.333333333333333
1346	We should limit judicial activism	against	judicial activism is a control key put in place for counterbalance the overuse of power of law	0	0	0	0	0	1	1	0	0	1	3.0
3599	We should adopt libertarianism	against	Libertarianism provides little to no support for  those at the bottom and would not attain equitable outcomes for society.	0	0	0	0	1	1	0	0	0	1	3.333333333333333
373	We should ban the use of child actors	against	child actors should be allowed to work and contribute their talents to society.	1	0	0	0	0	0	1	0	0	1	3.0
956	We should abolish the Olympic Games	against	they increase tourist activities and are a boost to the local economy.	1	0	0	1	1	0	0	1	0	0	3.5
4183	We should cancel pride parades	against	pride parades should be allowed to continue as it allows people to celebrate diversity among human beings.	0	0	0	0	0	0	0	0	0	1	3.333333333333333
2819	We should abandon the use of school uniform	against	school uniforms make sure that each student starts out in an equal environment.	0	0	0	0	0	1	0	0	0	1	3.333333333333333
4523	We should ban algorithmic trading	in favor of	algorithmic trading is computer based and does not allow for any type of inspiration in trading.	1	0	0	0	0	0	1	1	0	0	3.0
1691	We should adopt gender-neutral language	in favor of	adopting gender-neutral language would prevent children from believing they can't do certain things.  for example a girl should be able to have aspirations to be president if she so chose.	1	0	0	0	0	1	1	0	0	1	3.0
7113	We should support local associations for the recovery of bio-waste	in favor of	Making compost out of organic waste and distribute it to gardeners and farmers will help to create value and a better environment.	0	0	0	0	1	1	0	0	0	1	3.333333333333333
5247	We need a better EU migration policy.	in favor of	t is absurd that such an EU policy about migration is lacking.  	0	1	0	0	0	1	0	0	0	1	3.333333333333333
6321	Intelligence tests bring more harm than good	in favor of	intelligence tests are focused on specific subjects and does not determine the accuracy and capabilities of abilities beyond a structured test.	1	0	0	0	0	0	0	0	0	1	3.333333333333333
5906	Blockade of the Gaza Strip should be ended	in favor of	the inhabitants of gaza have the right to be free and proper and we must fight with them.	0	0	0	0	0	1	1	0	0	1	3.0
3346	We should ban human cloning	against	human cloning helps to eradicate diseases and should not be banned	0	0	0	0	0	1	0	0	0	0	3.5
4520	We should abolish the three-strikes laws	in favor of	the three-strikes law should be abolished. each convicted crime should be punished individually.  it isn't right to judge a person solely on their criminal history.	0	1	0	0	0	0	1	0	0	1	3.0
2826	We should abolish the Olympic Games	against	the olympic games  are an important celebration of athleticism that the whole world can participate in.	0	0	0	1	0	1	0	1	0	0	3.5
873	We should legalize cannabis	in favor of	legalizing cannabis will make it easier for those who need it for medical reasons to acquire it.	0	0	0	0	0	1	1	0	0	0	3.0
5658	The use of public defenders should be mandatory	in favor of	The use of public defenders should be mandatory in order to make wealthy people invested in the success of the public defender system.	1	1	0	0	0	1	0	0	0	1	3.333333333333333
3348	We should abolish safe spaces	against	safe spaces allow for minority groups to vent about everyday stresses without worrying about reprisal.	0	0	0	0	0	1	1	0	0	1	3.0
5357	There should be a new EU foreign policy.	in favor of	The stated proposal for a new EU foreign policy is very well thought through.	1	0	0	0	0	0	1	0	0	0	3.0
2806	We should subsidize Wikipedia	against	wikipedia shoud be independent and with subsidization this may be at risk depending on the subsidization source	0	1	0	0	0	0	1	0	0	1	3.0
2438	We should prohibit school prayer	against	the period of calm reflection that occurs during school prayer helps to promote a good atmosphere for study and learning	1	0	0	0	0	0	1	0	0	0	3.0
6222	Intelligence tests bring more harm than good	in favor of	they can lead to a feeling of insecurity	0	0	0	0	0	1	0	0	0	0	3.5
362	We should abolish capital punishment	in favor of	The death penalty is an old-fashioned, outdated, inhumane practice and must be abolished	0	0	0	0	0	1	0	0	0	1	3.333333333333333
1217	We should limit executive compensation	in favor of	executives make enough and shouldn't be gaining any more when there are others who deserve bonuses	0	0	0	0	0	1	0	0	0	1	3.333333333333333
6510	Intelligence tests bring more harm than good	against	Intelligence tests create a discourse about different forms of education and how they can be measured.	1	1	0	0	0	0	1	0	0	1	3.0
1813	We should abolish intellectual property rights	in favor of	intellectual property rights limit the information people can use	1	1	0	0	0	0	1	0	0	1	3.0
1653	We should ban whaling	against	whaling provides food and fuel for many people	1	1	0	0	0	1	0	0	0	0	3.5
2909	We should ban cosmetic surgery	against	surgeries are important for people who were in accidents or have birth defects and surgery can help transition them to a normal life.	0	1	0	0	0	1	0	0	0	0	3.5
792	We should ban cosmetic surgery	in favor of	cosmetic surgery can sometimes cause harm and disasterous results.	0	1	0	0	0	1	0	0	0	0	3.5
7063	We should introduce a European citizenship	in favor of	Why have several EU passports when they actually represent one and the same thing?	1	0	0	0	0	0	0	0	0	1	3.333333333333333
675	We should ban human cloning	against	we should not ban human cloning as we need to continue to work to the betterment of the health and welfare of the people.	0	0	0	0	0	1	0	0	0	1	3.333333333333333
3268	We should end mandatory retirement	against	we shouldn't end mandatory retirement it helps the younger generations more likely to find jobs	1	1	0	0	0	1	0	0	0	0	3.5
1942	We should limit executive compensation	against	pay is the primary motivational factor for executive level employees, thus executive compensation should not be capped as it would affect their performance.	1	0	0	0	1	0	0	0	0	0	3.5
3615	We should abolish capital punishment	in favor of	The death penalty is disproportionally used against the poor and minorities.	0	0	0	0	0	0	0	0	0	1	3.333333333333333
9	We should adopt an austerity regime	in favor of	we should adopt an austerity regime because it is unfair to expect future generations to settle the debts that we run up	0	1	0	0	0	1	0	0	0	0	3.5
4944	Asylum seekers should only be able to file asylum applications from their home or neighboring country.	in favor of	If asylum applications are filed from abroad the costs for EU taxpayers to handle asylum seekers are reduced. 	0	0	0	0	0	1	0	0	0	0	3.5
5001	We need a single immigration policy.	in favor of	We do need migrants, from an ethical and practical point of view. Europe is old and archaic in most of its practices. Innovation is failing and the best we can do is defend the status quo and the old people in power.   	1	0	0	0	0	1	1	0	0	1	3.0
2136	We should subsidize embryonic stem cell research	against	we should not because we are messing with the natural order of things and can cause more problems.	0	0	0	0	0	0	0	0	0	1	3.333333333333333
1763	We should limit executive compensation	in favor of	Executive Compensation should be limited when there are losses in the company	0	1	0	0	0	1	0	0	0	1	3.333333333333333
2682	We should limit executive compensation	against	there should not be a limit to executive compensation, they deserve to be compensated based on the profits of the company.	1	0	0	0	1	0	0	0	0	0	3.5
1112	We should subsidize journalism	against	good journalists already make enough money to survive and their companies don't need to get more money from the government.	1	1	0	0	1	1	0	0	0	0	3.5
3358	We should legalize prostitution	in favor of	legalizing prostitution will enable more protection for those taking part.  more safety factors can be required to protect those who are in the profession.	0	0	0	0	0	1	1	0	0	1	3.0
1470	We should subsidize student loans	in favor of	Able students are afraid to continue education due to the prohibitive cost of loans, these students could be the answer to curing cancer etc. We need to ensure no one misses out because of cost.	1	0	0	0	1	1	0	0	0	1	3.333333333333333
4295	We should ban fast food	against	just because some people are overweight and unhealthy doesn't mean we need to ban fast food for everyone	0	0	0	0	0	0	1	0	0	1	3.0
4623	IT recruiters should consider skills instead of a degree in programming	against	Even though the new programming languages are replacing the old ones, the basic concepts are the same for almost all the programming languages. So, the one who has a degree in coding will have an advantage over the student from a non-IT background.	1	0	0	0	0	0	0	0	0	0	3.5
2943	We should ban targeted killing	against	we shouldn't ban targeted killing because it can help find terrorists and stop attacks from happening.	0	0	0	0	0	1	0	0	0	1	3.333333333333333
1882	We should stop the development of autonomous cars	in favor of	it is a waste of resources.  we should develop more environmental friendly cars instead.	1	0	0	0	0	0	1	0	0	1	3.0
2639	We should subsidize space exploration	in favor of	space exploration may be of tremendous benefit to mankind but isn't practical for private enterprise to fund because of the enormous costs involved	1	1	0	0	1	1	0	0	0	1	3.333333333333333
4690	College education should be free for everyone	in favor of	When college education is free, the number of graduates will drastically increase. At present, many people do not have access to higher education. So many students are not joining colleges due to the financial status of their parents. Free education will be very helpful for them.	1	1	0	0	0	1	0	0	0	1	3.333333333333333
627	We should abolish the Olympic Games	against	olympic games gives the world a chance to see the talent of many athletes from around the world	0	0	0	0	0	0	0	1	0	0	3.5
1270	We should ban factory farming	against	it is the only way we currently have to feed the masses.	1	1	0	0	0	1	0	0	0	0	3.5
6652	Social media brings more harm than good	against	social media brings together people all over the world with ease.	1	0	0	0	0	1	0	0	0	0	3.5
1124	We should prohibit school prayer	in favor of	kids should be in school to learn. no one should force religion on them.	1	0	0	0	0	0	1	0	0	1	3.0
2590	We should abolish intellectual property rights	in favor of	intellectual property rights stifle growth and information by stopping the free-flowing of ideas.	1	0	0	0	0	0	1	0	0	1	3.0
5112	The EPPO’s jurisdiction should be extended to all member states	in favor of	The EU must take a strong position against corruption and be in favor of an independent, supranational proscecutor that is the EPPO.	0	0	0	0	1	0	1	0	0	1	3.0
6770	Blockade of the Gaza Strip should be ended	against	The blockade of the Gaza Strip is necessary for the safety of the Israeli people.	0	0	0	0	0	1	0	0	0	0	3.5
7201	We should stop Brussels from imposing ideologies, concrete policies to develop in exchange for financial aid, interference in agricultural production or legislating in judicial matters	against	I disagree. National sovereignty is excellent for big and strong nations like China or USA. But if you're from a medium or small-sized country then 'national sovereignty' doesn't really exist. Simply because superpowers can force you to act in their interest. Strength brings sovereignty. EU sovereignty is much stronger than any nation in Europe. We need to focus on finding the right balance between national and European sovereignty.	1	0	0	0	1	1	0	0	0	1	3.333333333333333
6454	Intelligence tests bring more harm than good	against	the use of intelligence tests allows the identification of children who need extra help with their education	1	1	0	0	0	0	0	0	0	1	3.333333333333333
1277	We should abolish the three-strikes laws	in favor of	three -strikes laws take discretion away from judges.  a person committing a minor crime could be sentenced to life if he had a criminal history from long ago.  these laws backlog our courts, cram our prisons.	1	1	0	0	1	0	0	0	0	1	3.333333333333333
3642	We should fight for the abolition of nuclear weapons	in favor of	the use of weapons of mass destruction can not be justified	0	0	0	0	0	1	0	0	0	1	3.333333333333333
1593	We should ban factory farming	against	factory farming allows for cheaper meat production costs thus enabling those on low incomes to be able to afford meat.	0	1	0	0	0	1	0	0	0	1	3.333333333333333
4464	We should fight for the abolition of nuclear weapons	against	nuclear weapons serve as a deterrent for other nuclear countries through mutually assured destruction	0	0	0	0	1	1	0	0	0	1	3.333333333333333
749	We should abolish the right to keep and bear arms	against	the right to keep and bear arms is important in keeping people safe in a dangerous and uncertain world	0	1	0	0	1	1	0	0	0	0	3.5
6129	Intelligence tests bring more harm than good	against	Intelligence tests allow employers and schools to locate areas where test takers need to improve.	1	0	0	0	0	0	1	0	0	0	3.0
5020	The EU should implement a common pension fund	in favor of	I find it distressing and unreasonable to force an individual to leave behind their hard-earned pension pot. There should be a mechanism that stops this practice. Just as I can move myself, my family, furniture, car, and bank accounts freely within the EU, I should have the same right to move and merge my pensions into a single unit. 	0	0	0	0	0	0	1	0	0	1	3.0
6684	Holocaust denial should be a criminal offence	in favor of	holocaust denial is dangerous as it allows the same actions that caused the holocaust to happen again without proper question.	0	0	0	0	0	1	0	0	0	1	3.333333333333333
3381	We should fight for the abolition of nuclear weapons	against	although we hope never to use them, we need to keep our nuclear weapons as a deterrent against others using them therefore we should not abolish them.	0	0	0	0	1	1	0	0	0	1	3.333333333333333
2557	We should legalize sex selection	in favor of	it helps to insure that the parents get the gender of the child they want and will love	0	1	0	0	0	0	1	0	0	0	3.0
871	We should abolish the right to keep and bear arms	against	people should be able to keep weapons as a form self defence to defend their property and themselves	0	1	0	0	1	1	1	0	0	0	3.0
809	We should ban cosmetic surgery	in favor of	cosmetic surgery creates a great desire for physical improvement that leads to an endless loop of body adjustments which has a detrimental effect on the individual.	0	1	0	0	0	1	0	0	0	1	3.333333333333333
5074	The President of the European Commission should be directly elected by direct universal suffrage	against	To have a chance that one candidate (with a good chance to win) comes from your own country, I think people from little countries can wait 40 years. This will definitely destroy the European belonging feeling you want to promote with this idea.	0	0	0	0	0	1	0	0	0	0	3.5
6940	We should develop Web 3.0.	in favor of	Web 3.0 is defined as a decentralized web, where content does not lie in the hands of big corporations. Instead, it uses peer-to-peer infrastructure, so the information cannot be censored by corporations or the government. It is expected to ensure user privacy.	1	0	0	0	1	0	1	0	0	1	3.0
480	We should ban cosmetic surgery	in favor of	cosmetic surgery is dangerous and should be banned.	0	0	0	0	0	1	0	0	0	0	3.5
6781	Homeschooling should be banned	in favor of	it's not guaranteed homeschooling provides a good education	1	0	0	0	0	0	0	0	0	0	3.5
6027	Intelligence tests bring more harm than good	against	intelligence tests bring less harm than good because the envelope of people	1	0	0	0	0	0	1	0	0	1	3.0
609	We should subsidize journalism	in favor of	we should  fund journalism to serve the public interest.	0	0	0	1	0	1	0	0	0	0	3.5
2811	We should fight for the abolition of nuclear weapons	in favor of	The international community has already acknowledged that nuclear weapons are bad by signing a number of nuclear nonproliferation and test-ban treaties, and the next step in international cooperation should be the abolition of nuclear weapons.	0	0	0	0	0	1	0	0	0	1	3.333333333333333
5991	Homeopathy brings more harm than good	in favor of	introducing items that normally produce symptoms of a disease is something that really could do more harm than good in the long run.	0	0	0	0	0	1	0	0	0	1	3.333333333333333
3659	We should abolish intellectual property rights	in favor of	it is very difficult to define and identify and intellectual property.	0	0	0	0	0	0	1	0	0	1	3.0
3047	We should introduce compulsory voting	in favor of	compulsory voting would insure that every eligible voting citizen is able to aid in who they want for political offices.	0	1	0	0	1	1	1	0	0	1	3.0
2271	We should oppose collectivism	in favor of	we should oppose collectivism because it lessens creativity and individuality.	0	0	0	0	0	0	1	0	0	0	3.0
5438	Social media brings more harm than good	against	when a child has gone missing, posting a picture helps to find the child.	1	1	0	0	1	1	0	0	0	0	3.5
3600	We should abolish zoos	against	zoos are vital for research into species and preventing their extinction and should therefore not be banned.	1	0	0	0	0	0	0	0	0	1	3.333333333333333
2236	We should legalize prostitution	in favor of	prostitution is a means for low income or low skills people to earn extra money to get by.	1	0	0	0	1	1	0	0	0	1	3.333333333333333
1400	We should legalize cannabis	in favor of	it has many helpful medicinal qualities such as helping cancer patients keep food down when going through chemotherapy	0	1	0	0	0	1	0	0	0	1	3.333333333333333
6565	Foster care brings more harm than good	in favor of	Foster care sets kids up for failure by putting them with families who have no vested interest in their academic and professional success.	1	1	0	0	0	0	0	0	0	0	3.5
742	We should fight for the abolition of nuclear weapons	against	we must not abolish nuclear weapons because they can be used in situations of extreme need like defending a country	0	0	0	0	1	1	0	0	0	1	3.333333333333333
255	We should end the use of economic sanctions	against	economic sanctions can be very effective in bringing about social change	0	1	0	0	1	0	0	0	0	0	4.0
7237	We should not have any immigration from non-European or non first-world countries 	in favor of	Saying no to any migration is just stupid and irrealistic.	1	0	0	0	0	0	0	0	0	1	3.333333333333333
3884	We should subsidize Wikipedia	in favor of	wikipedia is a vital rescourse which should be subsidised to keep it going.	1	0	0	1	0	1	1	0	0	1	3.0
6418	Blockade of the Gaza Strip should be ended	in favor of	blockade of the gaza strip should be ended because it's causing a humanitarian crisis.  basic needs of the people are not being met because of it.	0	0	0	0	0	1	0	0	0	0	3.5
812	We should ban factory farming	in favor of	it is not humane to animals and needs to be stopped.	0	0	0	0	0	0	0	0	0	1	3.333333333333333
3552	We should ban factory farming	in favor of	factory farming concentrates animals in a constricted area, allowing diseases to run rampant through the livestock	0	1	0	0	0	1	0	0	0	1	3.333333333333333
6876	The vow of celibacy should be abandoned	in favor of	priests would be much happier without the constraints of celibacy, as family people they would be better able to understand and help the people in their church, they could relate to them better.	1	1	0	0	0	1	1	0	0	1	3.0
6197	Assisted suicide should be a criminal offence	against	assisted suicide is a compassionate way to help people choosing to end their life in a nonviolent way.	0	1	0	0	0	1	1	0	0	0	3.0
3762	We should ban missionary work	in favor of	missionary work preaches false information to the most unfortunate of the world.	0	1	0	0	0	0	0	0	0	1	3.333333333333333
6127	Foster care brings more harm than good	in favor of	The foster care system is understaffed, and its social workers are overwhelmed and exhausted.	0	1	0	0	1	1	0	0	0	0	3.5
6925	Consumerism brings more harm than good	against	The middle class benefited tremendously from consumerism. Increased job opportunities, wages, and cheaper goods helped raise their living standards tremendously. The new world order gave them hope that even they could have luxuries like the elite. Through business, they could climb up the social ladder.	1	0	0	0	0	1	0	1	0	0	3.5
3265	We should subsidize Wikipedia	in favor of	wikipedia is a valuable educational source and is free at source so should be promoted through subsidization	1	1	0	0	0	0	1	0	0	1	3.0
5825	Payday loans should be banned	in favor of	payday loans take advantage of desperate people and do nothing to solve financial problems.	1	0	0	0	0	1	0	0	0	1	3.333333333333333
5890	We should subsidize vocational education	in favor of	There is a current stigma in society that says that all high school graduates should go to college, and this subsidy would help fight that stigma and drive people towards valuable career fields.	1	1	0	0	0	1	0	1	0	1	3.333333333333333
539	We should abolish capital punishment	against	If capital punishment is unfairly applied we should focus on fixing that, not abolishing it entirely.	1	0	0	0	1	0	0	0	0	1	3.333333333333333
1227	We should abolish capital punishment	in favor of	killing people is wrong, no matter what crime they committed	1	1	0	0	0	0	0	0	0	1	3.333333333333333
2782	We should ban targeted killing	against	in a certain way, the selective assassination in politics is beneficial for countries that have this, as a means to alleviate their problems	1	1	0	0	1	1	0	0	0	0	3.5
520	We should limit executive compensation	against	an executive has worked hard to get to that position through study and prior work experience. they should be compensated for their value to the company.	1	0	0	1	1	0	0	0	0	1	3.333333333333333
3647	We should subsidize journalism	against	journalism subsidized by authoritarian regimes becomes a propaganda machine used to control people, telling them what to think and spreading lies to hide totalitarian regimes' abuses	0	1	0	0	1	1	1	0	0	1	3.0
4643	We should forbid neo-banks	against	Since neo-banks are completely digital, they operate 24 hours a day and their services can be accessed at any time. They are easy to access from anywhere through a smartphone.	1	1	0	0	1	1	1	0	0	0	3.0
6456	Blockade of the Gaza Strip should be ended	in favor of	end the blockade so it doesn't keep harming the poorest in the gaza strip	0	0	0	0	0	1	0	0	0	1	3.333333333333333
1614	We should limit executive compensation	against	executives are the primary reason a company is successful or not.  their pay is usually justifiable.	1	0	0	0	1	0	0	0	0	0	3.5
3920	We should ban private military companies	against	military companies provide valuable expertise to supplement the armed forces	1	1	0	0	0	1	0	0	0	0	3.5
3482	We should subsidize Wikipedia	against	wikipedia does not need to be subsidized it already gets plenty of cash from donations	0	1	0	0	0	0	1	0	0	1	3.0
5990	Payday loans should be banned	in favor of	Payday loans should be banned to encourage more traditional creditors to come into low income communities	0	1	0	0	0	1	0	0	0	1	3.333333333333333
1969	We should ban human cloning	in favor of	human cloning could lead to people replacing themselves with images themselves. this could lead to the end of human evolution which could make us more vulnerable to disease.	1	1	0	0	0	1	0	0	0	1	3.333333333333333
3234	We should end the use of economic sanctions	in favor of	economic sanctions rarely hurt those who they are aimed at ,the leaders of nations & instead hurt the people in those countries who can least afford it	0	1	0	0	0	1	0	0	0	1	3.333333333333333
6822	We should subsidize vocational education	in favor of	Vocational education is key to getting more skilled workers,	1	0	0	0	0	1	0	0	0	0	3.5
5512	We should subsidize vocational education	in favor of	subsidies for vocational education would help solve the problem of skills shortages in many trades	1	1	0	0	0	1	0	0	0	0	3.5
5023	Food health and industry companies should be located within the EU	in favor of	It will bring the EU more jobs, less unemployment, and more added value.	1	0	0	0	1	1	0	0	0	0	3.5
6791	We should abandon television	in favor of	television causes obesity in children as it prevents them from being active.	0	0	0	0	0	1	0	0	0	0	3.5
7152	We should rethink the legal state of Family Reunification.	in favor of	Family Reunification creates unbearable levels of migration and acute problems of integration for several EU Member States.	0	0	0	0	0	1	0	0	0	0	3.5
1718	We should ban cosmetic surgery for minors	in favor of	cosmetic surgery for minors will only cause kids to get surgery to meet an impossible standard of looks and beauty.	0	1	0	0	0	1	0	0	0	1	3.333333333333333
6231	The use of public defenders should be mandatory	against	people should have the freedom to choose their own.	0	0	0	0	0	0	1	0	0	0	3.0
4120	We should end mandatory retirement	in favor of	mandatory retirement ages are inconsistent with modern workplace practices and are contrary to the desire for age equality	0	0	0	0	0	0	0	0	0	1	3.333333333333333
2093	We should ban missionary work	against	we should continue to support missionary work as they do so much good for underdeveloped countries by bring goods, medicine and skills to the people of these countries.	0	1	0	0	0	1	0	0	0	0	3.5
7354	We should ease the education involution.	in favor of	Parents play an important role in the education in-volume, and parents with insufficient determination can easily be held hostage by the general environment and bring anxiety to their children, causing a vicious cycle.	1	1	0	0	0	1	0	0	0	0	3.5
4363	We should cancel pride parades	against	we live in a country of freedom of speech and this is embodied in the celebration of diversity such as pride parades.	0	0	0	0	0	1	1	0	0	1	3.0
6195	We should subsidize vocational education	against	vocational education as an option in schools discourages students from pursuing higher education degrees form universities	1	0	0	0	0	0	1	0	0	0	3.0
2159	We should abolish safe spaces	in favor of	We should abolish safe spaces because there are better ways to protect people with ptsd like content warnings, rather than safe spaces.	1	1	0	0	0	0	1	0	0	1	3.0
1261	We should adopt libertarianism	against	we shouldn't because some people need intervention to make decisions.	0	1	0	0	1	1	0	0	0	1	3.333333333333333
3389	We should fight for the abolition of nuclear weapons	against	A country is entitled to develop any weapon that will help it defend itself against an enemy.	0	0	0	0	1	1	0	0	0	1	3.333333333333333
6180	Homeopathy brings more harm than good	against	many people who believe that homeopathic remedies have worked for them and feel better for using them surely are better using them than prescription medication that may have unwanted side effects.	0	0	0	0	0	1	1	0	0	0	3.0
6480	Foster care brings more harm than good	in favor of	foster care brings more harm than good because lots of times the kids just get sent from one home to another over and over and don't get the chance to learn to adapt and the change to love and be loved	0	1	0	0	0	0	0	0	0	0	4.0
1843	We should legalize cannabis	in favor of	cannabis can help alleviate many medical issues.	0	1	0	1	0	1	0	0	0	0	3.5
7244	We should speak about the ongoing genocide in China.	in favor of	I am concerned about the source of some cotton, which is produced in Chinese detention camps. A unified EU mark of ethical & environmental principles would be a nice thing to have when deciding what to buy.	0	0	0	0	0	0	0	0	0	1	3.333333333333333
1210	We should subsidize embryonic stem cell research	in favor of	embryonic stem cell research may lead to life-saving treatments such as the growing of spare organs, which can save many lives.	1	1	0	0	0	1	0	0	0	0	3.5
4819	Europe should protect bees	in favor of	We must protect our Planet, and without bees, wasps, or other arthropods, we go to our own extinction!	0	0	0	0	0	1	0	0	0	1	3.333333333333333
824	We should subsidize Wikipedia	against	there is not need to subsidize wikipedia, it does not serve any purpose that cannot be filled elsewhere.	1	0	0	0	0	1	0	0	0	1	3.333333333333333
292	We should ban cosmetic surgery for minors	against	minors should be allowed to have cosmetic surgery as long as their parents help make the decision. some cosmetic surgery would make a child with a deformity have better self esteem.	0	0	0	0	0	1	1	0	0	0	3.0
2425	We should subsidize Wikipedia	in favor of	wikipedia is a valuable common resource that need  more money to work better	1	0	0	0	0	0	1	0	0	0	3.0
2977	We should ban factory farming	in favor of	factory farming should be banned because it increases the risk of animal cruelty	0	0	0	0	0	0	0	0	0	1	3.333333333333333
1320	We should abolish intellectual property rights	against	people have the right to profit from their ideas	1	0	0	0	1	0	1	0	0	1	3.0
904	We should ban human cloning	in favor of	human cloning should be banned as it is unnatural and serves no purpose in the world. individuality would be lost.	0	0	0	0	1	0	1	0	0	1	3.0
4669	Companies should fight moonlighting	against	The sudden layoffs by several companies especially during the pandemic caused fear in many employees. And hence several people took up side gigs or a second job as a safety net in case they are laid off.	0	0	0	0	0	1	0	0	0	0	3.5
2919	We should adopt libertarianism	in favor of	if we just hold up our beliefs, we will find that libertarianism helps us defend our rights as citizens of this country.	0	0	0	0	0	0	1	0	0	1	3.0
230	We should stop the development of autonomous cars	against	autonomous cars offer the opportunity for people  to spend more time on the things they enjoy doing during their commute rather than having to concentrate.	0	1	0	1	0	0	0	1	0	1	3.333333333333333
6972	MBAs do not make good business leaders	against	The curriculum and the educational procedure in any MBA institutes lack hands-on practice over live projects in order to train them and give them a chance to work on their leadership skills. Instead of focussing on the technical aspects of business marketing, development of leadership along with interpersonal skills is extremely important.	1	0	0	0	0	0	0	0	0	0	3.5
7137	We should impose an IQ test to immigrants	against	IQ is not an effective measure of whether they'll be economically beneficial, suited to European jobs  in high demand, likely to integrate/assimilate, their potential to cause crime etc.	1	0	0	0	0	0	1	0	0	1	3.0
6823	We should subsidize vocational education	against	if somebody wants to gain some qualification for some jobs, then they need to go to university to get it and not to be subsidize from government.	1	1	0	0	0	0	1	0	0	0	3.0
881	We should ban cosmetic surgery for minors	in favor of	cosmetic surgery is dangerous for all ages but especially so for minors therefore it should be banned for their age.	0	1	0	0	0	1	0	0	0	1	3.333333333333333
1263	We should ban the use of child actors	in favor of	child actors grow up to be disfunctional adults because they are missing out on all of the social interaction children need with each other to learn the process of interaction with people their own age.	0	1	0	0	0	1	0	0	0	0	3.5
2106	We should fight for the abolition of nuclear weapons	against	the threat of mutually assured destruction is the only thing that keeps democracy safe from tin pot dictators, hence we need to keep nuclear weapons.	0	0	0	0	1	1	0	0	0	1	3.333333333333333
777	We should abolish the three-strikes laws	in favor of	Three strikes laws ruin young people's lives by preventing them from being accessing education and jobs that would pull them out of a life of crime by prolonging their time in jail during their formative years.	1	1	0	0	0	1	1	0	0	1	3.0
5036	We need a common EU TV channel free of charge for people in all Member States	in favor of	The language barrier and a weak influence on local thinking, allow local propaganda to pass on distorted and untrue information about what is happening in the EU to their citizens. Local governments have easy work to appropriate the positive things that the EU has achieved and, conversely, seduce its own failure on 'European bureaucracy'.	0	1	0	0	1	0	0	0	0	1	3.333333333333333
6763	Foster care brings more harm than good	in favor of	foster care is a broken system that most people can abuse the kids in the system	1	1	0	0	0	0	0	0	0	1	3.333333333333333
6294	Payday loans should be banned	against	payday loans should not be banned because it can help out in emergency situations	0	1	0	0	0	1	0	0	0	0	3.5
5297	We need an inclusive language for all citizens of the world: the Esperanto.	against	If there are language problems, we need to work on national integration systems, e.g. in France where English is being thought in French. language.	1	0	0	0	0	1	0	0	0	1	3.333333333333333
4073	We should ban cosmetic surgery for minors	against	everybody, including minors, should have access to cosmetic surgery which help with self confidence	1	0	0	0	0	1	1	0	0	1	3.0
3787	We should ban missionary work	in favor of	missionary work exploits poor people fears to dominate them and take their land	0	0	0	0	0	0	0	0	0	1	3.333333333333333
6086	Payday loans should be banned	against	given proper regulation, payday loans can offer a useful way for people to ease financial strain.	1	1	0	0	1	1	1	0	0	0	3.0
2754	We should abolish capital punishment	in favor of	It is unjust to force government employees to kill a person the way capital punishment does.	0	0	0	0	0	1	0	0	0	1	3.333333333333333
918	We should abolish intellectual property rights	in favor of	ideas and products need to be available at a fair price for everyone, allowing companies to have their intellectual rights means they can charge far too much to people who need that service or product.	0	0	0	0	0	1	0	0	0	1	3.333333333333333
4526	We should abolish safe spaces	in favor of	Safe spaces foster echo chambers of one-sided conversations, thus increasing a group's own intolerance and biases.	1	0	0	0	0	0	0	0	0	1	3.333333333333333
911	We should abolish safe spaces	against	safe spaces provide a valuable service to those who may be suffering from ptsd	1	1	0	0	0	1	1	0	0	1	3.0
6674	Surrogacy should be banned	against	surrogacy is often the only means whereby some couples, such as gay or infertile couples, can have a family of their own that is at least in part genetically related to them	0	1	0	0	0	0	1	0	0	1	3.0
5252	The EU itself and its people should understand and accept there are a lot of Europeans outside the EU. EU does not equal to Europe	against	For sure you are technically or geographically correct, geographically Europe extends to the Ural mountains  But in this forum, we initiate a common thinking on the future of Europe, which we associate with the EU. So please avoid any reference to arrogance and don't corrupt this respectful debate. 	0	1	0	0	0	0	0	1	0	1	3.333333333333333
5967	We should subsidize vocational education	against	vocational education usually leads to highly paid jobs. therefore the state should not be funding this.	0	0	0	0	0	0	0	0	0	1	3.333333333333333
4524	We should ban cosmetic surgery	against	some severe birth defect can be fixed by cosmetic surgery and these people have a right to live their life without the stigma of their  disformity tormenting them for their entire life.	0	1	0	0	0	1	1	0	0	0	3.0
3088	We should ban missionary work	in favor of	missionary work is an affront to people's right to choose their own religion, by tying aid to a particular religion it's no different than imperialism	0	0	0	0	0	0	1	0	0	1	3.0
3789	We should abandon the use of school uniform	in favor of	School uniforms limit the ability for students to express themselves.	0	0	0	1	0	0	1	1	0	1	3.0
5009	We do not need immigration from non-European or non-first-world countries. 	in favor of	Immigration is a class issue. At the same time integration is important. Those against this policy should be made to send their children to multicultural schools in order to help with integration. 	0	0	0	0	0	1	0	0	0	0	3.5
5570	Intelligence tests bring more harm than good	in favor of	Intelligence tests bring more harm than good because they undermine self esteem for children with lower scores than their classmates.	0	0	0	0	0	0	0	0	0	1	3.333333333333333
6974	MBAs do not make good business leaders	in favor of	Learning everything by practice consumes time. Through MBA, we can learn management skills and skills to tackle real-life problems in businesses.	1	0	0	0	0	0	0	0	0	0	3.5
1344	We should stop the development of autonomous cars	in favor of	we should stop the development of autonomous cars because they are too dangerous and unreliable until further safety measures and advancements have been made.	0	1	0	0	0	1	0	0	0	0	3.5
776	We should ban factory farming	against	it is the most efficient way to produce food	1	0	0	0	0	1	0	0	0	0	3.5
7228	We should protect the European border	in favor of	Only together and with  Frontex we ensure the management of EU borders. Migrants from Africa and Asia will arrive in increasing numbers in the coming years.	0	0	0	0	1	1	0	0	0	0	3.5
2808	We should end the use of economic sanctions	against	without the use of economic sanctions a country has very little way of objecting to another country's actions without resorting to violence.	1	0	0	0	1	1	0	0	0	1	3.333333333333333
2993	We should abolish the right to keep and bear arms	in favor of	firearms in the hands of civilians create societies more prone to violence	0	0	0	0	0	1	0	0	0	0	3.5
3393	We should stop the development of autonomous cars	in favor of	automated cars will displace a lot of people working today and a lot of people will need to be retrained for other jobs. (if they exist.)	0	0	0	0	1	1	0	0	0	0	3.5
2788	We should legalize prostitution	in favor of	by legalizing prostitution we would be making it safer for the prostitute by taking control away from the violent crime organizations	0	1	0	0	1	1	1	0	0	1	3.0
2427	We should adopt a zero-tolerance policy in schools	in favor of	zero-tolerance policies provide a safe space	0	0	0	0	0	1	0	0	0	0	3.5
5332	The EU should reduce its influence on its member states.	against	We can have a strong federal Europe that will protect the rights of individuals and communities, that will have the power to tackle the climate emergency, and stand up to other superpowers. Let's go forward and make the EU the shared home that we all want to live in, that can lead the world in dealing with the problems we face on our planet.  	1	0	0	0	1	1	0	0	0	1	3.333333333333333
7290	We should ban the trading of virtual currencies.	in favor of	Virtual currency is not protected by contract law and property law in China.	0	0	0	0	1	1	0	0	0	0	3.5
3089	We should ban fast food	against	people have the right to decide for themselves what they want to eat	0	0	0	0	0	1	1	0	0	0	3.0
6501	Foster care brings more harm than good	in favor of	foster care isnt regulated enough, so much so that it gets taken advantage of and kids are placed in bad homes all for money.	0	1	0	0	0	1	0	0	0	1	3.333333333333333
5404	We should subsidize vocational education	in favor of	We should subsidize vocational education to encourage more trade schools to open.	1	1	0	0	1	1	0	0	0	1	3.333333333333333
6698	We should abandon television	against	television will always exist, sure there's other streaming platforms, but the product is the same. getting rid of traditional tv doesn't solve the problem when the same thing is available online.	0	0	0	0	0	0	0	0	0	1	3.333333333333333
7332	We should prohibit capital monopoly.	in favor of	Capital monopolies hinder technological progress and harm consumers' interests.	0	0	0	0	0	1	0	0	0	1	3.333333333333333
1206	We should abolish intellectual property rights	against	we should not abolish intellectual property rights because it protects that person's claim to their inventions and discoveries.	1	0	0	0	1	0	1	0	0	1	3.0
857	We should adopt atheism	in favor of	we should adopt atheism because for decades we have proven with science that religious explanations are incorrect	1	0	0	0	0	1	0	0	0	1	3.333333333333333
3227	We should abolish the three-strikes laws	in favor of	we should abolish the three strikes laws because the punishment is just enough for their convictions and no need to add more another years.	0	1	0	0	0	0	0	0	0	1	3.333333333333333
5891	Homeopathy brings more harm than good	in favor of	homeopathy can stop people from seeking proper medical attention	0	1	0	0	0	1	1	0	0	1	3.0
6458	Homeschooling should be banned	in favor of	homeschooling should be banned because educational institutions still provide a better education.	1	0	0	0	0	0	0	0	0	0	3.5
6430	Blockade of the Gaza Strip should be ended	against	while hamas is in control of the gaza strip there remains a high possibility of terrorist acts towards the israeli people so the blockade must continue for the safety of israel.	0	0	0	0	0	1	0	0	0	1	3.333333333333333
2335	We should end the use of economic sanctions	against	you shouldn't have to share what you have with other places who do things that are against your country's beliefs.	0	0	0	0	1	0	0	0	0	0	4.0
6745	Social media brings more harm than good	against	the media often lie to us and only present their biased take on the news.  social media allows all possible sides to be heard, which is good for everyone.	0	1	0	0	0	0	0	0	0	1	3.333333333333333
3870	We should legalize cannabis	against	studies show that students who use cannabis perform worse in school	1	0	0	0	0	0	0	0	0	1	3.333333333333333
4166	We should fight for the abolition of nuclear weapons	in favor of	as long as nuclear weapons exist, the entire world has to worry about nations deciding to fire them at another or terrorists getting hold of them and causing disaster	0	0	0	0	0	1	0	0	0	1	3.333333333333333
1562	We should cancel pride parades	against	if pride parades are canceled, then many lgbtq+ youth will have nowhere to safely celebrate who they are.	0	0	0	0	0	1	0	0	0	1	3.333333333333333
2626	We should abolish zoos	in favor of	they are places where the animals are mistreated nobody knows how much an animal suffers that is taken out of its habitat only for human entertainment	0	0	0	0	0	0	0	0	0	1	3.333333333333333
7104	We should stop destabilizing developing countries by subsidized agricultural exports	against	It will take years before the local farmers will be able to give well paid jobs to the local workers. In the meantime you'll have a famine and a genocide. And I didn't even mention the effects of a sudden huge inflation wave.	0	0	0	0	1	1	0	0	0	0	3.5
1891	We should ban factory farming	against	factory farming allows for increased food production for the increasing human population.	0	1	0	0	1	1	0	0	0	1	3.333333333333333
4840	Immigrants should receive help from the EU through integration programs	against	Indigenous Europeans have no obligation to take in any more migrants, and neither do they want to. This is being forced on us.	0	0	0	0	0	0	1	0	0	1	3.0
4940	Migration should not be the solution.	in favor of	The EU should acknowledge the fact that increasing birth rates in Europe, and supporting European families to have (more) children is the most appropriate long-term solution.	0	1	0	0	0	1	0	0	0	0	3.5
7032	We should promote the use of nuclear energy	in favor of	Nuclear power is safe - there are over 400 nuclear power plants globally, most of which have operated with no issues for the last 40 years, providing 24/7 electricity and preventing pollution and CO2 emissions. In terms of safety, including all accidents and pollution, nuclear power has caused 0.07 deaths/TWh, which is 40x less than natural gas and comparable with wind power (OurWorldInData 2021). 	0	0	0	0	0	1	0	0	0	1	3.333333333333333
2714	We should ban missionary work	against	people can learn a lot from doing missionary work and it can enrich their lives travelling around the world and learning about different cultures	0	0	0	0	0	1	1	1	0	1	3.0
6322	Entrapment should be legalized	in favor of	it is a viable option to catch some criminals	1	0	0	0	0	1	0	0	0	0	3.5
1481	We should adopt a zero-tolerance policy in schools	against	each case needs to be reviewed independently and punishments then established.	0	1	0	0	0	0	0	0	0	1	3.333333333333333
4833	Europe should have stronger borders	in favor of	The recent crisis on the Polish border only underlines the urgency of this proposal.	0	0	0	0	0	1	0	0	0	1	3.333333333333333
1951	We should subsidize space exploration	in favor of	space exploration is invaluable because it may help us to find solutions for global warming or even planets that can sustain human life.	0	1	0	0	0	1	1	0	0	1	3.0
662	We should legalize cannabis	against	cannabis use has been linked to mental problems in youth and shouldn't be legalized.	0	0	0	0	1	0	0	0	0	0	4.0
5238	We do not need immigration from non-European or non-first-world countries. 	against	Instead of trying to stop immigration, we need to create a good integration plan and at the same time improve living conditions in the 2nd and 3rd world countries. This includes fighting for climate justice and decreasing unequal wealth distribution between countries.	0	1	0	0	0	1	0	0	0	1	3.333333333333333
2442	We should stop the development of autonomous cars	in favor of	autonomous cars should not be produced as they are dangerous and risky.	0	1	0	0	0	1	0	0	0	0	3.5
6893	We should subsidize vocational education	in favor of	We should subsidize vocational education because everyone relies on skilled tradespeople.	1	1	0	0	0	1	0	0	0	0	3.5
6395	Homeschooling should be banned	in favor of	homeschooling is not a  viable option for students as many colleges do not recognize them as accredited.	1	1	0	0	0	1	0	0	0	0	3.5
7232	We should protect the European border.	in favor of	Frontex is the way to protect the European border. It should completely take over every border, land, sea, and air. Otherwise, it will just take over all the good personnel of a member state, causing even more problems at the border.	0	0	0	0	1	1	0	0	0	0	3.5
3785	We should adopt libertarianism	against	government is needed. it provides the institutions that can better serve the public. this can be done through good taxation policy and good programs.	1	1	0	0	1	1	0	0	0	0	3.5
3938	We should legalize prostitution	in favor of	it allows control of the industry including paying of taxes and checks for stis	0	0	0	0	1	1	1	0	0	1	3.0
2023	We should ban cosmetic surgery	against	if someone has money to burn and choose to use it to improve their physical appearance, that is up to them an no one should be able to tell them they can't do it.	0	0	0	0	0	0	1	0	0	1	3.0
1058	We should prohibit school prayer	in favor of	prayer has no place in public school because not everyone practices the same religion	0	0	0	0	0	0	1	0	0	1	3.0
5484	Homeopathy brings more harm than good	against	homeopathy can  sometimes help those that modern medicine has failed.	0	0	0	0	0	1	0	0	0	0	3.5
3735	We should ban fast food	in favor of	we should ban fast food because obesity the biggest health crisis in the country	0	0	0	0	0	1	0	0	0	0	3.5
1253	We should abolish capital punishment	in favor of	capital punishment can often cause great pain when being implemented and does not deter violent crime which is often committed in the throes of rage not to mention the injustice to the wrongly convicted.	0	0	0	0	0	1	0	0	0	1	3.333333333333333
1671	We should subsidize space exploration	against	Space exploration is expensive and money should not be wasted on something that will probably never improve life on earth.	0	0	0	0	0	1	0	0	0	0	3.5
1447	We should ban telemarketing	against	The telemarketing industry is huge, and any attempt to shut it down will cause a rise is unemployment and will damage the economy.	1	0	0	0	1	1	0	0	0	0	3.5
1970	We should cancel pride parades	against	pride parades help promote a diversity of lifestyle options & thinking	0	0	0	1	0	1	1	1	0	1	3.0
769	We should abolish the Olympic Games	against	the olympic games brings together the world in a peaceful environment	1	0	0	0	0	1	0	0	0	1	3.333333333333333
1608	We should ban whaling	in favor of	whaling serves no purpose, there's no great benefit. it only serves to disrupt the ocean ecosystems and cause needless suffering. it should absolutely be banned.	0	0	0	0	0	0	0	0	0	1	3.333333333333333
1661	We should adopt an austerity regime	against	an austerity regime unfairly hits hardest those least able to cope such as the poor and the sick	0	1	0	0	0	1	0	0	0	1	3.333333333333333
7159	We should protect the European border	in favor of	Only together and with  Frontex we ensure the management of EU borders. Migrants from Africa and Asia will arrive in increasing numbers in the coming years.	0	0	0	0	1	1	0	0	0	0	3.5
4430	We should limit executive compensation	in favor of	executive compensation overlooks those that helped to increase the work vitality of an executive and do not receive compensation even if they have done all the work.	0	0	0	0	0	1	0	0	0	1	3.333333333333333
3331	We should legalize cannabis	in favor of	cannabis provides many benefits, including soothing the pain of people that are ill.  the fact that it is still illegal is outdated and should be changed.	0	1	0	1	0	1	1	0	0	1	3.0
7161	We should not have any immigration from non-European or non-first-world countries 	against	Halting all immigration from non-European or non-first-world countries is shortsighted. We need to selectively pick people who can and are willing to contribute to the greater good like Australia and Canada and do prescreening instead of banning everyone.  	1	1	0	0	1	0	1	0	0	0	3.0
75	We should ban whaling	against	There is little difference between the whaling industry  and our farming industries; humans are entitled to hunt animals to eat them and utilize them to our benefit.	1	0	0	0	0	0	1	0	0	0	3.0
4478	We should abolish capital punishment	against	Capital punishment can provide more catharsis for victims than life in prison.	0	1	0	0	0	1	1	0	0	1	3.0
2861	We should adopt a zero-tolerance policy in schools	in favor of	we should adopt a zero-tolerance policy to protect all of our children.	0	1	0	0	0	1	0	0	0	1	3.333333333333333
6267	We should subsidize vocational education	against	we should not subsidize vocational education because the responsibility should only fall on those who are wanting to go to school.	1	1	0	0	0	0	1	0	0	0	3.0
7295	We should ban the trading of virtual currencies.	against	Cryptocurrency can change the way of value transmission, that is, it can allow the uncontrolled flow of funds around the world.	0	0	0	0	0	1	0	0	0	1	3.333333333333333
1573	We should subsidize Wikipedia	in favor of	wikipedia is a helpful source of information for research and educational purposes	1	1	0	0	0	0	1	0	0	1	3.0
6030	Homeopathy brings more harm than good	in favor of	homeopathy has utterly no basis in medicine, and is a treatment offered purely to extract money from potentially vulnerable, desperate people in need of hope.	1	1	0	0	0	1	0	0	0	1	3.333333333333333
6092	Intelligence tests bring more harm than good	in favor of	"Children identified as ""slow"" or ""learning disabled"" are often put in special classes with lighter workloads, teachers expect less of them, and they end up far behind their peers."	1	1	0	0	0	1	0	0	0	1	3.333333333333333
3802	We should ban algorithmic trading	in favor of	algorithmic trading or computer controlled trading does not allow for last minute trade that take into consideration small rising stocks.	1	0	0	0	0	0	0	0	0	1	3.333333333333333
1366	We should subsidize student loans	against	there are better things the government can do with that money.	0	0	0	0	1	1	0	0	0	1	3.333333333333333
1576	We should ban algorithmic trading	against	we shouldn't ban algorithmic trading because it gets more done than using single instructions and it's more systematic	1	0	0	0	1	0	1	1	0	1	3.0
270	We should subsidize journalism	against	state subsidy of journalism would threaten the independence and objectivity of any such reporting. what journalist is going to bite the hand that feeds them?	0	1	0	0	0	0	1	0	0	1	3.0
6557	Holocaust denial should be a criminal offence	against	a person has their right to their own opinion and making denial of the holocaust a criminal offense takes away the rights of that person.	1	0	0	0	0	0	1	0	0	1	3.0
3071	We should abolish the three-strikes laws	in favor of	we should  abolish the three-strikes laws because they can put people away for minor crimes	0	1	0	0	0	0	0	0	0	1	3.333333333333333
3321	We should ban missionary work	in favor of	missionary work should be banned because it is becoming more dangerous for americans to be in foreign countries.	0	1	0	0	0	1	0	0	0	0	3.5
3978	We should ban factory farming	against	factory farming is much more efficient and takes up much less space. should we switch, large amounts of habitat would have to be destroyed to accommodate. this would also increase the prices of meat.	1	0	0	0	1	1	0	0	0	1	3.333333333333333
7215	We should reform Europol towards a European FBI	against	I think Europol should stay an association of regular National Police Departments and not be turned into anything else. However, I do support the creation of a European Criminal Investigations Office that will have full jurisdiction in the EU to investigate kidnappings and missing persons, cross-border and organized crime, terrorism threats, and digital crimes, and apprehend fugitives and suspects. 	1	1	0	0	1	1	0	0	0	1	3.333333333333333
2988	We should stop the development of autonomous cars	in favor of	autonomous cars will take away many jobs and lead to a skills drain	1	0	0	0	0	1	0	0	0	0	3.5
6431	Payday loans should be banned	in favor of	payday loans amount to usury, financially strapped people become overwhelmed by their excess fees.	0	0	0	0	0	1	0	0	0	0	3.5
2201	We should abolish the Olympic Games	against	we need the olympic games to bring the nations together in a non confrontational contest.	0	0	0	0	0	1	0	0	0	1	3.333333333333333
5812	Blockade of the Gaza Strip should be ended	against	blockage of the gaza strip should not be ended because it stops some evil people from crossing	0	0	0	0	0	1	0	0	0	1	3.333333333333333
326	We should cancel pride parades	against	pride parades are important to understanding others	0	0	0	0	0	0	0	0	0	1	3.333333333333333
4989	We do not need immigration from non-European or non-first-world countries. 	in favor of	We are Europeans; this is not racism but we don't support growth. If we accept many immigrants then we make a huge stop in the growth of the migrant countries, because I am 100% sure that they will never ever go back to their country.	0	0	0	0	0	1	0	0	0	1	3.333333333333333
2847	We should ban fast food	against	fast food is sometimes the only option for families that are on the go all the time.	0	1	0	0	0	1	1	0	0	1	3.0
4620	IT recruiters should consider skills instead of a degree in programming	in favor of	Now, we have so many online course platforms through which we can learn almost any skill from experts. We can also get certificates if we pass the tests. So, as Tim Cook said a 4-year degree seems old and traditional. 	1	0	0	0	0	0	1	0	0	1	3.0
6693	Holocaust denial should be a criminal offence	against	people can choose to believe what they wish.  denying it happened is not a crime.	0	0	0	0	0	0	1	0	0	0	3.0
2062	We should subsidize embryonic stem cell research	in favor of	embryonic stem cell research should be subsidized to speed up the rate that cures for serious illness are identified speedily.	1	1	0	0	0	1	1	0	0	0	3.0
3220	We should abolish zoos	in favor of	the damage that psychologically causes the animals to be enclosed and outside their natural habitat is such that they should close the zoos	0	1	0	0	0	1	0	0	0	1	3.333333333333333
990	We should ban targeted killing	in favor of	we should ban targeted killings because it is in essence just murder when done outside of wartime.  it is, in fact, an act of war and could create more problems.	0	0	0	0	0	1	0	0	0	1	3.333333333333333
1648	We should oppose collectivism	against	society is a collective and the most good comes from working together	1	1	0	0	0	1	0	0	0	1	3.333333333333333
6330	Social media brings more harm than good	against	social media is a great way to stay in touch with friends for everywhere, it allows you to meet like minded people and to develop new hobbies and interests with help from others wherever they are in the world.	1	1	0	1	0	1	1	1	0	1	3.0
4436	We should legalize sex selection	in favor of	legalized sex selection would help couples prepare for the birth of their baby	0	1	0	0	1	0	1	0	0	0	3.0
2631	We should ban fast food	against	fast food is a cheap treat and to ban it would be to take the joy out of life for many people.	0	0	0	1	0	1	0	0	0	0	3.5
6710	Entrapment should be legalized	against	entrapment is unfair and often has the wrong results.	1	0	0	0	0	0	0	0	0	1	3.333333333333333
1509	We should end the use of economic sanctions	against	economic sanctions allow countries to try to curb bad behavior short of war.	0	0	0	0	0	1	0	0	0	1	3.333333333333333
6223	Surrogacy should be banned	against	surrogacy is a beautiful process where women are willing, they choose to participate so let them.	0	1	0	0	0	0	1	0	0	0	3.0
3329	We should ban factory farming	in favor of	factory farming treats animals horribly, force feeds antibiotics and is a major source of pollution.	0	0	0	0	0	1	0	0	0	1	3.333333333333333
435	We should ban human cloning	in favor of	human cloning is very open to abuse and could be used for the wrong things	0	0	0	0	0	1	0	0	0	1	3.333333333333333
3372	We should ban factory farming	against	factory farming produces more quantity resulting in lower prices and more choices.	1	0	0	0	0	1	1	0	0	0	3.0
2081	We should limit executive compensation	in favor of	executive compensation should be limited because it is not fair that a ceo should not make that much more than the regular workers in a company.	1	1	0	0	0	1	0	0	0	1	3.333333333333333
1507	We should adopt a multi-party system	in favor of	In a multi-party system, minority needs are better catered to.	0	0	0	0	0	0	0	0	0	1	3.333333333333333
3186	We should abandon the use of school uniform	against	the school uniform makes everyone equal and increases learning.	1	0	0	0	0	0	0	0	0	1	3.333333333333333
6208	Foster care brings more harm than good	against	foster care provides a loving atmosphere as opposed to a group home.	0	1	0	0	0	1	0	0	0	0	3.5
2596	We should ban whaling	in favor of	whaling should be banned because we need to protect whales from becoming extinct.	0	1	0	0	0	0	0	0	0	1	3.333333333333333
6476	Social media brings more harm than good	against	social media brings more good than harm because users are able to keep in touch with family and friends who do not live close to them.	0	1	0	1	0	1	1	0	0	0	3.0
6121	Homeopathy brings more harm than good	in favor of	people using homeopathic remedies instead of conventional medicine are more likely to die from a serious illness.	0	1	0	0	0	1	0	0	0	0	3.5
4124	We should abolish zoos	against	Zoos offer an easy and  cheap way for people to see and learn about animals from all over the world.	1	0	0	0	0	1	1	0	0	1	3.0
3697	We should ban cosmetic surgery for minors	against	cosmetic surgery can have an enormous impact on increasing self esteem, minors should be allowed to benefit from this as well	1	0	0	0	0	1	1	0	0	1	3.0
5807	Intelligence tests bring more harm than good	against	intelligence tests give confidence to those placed behind their level	1	0	0	0	0	1	1	0	0	0	3.0
5048	The EU should synchronize national elections 	in favor of	The only thing Europeans don’t do together is politics. This is because national parties - not EU parties - run the show within and across Europe. After 70 years of integration, the EU lacks a European party system capable of fostering a genuine transnational space of political debate and dialogue where citizens can understand, influence, and participate in decision-making affecting their common interests as Europeans. This must change.	0	0	0	0	1	1	0	0	0	1	3.333333333333333
5198	The EU must use its weight as a united global player in trade policy and put an end to foreclosure	in favor of	For Europe to act outwardly as a unit, we must first look inward. At the psychological level, how can we create a European home market? What does it take, for example, for a resident of Spain to think of Czech printers as a local product? Will it be possible to reach an agreement on Europe's historical events and interpret them to everyone's satisfaction? This process will take some time.	0	1	0	0	1	1	0	0	0	1	3.333333333333333
2222	We should end mandatory retirement	in favor of	different people age differently so if a person can phyisically and mentally handle a job, the more power to them	1	0	0	0	0	0	1	0	0	0	3.0
2838	We should subsidize embryonic stem cell research	against	an embryo is basically a baby that has not implanted yet. this is potential human life.	0	0	0	0	0	0	0	0	0	1	3.333333333333333
629	We should subsidize space exploration	against	subsidizing space exploration takes money away from more important issues.	0	0	0	0	0	0	0	0	0	1	3.333333333333333
3738	We should fight for the abolition of nuclear weapons	against	Nuclear weapon maintenance is much cheaper than keeping up traditional weapons and infrastructure of war, so we should keep our nuclear weapons in order to maintain the current deterrence against war at the lowest price possible.	0	0	0	0	1	1	0	0	0	1	3.333333333333333
5607	The use of public defenders should be mandatory	against	people may choose to defend themselves, if they believe it to be in their best interests	0	0	0	0	0	0	1	1	0	0	3.0
7336	We should prohibit capital monopoly.	against	Monopoly profits are the driving force behind technological progress in areas that require significant investment in research and development.	1	0	0	0	1	0	0	0	0	0	3.5
3908	We should legalize cannabis	in favor of	cannabis can be used for a number of medical issues so making it legal will help with that	0	1	0	0	0	1	0	0	0	0	3.5
502	We should abolish the Olympic Games	in favor of	it costs too much to build for the games and never use those buildings again	0	1	0	0	0	1	0	0	0	0	3.5
3225	We should ban cosmetic surgery	against	we should not because people who are born with disfigurements have a chance to be normal.	0	0	0	0	0	1	1	0	0	1	3.0
1664	We should ban algorithmic trading	against	algorithmic trading allows larger orders to happen that one individual couldn't do without the use of the 'robots'.	1	0	0	0	1	0	0	0	0	1	3.333333333333333
5910	Surrogacy should be banned	in favor of	it is unfair on the child who can be left without parents if they decide against adopting it.	0	1	0	0	0	0	1	0	0	1	3.0
3180	We should ban whaling	in favor of	there is no benefit to whaling; it is bloody and barbaric.	0	0	0	0	0	0	0	0	0	1	3.333333333333333
2708	We should abolish zoos	against	Zoos are a great way for people to learn about animals	1	0	0	0	0	0	1	0	0	1	3.0
1532	We should ban human cloning	in favor of	human cloning is not good for humanity, less for evolution	0	0	0	0	0	1	1	0	0	1	3.0
3616	We should oppose collectivism	in favor of	collectivism can cause people to ignore important problems if it doesn't apply to certain groups	0	1	0	0	0	1	0	0	0	1	3.333333333333333
28	We should subsidize Wikipedia	against	wikipedia can form biased opinions on topics or misinform the general public and therefore should not be subsidized	0	0	0	0	0	0	1	0	0	1	3.0
3044	We should legalize sex selection	against	this could cause imbalance in population, if a generation is selected as mainly male or female	0	0	0	0	0	1	0	0	0	1	3.333333333333333
2444	We should ban fast food	in favor of	fast food contributed to the obesity problem in the us	0	0	0	0	0	1	0	0	0	0	3.5
3944	We should abolish zoos	against	zoos are the only places many people will be able to get close and observe exotic animals - anything that serves to enhance humans' empathy and understanding of animals is worthy of support.	1	0	0	0	0	0	1	0	0	1	3.0
4841	Immigrants should receive help from the EU through integration programs	in favor of	It's only anecdotal evidence, but I have noticed in the high schools in my area that the children from migrants are more able to participate in after-school activities when their language is developed further. Children, of course, still go to school on a daily basis, which means that they automatically are taking part in language lessons. However, seeing the positive results in language learning in these children, I can imagine that their parents would benefit in the same way if they were given the opportunity to follow language lessons (ideally low-budget/free).	1	0	0	0	0	1	0	0	0	1	3.333333333333333
7274	We should strengthen our ties with Ukraine and prepare for its membership in the EU	in favor of	When you see young Ukrainians dying for the EU and its values during Euromaidan, you have no choice but to accept that Ukraine has chosen Europe. If people make a revolution for our system and values, we must support them. We must deepen our relations with Ukraine and prepare to make it a candidate for membership. It is the Ukrainian people who decide their future, not Russia.	0	0	0	0	0	0	1	0	0	1	3.0
6466	We should subsidize vocational education	in favor of	subsidizing vocational education will lead more people learning vital skills that could help them get ahead in life	1	1	0	0	1	1	0	0	0	1	3.333333333333333
3627	We should oppose collectivism	in favor of	collectivism is a bad form of advancing a nation. some lazy person will profit of other hard work and contribute nothing themselves	1	0	0	0	0	1	0	0	0	1	3.333333333333333
3430	We should abolish safe spaces	in favor of	Safe spaces are overwhelmingly used as a political tool to silence conservative voices, and that political skew shows that they serve more to indoctrinate young people than to alleviate social trauma.	0	0	0	0	0	0	1	0	0	1	3.0
644	We should legalize sex selection	against	sex selection is unnatural and will have long term negative consequences on society. we will become overpopulated with male children and females will become targets of sexual crimes.	0	0	0	0	0	0	1	0	0	1	3.0
1557	We should ban missionary work	in favor of	we should ban missionary work because people are getting killed going to bad places.	0	1	0	0	0	1	0	0	0	1	3.333333333333333
112	We should legalize prostitution	in favor of	legalising prostitution will ensure the safety of both the sex trade worker and client	1	0	0	1	1	1	0	0	0	1	3.333333333333333
2105	We should introduce compulsory voting	against	you can require voting but you can't force people to educate themselves about the candidates and issues	1	0	0	0	0	0	1	0	0	1	3.0
5566	Homeopathy brings more harm than good	in favor of	homeopathy is not an accredited professional, thus allowing anyone who wishes to practice to do so, without qualifications or knowledge of the human body.	1	0	0	0	0	0	0	0	0	0	3.5
392	We should ban factory farming	against	factory farming reduces the cost of food	0	0	0	0	1	1	0	0	0	0	3.5
3646	We should ban targeted killing	against	targeted killing saves lives. it reduces our boots on the ground, protecting more of our soldiers and lessens civilian casualties because there's not active war zones full of combact and soldiers.	0	0	0	0	0	1	0	0	0	1	3.333333333333333
646	We should end the use of economic sanctions	in favor of	economic sanctions hurt the poor, working class and has little affect on the ruling party.	0	0	0	0	0	0	1	0	0	1	3.0
306	We should end the use of economic sanctions	in favor of	economic sanctions is bullying and it will not result in the country complying or changing their policies.	1	0	0	0	0	1	1	0	0	1	3.0
5447	Intelligence tests bring more harm than good	in favor of	intelligence test can cause certain students to be pigeon holed and cause them to have low opinions of themselves because they can not score as high as others.	0	0	0	0	0	0	1	1	0	1	3.0
2014	We should subsidize student loans	against	we should not subsidize student loans because people need to work hard to get their education	1	1	0	0	0	0	1	0	0	0	3.0
335	We should ban human cloning	in favor of	this is a slippery slope and cloning could be used for terrible purposes. it is dangerous to open this door.	0	0	0	0	0	1	0	0	0	1	3.333333333333333
4234	We should abolish the right to keep and bear arms	in favor of	we are getting to the point where even children cannot go to school and be 100% safe - this has to be stopped.	1	0	0	0	0	1	0	0	0	0	3.5
850	We should subsidize journalism	in favor of	supporting journalism is obligatory in our democracy society and `free speech` should be defended and approved by all means.	0	0	0	0	0	1	1	0	0	1	3.0
6588	We should subsidize vocational education	against	taxes are already too high, and vocational education grants would be too onerous.	0	0	0	0	0	1	0	0	0	0	3.5
3322	We should adopt an austerity regime	in favor of	spiralling national debt is unsustainable in the longer term, and the only way to begin reversing this for future generations is to adobt an approach of austerity, no matter how painful.	1	1	0	0	1	1	0	0	0	0	3.5
6058	Payday loans should be banned	against	nobody is forced to take out a payday loan; their existence affords the general population a choice of ways to borrow money.	0	1	0	0	1	1	1	0	0	0	3.0
3374	We should stop the development of autonomous cars	in favor of	autonomous vehicles will lead to an increase in road accidents	0	0	0	0	0	1	0	0	0	0	3.5
949	We should ban the use of child actors	in favor of	using child actors can create unimaginable pressure ans stress on the child if they become a star or the production is a success and this can lead to substance abuse problems to cope with said pressure	0	1	0	0	0	1	0	0	0	0	3.5
7328	We should open up three-child policy to encourage childbirth.	in favor of	China's population structure has gradually become aging and has become a burden for economic growth.	1	0	0	0	1	1	0	0	0	0	3.5
3376	We should abolish safe spaces	against	safe spaces allow for people to voice concerns over discrimination and prejudice where they feel protected enough to have the confidence to speak freely. this is a great thing to combat discriminatory behavior.	0	0	0	0	0	0	1	0	0	1	3.0
6988	Women can be in combat roles	against	Biologically, men are stronger than women. Hence, it may not be wise to deploy people in the field that have less physical strength than the enemy.	1	0	0	0	0	1	0	0	0	0	3.5
6778	Foster care brings more harm than good	in favor of	foster care has mostly bought medical problems to the children and lead to many deaths.	0	1	0	0	0	1	0	0	0	0	3.5
3825	We should oppose collectivism	in favor of	collectivism can be a dangerous political ideology	0	0	0	0	0	1	0	0	0	1	3.333333333333333
5202	We need a better distribution of refugees	against	The key to successful immigration depends upon the possibility of employment.  So EU members are to decide whom they want to admit.  	1	0	0	0	1	1	1	0	0	0	3.0
1122	We should adopt libertarianism	in favor of	libertarianism frees citizens and business owners from expensive regulations	0	0	0	0	1	1	1	0	0	0	3.0
5800	The vow of celibacy should be abandoned	in favor of	the vow of celibacy puts undue pressure on priests to have a lifestyle that is unnatural and has been linked to child abuse cases because of their frustration.	0	0	0	1	0	1	1	1	0	1	3.0
5093	Public transport in EU cities should be free	in favor of	The incentive to provide free public transport in European cities in the future would make it easier for people, especially in the cities, to accept and appreciate that there will be fewer and fewer cars. People who benefit from current examples are happy about it. 	1	1	0	0	0	1	0	0	0	1	3.333333333333333
5187	We do not need immigration from non-European or non-first-world countries 	against	Just arguing to keep migrants out is very shortsighted and unhistorical. By keeping migrants out, migration pressure will not abate. So what do you suggest for next year, 10 years from now?  	1	0	0	0	0	1	0	0	0	1	3.333333333333333
4955	We do not need immigration from non-European or non-first-world countries. 	against	Instead of trying to stop immigration, we need to create a good integration plan and at the same time improve living conditions in the 2nd and 3rd world countries. This includes fighting for climate justice and decreasing unequal wealth distribution between countries.	0	1	0	0	0	1	0	0	0	1	3.333333333333333
4820	Europe should protect bees	in favor of	Without bees, which are dying en masse, Europe’s existence is impossible. The problem is complex and it is about the influence of poisonous pesticides and other agricultural and industrial chemicals, as well as the influence of GSM technologies, which lead to overheating of the bee’s body, which falls under the negative impact of microwaves. Therefore, Europe must create a series of policies to help bees survive in the name of the surplus of European nations.	0	0	0	0	0	1	0	0	0	1	3.333333333333333
7133	We should promote a plant-based diet	in favor of	In addition to this, schools and companies canteens should be required to serve mainly plant-based meals in order to reduce their impact and to educate their users.	1	0	0	0	0	0	0	0	0	1	3.333333333333333
974	We should oppose collectivism	against	collectivism bands people together to solve problems in their communities	1	1	0	0	0	1	1	0	0	0	3.0
6590	Foster care brings more harm than good	against	In one study, foster care children did not differ from matched family children in their sense of well-being, self-esteem, or incidence of depression or behavior problems	1	1	0	0	0	1	0	0	0	1	3.333333333333333
4200	We should end mandatory retirement	against	mandatory retirement is necessary in some fields to let go of the older, more error-prone workers.	1	0	0	0	0	0	0	0	0	0	3.5
5218	There should be no immigration from non-European or non-first-world countries 	in favor of	We need to stop all funding to NGOs and all migration organizations within the EU. Then can we talk about how to help the people already here and how to help real people in need.	0	1	0	0	0	1	0	0	0	0	3.5
3206	We should legalize organ trade	against	Legalizing organ trade will cause organs to go to the highest bidder rather than to those most in need.	0	1	0	0	0	0	0	0	0	1	3.333333333333333
6864	Social media brings more harm than good	against	it helps to connect people and create relationships	0	0	0	1	0	1	0	0	0	0	3.5
2739	We should subsidize Wikipedia	against	it could lead to donors trying to influence the content	0	1	0	0	0	0	0	0	0	1	3.333333333333333
678	We should abolish zoos	against	a zoo is a safe place for animals who lost their homes and are not able to care for themselves	0	1	0	0	0	0	0	0	0	1	3.333333333333333
2495	We should subsidize Wikipedia	against	wikipedia is too vulnerable to manipulation to be considered a trusted source.	1	1	0	0	0	0	1	0	0	1	3.0
3293	We should fight for the abolition of nuclear weapons	against	nuclear weapons should not be abolished because they provide a safety net.   rogue nations have fear of the power of nuclear weapons.	0	1	0	0	1	1	0	0	0	1	3.333333333333333
6991	Reservations in India should be based on economic status	against	In India, it's easy to hide some income resources and to get a false income certificate. Though the situations are changing for the better, it is not that difficult.	0	1	0	0	1	0	0	0	0	0	4.0
3423	We should subsidize journalism	against	journalism is a dying profession that is increasingly corrupt, so why use tax money towards it?	0	1	0	0	1	0	0	0	0	0	4.0
1126	We should limit judicial activism	against	judicial activism allows lawful recourse in circumstances of possible justice miscarriages, and is an extra protection against possible corruption and obstructive 'influence' in the higher court.	1	0	0	0	1	1	0	0	0	1	3.333333333333333
732	We should abolish the three-strikes laws	in favor of	three-strike laws are intolerant of special circumstances.	0	1	0	0	0	0	0	0	0	1	3.333333333333333
735	We should prohibit school prayer	in favor of	school prayer is wrong because the non religious are expected to participate.	0	0	0	0	0	0	1	0	0	1	3.0
4802	Electric cars are not a solution to air pollution	against	It's by no means irrelevant what kind of cars people use; 25% renewable + 25% nuclear + 50% combustible is better than 100% combustible gasoline. 	1	0	0	0	0	0	1	1	0	1	3.0
6929	Nuclear disarmament is necessary	in favor of	All the countries do not have very high security for their nuclear arms, apart from going into the wrong hands the system that controls them can also be hacked.	0	1	0	0	0	1	0	0	0	1	3.333333333333333
3529	We should abolish safe spaces	against	safe spaces provide safety for those who are in fear for their safety.	0	0	0	0	0	1	0	0	0	1	3.333333333333333
3263	We should ban the use of child actors	against	everyone has the right to develop their maximum potential regardless of whether they are children or adults.	1	0	0	0	0	0	1	0	0	1	3.0
5683	Homeopathy brings more harm than good	in favor of	Problems can arise if homeopathy is used to treat serious illnesses, rather than seeking treatment by traditional, western medicine.	0	1	0	0	0	1	0	0	0	0	3.5
5392	Payday loans should be banned	in favor of	payday loans gives people who apparently not able to live paycheck by paycheck an unethically high interest-rated loan and ends up getting them in deeper debt and payday loans should be banned.	0	1	0	0	0	1	1	0	0	1	3.0
5664	Holocaust denial should be a criminal offence	against	Making Holocaust denial a criminal offense will force deniers underground, and their activity will be hard to monitor.	0	0	0	0	0	0	1	0	0	0	3.0
4299	We should adopt a multi-party system	against	The winner can be someone voted in to office by a very small percentage of voters.	0	0	0	0	1	1	0	0	0	1	3.333333333333333
2228	We should ban missionary work	in favor of	it should be banned because it forces people to believe in the church	0	1	0	0	0	0	1	0	0	1	3.0
2784	We should limit executive compensation	against	High executive compensation is necessary to get the best executives for your company	1	0	0	0	1	0	0	0	0	0	3.5
934	We should ban the use of child actors	against	the usage of child actors should not be banned as they are an important part of the acting field they have adults who can make rationale decisions for them.	1	1	0	0	0	0	1	0	0	0	3.0
4901	The European Union's asylum system needs to implement its humanitarian principles	in favor of	Yes, though some countries have other problems right now. Give member states the possibility to choose: more refugees & more money & support or less refugees & less money & support. Very simple.	0	0	0	0	0	0	1	0	0	1	3.0
4665	NEET exam should be banned	in favor of	Students work hard to score well in class 12 exams, but all that hard work is not recognized. And only the NEET score is considered for entry into medical college, which is very unfair. Moreover, the NEET exam is mainly based on the CBSE curriculum. So, state board students have to study additional things to get a good score on the exam.	1	0	0	0	1	0	0	0	0	1	3.333333333333333
519	We should oppose collectivism	in favor of	we should definitely oppose collectivism because there is less autonomy in terms of thoughts and ideas. everyone will just go along with the group.	0	0	0	0	0	0	1	1	0	1	3.0
6843	Foster care brings more harm than good	in favor of	taking children away from their own parents destroys families which is why foster care brings more harm than good.	0	1	0	0	0	0	0	0	0	0	4.0
154	We should abolish intellectual property rights	against	we cannot abolish intellectual property rights because artists and scientists need to have their ideas and innovations protected so that they can earn a living in their fields	1	0	0	0	1	1	1	0	0	0	3.0
5014	The EU should focus more on ensuring the success of the internal market, and on improving its competitiveness	in favor of	The Covid-19 pandemic showed us that the European Union is not able to come up with technological innovations that could strengthen our economic position. 	1	1	0	0	1	0	1	0	0	0	3.0
4593	India should store the data within the territorial boundaries of the country	in favor of	While investigating crimes, there will be a need to access the payment data. If the data is stored abroad, it is very difficult to take permission from that country for access to the data. This causes delays in solving crimes. If the data is stored here within our country, this problem will be avoided.	0	0	0	0	0	1	1	0	0	0	3.0
3276	We should cancel pride parades	against	the constitution allows for freedom of expression even if you dont personally approve of it	0	0	0	0	0	1	1	0	0	1	3.0
5377	Food whose production has been subsidized with EU funds should not be allowed to be exported to developing countries.	in favor of	These products come mainly from large enterprises, which do not necessarily focus on environmental protection.	0	1	0	0	0	0	0	0	0	1	3.333333333333333
2380	We should end mandatory retirement	in favor of	people should be allowed to retire when they are ready	0	0	0	0	0	0	1	0	0	0	3.0
4715	Cryptocurrencies should be legalized	in favor of	The future belongs to technology. Cryptocurrencies make peer-to-peer financial transactions a lot easier. This currency can be sent from any part of the world to any part of the world. Hence there will be no struggle of exchanging currencies like Dollars for the Rupee etc. While traveling the world, there will no hurdle of exchanging our currencies with local currencies.	1	0	0	0	0	1	1	1	0	1	3.0
1397	We should abandon the use of school uniform	in favor of	we should abandon the school uniform because it is just another cost for parents to pay on top of all the other costs of a 'free' education.	0	1	0	0	0	1	0	0	0	0	3.5
3684	We should ban the use of child actors	against	child actors are needed in all types of film and movies and therefore should not be banned.	1	0	0	0	0	0	0	0	0	1	3.333333333333333
6295	Payday loans should be banned	against	Payday loans help people in need when they have an unexpected expense (such as a medical emergency) and cannot wait or cannot qualify for a traditional loan.	0	1	0	0	0	1	0	0	0	0	3.5
7302	We should ban the trading of virtual currencies.	against	The trading of virtual currency is secretly named, so as to ensure the privacy protection of his own information content and data information, prevent the leakage of his own data, and improve the safety factor of the system software.	0	0	0	0	0	0	1	0	0	0	3.0
5235	Europe should establish a common Army across Europe	in favor of	An EU army independent from NATO and its US commanders is critical to strategic autonomy and avoiding being dragged into destructive US wars in the Middle East like in the past. 	1	1	0	0	1	1	1	0	0	1	3.0
4590	India should store the data within the territorial boundaries of the country	against	At present, India does not have a well-developed infrastructure to ensure the security of data. On the other hand, developed countries already have an efficient infrastructure. So, rushing toward data localization may not be a wise step. Because without efficient infrastructure, the data is prone to cyber-attacks. And the risk is severe here because it is financial data. But as the laws are made, it is a big challenge to develop efficient infrastructure at a faster pace.	1	1	0	0	0	1	0	0	0	1	3.333333333333333
3553	We should abolish the right to keep and bear arms	against	the right to keep and bear arms is fundamental to our freedom.  we give that right up and we are prisoners to the government.	0	1	0	0	1	1	1	0	0	0	3.0
7004	Wind and solar energy resources have harmful impacts on flying species, fauna and flora in general, and even insects	against	if you want to save birds, you perhaps should think about domesticated cats and making modern buildings more bird-friendly. If you want to save insects, look at the way of land use and agriculture, and create insect-friendly gardens.	1	0	0	0	0	0	1	0	0	1	3.0
6312	Social media brings more harm than good	against	social media brings people together, not only familes and friends, but likeminded people who may never have talked or met each other in real life, bonding over a common interest or topic.	0	1	0	0	0	1	0	0	0	1	3.333333333333333
3228	We should subsidize embryonic stem cell research	in favor of	we should do because it may be able to cure diseases we never thought possible, and help people have babies that might of been infertile.	0	1	0	0	0	1	1	0	0	1	3.0
4298	We should ban the Church of Scientology	in favor of	the church of scientology was based on a science fiction novel and thus is not validated as a religion.	0	1	0	0	0	0	0	0	0	1	3.333333333333333
3757	We should abolish zoos	against	we should not abolish zoos because they are helping out endangered species that would otherwise be extinct if they went back into the wild now.	0	1	0	0	0	0	0	0	0	1	3.333333333333333
3002	We should end the use of economic sanctions	against	by using economic sanctions, we can prevent some countries from increasing their weapons thereby protect other countries.	0	0	0	0	0	1	0	0	0	1	3.333333333333333
6360	Homeopathy brings more harm than good	against	in conjunction with medical care, it can give people hope	0	1	0	0	0	1	0	0	0	0	3.5
1110	We should ban private military companies	in favor of	private military companies put civilian lives in danger	0	1	0	0	0	1	0	0	0	1	3.333333333333333
1892	We should adopt atheism	in favor of	fewer wars will arise since there will be no fighting over holy lands or differing religions.	0	1	0	0	0	1	1	0	0	1	3.0
6833	Payday loans should be banned	in favor of	they charge a crazy amount of interest on their loans, driving many people into serious debt.	0	0	0	0	1	1	0	0	0	0	3.5
7012	We should support short-distance economies	in favor of	Economies within a short distance, decentralization, and localization can be efficient tools for protecting the climate and the environment. Less transportation, consumption of local resources, and a high level of self-reliance in the energy and food sector lead to lower carbon footprints.	1	0	0	0	0	0	1	0	0	1	3.0
3783	We should adopt libertarianism	in favor of	people should be free to live like they wish	0	0	0	0	0	0	1	0	0	0	3.0
6801	Social media brings more harm than good	in favor of	social media has brought down levels of happiness and self-satisfaction by making us constantly compare ourselves to an idealized version of our friends.	0	1	0	0	0	1	0	0	0	0	3.5
2078	We should end the use of economic sanctions	in favor of	the use of economic sanctions should be ended because it is important to keep a good relationship with the countries we trade with.	0	1	0	0	1	1	0	1	0	1	3.333333333333333
1814	We should introduce compulsory voting	against	some people just don't have an opinion about who to vote for	0	0	0	0	0	0	1	0	0	0	3.0
4252	We should ban private military companies	against	Private military companies provide weapons and other items needed by the military, without them, they would be ill equipped.	1	0	0	0	0	1	0	0	0	0	3.5
610	We should abolish intellectual property rights	against	without intellection property rights there is no incentive to research and develop new products	1	0	0	0	0	0	1	0	0	0	3.0
2476	We should legalize organ trade	in favor of	at this time many people are dying because they do not get an organ transplant. organ trade would incentivize people to be more prepared to have their relatives organs transplanted to save others	0	1	0	0	0	1	0	0	0	0	3.5
510	We should adopt an austerity regime	in favor of	an austerity regime is the most effective way to reduce the national debt.	1	0	0	0	1	1	0	0	0	1	3.333333333333333
4042	We should legalize prostitution	in favor of	legalized prostitution is safer for both prostitutes and their customers	0	0	0	0	0	1	0	0	0	1	3.333333333333333
332	We should ban factory farming	against	factory farming is efficient and lowers food production costs.	0	1	0	0	1	0	0	0	0	0	4.0
6368	Homeopathy brings more harm than good	against	many people don't trust doctors and would rather take matters into their own hands; it's their body and they can try whatever homeopathic remedy they want	0	0	0	0	0	0	1	0	0	0	3.0
203	We should subsidize Wikipedia	in favor of	wikipedia is valuable knowledge resource that should not be allowed to go under due to lack of resources and so should be subsidized	1	1	0	0	0	0	1	0	0	0	3.0
7031	We should promote the use of nuclear energy	in favor of	Worldwide, nuclear power has prevented emissions of 240 billion tonnes of CO2 and prevented 1.8 million lives due to prevented air pollution (Kharecha, Hansen 2013). 	0	0	0	0	0	1	0	0	0	1	3.333333333333333
569	We should subsidize space exploration	in favor of	we should subsidize space exploration because someday we may have to leave earth behind once we deplete all our resources or because of a nuclear war.	0	1	0	0	0	1	1	0	0	0	3.0
3079	We should ban cosmetic surgery for minors	in favor of	surgery can be dangerous and must never be undertaken without a medical need, minors also do not need to be told there is something wrong about them that needs fixing.	0	1	0	0	0	1	0	0	0	0	3.5
111	We should ban algorithmic trading	in favor of	algorithmic trading should be banned because it gives some people an unfair advantage.	1	0	0	0	1	1	0	0	0	1	3.333333333333333
1214	We should ban cosmetic surgery	against	if people want to get work done it is their choice	0	0	0	1	0	0	1	1	0	0	3.0
1502	We should fight for the abolition of nuclear weapons	against	the united states, at least, needs nuclear weapons for protection in order to deter other countries from attacking.	1	1	0	0	1	1	0	0	0	1	3.333333333333333
4019	We should adopt an austerity regime	in favor of	we are all responsible for doing our part in getting the books back in the black	0	1	0	0	1	1	0	0	0	1	3.333333333333333
4826	British people who are residents in an EU country should have EU-wide rights	in favor of	I think this is a good idea, but unfortunately it's framed as a British/brexit issue. However, the wider concept of a common EU visa / migration system is a compelling one. Harmonising the system to a common visa regime offers many advantages.	1	0	0	0	0	0	0	0	0	0	3.5
6836	Intelligence tests bring more harm than good	against	it helps to provide how well a person understands the things they have learned	1	0	0	0	0	0	0	0	0	1	3.333333333333333
7356	We should ease the education involution.	in favor of	Parents' overwhelming fear-dominated anxiety is the greatest enemy of education; the intent of education should be to make a person become a better version of himself.	1	0	0	0	0	0	1	0	0	0	3.0
3843	We should abolish the Olympic Games	against	the olympics provide a way for nations to come together to foster mutual understanding.	0	1	0	0	0	1	0	0	0	1	3.333333333333333
4056	We should stop the development of autonomous cars	against	autonomous cars reduce the impact of human error on the roads, thus saving lives.	1	1	0	0	0	1	0	0	0	0	3.5
1230	We should ban private military companies	in favor of	private military companies are not viable solutions because they do nothing to actually solve the problem in the long-term	1	1	0	0	0	1	0	0	0	0	3.5
102	We should adopt atheism	in favor of	we should adopt atheism because it would be easier than being religious and having so many different beliefs	0	0	0	0	0	1	1	0	0	1	3.0
3316	We should introduce compulsory voting	against	people who don't want to vote and won't take it seriously should not be forced to vote because they will vote frivolously.	1	0	0	0	1	1	0	0	0	1	3.333333333333333
6793	Entrapment should be legalized	in favor of	entrapment can help rid our society of criminals and therefore should be legalized	0	0	0	0	0	1	0	0	0	0	3.5
5544	Holocaust denial should be a criminal offence	against	people have a right to say and believe whatever they want. you can't criminalize people's thoughts.	0	0	0	0	0	0	1	0	0	1	3.0
6907	We should promote Zero Budget Natural Farming all over India	in favor of	Even though organic farming produces healthy and nutritious food, it produces greenhouse gases and thereby contributes to climate change. So, the best alternative is ZBNF.	0	0	0	0	0	0	0	0	0	1	3.333333333333333
4422	We should cancel pride parades	against	pride parades are a form of expression and should be given the same consideration as any other type of parade.	0	0	0	0	0	0	1	0	0	1	3.0
3370	We should ban fast food	in favor of	obesity is rising at an alarming rate and fatty foods and sugar filled drinks are shown to be one of the biggest contributors so fast food should be banned because those foods are sold there.	0	1	0	0	0	1	0	0	0	0	3.5
4219	We should cancel pride parades	in favor of	pride parades are a legacy of a by-gone time when equal rights for gay men and women was not on the horizon.	0	0	0	0	0	0	0	0	0	1	3.333333333333333
7052	We should promote a culture of exchange and sharing of goods and services	in favor of	All this lengthens the life cycle of a product and reduces waste.	0	0	0	0	0	0	0	0	0	1	3.333333333333333
5897	Intelligence tests bring more harm than good	against	I.Q. tests provide genuine insight into an individual's capabilities	1	0	0	0	0	0	0	0	0	1	3.333333333333333
5418	The use of public defenders should be mandatory	in favor of	if everyone had to use a public defender, it would be fairer as their representation would not be dependent on their income.	0	0	0	0	0	0	0	0	0	1	3.333333333333333
3214	We should ban human cloning	against	we should not ban human cloning because the potential scientists can find a cure for a disease	1	1	0	0	0	1	1	0	0	0	3.0
595	We should ban the use of child actors	against	child actors are necessary and children can learn how to work even from an early age	1	0	0	0	1	0	1	0	0	1	3.0
549	We should ban missionary work	in favor of	missionary work is risky to participate in.	0	0	0	0	0	1	0	0	0	0	3.5
7001	We should stop subsidies and other incentives for bioenergy	against	Some biofuels, such as soy, corn, sugar cane, rapeseed, and palm oil encourage deforestation	0	0	0	0	0	0	0	0	0	1	3.333333333333333
5170	All workers and unemployed should have access to social protection, including young people	in favor of	The problem of youth employment has been there for a long time but was underlined again during the pandemic. Many young people are forced to move to a different country in order to find work. 	1	1	0	0	0	1	0	1	0	1	3.333333333333333
134	We should legalize prostitution	in favor of	prostitution should be legal as it can be controlled & monitored easier & be less dangerous	0	0	0	0	0	1	0	0	0	0	3.5
3900	We should legalize sex selection	in favor of	there seems to be no harm to wanting to choose the sex of your baby, particularly if there are hereditary diseases which affect your family that could be stopped by choosing one sex over the other.	0	1	0	0	0	1	1	0	0	0	3.0
5691	Foster care brings more harm than good	against	most foster families are good and provide a safe environment.	0	1	0	0	0	0	0	0	0	0	4.0
7229	We should not have any immigration from non-European or non-first-world countries 	against	Halting all immigration from non-European or non-first-world countries is shortsighted. We need to selectively pick people who can and are willing to contribute to the greater good like Australia and Canada and do prescreening instead of banning everyone.  	1	0	0	0	0	0	1	0	0	1	3.0
4743	India should accept Rohingya refugees	in favor of	Accepting refugees escaping from death situations is surely an act of humanity. Rohingya people have been treated brutally by the Burmese government due to racism. Being a neighboring country, we should be accepting those people who are in deep distress.	0	1	0	0	0	0	0	0	0	1	3.333333333333333
4279	We should ban telemarketing	against	if telemarketing was banned thousands of people would lose their jobs and many businesses would go bankrupt.	1	0	0	0	1	1	0	0	0	0	3.5
2880	We should subsidize embryonic stem cell research	in favor of	diseases can be cured using cells created for embryonic stem cell research.	0	1	0	0	0	1	0	0	0	1	3.333333333333333
2151	We should adopt an austerity regime	against	We should not adopt an austerity regime because austerity only made countries like Greece and Argentina poorer.	0	1	0	0	1	1	0	1	0	0	3.5
4914	We need integrated rail transport systems, agreements between various railway operators and a simple and accessible search engine	in favor of	Cheap and accessible train travel brings everyone closer together regardless of borders 	0	0	0	0	0	1	0	0	0	1	3.333333333333333
4937	We need legal ways of migration.	against	Migrants willingly risk their lives.	0	0	0	0	0	0	1	0	0	0	3.0
4456	We should subsidize student loans	against	higher education is not an inherent right. if someone wants to go to college, they should pay for it. the burden shouldn't simply be put on taxpayers instead.	0	1	0	0	0	1	1	0	0	0	3.0
7182	We should promote collaborative civic technologies for enhancing citizen participation as an added value to collaborative urban processes	in favor of	Civic technologies can support the co-creation, co-production, and co-management of public services with citizens and the development of the urban commoning approach.	1	1	0	0	1	1	0	1	0	1	3.333333333333333
2341	We should adopt gender-neutral language	in favor of	we should adopt gender-neutral language to make sure everyone is included	0	0	0	0	0	1	0	0	0	1	3.333333333333333
5548	Homeopathy brings more harm than good	against	Homeopathy addresses the root cause of the illness and it works on approaching the disease itself other than its symptoms	0	0	0	0	0	1	0	0	0	1	3.333333333333333
2561	We should abolish the right to keep and bear arms	in favor of	Keeping and bearing arms is dangerous because accidents happen and people could die needlessly.	0	1	0	0	0	1	0	0	0	0	3.5
7043	We should promote the use of nuclear energy	against	We are still living in a capitalism, so, the price will decide and the price of nuclear energy is the only energy price which is increasing steadily, while renewables become cheaper every year. Nuclear was always only subsidiesed by governments and never really standing on their own. The building process is slow, the price is high, no way, this could be a gain - if it weren't for the military. 	0	0	0	0	1	1	0	0	0	1	3.333333333333333
5618	Blockade of the Gaza Strip should be ended	in favor of	the civilians in gaza are suffering for the standoff between israel and hamas and the situation only adds to the opposition against israel in the long term. the only way ahead is to find a better solution	0	0	0	0	0	1	0	0	0	1	3.333333333333333
5578	Social media brings more harm than good	against	it provides people with connection. you can stay in touch with family or friends frequently and easily that without this platform might not be possible.	1	1	0	1	0	1	0	0	0	0	3.5
2649	We should subsidize space exploration	against	we should not subsidize something like space exploration because it would put lives at risk.	0	1	0	0	0	1	0	0	0	0	3.5
3467	We should end mandatory retirement	in favor of	mandatory retirement is unfair to people who need a job when social security cannot pay the bills	0	0	0	0	1	1	1	0	0	1	3.0
2864	We should adopt a multi-party system	in favor of	a multi-party system is the fairest representation of all political viewpoints, and would increase the electorate's engagement with politics in general.	0	0	0	0	0	1	0	0	0	1	3.333333333333333
998	We should adopt a multi-party system	in favor of	multi-party systems help decentralize power and better represent the various interests of different socio-economic strata within a nation.	0	0	0	0	1	1	1	0	0	1	3.0
3589	We should cancel pride parades	against	we need to support price parades because everyone has the right to celebrate their cultures and diversities.	0	0	0	1	0	1	0	0	0	1	3.333333333333333
6481	Blockade of the Gaza Strip should be ended	in favor of	its deterring every day citizens from getting goods they need.	0	1	0	0	0	1	0	0	0	0	3.5
692	We should adopt a multi-party system	against	it makes a mockery of voting for your political party of choice if the end result is a multi-party system which will lead to people not voting if they feel they do not have a say.	0	0	0	0	1	1	1	0	0	1	3.0
648	We should abolish intellectual property rights	in favor of	intellectual property rights are expensive to maintain and hold back the spread of new ideas	1	0	0	0	0	0	0	0	0	0	3.5
6640	The use of public defenders should be mandatory	in favor of	Having separate public and private defenders contributes to economic inequality by making it so  poor people have to pay more long term cost (a convicted felon never getting hired again vs. paying a lawyer one time).	1	0	0	0	0	1	0	0	0	1	3.333333333333333
6468	Surrogacy should be banned	in favor of	surrogacy should be banned. it puts women life in danger by turning them into making machines	0	0	0	0	0	1	0	0	0	0	3.5
248	We should ban factory farming	against	factory farming helps to produce meat at a lower cost thus enabling those on a lower income to be able to purchase meats.	0	1	0	0	1	1	0	0	0	0	3.5
6729	Surrogacy should be banned	against	Surrogacy enables families who are unable to have their own children a way to realize their dreams of having a family.	0	1	0	0	0	0	1	0	0	1	3.0
7089	We should put a cap on personal wealth and annual income 	in favor of	Having an upper limit for annual income would make our society fairer, more inclusive, and overall a better society for everybody	0	1	0	0	0	1	0	0	0	1	3.333333333333333
3721	We should adopt a multi-party system	against	multi-party systems fragments power so much that nothing ever gets done and government is rendered ineffectual.	1	0	0	0	0	1	0	0	0	0	3.5
4920	We need to invest in nuclear energy	against	Nuclear energy simply is too expensive and hence economically not viable. According to the researchers at RethinkX, we will see a clean energy disruption in the next ten years which will leave investments in oil, coal and nuclear stranded.	0	0	0	0	1	1	0	0	0	1	3.333333333333333
5078	Everyone should have equal access to affordable and high-quality public services, including health	in favor of	The COVID-19  pandemic has shown us why robust public health and social care systems are so important for everyone, for rich and poor alike. Alongside other public services, they should be orientated towards the common good and not towards private gain. This makes them the backbone of fair and sustainable societies.	0	0	0	0	0	1	0	0	0	1	3.333333333333333
3337	We should adopt atheism	in favor of	atheism is simply the end result of rational thinking, refusing to blindly believe in things that are unproven - this is healthier attitude, since religious adherence leads to all mannor of intolerance.	1	0	0	0	0	0	1	0	0	1	3.0
3120	We should stop the development of autonomous cars	in favor of	autonomous cars will always have the possibility to glitch out like any other computer, however in this instance the consequences are much more severe.	0	1	0	0	0	1	0	0	0	0	3.5
1310	We should abolish zoos	in favor of	some zoos have terrible living conditions and the animals aren't stimulated at all	0	0	0	0	0	0	0	0	0	1	3.333333333333333
2131	We should adopt an austerity regime	against	austerity in fiscal policy usually results in spending cuts to those areas of society who need it most.	0	1	0	0	0	1	0	0	0	1	3.333333333333333
5494	Blockade of the Gaza Strip should be ended	against	the blockade is a way to try to get hamas to stop fire rockets into israel	0	1	0	0	1	1	0	0	0	1	3.333333333333333
3928	We should abolish the right to keep and bear arms	in favor of	we should abolish the right to keep and bear arms because i think we have the proper government and people to take care of and protect us.	0	0	0	0	1	1	0	0	0	0	3.5
4314	We should ban factory farming	in favor of	it would make prices lower for consumers	0	0	0	0	1	1	0	0	0	0	3.5
1062	We should subsidize journalism	in favor of	it is important to ensure that the public is able to receive the news.	1	1	0	0	0	1	1	0	0	1	3.0
3384	We should ban factory farming	in favor of	factory farming abuses animals and so should be banned.	0	0	0	0	0	0	0	0	0	1	3.333333333333333
3601	We should adopt an austerity regime	against	doing such a thing will destroy the economy and put people out of jobs	0	1	0	0	1	1	0	0	0	0	3.5
6859	The use of public defenders should be mandatory	against	if a person can't afford otherwise, sure, give them a public defender but to require them is insanity.  the cost is just too great.	0	0	0	0	0	1	1	0	0	0	3.0
6648	Social media brings more harm than good	against	social media allows people to connect with others	0	0	0	0	0	1	0	0	0	0	3.5
1772	We should oppose collectivism	in favor of	we should oppose collectivism because it creates echo chambers in societies that makes it harder for individuals to give their thoughts and opinions on things	0	0	0	0	0	0	1	0	0	1	3.0
712	We should abolish the Olympic Games	in favor of	we should abolish the olympic games because they have not done what they were meant to do which is create peace.  they have created more problems especially to those hosting them and are just beyond their time.	0	0	0	0	0	0	0	0	0	1	3.333333333333333
6194	Holocaust denial should be a criminal offence	against	making this a criminal offence is against freedom of speech, people who are prosecuted and locked up for this offence would then become political prisoners in what would become an oppressive regime.	0	0	0	0	0	1	1	0	0	0	3.0
4004	We should abolish the three-strikes laws	against	we need to take control of criminals and hold them responsible for their actions.	1	1	0	0	1	1	0	0	0	0	3.5
6140	Intelligence tests bring more harm than good	against	Intelligence tests bring more good than harm because they equalize students from rich and poor backgrounds, since money cannot buy intelligence.	1	0	0	0	0	1	0	0	0	1	3.333333333333333
5002	We need a single immigration policy.	in favor of	But also those people who fear migrants, thinking they are all criminals (while 99% of them are people coming to work, improving their family's life, and paying taxes) will need someone to pay their retirement benefits/ pensions and to push their wheelchairs...	0	0	0	0	0	1	0	0	0	0	3.5
2288	We should ban the use of child actors	in favor of	we should ban the use of child actors because it can hurt them mentally and emotionally for the rest of their lives.	0	1	0	0	0	1	0	0	0	0	3.5
4928	We need an inclusive language for all citizens of the world: the Esperanto.	against	English is ideal as it is spoken internationally as the language of commerce, travel, and political exchange. Esperanto isn't.	1	0	0	0	0	1	0	0	0	1	3.333333333333333
3252	We should adopt a multi-party system	against	a multi party system creates chaos by giving too many choices to the people	0	0	0	0	0	1	0	0	0	0	3.5
3755	We should abandon the use of school uniform	in favor of	School uniforms are bad for children's self-image by making it even easier to compare themselves to other students.	1	0	0	0	0	1	1	0	0	1	3.0
4098	We should legalize organ trade	in favor of	the marketing of organs could take a positive step since there are many people who die young of brain deaths could family members sell their organs would be something positive	0	1	0	0	1	1	1	0	0	0	3.0
3011	We should abolish intellectual property rights	against	people should have a right of ownership to their creations, ideas, and concepts that they created themselves.	1	1	0	0	0	0	0	0	0	0	3.5
1102	We should ban missionary work	in favor of	we should ban missionary work if people are torturing or hurting non believers as has been reported in the past	0	1	0	0	0	1	1	0	0	1	3.0
7187	We should promote mental health	in favor of	A more relaxed approach to mental health would help society and individuals. It would be good for every person to be given psychotherapeutic advice once a year in order to be able to diagnose and treat mental disorders and illnesses at an early stage or even to prevent them.	0	1	0	0	0	1	0	0	0	1	3.333333333333333
6808	We should abandon television	against	television is an effective means of communicating urgent news and weather reports to the masses in a timely manner	1	0	0	0	0	0	0	0	0	1	3.333333333333333
591	We should end mandatory retirement	in favor of	if a person wants to continue working, that is their right.  they should not be forced to stop based on some arbitrary rule made up by someone.	1	0	0	0	1	0	1	0	0	1	3.0
164	We should subsidize Wikipedia	against	there is no need to subsidize a site that isn't necessary	0	0	0	0	0	0	1	0	0	1	3.0
6207	We should subsidize vocational education	against	vocational education should not be subsidized people should fund themselves	0	1	0	0	0	0	1	0	0	0	3.0
4015	We should abolish capital punishment	in favor of	Capital punishment has historically been unfairly used more against minorities and the weak people in society, and I believe it's true today	0	0	0	0	0	0	0	0	0	1	3.333333333333333
1179	We should limit executive compensation	in favor of	Executive compensation should be limited so that those who are at the bottom can make more money.	0	0	0	0	1	1	0	0	0	1	3.333333333333333
2061	We should ban algorithmic trading	in favor of	we should ban algorithmic trading because is difficult in some economics	1	0	0	0	1	0	0	0	0	1	3.333333333333333
2035	We should adopt libertarianism	against	libertarianism should not be adopted as it will give too much power to businesses and rich people to do whatever they want.	0	1	0	0	0	1	1	0	0	0	3.0
3172	We should ban the Church of Scientology	in favor of	it is necessary to eliminate the church of scientology for the safety of people	0	1	0	0	0	1	0	0	0	0	3.5
2327	We should fight for the abolition of nuclear weapons	in favor of	nuclear weapons should be abolished because it brings us one step closer to a nuclear war	0	0	0	0	0	1	0	0	0	1	3.333333333333333
2419	We should adopt libertarianism	in favor of	the government interferes in citizen's lives too much already	0	0	0	0	0	0	1	0	0	0	3.0
2656	We should end the use of economic sanctions	in favor of	economic sanctions do nothing to those in power and ruin the lives of ordinary citizens instead.	0	1	0	0	0	1	0	0	0	1	3.333333333333333
7111	We should impose an IQ test to immigrants	against	This is a huge discrimination.  Everyone should have the chance to develop to a personal level. Or should we all do an IQ-test to stay in our country? Because it could avoid dangerous things like rasicm. 	1	0	0	0	0	0	0	0	0	1	3.333333333333333
558	We should subsidize embryonic stem cell research	in favor of	embryonic stem cell research  can lead to new cures for diseases.	1	1	0	0	0	1	1	0	0	0	3.0
3406	We should ban the Church of Scientology	in favor of	The Church of Scientology is a cult that destroys families and should be banned.	0	1	0	0	0	1	0	0	0	0	3.5
1273	We should ban fast food	against	fast food enables people who lead busy lives to be able to have meals on the go.  this way they do not miss meals.	0	1	0	0	0	1	1	1	0	0	3.0
7341	We should prevent the disorderly expansion of capital.	in favor of	Capital cannot be allowed to take advantage of the power of science and technology to form a monopoly in this particular field, allowing millions of hawkers to have their rice bowls taken away.	0	0	0	0	0	1	0	0	0	0	3.5
4409	We should subsidize journalism	in favor of	Subsidizing journalism can create jobs, thus lowering unemployment.	1	1	0	0	1	1	0	0	0	1	3.333333333333333
1987	We should fight for the abolition of nuclear weapons	in favor of	nuclear weapons should be abolished because it is an ongoing health risk	0	0	0	0	0	1	0	0	0	0	3.5
6471	Blockade of the Gaza Strip should be ended	against	the blockade helps to prevent continued military threats and rocket attacks.	0	0	0	0	0	1	0	0	0	1	3.333333333333333
6769	Intelligence tests bring more harm than good	in favor of	Intelligence tests bring more harm than good because they are culturally biased, so that minority groups and foreigners score lower than they should, which makes them seem inferior.	0	0	0	0	0	0	0	0	0	1	3.333333333333333
3149	We should abolish the Olympic Games	in favor of	we should abolish the olympic games because the money they spend could be used for better things like medical research	0	1	0	0	0	1	1	0	0	0	3.0
1428	We should ban algorithmic trading	in favor of	Algorithmic trading causes substantial job loss for employees in the economic sector with few benefits to the market overall.	0	0	0	0	1	1	1	0	0	0	3.0
639	We should ban fast food	against	banning this is a slippery slope to all sorts of objectively unhealthy food on the market	0	0	0	0	0	0	0	0	0	1	3.333333333333333
5983	Intelligence tests bring more harm than good	in favor of	intelligence tests bring more harm than good since not all intelligence can be tested, for instance, one could be gifted socially and this cannot be tested.	1	1	0	0	0	0	1	0	0	1	3.0
1575	We should ban cosmetic surgery for minors	in favor of	we should ban cosmetic surgery for minors because society is making an unrealistic view on children and expecting them to grow up too quickly.	0	0	0	0	0	1	0	0	0	0	3.5
2882	We should fight for the abolition of nuclear weapons	in favor of	nuclear weapons are an  exhorbitantly costly defence strategy that will never be used, just a deterrant at a huge price.	0	0	0	0	1	1	0	0	0	1	3.333333333333333
6444	Homeopathy brings more harm than good	in favor of	there are no proven scientific studies that can back up the positive effects of homeopathic remedies	0	0	0	0	0	1	0	0	0	1	3.333333333333333
979	We should subsidize journalism	in favor of	We should subsidize journalism because we need to keep local journalism alive so people are aware of what is going on in their community, but small news papers are struggling the most.	0	1	0	0	1	1	0	0	0	1	3.333333333333333
3571	We should ban private military companies	in favor of	only the federal government should be allowed to handle any military training.	0	0	0	0	1	0	0	0	0	0	4.0
919	We should subsidize Wikipedia	against	we should not subsidize wikipedia because it already receives more than enough money through voluntary donations	0	0	0	0	0	1	0	0	0	1	3.333333333333333
3522	We should legalize prostitution	against	Legalizing prostitution encourages the objectification of female bodies, which encourages sexual harassment and commodification.	0	0	0	0	0	1	0	0	0	1	3.333333333333333
2891	We should ban telemarketing	against	telemarketing helps introduce customers to new things and services they may not have heard of had they not been prompted into the subject.	1	1	0	0	1	1	1	0	0	0	3.0
6450	Holocaust denial should be a criminal offence	in favor of	holocaust denial should be a criminal offense because many people suffered a horrible fate,	0	0	0	0	0	0	0	0	0	1	3.333333333333333
6677	We should abandon television	against	television brings a good form of entertainment and education into the home environment.	1	0	0	1	0	0	1	0	0	1	3.0
6406	The vow of celibacy should be abandoned	against	celibacy vows are a choice that people should be allowed to make.	0	0	0	0	0	0	1	0	0	0	3.0
3950	We should cancel pride parades	against	We should not cancel pride parades simply due to freedom of expression, any group can express themselves.	0	0	0	0	0	0	1	0	0	1	3.0
5038	The federal features of the European Treaties need to be strengthened.	in favor of	We must move towards full co-decision power for the European Parliament and the abolition of unanimity for climate, energy, social affairs, and taxation policies.	0	0	0	0	1	0	0	0	0	1	3.333333333333333
7045	We should limit the number of plastic types used for packaging	in favor of	limiting the number of plastic types used for packaging will ease the process of its recycling	1	0	0	0	0	0	0	0	0	1	3.333333333333333
4453	We should abolish the Olympic Games	against	the olympic games inspires people around the world to take up sport and live healthier lives.	0	0	0	0	1	1	0	0	0	0	3.5
2787	We should legalize organ trade	against	we should not legalize the organ trade because it would lead to the exploitation of the poor for the benefit of the rich	0	0	0	0	0	1	0	0	0	1	3.333333333333333
5259	There should be no immigration from non-European or non-first-world countries 	in favor of	Marvelous to see this idea of halting immigration receive the most endorsements on the migration topic. This is really not going according to plan for the globalists! 	0	0	0	0	1	0	1	0	0	0	3.0
545	We should adopt libertarianism	against	We should not adopt libertarianism because people's lives are better when they know they have a social safety net to fall back on, and that they won't starve if they lose their job.	0	1	0	0	0	1	0	0	0	0	3.5
3661	We should subsidize embryonic stem cell research	in favor of	embryonic stem call research can lead to the future of medical developments	1	0	0	0	0	1	1	0	0	0	3.0
4708	India should accept Rohingya refugees	in favor of	Acceptance of the Rohingyas will definitely throw a good impression of the hospitality of our country to the foreign land. This will improve India’s chances to secure permanent membership in United Nations Security Council (UNSC).	0	0	0	0	1	1	0	0	0	1	3.333333333333333
6911	We should promote Zero Budget Natural Farming all over India	against	The name – ‘Zero Budget Natural Farming’ is confusing. If anyone hears the name for the first time, he/she will think that this approach requires no investment. But it requires investment to spend on labor, cow maintenance, and water. The costs are very low when compared with other forms of agriculture, but it is not completely zero. To avoid this confusion, ZBNF was renamed as Subhash Palekar Natural Farming (SPNF). But, it was announced as ZBNF in the budget 2019.	0	1	0	0	1	1	0	0	0	1	3.333333333333333
1215	We should adopt atheism	in favor of	we should adopt atheism, there is not one piece of evidence for religion being fact, yet science is proven. religion is a manipulative tactic based on lies.	1	1	0	0	0	0	1	0	0	1	3.0
770	We should ban the use of child actors	against	banning child actors would limit movies and tv shows. anything with children in the story would be unable to be made. television and movies for children would no longer exist either.	0	0	0	1	0	0	1	0	0	0	3.0
117	We should abandon the use of school uniform	in favor of	forcing children into wearing school uniforms shows our children that they cannot think as individuals and must conform to societies way of thinking.	0	0	0	0	0	0	1	1	0	0	3.0
5932	We should subsidize vocational education	against	vocational education should be no more subsidised than academic education	0	0	0	0	0	1	0	0	0	1	3.333333333333333
2928	We should abolish intellectual property rights	against	intellectual property rights should not be abolished as they ensure that those who have had an original idea, financed research and development get rewarded for their effort and not have their innovation stolen	1	0	0	0	1	0	1	0	0	1	3.0
4282	We should legalize sex selection	against	we shouldn't because that should be decided naturally.	0	0	0	0	0	0	0	0	0	1	3.333333333333333
6550	Intelligence tests bring more harm than good	against	intelligence tests are but one way to give teachers a means to see if a child needs special courses.  an entire course of instruction is not based on just one test, it is only one tool.	1	1	0	0	0	0	0	0	0	1	3.333333333333333
4896	We need to develop partnership between the EU and the AU (African Union)	in favor of	The migration pressure from Africa towards Europe results from a significant difference in perceived quality of life. It is in the interest of the EU and its member states to reduce that difference by working with the AU to level up and develop African nations.	1	0	0	0	0	1	0	0	0	1	3.333333333333333
3708	We should ban human cloning	in favor of	we need to spend money on people who are already alive and need help before we create new ones	0	1	0	0	1	0	0	0	0	1	3.333333333333333
2480	We should end the use of economic sanctions	in favor of	economic sanctions are not effective.	1	0	0	0	0	1	0	0	0	0	3.5
1526	We should abolish capital punishment	in favor of	Capital punishment denies due process by making it impossible for new evidence or good behavior to change the sentence.	0	1	0	0	0	0	0	0	0	1	3.333333333333333
2900	We should fight for the abolition of nuclear weapons	against	nuclear weapons keep us safe without ever having to actually use them.  ridding us of them would leave ourselves open to attack in other ways.  best to keep them	0	0	0	0	1	1	0	0	0	1	3.333333333333333
3710	We should ban whaling	in favor of	whaling is not just cruel, but an indefensible assault on endangered species.	0	0	0	0	0	0	0	0	0	1	3.333333333333333
4762	Donald Trump's Presidency was a good thing	against	Racism &amp; white supremacy has increased in Trump's term.	0	0	0	0	0	0	0	0	0	1	3.333333333333333
338	We should subsidize embryonic stem cell research	in favor of	we should subsidize embryonic stem cell research because it is necessary for the betterment of the human race. we may find cures for aging, diseases, or create new stronger genes.	1	0	0	0	0	1	1	0	0	0	3.0
4502	We should subsidize Wikipedia	against	subsidizing wikipedia would lead to bias in its articles and slanted information	0	1	0	0	0	0	0	0	0	1	3.333333333333333
5301	The EU should be a permanent member of the UN Security Council	in favor of	The idea that France should coordinate its positions on the UN Security Council with the EU is good because it does not request any specific UN decision (i.e recognizing the EU as a 'State'). It is enough that an internal EU-France agreement determines that the representative of France (appointed by agreement between France and EU) will now represent the EU (with veto right), and at the same time all other EU Member States will reinforce this representation by delegating their best specialists and put their own representation in vacancy. 	1	1	0	0	1	1	1	0	0	0	3.0
1662	We should abolish the three-strikes laws	in favor of	the three strike law is too strict for some offenders	0	0	0	0	0	0	0	0	0	1	3.333333333333333
2669	We should ban cosmetic surgery for minors	in favor of	We should ban cosmetic surgery for minors because it sends a message to young people that conventional attractiveness is more important than health.	0	1	0	0	0	1	0	0	0	0	3.5
6179	We should subsidize vocational education	against	vocational education is positive but to be subsidize from the government is wrong as there is other causes which should be subsidized.	1	0	0	0	0	1	1	0	0	0	3.0
233	We should ban the Church of Scientology	in favor of	the church of scientology encourages the isolation of it's members. this may lead to some members essentially being help against their will.	0	1	0	0	0	1	1	0	0	0	3.0
5307	We need a stand-alone European army.	in favor of	Turkey is encroaching on EU territory, Russia is sending its army to the Ukrainian border, and what can we do? Nothing, because nobody is taking us seriously. Our threats are empty and get ignored, and our diplomacy is weak. It's time for the EU to be recognized as a strong force that can and will protect its people and its interests.  	1	0	0	0	0	0	0	0	0	0	3.5
6979	Temples in India can have Gender-Specific rules	against	In the past, there were restrictions to lower castes in temples. But as we progress these restrictions were eliminated. We should value ethics more than customs.	0	0	0	0	0	1	0	0	0	1	3.333333333333333
5045	Council meetings should be open to the public and the press	in favor of	Transparency is the first key to real democracy. Although today, Council meetings are partially live-streamed, most of the meetings are behind closed doors. This is an especially big problem with the Eurogroup and Eurosummit, which are shady informal meetings.  Or think about all the meetings between diplomats (Coreper) and civil servants (working groups and committees), where ±90% of decisions are made, for the Council to be rubberstamped. Meetings that most citizens don't even know about. 	0	1	0	0	1	0	0	0	0	1	3.333333333333333
5244	We need a single immigration policy.	in favor of	We do need migrants, from an ethical and practical point of view. Europe is old and archaic in most of its practices. Innovation is failing and the best we can do is defend the status quo and the old people in power.   	1	0	0	0	0	0	1	0	0	1	3.0
4824	British people who are residents in an EU country should have EU-wide rights	against	The British voted to leave the EU therefore all British have the same obligations as immigrants from non-EU countries.	0	1	0	0	0	0	1	0	0	1	3.0
5510	The use of public defenders should be mandatory	against	the government has enough obligations without having to provide court services	1	1	0	0	1	1	1	0	0	0	3.0
2959	We should subsidize space exploration	against	space exploration is too costly and there aren't enough tangible benefits to justify subsidization	0	0	0	0	1	0	0	0	0	1	3.333333333333333
2679	We should adopt a multi-party system	in favor of	a key advantage of a multi-party system is that voters have a choice of which political party they can choose to elect.	0	0	0	0	1	0	1	0	0	0	3.0
4697	India should have 'One Nation - One Election' policy 	against	When state elections are conducted along with the center the regional parties may get marginalized because the same party getting majority in the center may get votes in the state as well.	0	0	0	0	1	0	1	0	0	1	3.0
4760	Chinese products should be banned in India	in favor of	China is blocking India's bid to list Masood Azhar as a terrorist. Not just this, China is blocking India from becoming a member of Nuclear Suppliers Group (NSG) using its veto power. On one hand China wants to maintain good trade relations with India, and on the other hand, it is acting against India in many cases. So, maintaining good trade relations with China may not be a good thing. 	0	0	0	0	0	1	0	0	0	1	3.333333333333333
2102	We should fight for the abolition of nuclear weapons	against	they are a valuable deterrant to having another world war.	0	0	0	0	1	1	0	0	0	1	3.333333333333333
5477	Payday loans should be banned	against	payday loans provide needed finance those those who need it most	0	1	0	0	0	1	0	0	0	1	3.333333333333333
4268	We should oppose collectivism	against	with collectivism, more social programs are established, allowing the underprivileged to get the healthcare they deserve.	0	1	0	0	0	1	0	0	0	1	3.333333333333333
7330	We should prohibit capital monopoly.	in favor of	Capital monopoly hinders the efficient allocation of resources and causes waste of resources.	1	0	0	0	1	1	0	0	0	0	3.5
6653	The use of public defenders should be mandatory	against	Public defenders are paid poorly and overworked, once people can no longer become private criminal justice lawyers no one will want to be a public defender and you will have a lack of lawyers.	1	0	0	0	1	0	1	0	0	1	3.0
6897	Homeschooling should be banned	against	homeschooling programs use curricula similar to schools so that the kids will be just as prepared as students in regular schools. also, some kids are better at learning one-on-one rather than in a classroom.	1	0	0	0	0	0	1	0	0	1	3.0
5840	We should abandon television	in favor of	television giving most lies to the people and knowing that people will be distracted from truth.	0	1	0	0	0	0	1	0	0	0	3.0
2138	We should adopt a zero-tolerance policy in schools	against	a zero-tolerence is too harsh, children get reprimanded for even the most innocent act.	0	1	0	0	0	0	0	0	0	1	3.333333333333333
846	We should subsidize student loans	in favor of	Students are and will always be the backbone of the society. It's compulsory to support these growing students in becoming true, well educated citizens to support the economy.	1	0	0	0	1	1	0	0	0	0	3.5
3974	We should stop the development of autonomous cars	against	autonomous cars are the future. much safer than driving home drunk.	0	0	0	0	0	1	0	0	0	0	3.5
56	We should ban whaling	in favor of	whaling is a barbaric practice that destroys majestic animals	0	0	0	0	0	0	0	0	0	1	3.333333333333333
795	We should ban fast food	in favor of	fast food threatens the health of many americans.	0	0	0	0	0	1	0	0	0	0	3.5
4462	We should legalize organ trade	in favor of	"organ trade is excellent way to continue the process to help more people who are in need of a new organ, a ""pay it forward"" concept and should be legal"	0	1	0	0	0	1	1	0	0	0	3.0
4600	India should store the data within the territorial boundaries of the country	in favor of	Data localization is important for data sovereignty, which means the data of the citizens should be owned by the respective governments and not by other countries.	0	1	0	0	1	0	1	0	0	0	3.0
346	We should abolish zoos	in favor of	zoos should be abolished so that animals can thrive in a setting that allows them to roam free	0	1	0	0	0	0	0	0	0	1	3.333333333333333
1973	We should ban algorithmic trading	against	algorithmic trading is fast and efficient and better able to deal with data	1	1	0	0	1	0	0	0	0	1	3.333333333333333
7097	We should reduce environment pollution by limiting number of people in Europe	against	We just need to define the values and laws of our utopia and give people the resources to join together in building it.	1	1	0	0	0	1	0	0	0	0	3.5
5114	The EU needs more effective policies to combat online hate speech	against	I have advice on how you can defend against anything on the Internet. Turn it OFF. And one more piece of advice, try to study something about freedom and responsibility, they are not just mere words. Plato, Socrates, Hayek, Borovský, Auberon Herbert, Herbert Spencer, Roger Scruton, Ronald Reagan (speeches), Ben Shapiro, Jordan Peterson ... There are texts thousands of years old and also recent books ... you can start anywhere you wish ...	1	1	0	0	0	0	1	0	0	0	3.0
5768	The use of public defenders should be mandatory	against	People have a right to be represented by the best when they are facing potential fines, incarceration, or worse. Mandating public defenders strips people of this right.	0	0	0	0	1	1	1	0	0	1	3.0
2125	We should subsidize Wikipedia	against	we shouldn't subsidize wikipedia because pages on wikipedia is user created and isn't always accurate	1	1	0	0	0	0	1	0	0	1	3.0
365	We should abolish intellectual property rights	in favor of	it can be expensive to maintain property rights and therefore it should be abolished so that everyone has an even chance.	1	0	0	0	0	1	1	0	0	1	3.0
4226	We should adopt libertarianism	against	states needs laws and governing bodies, otherwise there could be anarchy. we should therefore not adopt libertarianism.	0	0	0	0	1	1	0	0	0	1	3.333333333333333
2497	We should abolish capital punishment	in favor of	capital punishment is inhumane as all life is precious and we should be the better man to spare and forgive the offenders	0	1	0	0	0	0	0	0	0	1	3.333333333333333
2553	We should subsidize space exploration	in favor of	space exploration is needed to see how space can affect us here	1	0	0	0	0	0	1	0	0	1	3.0
1765	We should end the use of economic sanctions	in favor of	we could not support economic sanctions as it only hurts both countries financially in the long run.	0	0	0	0	1	1	0	0	0	1	3.333333333333333
1204	We should ban the use of child actors	against	and if we forbid it, who will play the role of the children? this is a decision only of parents and children, the government should not get involved	0	1	0	0	0	0	1	0	0	0	3.0
2760	We should ban cosmetic surgery	against	cosmetic surgery can help people with self esteem issues	1	1	0	0	0	1	1	0	0	1	3.0
3663	We should oppose collectivism	in favor of	collectivism is prejudiced and should not be acceptable	0	0	0	0	0	1	0	0	0	1	3.333333333333333
5266	We need an inclusive and pluralistic European society	in favor of	Complex problems are faced by deepening study, not by pretending they don't exist.	1	0	0	0	0	0	1	0	0	1	3.0
2971	We should ban algorithmic trading	in favor of	algorithms can be hacked and therefore the data isn't safe, and should therefore be banned.	0	1	0	0	0	1	0	0	0	0	3.5
4241	We should abolish zoos	in favor of	we should abolish zoos because it's cruel to keep wild animals in small enclosures and spaces just for our amusement.	0	0	0	0	0	0	1	0	0	1	3.0
477	We should adopt a zero-tolerance policy in schools	against	it is unfair on those being bullied to punish them the same as you punish the bully	0	1	0	0	0	0	0	0	0	1	3.333333333333333
4528	We should subsidize embryonic stem cell research	in favor of	embryonic stem cell research has the potential to help cure some of the most devastating diseases	1	0	0	0	0	1	0	0	0	1	3.333333333333333
2363	We should end the use of economic sanctions	in favor of	we should end the use of economic sanctions because they rarely achieve their desired aims while causing unitended harm to large number of people	0	1	0	0	0	1	1	0	0	1	3.0
4088	We should end mandatory retirement	against	mandatory retirement allow new workers a chance	0	0	0	0	0	0	0	0	0	1	3.333333333333333
4551	We should subsidize space exploration	in favor of	we should because we can still learn so much about space.	1	0	0	0	0	0	1	0	0	0	3.0
6951	Indian government should increase the minimum legal age of marriage for girls from 18 to 21 years	against	As per the government data of 2017, the average age of marriage for women is increased to 22.1 years. So, the change is voluntary. The change was mainly due to the improving education among women. So, the solution lies in encouraging education for girls, conducting awareness programs on the importance of education, financial independence and the consequences of teenage pregnancies should be conducted instead of passing a law to bring a real change in society.	1	0	0	0	0	0	1	0	0	0	3.0
669	We should stop the development of autonomous cars	against	autonomous cars reduce the risk of human error, thus leading to safer roads.	0	0	0	0	0	1	0	0	0	0	3.5
4742	India should accept Rohingya refugees	in favor of	India has always been kind to refugees. Hence, the same spirit should be continued in the case of Rohingya community.	0	1	0	0	0	0	0	0	0	1	3.333333333333333
5366	 The European Union shall guarantee its territorial integrity against threats from Russia and shall seek to eliminate the influence of Russia in Central and Eastern Europe.	in favor of	The integration of Eastern Europe should be a priority. Most of them are pretty small countries so they would not constitute an economic burden if that is what all is about.  Should we wait for those countries to 'be prepared, politically and economically, or just the other way around, we should integrate them already, so that EU membership boosts their development? They are as much Europeans as we are.  	0	1	0	0	0	1	0	0	0	1	3.333333333333333
5952	Assisted suicide should be a criminal offence	against	we have the right to make our own medical decisions and should be allowed to end our own lives if we are terminally ill	0	0	0	0	0	1	1	0	0	0	3.0
5119	The EU should enforce the obligation to respect the Rule of Law within its borders	in favor of	Several member states have been turned into dictatorships a year ago, and there is no sign of a return to democracy. Freezing temporarily their EU membership status is to be considered to those where there is no more freedom in crossing borders (BE), even inside borders (DE, FR), no more press freedom (most), no more debate (most), no more press or individual liberty.	0	0	0	0	0	0	1	0	0	1	3.0
6620	We should subsidize vocational education	in favor of	our workforce is too focused on white collar jobs and we need hands on dirty work to keep america running	1	1	0	0	0	1	0	0	0	0	3.5
6884	Payday loans should be banned	against	for some people, a payday loan is all that keeps them from losing it all.  we cannot remove this vital lifeline.	0	0	0	0	1	1	0	0	0	0	3.5
4608	Political parties should be brought under RTI (Right to Information) Act	in favor of	Political parties declare certain promises in their manifestos. After getting elected, the citizens have a right to know why the promises made by the political parties were not fulfilled.	0	1	0	0	0	0	0	0	0	1	3.333333333333333
1148	We should abolish safe spaces	in favor of	"safe spaces are  a waste of time, and, honestly, can't even really be considered all that ""safe."""	1	0	0	0	0	0	1	0	0	1	3.0
2609	We should adopt an austerity regime	in favor of	an austerity regime helps to balance the nation's budget and reduce national debt.	0	1	0	0	1	1	0	0	0	0	3.5
6671	Surrogacy should be banned	in favor of	surrogacy often involves exploitation of surrogates from poor and developing countries	0	0	0	0	0	0	0	0	0	1	3.333333333333333
3602	We should ban factory farming	in favor of	the end does not justify the means, the factory farming is cruel, inhuman and immoral, you. you can argue what you want, but that does not erase the facts.	0	0	0	0	0	0	0	0	0	1	3.333333333333333
4381	We should adopt a multi-party system	in favor of	a multi party system allows far better choices for the diverse population, meaning they can find someone to vote for that they truly believe in and participate in a democracy better	1	0	0	0	1	0	1	0	0	1	3.0
5801	Homeschooling should be banned	against	homeschooling can be best for those with alternative learning needs	1	0	0	0	0	0	1	1	0	1	3.0
6035	Blockade of the Gaza Strip should be ended	in favor of	the blockade is hurting free trade.	1	0	0	0	1	1	1	0	0	1	3.0
6928	Nuclear disarmament is necessary	in favor of	Several terrorist organizations are also trying very hard to obtain nuclear weapons. Now if by any chance they get nuclear arms there we can’t even imagine the destruction.	0	0	0	0	0	1	0	0	0	1	3.333333333333333
5621	Surrogacy should be banned	against	having a child that is genetically connected to you is very important to many people	0	1	0	0	0	1	1	1	0	0	3.0
1870	We should legalize sex selection	against	sex selection could lead to genetic abnormalities and start society on a slippery slope of genetic editing at a time when it is an imperfect, untested procedure that could lead to horrific outcomes.	0	1	0	0	0	1	0	0	0	0	3.5
6186	Foster care brings more harm than good	in favor of	Many studies have pointed to the deleterious impact of foster care on children physical health, cognitive and academic functioning, and social-emotional wellbeing	1	1	0	0	0	1	0	0	0	0	3.5
7246	We should promote awareness in society of what migrants are contributing. 	against	Misconceptions like the view that mass migration is somehow 'good' need to be clearly pointed out.	0	1	0	0	0	0	0	0	0	1	3.333333333333333
4670	Companies should fight moonlighting	against	Moonlighting can help in upskilling. A few people want to learn new skills apart from what they are working on in their primary job. This can help them in developing expertise in their field. Some might get bored with monotonous jobs and hence take up second jobs to learn new skills and thereby make their days exciting.	1	0	0	0	0	0	1	1	0	0	3.0
6178	Foster care brings more harm than good	against	foster care is a great thing that enables children to have a family when theirs is not able to take care of them.	0	1	0	0	0	1	0	0	0	0	3.5
485	We should oppose collectivism	in favor of	collectivism is unfair to large populations and should be stopped	0	0	0	0	0	1	0	0	0	1	3.333333333333333
6013	We should subsidize vocational education	against	vocational education should not be subsidized as it would place extra strain on the education budget.	0	0	0	0	0	1	0	0	0	0	3.5
6862	Foster care brings more harm than good	against	foster care is important to assist families.  they provide resources and support to the children when their parents are unable to care for them.	0	1	0	0	0	1	0	0	0	0	3.5
3751	We should adopt an austerity regime	against	austerity regime will put more pressure on taxpayers	0	0	0	0	0	1	0	0	0	0	3.5
6817	Blockade of the Gaza Strip should be ended	in favor of	it should because it is causing more problems than it is helping.	0	1	0	0	0	1	0	0	0	1	3.333333333333333
2095	We should ban the use of child actors	against	without child actors there will be no characters for actual children to relate to	1	1	0	0	1	0	1	1	0	0	3.0
940	We should end the use of economic sanctions	in favor of	economic sanctions cause hard feelings between nations and can cause war.	0	0	0	0	0	1	0	0	0	1	3.333333333333333
3099	We should ban the use of child actors	in favor of	we should prohibit this because it affects the development and normal behavior of children	1	1	0	0	0	1	0	0	0	0	3.5
905	We should subsidize embryonic stem cell research	against	the nhs has limited funding and this should be spent providing care for those that need it rather than wasting it on research that may not help solve anytihng	1	1	0	0	0	1	0	0	0	1	3.333333333333333
6496	Foster care brings more harm than good	in favor of	children in foster care are often exposed to maltreatment and do not have a strong connection with their foster families.	0	1	0	0	0	1	0	0	0	1	3.333333333333333
3660	We should legalize organ trade	against	Organ trading would pressure poor people to take great risks with their bodies in exchange for short term gains; it is an unfair position to put them in.	0	1	0	0	0	1	0	0	0	1	3.333333333333333
3893	We should abandon the use of school uniform	in favor of	people should be able to wear whatever they want.  a school uniform stunts students' creativity.	0	0	0	0	0	0	1	1	0	0	3.0
4853	Migrants should be housed in EU bureaucrats' neighborhoods	in favor of	I think EU bureaucrats and politicians should set an example for the rest of, Merkle in particular. They should also donate 30% of their wages to them.	0	1	0	0	0	0	0	0	0	0	4.0
5554	We should abandon television	in favor of	i thinkwe should abandon television only social and educational	1	0	0	0	0	1	0	1	0	0	3.5
4992	We need a better distribution of refugees	against	The key to successful immigration depends upon the possibility of employment.  So EU members are to decide whom they want to admit.  	0	0	0	0	1	0	1	0	0	0	3.0
4676	We should stop using cash	in favor of	COVID Pandemic increased the number of cashless transactions. They can prevent the spread of contagious diseases.	0	1	0	0	0	1	0	0	0	1	3.333333333333333
5454	Foster care brings more harm than good	in favor of	Unlike orphanages in which siblings can largely stay together with the hope of being adopted together, the foster care splits siblings up based on available homes and does very little to try and reunite families.	0	1	0	0	0	1	0	0	0	0	3.5
3667	We should legalize sex selection	in favor of	people can have strong feelings about which sex child they have. they should be able to choose for themselves and not have to rely on chance.	0	0	0	0	0	0	1	0	0	0	3.0
2160	We should abolish safe spaces	against	We should not abolish safe spaces as people need somewhere to feel safe if they are persecuted.	0	1	0	0	0	1	1	0	0	1	3.0
6772	Homeschooling should be banned	in favor of	homeschooling should be banned as it prohibits a child from experiences all the opportunities that public and private schools offer.	1	0	0	0	0	0	0	1	0	1	3.333333333333333
151	We should abolish safe spaces	in favor of	safe places are not needed. people need to adjust to the world in which they live in and stop trying to always seek protection from the things they don't like.	1	1	0	0	0	0	1	1	0	0	3.0
2693	We should subsidize space exploration	in favor of	space exploration should be subsidized as it will benefit us in the future with technology advancements.	1	1	0	0	0	0	1	0	0	0	3.0
2205	We should ban algorithmic trading	against	algorithmic trading has increased trading which is good for the economy	1	0	0	0	1	0	0	1	0	0	3.5
3536	We should stop the development of autonomous cars	in favor of	we should stop the development of autonomous cars because they don't have reflexes like people and therefore would probably not be able to prevent accidents like people can	1	1	0	0	0	1	0	0	0	0	3.5
1812	We should ban factory farming	against	factory farming requires a load of workforce and provides a lot of jobs opportunities	1	1	0	0	1	1	0	0	0	0	3.5
3888	We should adopt an austerity regime	against	austerity regime should not be introduced as this will have a negative impact on  services which vulnerable people rely on such as benefits.	0	0	0	0	0	1	0	0	0	1	3.333333333333333
4116	We should ban private military companies	against	private military companies take the pressure away from the regular military leaving them less thin on the ground.	1	0	0	0	0	1	0	0	0	1	3.333333333333333
6950	Indian government should increase the minimum legal age of marriage for girls from 18 to 21 years	in favor of	As several girls are married at 18 years, they are not having financial independence. This is resulting in dependence on their husbands for survival. The dependence will force them to stay in the relationship even if it is abusive. So, raising the minimum legal age for marriage can empower women and can help them in achieving financial independence before marriage.	0	0	0	0	1	0	1	0	0	1	3.0
6797	Foster care brings more harm than good	against	foster care was established to help a child with a home rather than an orphanage.  it is not just a warehouse for kids but helps them develop by learning what it is to be in a loving home.	0	1	0	0	0	1	0	0	0	0	3.5
1692	We should ban algorithmic trading	against	algorithmic trading has helped the trading industry due to the high level of accuracy that it provides, there is no human error	1	1	0	0	1	1	0	0	0	1	3.333333333333333
7171	We should support Frontex.	in favor of	Frontex is a key agency and is called to play a crucial role in the coming years. Yet, it lacks the necessary political support it deserves to carry out its mission. 	1	0	0	0	0	0	0	0	0	0	3.5
72	We should legalize cannabis	in favor of	Legalizing marijuana would lead to a reduction in gang-related drug violence.	0	0	0	0	0	1	0	0	0	0	3.5
5123	The EU needs a free but correct press	in favor of	We are increasingly witnessing malicious journalism, corrupted by feelings and disinformation. The purpose of the press services must, as soon as possible, be to bring the news back to the public in the most detailed and detailed manner possible, without inciting malicious and incorrect drawing of attention.	0	1	0	0	0	0	1	0	0	1	3.0
6398	Surrogacy should be banned	against	surrogacy shouldn't be banned because it decent payment for the surrogates	1	0	0	0	1	0	1	0	0	0	3.0
7305	We should protect our privacy in the Internet age.	in favor of	Most people have to rely on centralized information distribution and dissemination platforms to publish information. It is easy to control the output and control of ideology, social ideas and hotspots.	0	0	0	0	0	1	0	0	0	0	3.5
2568	We should cancel pride parades	against	pride parades should be permitted because all people should be allowed to celebrate what they believe in.	0	0	0	0	0	1	1	0	0	1	3.0
4125	We should abolish the three-strikes laws	in favor of	this law is unfair to those who's third crime is minor and thought should be given to changing the criteria of the third crime.	0	1	0	0	0	0	0	0	0	1	3.333333333333333
3242	We should end mandatory retirement	in favor of	mandatory retirement amounts to age discrimination and can leave those who are forced to retire without the sense of purpose that work could bring.	0	0	0	0	0	1	1	0	0	1	3.0
6187	Homeopathy brings more harm than good	in favor of	Homeopathic and naturalistic propaganda has spillover harms such as reducing vaccine usage.	0	0	0	0	0	1	0	0	0	1	3.333333333333333
3635	We should adopt an austerity regime	in favor of	an austerity regime allows for the restructuring of economic for a country which can provide financial benefits.	1	0	0	0	1	1	0	0	0	0	3.5
3753	We should fight for the abolition of nuclear weapons	in favor of	The material used to build bombs, radioactive and otherwise, could be used for industrial purposes, creating jobs and generally strengthening the economy.	0	1	0	0	1	1	0	0	0	0	3.5
4775	We should ban kids' reality shows	against	Reality shows act like a launchpad for children into the film industry. Some of the present singers, choreographers are made into the movies through reality shows for children.	1	0	0	0	0	0	0	0	0	0	3.5
4493	We should ban fast food	against	people have the free will to choose what they want to eat regardless of how unhealthy it is	0	0	0	0	0	0	1	1	0	0	3.0
3815	We should introduce compulsory voting	in favor of	compulsory voting would require everyone to participate in our democracy and ensure that a candidate is selected by more than just the 10 or 20 percent of the population that gets out to vote.	0	1	0	0	1	0	0	0	0	1	3.333333333333333
5541	Surrogacy should be banned	against	surrogacy can help lgbt couple have children.	0	1	0	0	0	0	0	0	0	0	4.0
1007	We should adopt libertarianism	against	Libertarianism would end all the state run programs that people rely on.	0	1	0	0	0	1	0	0	0	1	3.333333333333333
6384	Foster care brings more harm than good	in favor of	Foster care brings more harm than good as it can leave children with the impression that they are a burden to be passed off to others whenever they become too much of an issue for someone.	0	1	0	0	0	1	0	0	0	1	3.333333333333333
1596	We should fight for the abolition of nuclear weapons	in favor of	when we demand other countries do not have nuclear weapons it is illegitimate and hypocritical to continue having our own	0	1	0	0	0	1	0	0	0	1	3.333333333333333
5403	Homeopathy brings more harm than good	against	homeopathy is a natural way to cure a disease.	0	0	0	0	0	1	0	0	0	1	3.333333333333333
2027	We should abolish the Olympic Games	against	the olympic games create a tourism boom for the host city which injects a lot of cash which can be used to better locals so it shouldn't be abolished.	1	0	0	0	1	1	0	0	0	0	3.5
7265	We should introduce digital identity authentication on social media that has more than 100,000 users	in favor of	Anonymity is at least as much as important as Identity.  Today it is very easy to be anonymous, but hard to prove the identity of opinion and establish a public web of trust.  Anonymity enables powerful identities to control the messages, and therefore the identity-seeking masses. 	0	1	0	0	0	0	1	0	0	1	3.0
94	We should subsidize Wikipedia	against	subsidizing wikipedia could be a back gateway to some form of governmental control, debasing the validity of the articles and information provided.	0	1	0	0	0	1	1	0	0	1	3.0
2836	We should ban factory farming	in favor of	factory farms produce a lot of pollution	0	0	0	0	0	0	0	0	0	1	3.333333333333333
5055	Council meetings should be open to the public and the press	against	It would render the meetings useless since they would only be able to express official statements and instead negotiate new ideas without pressure.	1	0	0	0	0	0	1	0	0	0	3.0
2607	We should adopt a multi-party system	against	a multi-party system could add more complexity and create situations where issues become impossible to resolve.	0	0	0	0	1	1	0	0	0	0	3.5
1066	We should subsidize Wikipedia	against	wikipedia often contains false information and so can lead to people believing that have no validity in reality.	1	1	0	0	1	0	0	0	0	1	3.333333333333333
4479	We should end mandatory retirement	against	mandatory retirement means that there opportunities for younger people become available regularly and people retire  before they become inefficient at their jobs.	1	1	0	0	0	1	0	0	0	1	3.333333333333333
1463	We should legalize sex selection	in favor of	sex selection is a choice between parents and their doctor; if the parents insist on having a boy to, say, balance out a family full of girls, then what's the problem with that?	0	1	0	0	0	0	1	0	0	0	3.0
3896	We should ban private military companies	against	the government cannot keep up with the supply and demand of our military and banning private military companies would prove to be detrimental by creating shortage of supplies.	0	0	0	0	1	1	0	0	0	0	3.5
1747	We should subsidize journalism	against	State subsidies for jouranalism aren't supported by a majority of the populace, making it undemocratic and not something the state should do.	0	0	0	0	0	0	1	0	0	1	3.0
6423	Surrogacy should be banned	in favor of	people who are against surrogacy believe that surrogacy forces the surrogate to emotionally detach herself from the baby and therefore she is unable to form a natural bond with the child	0	1	0	0	0	1	0	0	0	0	3.5
3803	We should subsidize student loans	against	student loan debt is crippling our young people's ability to fully participate in the economy	1	0	0	0	0	1	0	0	0	1	3.333333333333333
1650	We should ban cosmetic surgery	in favor of	we are propagating unnatural and unattainable beauty norms by fueling an industry that operates on those that can afford it, to look as close to perfect as possible	0	1	0	0	0	1	0	0	0	1	3.333333333333333
1829	We should ban the use of child actors	against	child actors are supervised constantly, are well taken care of, and have tutors on set to keep them from falling back in school.	1	1	0	0	0	1	0	0	0	0	3.5
4341	We should legalize cannabis	in favor of	is a herbaceous species of the cannabaceae family, also called marijuana, which occasionally has medicinal use	0	0	0	0	0	1	0	0	0	1	3.333333333333333
6158	Surrogacy should be banned	in favor of	surrogacy should be banned because it could cause emotional damage to the carrier.	0	0	0	0	0	1	0	0	0	0	3.5
5231	We do not need immigration from non-European or non-first-world countries. 	in favor of	We are Europeans; this is not racism but we don't support growth. If we accept many immigrants then we make a huge stop in the growth of the migrant countries, because I am 100% sure that they will never ever go back to their country.	0	1	0	0	0	1	1	0	0	1	3.0
1449	We should oppose collectivism	against	collectivism promotes a greater sense of community where people care about each other's welfare.	0	1	0	0	0	1	0	0	0	1	3.333333333333333
6821	Foster care brings more harm than good	against	foster care gives children a safer place to go than with abusive family members.	0	0	0	0	0	1	0	0	0	0	3.5
3912	We should abolish the three-strikes laws	in favor of	the three-strikes laws prevent rehabilitation for those who have committed minor offensives such as substance abuse treatment that can prevent future criminal acts.	0	1	0	0	0	1	0	0	0	1	3.333333333333333
2329	We should legalize sex selection	in favor of	we should be able to choose the sex we wish to have.	0	0	0	0	0	0	1	0	0	0	3.0
7079	We should increase the EU budget by including more direct contributions	in favor of	The money from this could be allocated to pan-European projects, new citizen services, etc, tangible and prestigious results that may prompt others to join in.	1	1	0	0	1	1	0	1	0	1	3.333333333333333
2700	We should ban cosmetic surgery for minors	against	parents of minors should be the people making the determination as they know the needs of their own children over government enforcing bans that impede on such.	0	1	0	0	0	0	1	0	0	0	3.0
6374	Surrogacy should be banned	against	it allows couples to have children who can't have them on their own.	0	1	0	0	0	1	1	0	0	0	3.0
7362	We should vigorously develop the countryside.	against	The future of the rural market will certainly be prosperous, but at present it is barren, and the risk of investing in business is still relatively high. This largely limits young people's footsteps.	1	0	0	0	0	1	0	0	0	0	3.5
5861	The use of public defenders should be mandatory	in favor of	public defenders are an important part of the judicial system are necessary for those who cannot afford their own attorney.	0	0	0	0	0	1	0	0	0	1	3.333333333333333
616	We should ban factory farming	against	factory farming is needed in order to feed our ever increasing population.	0	0	0	0	0	1	0	0	0	0	3.5
7315	We should restrict minors from playing online games.	against	Ban them from playing games and they may indulge in short videos on Douyin.	0	0	0	0	0	0	1	0	0	0	3.0
1609	We should abolish zoos	against	zoos can aid conservation by raising awareness of animals that are facing extinction and raising funds to support them in the wild.	0	0	0	0	1	0	0	0	0	1	3.333333333333333
3856	We should adopt libertarianism	in favor of	libertarianism is the ultimate expression of freedom.	0	0	0	0	0	0	1	0	0	1	3.0
4624	IT recruiters should consider skills instead of a degree in programming	in favor of	People switch careers even after working in one field for several years because our interests do change. So, when someone can do this while having so many personal responsibilities, it is much easier for youngsters to learn a new skill. 	1	0	0	0	0	0	1	1	0	1	3.0
930	We should ban cosmetic surgery	against	people have the right to enhance their body in any way they want to.	0	0	0	1	0	1	1	0	0	1	3.0
2284	We should abolish safe spaces	against	people should be able to speak their minds and share without being ridiculed or harassed.	0	1	0	0	0	1	1	0	0	1	3.0
5371	The EU should integrate the armed forces of its member states	in favor of	Absolutely right. Europe needs an army for continental defense. Conscription must be introduced at the European level. The army must have the most modern weapons to deter Russia, Turkey, and China.	0	0	0	0	1	1	0	0	0	1	3.333333333333333
5652	Homeschooling should be banned	against	homeschooling allows for one on one teaching as well as allowing a student to learn in a safe environment	1	0	0	0	0	0	1	0	0	0	3.0
4781	Aadhaar should be made mandatory in India	against	Failed biometric authentication.	0	0	0	0	0	0	1	0	0	0	3.0
5150	The EU needs more effective policies to combat online hate speech	in favor of	The internet has provided unprecedented opportunities to express and comment on almost anything. But this also brings with it responsibility. Where is the boundary between freedom of expression and speech hate speech, which is no longer tolerated by the law? How can we oppose such acts – such as insults, vulgarism, or threats on social networks? Or can everyone say anything on the internet?	0	1	0	0	0	0	0	0	0	1	3.333333333333333
5669	We should subsidize vocational education	in favor of	we subsidize colleges for doctors and lawyers etc so we should also subsidize education for other occupations as well such as mechanics, hair dressers, construction workers and so on.	1	1	0	0	0	0	0	0	0	1	3.333333333333333
903	We should ban private military companies	against	military is a big organization that needs private company to supply their needs	1	1	0	0	1	1	0	0	0	1	3.333333333333333
959	We should adopt libertarianism	in favor of	Libertarianism increases individual liberties by preventing the government from controlling every aspect of our lives.	0	0	0	0	0	0	1	1	0	0	3.0
1841	We should ban fast food	against	people need to be allowed to make their own food choices, for some people ithout thir own kitchen then fast food may be the only way they can ever get a hot meal	0	1	0	1	1	1	1	0	0	0	3.0
671	We should adopt libertarianism	in favor of	libertarianism allows people to make their own choices without government interference.	0	0	0	0	0	0	1	0	0	0	3.0
2338	We should limit executive compensation	in favor of	workers would be more motivated to do a good job if they were compensated more instead of giving the executives so much	1	0	0	0	1	0	0	0	0	0	3.5
5591	Homeopathy brings more harm than good	in favor of	people using a homeopathic approach to treatment can accidentally end up overdosing on their herbal treatment and making themselves more sick.	0	0	0	0	1	0	0	0	0	0	4.0
6868	Foster care brings more harm than good	in favor of	some foster carers are doing it just for the money and don't really care about the children.	1	1	0	0	0	1	0	0	0	1	3.333333333333333
6872	Blockade of the Gaza Strip should be ended	in favor of	Since the blockade began, it has failed to decrease Hamas activity or violence against Israel in any meaningful way, failing at its main objective.	1	0	0	0	1	1	0	0	0	1	3.333333333333333
2155	We should abolish the Olympic Games	against	the olympics bring people together and form fun rivalries between countries, all vying for a top spot among the world's athletes	1	0	0	1	0	1	0	1	0	1	3.333333333333333
5981	Assisted suicide should be a criminal offence	against	people must be able to decide what to do or not with their lives therefore assisted suicide is an alternative	0	0	0	0	0	0	1	0	0	0	3.0
5490	Surrogacy should be banned	against	surrogacy is very important in helping couples who can't procreate have children.	0	1	0	1	0	1	1	1	0	0	3.0
7352	We should ease the education involution.	in favor of	"A society's value of education should not remain ""score-only"" and ""testing-only""."	1	0	0	0	0	0	1	0	0	1	3.0
3771	We should subsidize Wikipedia	in favor of	wikipedia provides so much information to the world that it is time we subsidize it.	1	0	0	0	0	0	1	0	0	0	3.0
5777	We should abandon television	against	television is still a vital line of communication of information for many people and needs to be maintained	1	1	0	1	1	1	1	0	0	1	3.0
64	We should legalize organ trade	in favor of	if we legalize the organ trade we will save lives, by ensuring that more people who need an organ transplant actually get one.	0	0	0	0	0	1	1	0	0	0	3.0
6399	Homeopathy brings more harm than good	against	natural medicine is safer and is proven to work as well as traditional medicine.	1	0	0	0	0	1	1	0	0	0	3.0
6162	Social media brings more harm than good	in favor of	social media allows predators into your home and skews mindsets.	0	0	0	0	0	1	1	0	0	0	3.0
1235	We should ban missionary work	against	missionary work allows volunteers to do productive work in a foreign country	1	1	0	0	0	0	0	1	0	1	3.333333333333333
1565	We should ban human cloning	against	human cloning should not be banned because it may lead to the ability to generate human organs for transplant which would save many lives	1	0	0	0	0	1	1	0	0	1	3.0
1025	We should ban the Church of Scientology	in favor of	the church of scientology should be banned simply because it's wrong for a belief system to dictate how your medical care can and cannot happen - like psychiatry.	0	0	0	0	0	1	1	1	0	0	3.0
4774	We should ban kids' reality shows	against	Reality shows give opportunity for children to bring out their hidden talents and to finess their skills.	1	0	0	1	0	1	1	1	0	0	3.0
3848	We should legalize organ trade	in favor of	we should legalise organ trade because it could save so many lives.	0	0	0	0	0	1	0	0	0	0	3.5
7188	We should promote mental health	in favor of	A psychological examination should be part of child screening, together with counseling to parents (e.g. dealing with children’s own concerns and fears, or increasing self-confidence among children and parents). It would also make it easier to protect children from violence, for example by overwhelming them, or to recognize them in the home and learn from the outset how to take care of their mental health. 	1	1	0	0	0	1	0	0	0	1	3.333333333333333
2458	We should adopt atheism	in favor of	there are a lot of religions that take advantage of people. atheism eliminates that from happening.	0	0	0	0	0	1	0	0	0	1	3.333333333333333
2447	We should abolish the right to keep and bear arms	in favor of	the average person has no reason to need a firearm, and most people aren't competent enough to be trusted with something so dangerous.	1	1	0	0	0	1	0	0	0	1	3.333333333333333
3565	We should adopt atheism	in favor of	atheism gives everyone a clean slate of non belief	1	0	0	0	0	0	1	0	0	1	3.0
5350	We need legal ways of migration.	against	Migrants have a complete lack of critical thinking.  	1	0	0	0	0	0	1	0	0	1	3.0
6301	We should subsidize vocational education	in favor of	we should subsidize vocational education because it would improve student life outcomes and improve the economy by filling more jobs	1	0	0	0	1	1	0	0	0	0	3.5
7344	We should crack down on unreasonably high incomes.	against	Individuals cannot be sure that they can continue to have high incomes and that their industry can continue to guarantee high incomes for employees.	1	0	0	0	0	1	0	0	0	1	3.333333333333333
5260	The 9th of May (Europe Day) should be a national holiday	in favor of	It is necessary to make Europe Day on May 9th a holiday day. It should replace the respective national holiday of a member country.	0	0	0	0	0	1	0	0	0	0	3.5
6675	Payday loans should be banned	against	if a person needs money between paydays for important things such as medical care, they should be able to take out a payday loan.	1	0	0	0	1	1	1	0	0	0	3.0
7300	We should ban the trading of virtual currencies.	against	Virtual currency improves liquidity and improves the efficiency of economic and social commodity circulation.	1	0	0	0	1	0	0	0	0	0	3.5
7030	Wind and solar energy resources are a commodity, provided by big companies.	against	Energy is a human right and free energy production is a human right as well.	0	0	0	0	0	0	1	0	0	1	3.0
4270	We should ban whaling	in favor of	Whales are sentient, intelligent creatures and as such, have a right to life.	0	0	0	0	0	0	0	0	0	1	3.333333333333333
6152	Blockade of the Gaza Strip should be ended	against	if the blockade ends there will be immense retaliation or war which can't be risked	0	0	0	0	0	1	0	0	0	1	3.333333333333333
4693	College education should be free for everyone	in favor of	There is a shortage of skilled workers in many countries. When college education is free, this problem will be solved.	1	1	0	0	0	1	0	1	0	1	3.333333333333333
3812	We should ban cosmetic surgery	against	a lack of confidence due to appearance can have a crippling impact on poeple's lives and cosmetic surgery can help reduce this.	1	0	0	0	0	1	1	0	0	0	3.0
2040	We should legalize organ trade	against	people selling organs will wait for the highest bidder meaning only rich people will be able to afford the organs they desperately need.	0	0	0	0	0	0	0	0	0	1	3.333333333333333
5837	Intelligence tests bring more harm than good	in favor of	some people are very intelligent but have a difficult time when it comes to taking tests.  therefore they could be labeled as less intelligent as they really are.	1	0	0	0	0	0	0	0	0	1	3.333333333333333
2055	We should limit executive compensation	in favor of	bills rise just to pay them their huge bonuses	0	0	0	0	0	1	0	0	0	1	3.333333333333333
1754	We should adopt a multi-party system	in favor of	the interests of a two party system are very limited and we need to expand with more parties to cater to more views	0	1	0	0	1	0	0	0	0	1	3.333333333333333
2069	We should subsidize embryonic stem cell research	in favor of	embryonic stem cell research has the potential to open up a whole new field of healthcare and medicine	1	0	0	0	0	1	1	0	0	0	3.0
5814	We should subsidize vocational education	in favor of	vocational education should be subsidized as it will allow people to get the training required for new jobs.	1	0	0	0	1	1	0	0	0	0	3.5
2662	We should adopt libertarianism	in favor of	with the rise of racism and white supremacy we should adopt libertarianism into our society.   allowing for open borders and anyone and everyone to come here and live the life we all want.	0	0	0	0	0	1	1	1	0	1	3.0
2174	We should ban the use of child actors	against	if a child wants to act they have every right to	1	0	0	0	0	0	1	0	0	0	3.0
4855	People from radical Muslim countries should be banned from entering the EU countries	against	An outright ban on muslim countries is ridiculous, the leadership of these countries and the media depictions of the people of these countries do not reflect the actual people who live there, they are no threat to us	0	0	0	0	0	0	0	0	0	1	3.333333333333333
47	We should abandon the use of school uniform	in favor of	School uniforms keep children from being able to express themselves through their clothing choices.	0	0	0	0	0	0	1	0	0	0	3.0
5375	The EU should integrate the armed forces of its member states	in favor of	On the one hand, we have Russia killing countless Ukrainians and committing sabotage in Britain and the Czech Republic, and on the other hand, we have reluctant United States that is switching between isolationist and interventionist policies every 4-8 years.   I stand convinced, that in order for the European Union to move forward, it must begin to introduce measures for the security of both, the current member states as well as the future member states that are endangered due to foreign aggression and bring the responsibility of continental safety firmly in our own hands. If Europe is to find the peace it must have the means to create peace by being able to protect itself against hostile foreign influences.	1	1	0	0	1	1	0	0	0	0	3.5
3456	We should cancel pride parades	against	pride parades are important for gay people and allow them to get their message across to the wider community.	0	0	0	0	1	0	0	0	0	1	3.333333333333333
5355	The EU should decide its role in a multipolar world	in favor of	The European Union is doing amazingly well in relation to the enormous bad publicity it is receiving from all sides. And as if that were not enough in itself, very large countries from around the world are doing constantly dividing work between member states. As all successes start in your head, perhaps some attention should be allocated to the media. The EU has a clear chance to become one of the major poles of this multipolar world order.	0	0	0	0	1	0	0	0	0	0	4.0
3478	We should ban algorithmic trading	in favor of	it takes away the human component, and machines can easily make mistakes.	1	1	0	0	0	0	0	0	0	1	3.333333333333333
4369	We should abolish capital punishment	in favor of	capital punishment can put innocent lives at risk	0	0	0	0	0	0	0	0	0	1	3.333333333333333
3261	We should ban cosmetic surgery	against	cosmetic surgery as helped a lot of accident victims regain there injured and lost body parsty	0	0	0	0	0	1	1	0	0	0	3.0
5100	Everyone should have equal access to affordable and high-quality public services, including health	in favor of	Public services of good quality and universal access are key to ensuring fairer, more inclusive, and equal societies. They have a clear redistributive effect and help steer development in a more sustainable direction. The Covid-19 crisis if anything helped to prove the crucial role that the public sector and public services play and must continue playing!	0	1	0	0	0	0	0	1	0	1	3.333333333333333
5860	We should subsidize vocational education	in favor of	We should subsidize vocational education because it is often inaccessible to low income students.	1	0	0	0	0	0	0	0	0	1	3.333333333333333
1896	We should subsidize Wikipedia	in favor of	wikipedia has been supported by voluntary donations for too long.  subsidizing it would give it more credibility, and would allow the volunteers to continue to update it with the most accurate information.	1	1	0	0	0	0	1	0	0	1	3.0
487	We should introduce compulsory voting	in favor of	turn out figures are unacceptably low, we need to motivate people to be active voters for a representative democracy	0	1	0	0	1	0	0	0	0	0	4.0
3159	We should abolish intellectual property rights	against	the rights holder would make less money could their creation would be diluted by copycats	1	0	0	0	1	0	1	0	0	1	3.0
3922	We should end mandatory retirement	against	mandatory retirement serves a purpose. the job market would be crowded out by those past retirement leaving those entering the work force no jobs. that inceases poverty and throws the economy into chaos.	0	0	0	0	1	1	0	0	0	1	3.333333333333333
4516	We should ban cosmetic surgery	in favor of	cosmetic surgery is a way of masking what may be deeper rooted psychological problems	0	1	0	0	0	1	0	0	0	1	3.333333333333333
4723	We can rely on Cryptocurrencies like Bitcoins	against	If value of standard currency falls, we can still afford to live in our country, because the fall of currency value impacts all fields. For example, if the prices of groceries rise, so does our salaries. But if the value of cryptocurrencies like bitcoin falls, we will loose our hard earned money.	0	0	0	0	1	1	0	0	0	0	3.5
2486	We should adopt gender-neutral language	in favor of	it is so hard when talking about a group of people to choose whether to use he or she, him or her, or give up and say they and them.  having a gender neutral language would end this problem.	0	1	0	0	0	1	0	0	0	1	3.333333333333333
6042	The use of public defenders should be mandatory	against	if someone has the means to afford the best representation they can, they should be allowed to do so in the interests of them getting the best defence.	1	0	0	0	1	0	1	0	0	1	3.0
2127	We should abolish the Olympic Games	against	the olympic games bring vast economic benefit to local communities, both through regeneration projects and the influx of vistors spending their cash.	1	0	0	0	1	1	0	0	0	0	3.5
4895	We need to develop partnership between the EU and the AU (African Union)	in favor of	The European Union should be a haven of togetherness and humanity. 	0	0	0	0	0	1	0	0	0	1	3.333333333333333
2472	We should subsidize student loans	in favor of	the new generations need the opportunity to advance in their preparation, that is why if they do not have the means and the state does not provide free education then it should promote means such as loans.	1	0	0	0	1	1	0	1	0	0	3.5
4486	We should ban targeted killing	against	targeted killing makes us safer by eliminating threats to our country and safety	0	0	0	0	0	1	0	0	0	1	3.333333333333333
1726	We should stop the development of autonomous cars	against	Autonomous car development should be continued to help find safe, renewable energy sourced transportation for the masses.	0	1	0	0	0	1	0	0	0	1	3.333333333333333
4091	We should abolish zoos	against	Zoos work as educational centers and are not the cause of the extinction of animals, rather they help that this does not happen, that's why we should not abolish zoos	1	0	0	0	0	0	0	0	0	1	3.333333333333333
2501	We should abolish intellectual property rights	in favor of	intellectual property rights don't work.  we see this with piracy websites as well as state actors such as china.  there is no point in holding onto a broken system.	0	0	0	0	0	0	0	0	0	1	3.333333333333333
6943	We should link Aadhaar card with the Voter ID	against	There are fake and duplicate aadhaar cards too. So, linking aadhaar cards with voter IDs may complicate the issue.	1	1	0	0	0	1	0	0	0	1	3.333333333333333
522	We should adopt an austerity regime	against	austerity regimes hurt the common man by reducing support for schools and health care.	1	0	0	0	1	1	0	0	0	0	3.5
5473	Blockade of the Gaza Strip should be ended	in favor of	the blockade prevents free access to the citizens, preventing necessary aid to the people, causing dire living conditions and severe economic detriments.	0	1	0	0	0	1	0	0	0	1	3.333333333333333
2827	We should fight for the abolition of nuclear weapons	in favor of	If nuclear weapons exist there will always be a risk of escalation to all out nuclear war which would literally destroy the world, so we must fight to abolish them.	0	1	0	0	0	1	0	0	0	1	3.333333333333333
1995	We should subsidize journalism	in favor of	we need journalists to keep us informed as to what is going on in the world	0	1	0	0	1	0	1	0	0	1	3.0
2699	We should ban factory farming	in favor of	factory farming provides negative outcomes across several areas, the most important of which is personal livelihood, so it should be banned.	0	0	0	0	0	1	0	0	0	0	3.5
1131	We should stop the development of autonomous cars	against	autonomous cars are so valuable for the future in an ever more congested world so we need to invest more in them.	1	1	0	0	0	1	0	0	0	1	3.333333333333333
654	We should abolish the right to keep and bear arms	in favor of	the right to bear arms had and will only lead to people killing innocent people.	0	0	0	0	0	0	1	0	0	1	3.0
190	We should ban algorithmic trading	in favor of	algorithmic trading gives people an unfair speed advantage over the rest of the field.	1	0	0	0	1	1	0	0	0	1	3.333333333333333
1134	We should adopt libertarianism	in favor of	Libertarian foreign policies, being neutral and non-interventionist, help avoid war with other nations.	0	0	0	0	0	1	1	0	0	1	3.0
450	We should ban telemarketing	in favor of	telemarketing targets the weak and encourages them to buy what they can't afford.	0	0	0	0	0	1	0	0	0	1	3.333333333333333
65	We should subsidize embryonic stem cell research	in favor of	embryonic stem cell research should be subsidized because it only requires a small amount of cells because of the fast replication rate	0	0	0	0	0	0	0	0	0	1	3.333333333333333
1019	We should fight for the abolition of nuclear weapons	against	we can't trust every nuclear power to denuclearize, keeping some weapons in stock keeps peace.	0	0	0	0	0	1	0	0	0	1	3.333333333333333
6692	Payday loans should be banned	in favor of	payday loans take advantage of people with poor credit	0	0	0	0	0	1	0	0	0	1	3.333333333333333
4145	We should limit executive compensation	in favor of	PROFITS FROM A COMPANY SHOULD BE DIVIDED BETWEEN ALL WORKERS NOT JUST MANAGMENT	1	1	0	0	1	0	0	0	0	1	3.333333333333333
3594	We should ban whaling	in favor of	whaling is causing the depletion of the whale species.   we don't need to lose another species of animal on the planet.	0	0	0	0	0	0	0	0	0	1	3.333333333333333
7109	We should sponsor the general population for taking in migrants	against	Integrating one non-western immigrant cost ca. Euro 167,000,-. Who will be paying that ?	0	1	0	0	0	1	0	0	0	1	3.333333333333333
7259	We should stop the European Commission’s Ideological bias toward migration.	in favor of	The European’s Commission communication and political thinking on migration are biased, falsely naïve, and Ideological.	1	0	0	0	0	0	0	0	0	1	3.333333333333333
6824	Surrogacy should be banned	against	surrogacy is a wonderful way for gay couples to become parents.	0	1	0	0	0	0	0	0	0	1	3.333333333333333
4565	We should abolish zoos	against	Zoos are places that protect and breed animals that would otherwise become extinct.	0	0	0	0	0	0	0	0	0	1	3.333333333333333
3894	We should abolish the three-strikes laws	in favor of	Three strikes laws are difficult to understand or conceptualize, so they are ineffective at preventing crime.	1	0	0	0	0	1	0	0	0	0	3.5
568	We should ban telemarketing	against	telemarketing is a job for some and banning it would take jobs away.	1	0	0	0	0	1	1	0	0	0	3.0
6361	Social media brings more harm than good	against	social media provides support for emotional issues.	0	1	0	0	0	1	0	0	0	1	3.333333333333333
1460	We should abolish the Olympic Games	in favor of	we should abolish the olympic games because the pressure placed on athletes can cause mental health issues	0	1	0	0	0	1	0	0	0	0	3.5
4553	We should legalize organ trade	in favor of	organ trade would help save thousands of lives every year.	0	1	0	0	0	1	0	0	0	0	3.5
1289	We should ban the use of child actors	against	it is right and proper that talented children are able to earn money from acting	0	0	0	0	1	0	1	0	0	0	3.0
3549	We should adopt an austerity regime	in favor of	we should adopt an austerity regime to help pay the country'd unending debt	0	0	0	0	0	1	0	0	0	0	3.5
3729	We should abolish capital punishment	in favor of	In places where capital punishment is legal, it is often used in discriminatory ways against minority groups, and therefore we should abolish it to prevent disproportionate punishment against the most vulnerable people in society.	0	0	0	0	0	0	0	0	0	1	3.333333333333333
5594	Payday loans should be banned	against	It is not the government's role to protect citizens from bad decisions.	0	1	0	0	1	0	1	0	0	0	3.0
3520	We should ban the use of child actors	in favor of	children should be free to have fun and enjoy life not made to work in hire pressure situations so we should ban the use of child actors.	1	0	0	1	0	1	1	1	0	0	3.0
5988	The vow of celibacy should be abandoned	in favor of	someone can dedicate their life to god and their religion and still have a partner and have sex. there is no general benefit in being celibate.	0	0	0	1	0	0	1	0	0	1	3.0
57	We should limit executive compensation	against	executives deserve the money as they do a stressful and demanding job leading large organizations that hire large number of people.	1	0	0	0	0	0	0	0	0	0	3.5
4133	We should cancel pride parades	against	cancelling pride parades would make people less aware of the lgbt movement.	0	0	0	0	1	0	0	0	0	1	3.333333333333333
4998	We need an immediate cessation of all immigration.	in favor of	The EU needs to establish a legal means of preventing illegal migration that is encouraged by the Turkish government and by privately funded NGOs, which are acting against the interest of the EU.	0	0	0	0	0	0	0	0	0	1	3.333333333333333
4392	We should ban human cloning	against	human cloning is just a step in the natural progression of science	1	0	0	0	0	0	1	0	0	1	3.0
420	We should abolish safe spaces	in favor of	We should abolish safe spaces because they put public funding for universities at risk, due to backlash from right wing legislatures.	0	0	0	0	1	1	1	0	0	1	3.0
6722	Social media brings more harm than good	against	social media allows people that are shy to form friendships they otherwise wouldn't have.	1	1	0	0	0	1	0	0	0	0	3.5
5679	Blockade of the Gaza Strip should be ended	against	The harm against the citizens of Gaza is justified because those citizens democratically elected Hamas into power, and endorsed the actions of Hamas against Israel.	0	1	0	0	0	0	0	0	0	1	3.333333333333333
951	We should ban cosmetic surgery for minors	against	cosmetic surgery might be the only hope for children born with disfigurements that would have severe impact on self-esteem and lead to psychological issues and childhood trauma.	1	1	0	0	0	1	1	0	0	0	3.0
1724	We should subsidize Wikipedia	against	we should not show preference to one website	0	0	0	0	0	0	1	0	0	1	3.0
3904	We should abolish the right to keep and bear arms	against	even if guns fall into the wrong hands, law abiding citizens should be allowed to protect themselves in whichever manner they feel safest with.	0	1	0	0	0	1	1	0	0	0	3.0
2879	We should cancel pride parades	against	pride marches are an important and vital political activity for lgbt people and provide a necessary visibility.	0	1	0	0	0	1	1	0	0	1	3.0
3669	We should introduce compulsory voting	against	people should be given a choice whether they would like to vote or not, it would be undemocratic to not give the people a choice.	0	0	0	0	0	0	1	0	0	0	3.0
2172	We should adopt gender-neutral language	in favor of	by adopting gender neutral language we can advance the cause of equality.	0	0	0	0	0	1	0	0	0	1	3.333333333333333
6308	Holocaust denial should be a criminal offence	against	you can not tell a person how they should or should not believe and making holocaust denial a criminal offense is an unnecessary intrusion.	0	0	0	0	0	0	1	0	0	0	3.0
5345	Foreign Policy at the EU level should be based on an absolute majority, not unanimity.	in favor of	Giving small countries 'veto rights' is a recipe for disaster that will keep the European Union separated and weak instead of united and reliable in policy making. 	1	1	0	0	1	1	0	0	0	0	3.5
3152	We should legalize sex selection	against	with the $20,000 price tag on something that is not 100% accurate, sex selection is only made available to the wealthy.	0	0	0	0	0	0	0	0	0	1	3.333333333333333
1494	We should ban telemarketing	against	under any circumstance, telemarketing is a source of employment for many people. banning it will result to tens of thousands losing their jobs.	1	0	0	0	0	1	1	0	0	0	3.0
4349	We should adopt a multi-party system	against	it can become confusing when voting on a multi-party system	1	1	0	0	0	0	0	0	0	1	3.333333333333333
1396	We should abolish intellectual property rights	against	we shouldnt abolish intellectual property rights if you have come up with a new idea for something then it should be exclusive to you and you should be acknowledged for it	1	0	0	0	1	0	1	0	0	0	3.0
4218	We should abandon the use of school uniform	in favor of	school uniforms restrict students to make their own decisions and choices	0	0	0	0	0	0	1	1	0	1	3.0
4391	We should legalize organ trade	in favor of	legalizing organ trade will help people looking for a specific organ to find it easier.	1	1	0	0	0	1	1	0	0	0	3.0
4383	We should ban human cloning	against	cloning could prevent defective genes from being passed	0	0	0	0	0	1	0	0	0	0	3.5
4741	US-Mexico border wall is a good thing	against	According to the reports, illegal crossing of the borders has actually decreased from the year 2014 to 2015 which renders no use in building the wall.	0	0	0	0	0	0	0	0	0	1	3.333333333333333
2970	We should oppose collectivism	against	collectivism gives one voice a louder voice by having others available for support	0	0	0	0	1	1	0	0	0	0	3.5
3173	We should abolish capital punishment	against	capital punishment helps keep murderers from ever leaving prison.	0	0	0	0	0	1	0	0	0	1	3.333333333333333
5019	The EU should put more pressure on the non-euro area member states to adopt the single currency	against	There is a reason why these states don't want to join the common currency: their economies are more flexible and doing far better without it. If we really want more countries to start using the euro, we need to make the euro better, not pressure or force others into our inefficient system. 	1	0	0	0	0	0	1	0	0	0	3.0
3449	We should adopt a multi-party system	against	Minority parties have too much power. A winning party often has to offer concessions to small, minority parties in order to form a government.	0	0	0	0	1	0	1	0	0	0	3.0
5930	We should subsidize vocational education	in favor of	we need to provide people with the training they need to get jobs	1	1	0	0	1	1	0	0	0	1	3.333333333333333
421	We should ban the use of child actors	in favor of	making a child work as an actor deprives them of childhood experiences and interactions.	0	1	0	1	0	0	0	0	0	0	3.5
2122	We should ban factory farming	in favor of	we should ban factory farming as animals are kept in cramped conditions.	0	0	0	0	0	0	0	0	0	1	3.333333333333333
2208	We should limit judicial activism	against	it is helpful for the judiciary to take public action should they wish to do so as it demonstrates that they are human.	0	0	0	0	1	0	1	0	0	1	3.0
3875	We should subsidize embryonic stem cell research	in favor of	embryonic stem cell research should be subsidized because it could lead to massive changes in human beings. this type of research could reverse aging, change genes, and learn how to cure diseases.	1	0	0	0	0	1	1	0	0	0	3.0
4198	We should legalize sex selection	against	Gender selection is an extremely expensive medical process.	0	0	0	0	0	1	0	0	0	0	3.5
1339	We should adopt an austerity regime	against	an austerity regime has never been shown to work because there is always someone who insists that his project must be funded	0	0	0	0	1	1	1	0	0	1	3.0
6234	Foster care brings more harm than good	in favor of	foster care brings more harm than good because you do not know for sure the foster care giver is a good care giver, abuses incidents are very likely, they living in a dangerous environment	0	1	0	0	0	1	0	0	0	0	3.5
6276	Homeopathy brings more harm than good	in favor of	study of over 100 trials, which proves that homeopathic treatment doesn't work and is no better than placebo	0	0	0	0	0	1	0	0	0	1	3.333333333333333
4043	We should oppose collectivism	in favor of	Capitalism has empirically been shown to improve technology and drive innovation at a greater pace than economic systems that rely on collectivist practices.	1	0	0	0	1	0	1	0	0	1	3.0
2395	We should ban missionary work	in favor of	missionary work is a waste of time and should be completely banned.	1	0	0	0	0	0	0	0	0	0	3.5
5843	Payday loans should be banned	in favor of	loans only further encourage people to take on debt and buy things they can't afford	0	1	0	0	0	1	0	0	0	0	3.5
1181	We should abolish capital punishment	in favor of	capital punishment should be abolished as man has no right to decide to take another life no matter that that person has done.	0	1	0	0	0	0	0	0	0	1	3.333333333333333
4979	Humanitarian organizations should be financially responsible in relation to illegal immigration.	in favor of	A humanitarian association that helps a migrant to enter the EU illegally, should be required to provide financial support in dignified conditions. 	0	1	0	0	1	1	0	0	0	0	3.5
1990	We should adopt libertarianism	in favor of	We should adopt libertarianism because taxation is theft, since it forces people to work for free.	0	0	0	0	1	0	1	0	0	0	3.0
6701	Payday loans should be banned	in favor of	people that get payday loans are being misleads and do not fully understand consequences	0	1	0	0	1	1	0	0	0	1	3.333333333333333
1225	We should adopt a multi-party system	in favor of	a multi-party ensures that all people and voices are heard and represented.	0	0	0	0	0	0	1	0	0	1	3.0
1453	We should legalize organ trade	against	we should not legalize organ trade because some people would be getting bad organs	0	1	0	0	0	1	0	0	0	0	3.5
5094	We need a European Clinical Registries Platform	in favor of	A common digital platform where data will be recorded in an anonymized way could also be very helpful for the future not only in case of new pandemic situations. However, as data itself has a market value and as we have learned about the global interdependency in an emergency situation e.g. with vaccines, no company should capitalize on this data.  The data should be accessible for public research and used for monitoring public health e.g. by European institutions	1	0	0	0	0	1	1	0	0	0	3.0
23	We should prohibit school prayer	in favor of	school prayer cannot account for the array of beliefs or non-beliefs students may hold.	0	0	0	0	0	1	0	0	0	1	3.333333333333333
2418	We should abolish safe spaces	against	if people need somewhere safe they should be able to have it	0	0	0	0	0	1	1	0	0	0	3.0
2466	We should adopt a zero-tolerance policy in schools	against	in many cases punishment does not match crime	0	1	0	0	0	0	0	0	0	1	3.333333333333333
685	We should ban fast food	in favor of	we should ban fast food because all of the chemicals it is made with is unhealthy and makes you obese	0	0	0	0	0	1	0	0	0	1	3.333333333333333
1981	We should subsidize Wikipedia	in favor of	wikipedia provides a vast amount of knowledge to be accessible to all. subsidizing this will ensure this knowledge continues to be available.	1	0	0	0	0	0	1	0	0	1	3.0
4387	We should adopt libertarianism	against	we should not adopt libertarianism because left on their own many people would make a choice that adversely effects their lives without weighing all the consequences.	0	1	0	0	1	0	0	0	0	1	3.333333333333333
5648	Surrogacy should be banned	against	surrogacy allows women to be a mother and love a child she normally couldn't.	0	1	0	0	0	0	1	0	0	1	3.0
4908	The European Union should enforce the energy transition in its member states	in favor of	why should every country in the EU be sovereign in energy production? Within the countries also not every region is sovereign in this sense. We need to take advantage of the geographic potentials of the european continent for pragmatic solutions	1	1	0	0	1	0	0	0	0	1	3.333333333333333
5478	The use of public defenders should be mandatory	in favor of	mandatory use of public defenders makes it more likely that a defendant will have a fair trial.	0	0	0	0	0	0	0	0	0	1	3.333333333333333
6447	Assisted suicide should be a criminal offence	against	assisted suicide is a humane way to end a life as we do with animals in pain and should not be a criminal offence.	0	1	0	0	0	1	1	0	0	0	3.0
977	We should limit executive compensation	in favor of	out of control executive compensation raises the disparity between the haves and the have nots.	1	0	0	0	1	0	0	0	0	1	3.333333333333333
5657	Payday loans should be banned	in favor of	cash advances give certain employees an unfair advantage, and it doesnt hold them accountable.	1	1	0	0	1	1	0	0	0	1	3.333333333333333
2371	We should legalize cannabis	in favor of	cannabis legalization is a lucrative revenue source	1	0	0	0	1	0	0	0	0	0	3.5
6097	Blockade of the Gaza Strip should be ended	in favor of	blockade of the gaza strip should be ended because it has caused many harms to gazans. peace will never happen until this is lifted.	0	0	0	0	0	1	0	0	0	1	3.333333333333333
5753	Assisted suicide should be a criminal offence	against	many people face a cruel and protracted period of suffering before their death so with compassion they should be helped therefore assisted suicide should not be a criminal offence.	0	1	0	0	0	1	1	0	0	1	3.0
1467	We should ban whaling	against	it is not fair to ban whaling whilst allowing farming of cows and sheep for meat. one animals' life should not be valued higher than another.	0	0	0	0	0	0	1	0	0	1	3.0
3546	We should ban cosmetic surgery for minors	against	cosmetic surgery should be allowed for minor because they may need surgery from an accident or from a deformity that can be fixed before they are old enough to suffer from it.	0	0	0	0	0	1	1	0	0	1	3.0
1594	We should ban whaling	in favor of	we should ban whaling because it is inhumane and because whales are becoming extinct.	0	0	0	0	0	0	0	0	0	1	3.333333333333333
1953	We should end mandatory retirement	against	by forcing someone to retire it then means that spot is open for a younger person to fill the role, someone who could really use the money	1	0	0	0	1	0	0	0	0	0	3.5
6908	We should promote Zero Budget Natural Farming all over India	in favor of	With ZBNF, the government does not have to spend crores of rupees on loan waiver schemes.	0	0	0	0	1	1	0	0	0	0	3.5
2482	We should ban cosmetic surgery	against	we should not ban cosmetic surgery because some people need it done to improve their health and lifestyle	0	0	0	0	0	1	1	1	0	0	3.0
2957	We should ban factory farming	against	factory agriculture lowers the costs of the products and ensures its production throughout the year	0	1	0	0	0	1	0	0	0	0	3.5
1931	We should subsidize embryonic stem cell research	in favor of	these stem cells have the potential to save millions of human lives	0	1	0	0	0	1	1	0	0	1	3.0
5082	EU countries should slightly reduce health insurance contributions for all citizens who do not use tobacco products 	in favor of	I think increasing taxes on tobacco could do a similar thing.  But then we would also have to increase the contributions to health insurance for people who overeat sugar, use sunbeds, etc., to be fair. 	0	0	0	0	1	1	0	0	0	1	3.333333333333333
4915	The European Union's asylum system needs to implement its humanitarian principles	in favor of	We should think of more opportunities to enter the EU legally. Many people come illegally, because we refuse them opportunities to come, stay a while for work or education and maybe go back later. People die because of that nonsense.	1	0	0	0	0	1	0	0	0	1	3.333333333333333
2939	We should adopt libertarianism	in favor of	because it protects the rights of the individual to live as they see fit, it promotes acceptance of the rights of all individuals within society, creating a more inclusive society.	1	0	0	0	0	0	1	0	0	1	3.0
5527	We should abandon television	in favor of	television rots peoples brains so should be abandoned.	1	0	0	0	0	0	1	0	0	0	3.0
481	We should subsidize Wikipedia	against	those authoring articles on wikipedia are not necessarily experts on the topic and there is risk of inaccurate information being broadcast.	1	0	0	0	0	0	1	0	0	1	3.0
6987	Adultery should be criminalized	against	Families will be broke if one of the parent sends the other one to jail. It creates a lot of mental trauma to the children involved.	0	1	0	0	0	1	0	0	0	0	3.5
1434	We should ban private military companies	against	private military companies offer a unique way of dealing with a problem, one that keeps our actual government out of it.	1	0	0	0	0	1	1	0	0	1	3.0
5913	Social media brings more harm than good	against	social media is a great platform to connect and socialize with friends and family.it has become a substitute for newspaper and is very reliable.	1	1	0	1	0	1	0	0	0	1	3.333333333333333
5787	Foster care brings more harm than good	against	foster care families  provide loving homes for children who need support	0	1	0	0	0	1	0	0	0	0	3.5
6437	Homeopathy brings more harm than good	in favor of	when people use homeopathy instead of traditional medicines their health can suffer.	0	0	0	0	0	1	0	0	0	0	3.5
6606	Homeopathy brings more harm than good	against	homeopathic remedies have been shown to be beneficial in many illnesses, reducing the length of the common cold	1	0	0	0	0	1	0	0	0	1	3.333333333333333
7200	We should legalize non-violent drug use	in favor of	The 'War on Drugs' gifted to us by the USA is absolute rubbish. Sugar is more dangerous than Cannabis! How many people have died on 'legal highs'? FAR too many. The death toll from Cannabis use = 0. More lives have been destroyed by drug laws than the drugs themselves. Besides, Cannabis is an herb, not a drug. Many herbs have medicinal properties. If any becomes a health issue, that's how it needs to be addressed, as a health problem, not a crime!	1	0	0	1	0	1	1	1	0	1	3.0
6135	Payday loans should be banned	in favor of	payday loans cost more money than its worth.	0	0	0	0	1	1	0	0	0	0	3.5
1674	We should ban human cloning	against	human cloning could aid medical advances and should therefore be allowed.	1	1	0	0	1	1	1	0	0	1	3.0
3473	We should abolish zoos	in favor of	we should abolish zoos because it makes animals prisoners	0	0	0	0	0	0	1	0	0	1	3.0
1760	We should subsidize student loans	in favor of	student loans is a help for those who do not have resources	1	1	0	0	0	1	0	0	0	1	3.333333333333333
109	We should ban telemarketing	against	We should not ban telemarketing as it it allows people to learn about new products or services from the comfort of their own homes.	1	0	0	1	0	1	1	1	0	0	3.0
2238	We should introduce compulsory voting	in favor of	Compulsory voting should be introduced to ensure that the results of elections are completely representative of the population.	0	0	0	0	1	1	0	0	0	1	3.333333333333333
724	We should legalize organ trade	in favor of	organ trade between consenting parties should be an option as it can reduce wait times.	0	1	0	0	0	1	0	0	0	0	3.5
2033	We should ban the use of child actors	against	these days, child actors are provided with tutors while on set to ensure their education is minimally disrupted and there is more support than there used to be	1	1	0	1	0	0	1	0	0	0	3.0
3958	We should legalize cannabis	in favor of	cannabis is not addictive and has been shown to help with some illnesses and appears to be contributing to a decline in opioid abuse in areas where it is legal.	0	0	0	0	0	1	0	0	0	1	3.333333333333333
4658	Social media is making us less social	in favor of	A few people now have social anxiety due to not having enough face-to-face interactions. When we avoid talking to people for a long time, automatically we develop a fear to involve in small talk.	1	0	0	0	0	1	0	0	0	0	3.5
1473	We should subsidize student loans	against	tax payers, many of which have not been to school themselves, should not have to pay for any elses student loans.	0	0	0	0	1	1	1	0	0	1	3.0
171	We should end the use of economic sanctions	in favor of	if we end economic sanctions, then it would lead to a more fair trade market.	1	0	0	0	1	0	0	0	0	1	3.333333333333333
2006	We should subsidize journalism	in favor of	subsidizing journalism allows more voices to be heard	0	1	0	0	1	1	1	0	0	1	3.0
5493	Homeschooling should be banned	in favor of	homeschooling may not be covering core topics or at least not to an adequate level	1	0	0	0	0	0	0	0	0	0	3.5
6007	We should abandon television	against	people are entitled to leisure time	0	0	0	1	0	0	1	1	0	0	3.0
6522	Foster care brings more harm than good	against	foster care is much more personalized than institutions and can provide much better cate	1	1	0	0	0	1	0	0	0	0	3.5
1290	We should legalize organ trade	in favor of	a human being at death can help others to live and through organ trade help their families live	0	1	0	0	1	1	0	0	0	0	3.5
4078	We should ban the use of child actors	in favor of	Many child actors end up being exploited by the studios and even their own management and families.	1	1	0	0	0	0	0	0	0	1	3.333333333333333
6273	The use of public defenders should be mandatory	in favor of	public defenders ensure the common man has a chance of a fair trial	0	0	0	0	0	0	0	0	0	1	3.333333333333333
1999	We should legalize cannabis	in favor of	people have the right to be free and cannabis is a safe drug to be used as recreational	0	0	0	1	0	0	1	0	0	0	3.0
425	We should adopt a multi-party system	against	amulti-party system can lead to unstable coalitions in order to get into power	0	0	0	0	0	1	0	0	0	0	3.5
2459	We should adopt a multi-party system	in favor of	this would possibly eliminate the war between democrats and republicans.	0	1	0	0	0	1	1	0	0	1	3.0
3573	We should subsidize space exploration	in favor of	space mining could help us find valuable minerals that are useful	0	0	0	0	1	0	0	0	0	0	4.0
6804	The vow of celibacy should be abandoned	in favor of	in a religious sense, the outdated vows of celibacy should be lifted.  priests should be allowed to marry and have sex like everyone else.	0	1	0	0	0	0	1	0	0	1	3.0
1939	We should ban whaling	against	whaling is quite a profitable profession.	1	0	0	0	1	0	0	0	0	0	3.5
6426	Foster care brings more harm than good	in favor of	foster care brings more harm than good. social workers are being worked too hard and there are too many children that need looking after. many aren't receiving the proper nutrition or psychological care	1	1	0	0	0	1	0	0	0	0	3.5
3634	We should stop the development of autonomous cars	in favor of	autonomous cars are dangerous and will only cause deaths.	0	1	0	0	0	1	0	0	0	0	3.5
3726	We should ban cosmetic surgery	in favor of	cosmetic surgery can cause medical problems in the long run	0	0	0	0	0	1	0	0	0	0	3.5
1838	We should ban fast food	in favor of	eating fast food one time per week increased the risk of death by coronary heart disease by 20 percent	0	0	0	0	0	1	0	0	0	1	3.333333333333333
5528	Social media brings more harm than good	against	social media is a wonderful thing.   people have a chance to communicate with their favorite celebrities.   they find new friendships, share life events, and have discussions about current events.	0	1	0	1	0	1	0	1	0	0	3.5
1774	We should ban targeted killing	in favor of	there are still civilian casualties when using targeted killing.	0	0	0	0	0	1	0	0	0	1	3.333333333333333
314	We should end mandatory retirement	against	mandatory retirement creates employment opportunities for the younger generation of workers, who would otherwise be increasingly shunted out.	1	0	0	0	0	0	0	0	0	1	3.333333333333333
6408	Foster care brings more harm than good	against	people who provide foster care do so because they want to provide a loving home for children	0	1	0	0	0	0	0	0	0	0	4.0
5472	We should subsidize vocational education	in favor of	subsidizing vocational education would prepare people for careers and jobs.	1	0	0	0	1	0	1	1	0	0	3.0
1823	We should ban cosmetic surgery	in favor of	cosmetic surgery is ruining the confidence of young girls and making them feel like their not good enough without such surgeries.	0	0	0	0	0	1	0	0	0	0	3.5
3380	We should adopt atheism	in favor of	religion has been responsible for some much war and suffering since the dawn of human history, it is time to abandon it completely.	0	0	0	0	0	1	1	0	0	1	3.0
4001	We should ban private military companies	against	we shouldn't ban private military companies because in risk of national defense	0	0	0	0	0	1	0	0	0	0	3.5
383	We should fight for the abolition of nuclear weapons	in favor of	nuclear weapons are very volatile and should be done away with.	0	0	0	0	0	1	0	0	0	1	3.333333333333333
680	We should limit judicial activism	against	modern days require modern measures and judicial activism brings present day thinking and opinions into important cases to stay up to date	0	0	0	0	0	0	0	0	0	1	3.333333333333333
1506	We should ban targeted killing	in favor of	an approval of selective killings can trigger a war between the community, that's why i do not support selective assassinations	0	0	0	0	0	1	0	0	0	1	3.333333333333333
1807	We should abolish zoos	against	we shouldnt because they are helping animals that might be going extinct to help breed.	0	1	0	0	0	0	0	0	0	1	3.333333333333333
7050	We should preserve bees and polling insects	in favor of	The economic value of polling insects, often bees, is estimated by researchers to be EUR 153 trillion. 9.5% of the total value of world food production. 	0	0	0	0	1	0	0	0	0	1	3.333333333333333
1466	We should introduce compulsory voting	against	people should be allowed to not vote as a way to protest the government	1	0	0	0	1	0	1	0	0	0	3.0
6973	MBAs do not make good business leaders	in favor of	MBA programs are the best in shaping personality and behavioural skills, which are the most essential qualities of leaders.	1	1	0	0	1	0	0	0	0	0	3.5
4716	Kids' reality shows should be banned	against	Reality shows give opportunity for children to bring out their hidden talents and to train their skills. It gives them a sense of purpose and direction from a very young age. The present education system doesn’t include other career options such as singing, acting, dancing, games, etc. Reality shows closes this loophole in the education system.	1	0	0	0	0	0	1	1	0	0	3.0
4803	Electric cars are not a solution to air pollution	against	non-gasoline cars improve local air quality on city streets.	0	0	0	0	0	0	0	0	0	1	3.333333333333333
3712	We should abolish capital punishment	in favor of	capital punishment has done nothing to actually deter serious crime in this country	1	0	0	0	0	1	0	0	0	0	3.5
6214	Blockade of the Gaza Strip should be ended	against	blocking the gaza strip is an effective means of notifying the government that their actions are not supported by others. economic miseries are the only way to send this message without bloodshed.	0	0	0	0	0	1	0	0	0	1	3.333333333333333
1543	We should legalize sex selection	in favor of	there are valid medical reasons for using sex selection to combat certain diseases	0	0	0	0	0	1	0	0	0	1	3.333333333333333
3196	We should abolish the right to keep and bear arms	against	the right to keep and bear arms should not be abolished because it allows people to defend themselves	0	0	0	0	0	1	1	0	0	0	3.0
6110	Assisted suicide should be a criminal offence	against	easing someone's suffering should not be a criminal offence.	0	1	0	0	0	1	0	0	0	1	3.333333333333333
7047	We should stop subsidizing mass livestock farms	in favor of	The EU has “beautiful” ideas and is working on legislation for animal welfare and the environment. But as long as EU subsidies still support mass animal farms, all of this is not credible!	0	1	0	0	0	0	0	0	0	1	3.333333333333333
391	We should legalize prostitution	against	prostitution is linked to many rapes, molestation and murders of young women.	0	0	0	0	0	1	0	0	0	1	3.333333333333333
5407	Assisted suicide should be a criminal offence	in favor of	Assisted suicide is a criminal offence as it centers on the intentional death of a human being.	0	1	0	0	0	1	0	0	0	0	3.5
1938	We should adopt an austerity regime	in favor of	when everything else fails the government should be allowed to curb all superfluous spending within.	1	0	0	0	1	1	0	0	0	0	3.5
7349	We should crack down on unreasonably high incomes.	in favor of	The implementation of property taxes, taxes on the rich, capital gains taxes, asset transfer taxes, etc. The fundamental factor leading to the disparity between the rich and the poor in the past decades is not the pay gap, but the gap brought about by the growth of capital investment.	0	0	0	0	0	0	0	0	0	1	3.333333333333333
1413	We should fight for the abolition of nuclear weapons	against	we shouldn't fight to get rid of nuclear weapons. they provide a deterrent to serious conflict because even the smaller countries who have nuclear weapons pose a threat	0	1	0	0	1	1	0	0	0	1	3.333333333333333
5920	Homeopathy brings more harm than good	in favor of	homeopathy is dangerous when used as the only method to take care of illnesses. it just works as a placebo, not as a real effective cure.	1	1	0	0	0	1	0	0	0	1	3.333333333333333
2862	We should adopt atheism	in favor of	Many of the most horrendous acts by humanity has been done in the name of religion, the world would be a more peaceful  place if we all adopted atheism.	0	0	0	0	0	1	0	0	0	1	3.333333333333333
4784	Organ donation should be made compulsory	in favor of	Many people are in need of organ replacement surgeries to survive. There is a shortage of organ donors. Hence compulsory organ donation after death can ensure that no one will die due to the non-availability of healthy organs.	0	0	0	0	0	1	0	0	0	0	3.5
5342	The EU needs human security approach to ensure peace.	in favor of	We need a real EU commitment to Policy Coherence for Peace. On one hand, the EU is promoting peace & dignity and on the other hand, there are investments in hard security tools (defense industry programs).	0	0	0	0	0	0	0	0	0	1	3.333333333333333
883	We should abolish the three-strikes laws	in favor of	Three strikes laws lead to prison over-population since more offenders are put away for a longer time. This leads to worse prison conditions and more violence in prisons.	0	0	0	0	0	1	0	0	0	1	3.333333333333333
6916	Referendums are good for the society	against	Referendums weaken the sovereignty of the parliament, where the decisions are made with thorough discussions and debate among the chosen representatives.	0	1	0	0	1	0	1	0	0	0	3.0
2578	We should limit executive compensation	against	by providing a high compensation to the executives of a company you can get a higher quality employee and the business will make more money. therefore we should not limit their pay.	1	0	0	0	1	0	0	0	0	0	3.5
2046	We should end mandatory retirement	in favor of	mandatory retirement should be ended because it could force many seasoned veterans to retire every year	1	0	0	0	0	1	1	1	0	1	3.0
6077	Intelligence tests bring more harm than good	in favor of	intelligence tests bring more harm than good because people can get competitive over them which can lead to isolation.	0	1	0	0	0	1	0	1	0	0	3.5
2734	We should stop the development of autonomous cars	in favor of	autonomous cars rely on computer software, so like any computer controlled device, they are susceptible to being hacked	1	1	0	0	0	1	0	0	0	1	3.333333333333333
2332	We should ban algorithmic trading	in favor of	algorithmic trading is unfair to the market	0	0	0	0	1	0	0	0	0	1	3.333333333333333
2446	We should stop the development of autonomous cars	in favor of	autonomous cars are not road worthy will cause more accidents due to the cars programing unable to anticipate human decisions	0	1	0	0	0	1	0	0	0	0	3.5
3463	We should introduce compulsory voting	against	forcing people to vote will cause an unwanted outcome in elections. having no vote is as much speech as voting.	1	0	0	0	0	0	1	0	0	0	3.0
3272	We should ban whaling	against	we should not ban whaling are not animals in the process of extinction and their meat is nitritiva	0	0	0	0	0	1	0	0	0	1	3.333333333333333
2984	We should legalize sex selection	in favor of	legalizing medical sex selection can prevent the abortion of unwanted gendered babies	0	1	0	0	0	1	0	0	0	0	3.5
7340	We should prevent the disorderly expansion of capital.	in favor of	Behind each hawker, there is a family at the grassroots of society to support, so that these vendors survive, to prevent the structural division of society between rich and poor.	0	0	0	0	0	1	0	0	0	1	3.333333333333333
2895	We should ban cosmetic surgery for minors	in favor of	we should ban cosmetic surgery for minors because it is not necessary and as an individual matures they may not be a need for this procedure.	0	1	0	0	0	0	0	0	0	1	3.333333333333333
5434	Assisted suicide should be a criminal offence	against	if to a reasonable degree of medical certainty the medical condition of a person is irreversible, it must have the right to terminate his life by requesting assistance without consequences for the fact.	0	1	0	0	0	1	1	1	0	1	3.0
4606	Political parties should be brought under RTI (Right to Information) Act	in favor of	Political funding is believed to be the fountainhead of corruption. The citizens have the right to know where the political parties are raising these funds from, how they spend these funds, and the basis of their decisions. Crony capitalism will be hugely curbed if political parties are brought under RTI Act.	0	1	0	0	1	0	1	0	0	1	3.0
1924	We should abolish capital punishment	in favor of	capital punishment is a barbaric act that illustrates to people that murder is a viable option and codified in law.	0	1	0	0	0	1	0	0	0	1	3.333333333333333
2961	We should prohibit school prayer	in favor of	religion should not be forced on school children. they should be free to believe their own ideals	0	0	0	0	0	0	1	0	0	0	3.0
6647	Intelligence tests bring more harm than good	against	Intelligence tests bring more good than harm because they let teachers identify gifted students who might otherwise go unnoticed because they are shy, ESL, or otherwise do not stand out at first.	1	0	0	0	0	0	0	0	0	0	3.5
815	We should ban cosmetic surgery for minors	in favor of	minors are too immature to make this decision	1	1	0	0	0	1	0	0	0	0	3.5
3479	We should adopt a zero-tolerance policy in schools	against	a zero-tolerance policy in schools is the wrong way to go as it would too often cause innocent students being punished for being pushed too far.	0	1	0	0	0	0	0	0	0	1	3.333333333333333
6262	Intelligence tests bring more harm than good	in favor of	iq tests can make people feel like a failure when they are actually smart.	1	0	0	0	0	0	1	0	0	0	3.0
6618	Foster care brings more harm than good	against	children that would have been neglected otherwise now have a fighting chance.	1	0	0	0	0	0	0	0	0	1	3.333333333333333
2522	We should legalize organ trade	in favor of	if it was legal to trade organs more lives could be saved.	0	1	0	0	0	1	1	0	0	1	3.0
5670	Blockade of the Gaza Strip should be ended	in favor of	It is unjust to punish civilians for the actions of military actors.	0	0	0	0	0	1	0	0	0	1	3.333333333333333
5269	United in diversity should be a concept for reconciliation in the Western Balkans.	in favor of	I believe the EU should expedite the enlargement process towards the Western Balkans, to help them evolve and facilitate the reconciliation problems. As you say, Montenegro for instance is a peaceful country that has made efforts to overcome past troubles, and that too should be acknowledged.	0	1	0	0	0	1	0	0	0	1	3.333333333333333
1887	We should ban whaling	against	many economies are sustained thanks to whaling	1	0	0	0	1	1	0	0	0	0	3.5
1243	We should ban algorithmic trading	in favor of	"algorithmic trading gives an unfair advantage to those who have access to such technology and results in losses for the ""little guy""."	1	0	0	0	1	1	0	0	0	1	3.333333333333333
6182	We should abandon television	against	if television was abandoned millions of people would be made unemployed.	1	0	0	0	1	1	0	0	0	0	3.5
2665	We should abolish zoos	against	zoos do very important work for conservation. their breeding programmes have stopped some species from becoming extinct.	0	1	0	0	0	0	0	0	0	1	3.333333333333333
2404	We should cancel pride parades	in favor of	pride parades send the wrong message to young  children.	0	1	0	0	0	0	0	0	0	0	4.0
2947	We should ban factory farming	against	we should not ban this because it is a way to get cheap, affordable food for people that may not of otherwise been able to afford it and feed their family.	0	1	0	0	0	1	0	0	0	0	3.5
3859	We should abolish the right to keep and bear arms	against	People should have the right to defend themselves against the criminal elements of society.	0	0	0	0	0	1	1	0	0	0	3.0
375	We should adopt libertarianism	in favor of	libertarianism removes the big brother tyranny of big government and allows more freedom for the people	0	0	0	0	1	1	1	0	0	0	3.0
902	We should legalize organ trade	in favor of	Legalizing the organ trade would allow more patients to receive the organ transplant they need.	0	1	0	0	1	1	1	1	0	1	3.0
4467	We should ban human cloning	in favor of	we should ban human cloning because we could all end up with designer babies and everyone will be the same.	0	0	0	0	0	0	1	0	0	1	3.0
3443	We should abolish the Olympic Games	against	the olympic games encourage sports all around the world	1	0	0	1	0	0	0	1	0	0	3.5
4312	We should legalize prostitution	in favor of	prostitution should be legalized as this will allow women to be able to earn money from their services in a more safe way without worry about prosecution.	0	0	0	0	1	0	1	0	0	1	3.0
416	We should abolish the three-strikes laws	in favor of	it is unfair to convict someone for a third crime that isn't dependent of the crime's magnitude	0	1	0	0	0	0	0	0	0	1	3.333333333333333
643	We should subsidize student loans	in favor of	we have a tremendous amount of highly intelligent /students who could not go to college without subsidizes. these students could find cures to fatal illnesses and should be subsidized to benefit all of society.	0	0	0	0	1	1	1	0	0	0	3.0
2132	We should ban telemarketing	against	telemarketing can help companies reach a wider audience.	1	1	0	0	1	0	0	0	0	0	3.5
2170	We should subsidize space exploration	in favor of	science is important and can be beneficial to society.	1	1	0	0	0	0	1	1	0	1	3.0
3015	We should abolish zoos	against	many animals would become extinct if we did not have zoos.	0	0	0	0	0	0	0	0	0	1	3.333333333333333
6299	Holocaust denial should be a criminal offence	in favor of	it's a fact that it happened and anyone who believes otherwise should be locked up.	0	1	0	0	0	1	0	0	0	1	3.333333333333333
5705	The use of public defenders should be mandatory	against	The use of public defenders should not be mandatory because it will discourage law students from going into criminal litigation, since the pay is much lower for public defenders than private.	1	0	0	0	0	1	0	0	0	0	3.5
5049	The EU should synchronize national elections 	in favor of	The political composition of the European Council - and therefore the EU’s political center of gravity - continuously changes during the EU political cycle, thus preventing clearer government majorities to emerge within these two European Councils.   	0	0	0	0	1	0	0	0	0	1	3.333333333333333
3121	We should prohibit school prayer	in favor of	school prayer does not adhere to children of varying religions, forcing them to participate or feel left out due to their differing beliefs.	0	0	0	0	0	1	1	0	0	1	3.0
36	We should ban fast food	in favor of	fast food is bad for adults and children and causes obesity and the risk of diabetes in many cases.	0	0	0	0	0	1	0	0	0	0	3.5
5846	Entrapment should be legalized	against	entrapment should not be legalized because there will be an absue of such power and just about anyone can be arrested.	0	1	0	0	0	1	0	0	0	1	3.333333333333333
6731	Payday loans should be banned	against	Payday loans should not be banned because they offer credit to people who are otherwise not able to borrow	0	1	0	0	1	1	1	0	0	1	3.0
5396	Holocaust denial should be a criminal offence	against	what one chooses to believe or not to believe should be at their discretion.	0	0	0	0	0	0	1	0	0	1	3.0
1207	We should legalize cannabis	in favor of	we should legalize cannabis as it appears to do more good than harm for those that have illnesses.	1	0	0	0	0	1	0	0	0	1	3.333333333333333
5821	Homeopathy brings more harm than good	in favor of	if not used correctly and for the right symptoms, it could cause serious side effects or make a condition worse.	0	1	0	0	1	1	0	0	0	0	3.5
5079	The EU should develop a European Youth Platform for mental health	in favor of	Such a platform if it provides youngsters with free or at least affordable mental-health assistance, will help them finally able to overcome our society’s barriers to taking care of our mental health and emotional well-being. 	0	0	0	0	0	1	0	0	0	0	3.5
2968	We should ban cosmetic surgery	against	We should not ban cosmetic surgery as people should be allowed to do what they want with their bodies.	0	0	0	0	0	0	1	0	0	0	3.0
7252	We should strengthen Frontex and control immigration.	in favor of	Frontex must be given powers and resources to shut down the migratory routes entirely.	0	0	0	0	1	1	0	0	0	0	3.5
702	We should oppose collectivism	in favor of	collectivism is a communist strategy and we must reject	1	0	0	0	0	1	1	0	0	0	3.0
4835	European Union should help young people to train in refugee countries	in favor of	This should help to tackle the causes of lack of prospects and absconding from these countries in order to increase the willingness of young people to stay in their homes	1	0	0	0	0	1	0	0	0	1	3.333333333333333
6427	We should subsidize vocational education	against	subsidizing vocational education is unnecessary as those who have learnt trades can end up making a lot of money.	0	0	0	0	0	0	1	0	0	0	3.0
534	We should abolish the three-strikes laws	in favor of	Three strikes laws are unnecessary because states already have ways of punishing recidivism more harshly.	1	0	0	0	0	1	0	0	0	1	3.333333333333333
2740	We should subsidize embryonic stem cell research	in favor of	embryonic stem cell research could potentially save millions of lives and needs  as much support as it can get.	1	1	0	0	0	1	1	0	0	1	3.0
2249	We should ban cosmetic surgery for minors	against	we should not ban cosmetic surgery for minors because sometimes they need it if they were in accidents or born deformed	0	0	0	0	0	1	1	0	0	0	3.0
3488	We should adopt an austerity regime	in favor of	i believe we should adopt an austerity regime because our government has a tremendous debt and has proven over time that they are not capable to reducing the national debt.	0	0	0	0	1	1	0	0	0	0	3.5
4872	The European Union should support and integrate immigrant people to ensure that they live with dignity and equality with all European citizens	in favor of	It is necessary that member states better share the efforts of receiving asylum seekers upon arrival at EU borders and do not leave this responsibility to frontline countries.  The EU should develop a joint approach to support the frontline countries to assure that asylum seeker are provided adequate care, assistance, and protection upon arrival and are quickly distributed evenly throughout the EU for status determination.	1	0	0	0	1	1	0	0	0	1	3.333333333333333
4429	We should ban targeted killing	against	targeted killing is a tool that allows the military to accomplish their objectives.	1	0	0	0	1	1	0	0	0	0	3.5
4212	We should subsidize space exploration	in favor of	space exploration technology can lead to benefits here on earth. the ballpoint pen was invented by a space program and now people everywhere use them!	1	1	0	0	0	0	1	0	0	0	3.0
3451	We should ban whaling	in favor of	we should ban whaling because it is endangering some species and it is totally unnecessary to human existence.	0	0	0	0	0	0	0	0	0	1	3.333333333333333
526	We should oppose collectivism	against	collectivism enables communities to work together for the greater good.	1	0	0	0	0	1	0	0	0	0	3.5
5278	The EU should start accession negotiations with Russia	against	Russia in the EU? No, thanks!	0	1	0	0	0	0	1	0	0	0	3.0
3509	We should introduce compulsory voting	in favor of	less and less people are voting which means we do not get a fair representation of who we have as a government so people need to say what they think.	1	0	0	0	0	1	0	0	0	1	3.333333333333333
6433	We should abandon television	against	this is a free country. people have the choice to watch tv or not	0	0	0	0	0	0	1	0	0	0	3.0
1365	We should subsidize student loans	in favor of	subsidizing student loans will enable many more people the opportunity to attend college	1	1	0	0	0	0	0	0	0	1	3.333333333333333
5862	We should subsidize vocational education	against	We should subsidize not vocational education because it is unfair to make taxpayers subsidize some people's education.	0	0	0	0	1	1	1	0	0	1	3.0
6210	Homeschooling should be banned	in favor of	homeschooling does not give children social interaction.	1	0	0	0	0	1	0	1	0	0	3.5
4093	We should stop the development of autonomous cars	in favor of	autonomous cars will increase the amount of traffic on the road	0	0	0	0	0	1	0	0	0	1	3.333333333333333
3171	We should subsidize space exploration	in favor of	the country needs to be prepared against other countries that use space exploration to advance both offensive and defensive strategies	1	0	0	0	0	1	1	0	0	0	3.0
5804	Social media brings more harm than good	in favor of	social media can be detrimental to mental health as it can lead to inaccurate ideas about other people's lives. this is because people will often post the best parts of their lives.	0	0	0	0	0	1	0	0	0	0	3.5
6755	Blockade of the Gaza Strip should be ended	in favor of	the blockade of the gaza strip is akin to setting up prison based on politics, sovereign nations should be allowed to choose whatever leadership they see fit	0	0	0	0	1	1	1	0	0	0	3.0
6286	Homeopathy brings more harm than good	against	Because most of its formulations are heavily diluted, most homeopathic treatments are safe	0	0	0	0	0	1	1	0	0	1	3.0
3046	We should stop the development of autonomous cars	against	autonomous cars will help prevent wrecks in the future.	0	1	0	0	0	1	0	0	0	0	3.5
746	We should limit executive compensation	in favor of	executive compensation should be limited to make companies more profitable.	1	1	0	0	1	0	0	0	0	0	3.5
5653	Payday loans should be banned	against	they can be useful in emergency situations	0	1	0	0	0	1	1	0	0	0	3.0
910	We should ban the use of child actors	against	the roles of child actors cannot be fulfilled by adults so it would be impossible to ban their use.	0	1	0	0	0	0	1	0	0	0	3.0
1868	We should adopt a zero-tolerance policy in schools	against	we shouldn't adopt a zero tolerance policy in schools because it could cause kids to be wrongfully punished due to misunderstandings for example protecting themselves against a bully	0	0	0	0	0	0	0	0	0	1	3.333333333333333
268	We should fight for the abolition of nuclear weapons	against	they serve as a deterant for any rogue dictator to strike an enemy	0	0	0	0	1	1	1	0	0	1	3.0
5806	Blockade of the Gaza Strip should be ended	in favor of	The Palestinian people in Gaza cannot properly build up their economy and become a truly independent people without ending the blockade.	0	0	0	0	0	1	1	0	0	1	3.0
4800	Gas and nuclear power should be supported with money from European countries	against	If we continue investing in climate and environmentally damaging, regressive, and immensely expensive nuclear power plants or technologies is a mockery of the world and a waste of money and time that we can use for sustainable investments and transformations.	0	0	0	0	1	1	0	0	0	1	3.333333333333333
5245	We need a single immigration policy.	in favor of	But also those people who fear migrants, thinking they are all criminals (while 99% of them are people coming to work, improving their family's life, and paying taxes) will need someone to pay their retirement benefits/ pensions and to push their wheelchairs...	0	1	0	0	0	1	0	0	0	1	3.333333333333333
2661	We should subsidize journalism	in favor of	journalism needs diversitiy desperately because only six corporations control ninety percent of all media.	1	0	0	0	0	0	1	0	0	1	3.0
4331	We should ban factory farming	against	factory farming is an efficient solution to food supply problems.	1	1	0	0	0	1	0	0	0	0	3.5
2123	We should adopt a multi-party system	in favor of	a multi-party system allows a greater freedom of choice for voters to express their democratic right to vote for policies they would like to implimented.	0	0	0	0	0	0	1	0	0	1	3.0
5571	Payday loans should be banned	in favor of	they have high interest and short repayment dates and people may find themselves even in greater debt	0	0	0	0	0	1	0	0	0	1	3.333333333333333
7190	We should stop daylight saving time change	against	Having the same time in most of the Union’s countries helps reduce significant administrative difficulties: Let us imagine how difficult it would be to make goods and people travel from one country to another if the time (and therefore the timetables of the transportation) would change at each border.	1	1	0	0	0	1	0	0	0	1	3.333333333333333
2269	We should ban private military companies	against	private military companies can be useful to countries who do not have their own military.	1	1	0	0	1	1	0	0	0	1	3.333333333333333
5232	We do not want illegal migration.	against	I do not agree with stripping people of their right to asylum and a right to live in the EU because they came illegally. I would instead suggest making it easier to migrate legally. That way there would be no need to migrate illegally and risk your life while doing so.	0	1	0	0	0	1	1	0	0	1	3.0
4599	India should store the data within the territorial boundaries of the country	against	Data localization may result in government surveillance of its citizens.	0	1	0	0	0	0	1	0	0	0	3.0
1873	We should abolish intellectual property rights	against	it is only fair that a person or company that created something should have protections against those that want to make money off of another's hard work.	1	1	0	0	0	0	0	0	0	0	3.5
3626	We should ban fast food	against	people should have the freedom to eat what hey want.	0	0	0	0	0	0	1	0	0	0	3.0
866	We should legalize organ trade	in favor of	organs are expensive, and a legal trade can allow for someone in desperate need to get an organ without money or wait times.	0	1	0	0	0	1	1	0	0	0	3.0
5827	Intelligence tests bring more harm than good	in favor of	intelligence tests are unscientific and only give a narrow, limited view of ones skills and abilities	0	0	0	0	0	0	0	0	0	1	3.333333333333333
2529	We should subsidize student loans	in favor of	we should subsidize students loans so that more kids can get a better education, they are the future after all and we will need doctors, engineers, scientists, etc.	1	0	0	0	1	1	0	0	0	1	3.333333333333333
3247	We should ban algorithmic trading	against	algorithmic trading is the future of investing and can lead to a more prosperous economy in the long run.	1	0	0	0	1	0	0	0	0	0	3.5
1389	We should ban missionary work	in favor of	missionary work has historically been used to oppress people and often does not help the areas in which it is tried	0	0	0	0	0	0	1	0	0	1	3.0
3772	We should oppose collectivism	in favor of	"We should oppose collectivism in order to avoid greater elite control on behalf of ""the public""."	0	0	0	0	0	1	1	0	0	1	3.0
5948	Social media brings more harm than good	against	Social media brings people together who are separated by great distances.	0	1	0	0	0	1	0	1	0	0	3.5
6601	The use of public defenders should be mandatory	against	the use of public defenders should not be mandatory because a lot of them are not well versed in law.	1	0	0	0	0	0	1	0	0	0	3.0
5097	The EU government should encourage people to eat less meat	against	I believe that the problem is not WHAT we eat but rather HOW food is produced.   When we talk about meat, we should make a distinction between industrial production (which is damaging our environment) and family-run businesses once (which is not). Instead of prohibiting food (something that is practically speaking impossible to do) we should rather enhance local food solutions and increase people's awareness regarding the impact of their buying choices. Our goal should be making local products and green goods available to everyone and not a privilege of people who are wealthy enough to be able to afford them.	0	1	0	0	0	1	0	0	0	1	3.333333333333333
5582	Payday loans should be banned	in favor of	these companies take advantage of needy people with outrageous fees.	0	0	0	0	0	1	0	0	0	0	3.5
563	We should abolish the three-strikes laws	in favor of	Three strikes laws destroy families by taking away parents and children for the rest of their lives with no chance of parole.	0	1	0	0	0	0	0	0	0	1	3.333333333333333
3049	We should ban the Church of Scientology	in favor of	Church of Scientology is a brainwashing organization that has no substance and does no good for other people	0	1	0	0	0	0	1	0	0	1	3.0
7034	Wind and solar energy resources do more harm than good	against	There are whole regions that are completely energy-autonomous with wind energy, solar power & biogas - not only in developing countries but in industrialized countries as well. It's not a question of technology, but just of mindset & innovative arrangement.	1	0	0	0	0	1	0	0	0	1	3.333333333333333
2926	We should ban cosmetic surgery	against	we should continue to support cosmetic surgery as it helps people correct imperfections that cause poor self-esteem.	0	1	0	0	1	0	1	0	0	1	3.0
220	We should ban the use of child actors	against	we must not prohibit the use of child actors because it goes against the right to work. children under the supervision of their parents can develop their artistic talent without affecting their personal growth	1	1	0	0	0	0	1	0	0	1	3.0
2589	We should ban cosmetic surgery for minors	against	people should be free and open to make their own choices and if they should make any decisions that they later regret, then this will teach them important lessons for the rest of their life	0	1	0	0	0	0	1	0	0	1	3.0
4243	We should subsidize embryonic stem cell research	in favor of	embryonic stem cells can potentially save lives for many diseases such as diabetes	0	0	0	0	0	1	0	0	0	0	3.5
5365	There should be a small council of people from all over the world, and identify the problems of every country and solve them.	against	Europe should represent its own interests.	0	0	0	0	1	0	1	0	0	0	3.0
1314	We should adopt atheism	in favor of	atheism fosters intellectual and human development and we must adopt it	1	0	0	0	0	1	0	0	0	1	3.333333333333333
492	We should introduce compulsory voting	in favor of	compulsory voting would make the election practice fairer.	0	1	0	0	1	0	0	0	0	1	3.333333333333333
1809	We should ban fast food	against	fast food is cheap and easy and is often the only way poor people can feed their families. if you ban fast food these people won't have enough food to get thru til their next check comes.	0	1	0	0	0	1	0	0	0	1	3.333333333333333
6920	Referendums are good for the society	in favor of	The common man has a say in policymaking as he will be the one living under the new set of rules, he will be the one who will be most affected. So, at times the priorities of people are different from the priorities of the government, referendums can set things straight.	0	1	0	0	1	0	1	0	0	1	3.0
3162	We should ban the Church of Scientology	in favor of	The Church of Scientology is a cult and should be banned.	0	0	0	0	0	0	0	0	0	1	3.333333333333333
624	We should adopt libertarianism	against	adopting libertarianism would eliminate many social programs, reducing access t food and health care to those in need	0	0	0	0	0	1	0	0	0	1	3.333333333333333
7359	We should vigorously develop the countryside.	in favor of	The gap between urban and rural areas must be narrowed, or social conflicts will intensify.	0	0	0	0	0	1	0	0	0	1	3.333333333333333
1081	We should subsidize student loans	in favor of	subsidised student loans would encourage everyone to go to university if they thought they wouldn't have any debt at the end of the studies.	1	0	0	0	0	1	1	0	0	0	3.0
2570	We should abolish the three-strikes laws	in favor of	they laws don't stop crime, they just punish people harder.	0	1	0	0	0	1	0	0	0	0	3.5
4318	We should ban missionary work	in favor of	missionary work in other countries can prove to be dangerous to the missionaries and their families.	0	0	0	0	0	1	0	0	0	1	3.333333333333333
7350	We should crack down on unreasonably high incomes.	against	It is more important to raise the income of the lower class in the distribution system and to lower the cost of living of the lower and middle class than to fight against high income.	1	0	0	0	1	1	0	0	0	1	3.333333333333333
4255	We should ban private military companies	against	private military companies can provide many security benefits within our country	0	0	0	0	0	1	0	0	0	0	3.5
430	We should ban factory farming	in favor of	factory farming creates health hazards and leads to an increase in pollution.  overall it is bad for the environment	0	0	0	0	0	1	0	0	0	1	3.333333333333333
778	We should ban the Church of Scientology	in favor of	the church of scientology is a cult and it should be banned.	0	0	0	0	0	1	1	0	0	0	3.0
947	We should stop the development of autonomous cars	against	autonomous cars could prevent traffic jams and accidents.	1	0	0	0	0	1	0	0	0	0	3.5
7040	We should protect bird habitats in built environments	in favor of	Glass is one of the biggest causes of human death for birds.	0	0	0	0	0	0	0	0	0	1	3.333333333333333
2941	We should ban telemarketing	against	telemarketing is a good medium for businesses to use to expand their client base and make more people aware of their company and products, thus increasing their income	1	0	0	0	1	0	0	0	0	0	3.5
423	We should legalize prostitution	in favor of	if prostitution was legal then the people would be able to be better protected and diseases could be controlled more.	0	1	0	0	1	1	0	0	0	1	3.333333333333333
3444	We should subsidize embryonic stem cell research	in favor of	embryonic stem cell research helps save and improve lives.	0	0	0	0	0	1	0	0	0	0	3.5
986	We should end mandatory retirement	against	if retirees continue to work past retirement age, there will never be a natural progression through the workplace for the younger generation.	1	0	0	0	1	1	0	0	0	1	3.333333333333333
3468	We should subsidize student loans	against	the national debt is out of control and we cannot afford to add to it further.	0	1	0	0	1	1	0	0	0	0	3.5
2845	We should abolish the Olympic Games	in favor of	they are expensive to whoever hosts them	0	0	0	0	1	1	0	0	0	0	3.5
973	We should limit judicial activism	in favor of	judicial activism should be limited because a judge should not be making all decisions.	0	0	0	0	1	1	0	0	0	1	3.333333333333333
1073	We should ban algorithmic trading	in favor of	algorithmic trading can cause rapid fluctuations in the stock market that are far beyond human control and no safeguards are implemented to stop them as well as giving unfair advantage to large-scale traders.	0	1	0	0	1	1	0	0	0	0	3.5
5302	The EU should be a permanent member of the UN Security Council	in favor of	It should be the common goal of EU diplomacy to change the workings of the UN as it is. The security council is a relict of the emerging post-WW2 order and the influence of the Cold War.	1	1	0	0	1	1	0	0	0	0	3.5
4898	The EU should promote organizations that teach the national language via Esperanto	in favor of	Esperanto should be promoted as an international lingua franca. Esperanto is an efficient and expressive means of cross-cultural communication, allowing high degrees of inclusion.	1	0	0	0	0	1	0	0	0	1	3.333333333333333
1865	We should ban factory farming	in favor of	we should ban factory farming as its cruel and inhumane to animals	0	0	0	0	0	0	0	0	0	1	3.333333333333333
4952	The fear of migration is a fear of the unknown and is exacerbated.	against	Fear of the unknown is normal behavior. It has saved our race since ages starting when mankind was a simple monkey among others. 	0	0	0	0	0	1	0	0	0	1	3.333333333333333
5356	There should be an enlargement of the European Union.	against	It's not a good idea to pursue further enlargement. The greater the territory, the harder it is to control and keep problems from appearing. Every large empire in history fell because it grew to such size that it couldn't be properly managed and ruled over. Examples from history don't become suddenly invalid because we're living in the 21st century.	0	0	0	0	0	1	0	0	0	0	3.5
6595	Holocaust denial should be a criminal offence	in favor of	it is dangerous to deny crimes as abhorrent as those of the holocaust	0	0	0	0	0	1	0	0	0	1	3.333333333333333
3154	We should ban targeted killing	against	sometimes the only way to overthrow a bad government or organization is by targeted killing.  this could be the only way to protect innocent people.	0	0	0	0	0	1	0	0	0	1	3.333333333333333
4470	We should ban algorithmic trading	against	this should not be banned as it makes trading easier and simpler.	1	0	0	0	0	0	0	1	0	0	3.5
4439	We should ban fast food	against	people should be allowed to eat what they want	0	0	0	0	0	1	1	0	0	1	3.0
4397	We should adopt a multi-party system	in favor of	it will give a stronger representation of the electorate.	0	0	0	0	1	0	0	0	0	1	3.333333333333333
1415	We should adopt libertarianism	in favor of	If we adopted libertarianism the country would be more peaceful as everyone would just be allowed to do whatever they feel is right.	0	0	0	0	0	1	1	1	0	1	3.0
17	We should subsidize embryonic stem cell research	in favor of	embryonic stem cell research should be subsidized because it may lead to the development of treatments for a number of serious medical conditions.	0	0	0	0	0	1	0	0	0	0	3.5
1259	We should ban private military companies	against	private military companies are made up of soldiers that are probably much better trained than the kids we currently send to military.	1	0	0	0	1	1	0	0	0	1	3.333333333333333
1163	We should ban whaling	in favor of	whaling is humane and cruel and should be banned, especially with a dwindling whale population.	0	0	0	0	0	0	0	0	0	1	3.333333333333333
4614	We should subsidize higher education institutions	in favor of	Indian students perform brilliantly when they go to different countries in the field of research. It means that we don’t lack talent, we lack infrastructure and a healthy environment for our sharp minds.	1	1	0	0	0	0	1	0	0	0	3.0
722	We should stop the development of autonomous cars	against	autonomous cars could help people make better use of their time	1	1	0	1	0	1	1	1	0	0	3.0
6669	We should abandon television	in favor of	Television is harmful to health and family relationships, so we must abandon it	0	1	0	0	0	1	0	0	0	0	3.5
571	We should ban the use of child actors	against	if parents agree for their kids to do acting, i can`t see any problem with it.	0	0	0	0	0	0	1	0	0	1	3.0
5160	All workers and unemployed should have access to social protection, including young people	in favor of	The situation of young people is difficult. Temporary jobs, precarious contracts, civic contracts replacing regular employment, forced self-employment, lack of basic social protection, and even age-discriminatory practices (also on the basis of age) are still the norm for millions of young people who are trying to make their way in the labor market. They need urgent help!	1	1	0	0	0	1	0	0	0	1	3.333333333333333
6482	We should subsidize vocational education	in favor of	vocational education is necessary to train workers for skilled work such as plumbing and electrical trades.	1	0	0	0	0	0	1	0	0	0	3.0
296	We should abolish capital punishment	in favor of	capital punishment is seen as a cruel and inhumane way of treating prisoners.	0	0	0	0	0	0	0	0	0	1	3.333333333333333
4864	The EU should have open borders with poor countries	against	Many migrants simply refuse to fight to change things in their own countries. Once a migrant told me 'I want what you have, why should I sweat to build it back in my country when here it's ready to be taken?' No thanks.	1	1	0	0	0	0	0	0	0	1	3.333333333333333
641	We should ban factory farming	against	factory farming is an efficient way to grow mass amounts of food for the food supply chain. it pushes innovation and makes farming more efficient and safer outcomes for the food supply.	1	0	0	0	1	0	1	0	0	1	3.0
5270	Foreign Policy at the EU level should be based on absolute majority, not unanimity	in favor of	Without a change in the voting procedure, Europe will not be capable of doing much in this world.	1	0	0	0	0	0	0	0	0	0	3.5
3572	We should introduce compulsory voting	in favor of	compulsory voting would make sure that each and every person's voice is heard and provide a more accurate system of making sure the person elected is the one the people really want.	1	0	0	0	1	0	1	0	0	1	3.0
5546	Surrogacy should be banned	in favor of	surrogacy is hugely emotionally damaging on the birth mother, and is often only resorted to as a result of financial hardship.	0	1	0	0	0	1	0	0	0	1	3.333333333333333
142	We should subsidize space exploration	against	there are much more important things to spend money on; space exploration is a low priority and should not be subsidized	0	1	0	0	1	1	0	0	0	1	3.333333333333333
5677	The use of public defenders should be mandatory	in favor of	it prevents people from having a better defense than others due to their money.	1	1	0	0	0	0	0	0	0	1	3.333333333333333
1619	We should ban the use of child actors	against	many great actors of today started as children and had no problem in their growth	0	0	0	0	0	1	1	1	0	0	3.0
2785	We should adopt a zero-tolerance policy in schools	against	Zero-tolerance policies leave no room for explaining mitigating circumstances, which is both unfair to the individual being punished and also sends a negative message to the school community as a whole.	0	1	0	0	0	1	0	0	0	1	3.333333333333333
2531	We should abolish the Olympic Games	in favor of	the games serve no positive purpose. there are world games and high level competitions in most sports which make the olympics obsolete. they are also a financial albatross to the country that holds them.	0	1	0	0	1	1	0	0	0	1	3.333333333333333
1899	We should ban cosmetic surgery	in favor of	some cosmetic surgery can cause infections and produce results that can disfigure a person forever.	0	1	0	0	0	1	0	0	0	0	3.5
5133	People with disabilities should be more represented 	in favor of	Aborting children with Down is not love, is not an inclusive society, it is discrimination against the most vulnerable.	0	1	0	0	0	0	0	0	0	1	3.333333333333333
783	We should legalize sex selection	in favor of	sex selection should be allowed to those who want a certain gender.	0	1	0	0	1	0	1	0	0	0	3.0
2121	We should abolish capital punishment	in favor of	Unlike prison sentences, the death penalty is irreversible and irreparable	0	1	0	0	0	0	0	0	0	1	3.333333333333333
3353	We should limit executive compensation	against	executive compensation provides incentive for people to take on high responsibliity positions that drive the economy to new heights creating even more wealth.	1	0	0	0	1	0	0	0	0	0	3.5
4545	We should abolish capital punishment	against	Capital punishment is more humane than other extreme punishment like permanent solitary confinement or guard abuse.	0	0	0	0	0	1	0	0	0	1	3.333333333333333
4123	We should ban factory farming	against	factory farming supports our large consumption of meat, and without it people would not be able to meet their demands for meat.	1	1	0	0	0	1	0	0	0	0	3.5
7062	We should introduce a European citizenship	in favor of	The only ones who benefit from people having several citizenships in different EU countries are the governments because they collect money for issuing passports.	0	0	0	0	0	1	1	0	0	1	3.0
2841	We should cancel pride parades	against	they shouldnt be banned, it's just people coming together and expressing themselves which they have the right to do.	0	0	0	0	0	1	1	0	0	1	3.0
908	We should prohibit school prayer	in favor of	religious beliefs are forced upon children and children of different religions may feel excluded	0	0	0	0	0	0	1	0	0	1	3.0
7100	We should not forget about indigenous Europeans	against	Sounds a little xenophobic. There is no concept of indigenous or aborigenous population in Europe, the only criteria is citizenship.	0	0	0	0	0	1	0	0	0	1	3.333333333333333
440	We should limit judicial activism	against	judicial activism can highlight wrong legislation, or deliver accurate justice that cannot be addressed through the existing laws	1	0	0	0	1	0	0	0	0	1	3.333333333333333
6287	We should abandon television	in favor of	too much of peoples time is spent watching television	0	0	0	0	0	1	1	0	0	0	3.0
6965	Human Gene editing is a good thing	in favor of	DNA has got nothing to do with spirituality. It is made up of nitrogen, oxygen, carbon, and hydrogen - the very same elements that make up the majority atmosphere. It is just as godlike as is the air around us.	0	0	0	0	0	0	0	0	0	1	3.333333333333333
1955	We should ban cosmetic surgery	in favor of	plastic surgery carries risk and when it goes wrong, the nhs have to pay to repair the damage if the patient is suffering or at risk of serious illness.	0	1	0	0	0	1	0	0	0	0	3.5
599	We should ban cosmetic surgery	in favor of	cosmetic surgery makes people feel self-conscious about themselves, providing false imagery of natural beauty	0	0	0	0	0	0	0	0	0	1	3.333333333333333
5090	We need to move towards drug reform, which will change our outdated drug policy.	in favor of	In France, political repression fueled by rightwing ideology and ignorance led cities like Marseille to develop rampant crime that fed on the lucrative market of cannabis. Worst, this criminality is intertwined with radical Islam. In poor neighborhoods, the youth will choose the easy money and start dealing. 	0	0	0	0	0	1	1	0	0	1	3.0
135	We should cancel pride parades	against	pride marches are a crucial part of gay visibility and the fight for equality. ensuring that the fight against injustice continues, especially in countries where homosexuality is still a criminal offense.	0	0	0	0	0	1	0	0	0	1	3.333333333333333
4414	We should abolish intellectual property rights	in favor of	intellectual property rights get in the way of sharing information.	0	1	0	0	0	0	1	0	0	0	3.0
194	We should introduce compulsory voting	against	every individual should be able to choose whether or not they want to vote	0	0	0	0	0	1	1	0	0	1	3.0
3200	We should ban whaling	in favor of	it is cruel and really is not necessary.	0	0	0	0	0	0	0	0	0	1	3.333333333333333
6634	Homeopathy brings more harm than good	against	homeopathy is a great way to naturally cure or ease some ailments	0	0	0	0	0	1	0	0	0	1	3.333333333333333
115	We should abandon the use of school uniform	in favor of	if you are not required to wear a uniform, you are free to choose clothing styles that are more favorable to your body type and coloring, which allows you to look your best	0	0	0	1	0	0	1	1	0	0	3.0
4253	We should legalize sex selection	in favor of	sex selection should be allowed so that families can have children of the gender they desire without overpopulating in an attempt to gain the desires sex. selection would reduce births of an unwanted sex.	0	1	0	0	0	0	1	0	0	1	3.0
4662	NEET exam should be banned	against	NEET exam standardizes the entrance criterion for medical education across the country. As a high score is required to get into government medical colleges, the exam ensures meritocracy.	1	1	0	0	0	0	0	0	0	1	3.333333333333333
3309	We should abolish the three-strikes laws	in favor of	The three-strikes law makes judicial discretion - one of the hallmarks of our justice system - superfluous.	0	0	0	0	0	1	1	0	0	1	3.0
4585	We should strengthen laws to fight against terrorism	against	This will provide more police powers to the central government. The provision of naming individuals as terrorists can be misused. For example, recently several civil activists are termed as Urban Naxals. If anyone opposes the government, they will be vulnerable to be framed as terrorists. Because this amendment made it easier to label anyone as a terrorist.	0	0	0	0	0	0	1	0	0	1	3.0
6080	Blockade of the Gaza Strip should be ended	against	israel have the right to protect itself and this blockade will make them check everything going in and out gaza.	0	0	0	0	1	1	0	0	0	1	3.333333333333333
3193	We should fight for the abolition of nuclear weapons	against	they are more of a detterrant than a threat at this stage.	0	0	0	0	0	1	0	0	0	1	3.333333333333333
3854	We should abolish zoos	in favor of	Zoos are unnatural places for wild animals to live and causes many of them to live long, sad lives in cages.	0	0	0	0	0	0	0	0	0	1	3.333333333333333
2881	We should ban algorithmic trading	in favor of	we should ban algorithmic trading because algorithms don't always work and will cause people to lose a lot of money	1	1	0	0	1	1	0	0	0	0	3.5
2613	We should end the use of economic sanctions	against	we need these sanctions to protect our security	0	0	0	0	0	1	0	0	0	1	3.333333333333333
4948	Migrants should not be used for political blackmail.	in favor of	Mass migration is hybrid warfare directed against our stability. NGOs organize, finance, and promote migration to get advantages.	0	1	0	0	0	1	1	0	0	1	3.0
3356	We should abolish the Olympic Games	against	we shouldn't abolish the olympic games because is important for union of countries of world	0	0	0	0	0	1	0	0	0	1	3.333333333333333
1	We should ban fast food	in favor of	fast food should be banned because it is really bad for your health and is costly.	0	0	0	0	0	1	0	0	0	0	3.5
4947	Migrants should not be used for political blackmail.	in favor of	Mass migration is hybrid warfare directed against our stability. State actors, such as Morocco, Belarus and Turkey have already taken advantage of mass migration. 	0	0	0	0	0	1	1	0	0	1	3.0
7322	We should open up three-child policy to encourage childbirth.	against	To solve the fertility problem in the long term, we need to start at the source: for example, giving young people less pressure to work, regulating and stabilizing housing prices and so on.	0	1	0	0	0	1	0	0	0	1	3.333333333333333
2884	We should ban factory farming	against	The population is growing ever larger and we need efficient ways to produce enough meat for it.	1	1	0	0	0	1	0	0	0	0	3.5
1360	We should ban targeted killing	against	it is sometimes necessary to act in a preemptive manner with cases of truly dangerous terrorists and national threats - reliance on the normal extradition process is too slow, and can cost lives.	0	0	0	0	1	1	0	0	0	1	3.333333333333333
6417	We should subsidize vocational education	in favor of	subsidising vocation education would give a broader range of subjects open to those who may not be as academically well placed as others, to follow an equally useful educational path.	1	1	0	0	0	1	1	0	0	1	3.0
3963	We should adopt a zero-tolerance policy in schools	against	zero-tolerance policy is too harsh not letting a way for even a minor fault. students are terrorized and are no more comfortable for studying	1	1	0	1	0	0	0	0	0	0	3.5
5296	We need a better migration policy.	in favor of	Discussing what happened in the past between Africa and Europe is useless. All slaves and their owners died a long time ago. You cannot blame the grandchildren.	0	0	0	0	0	0	0	0	0	1	3.333333333333333
1621	We should subsidize space exploration	against	we should not subsidize space exploration because that money could be spend on much more pressing matters like helping the homeless and research into cures for cancer.	0	1	0	0	1	1	0	0	0	0	3.5
5441	Holocaust denial should be a criminal offence	in favor of	holocaust denial should be a offence as this was a heinous act that was committed against the jews and its deeply offensive for the jewish community that some people deny it occurred.	0	0	0	0	0	0	0	0	0	1	3.333333333333333
841	We should subsidize journalism	in favor of	we should, if it's subsidised it could mean better journalism	1	0	0	0	1	0	0	0	0	1	3.333333333333333
2504	We should ban cosmetic surgery	against	facial surgery is a common reconstruction for people who get involved in car accidents. cosmetic surgeries is the only solution for them to recover their face they destroyed in the accident	0	0	0	0	0	1	1	0	0	0	3.0
5240	The EU should support Ukraine.	against	Do you want Europeans and Americans to get engaged in a war with Russia? More than 950 million people would have to give up everything and risk their livelihoods and lives to fight in a war that is not ours to fight and fight for a country that has a population of 44 million people. 	0	1	0	0	0	1	1	0	0	1	3.0
4272	We should abolish the three-strikes laws	in favor of	The three-strikes law gives no room for mitigating factors to be considered, making our justice system a rigid one that does not allow for true justice.	0	1	0	0	0	0	0	0	0	1	3.333333333333333
6266	Intelligence tests bring more harm than good	against	intelligence tests help to identify people that need extra help and therefore are an essential tool	1	1	0	0	0	0	0	0	0	0	3.5
5163	Esperanto should replace English as the first foreign language in schools and universities	in favor of	Esperanto is linguistically neutral: The language was created with the principle of internationality in a European context. It’s democratic: There are no native speakers of Esperanto, or better yet not any monolingual speakers of Esperanto. Everyone has to learn it as a second language. As a result of this nobody will have an advantage over others and nobody can feel like a 'stranger' since nobody can feel like a 'native'. Everyone is respected regardless of their origin and not discouraged from learning the language.	1	0	0	0	0	0	0	0	0	1	3.333333333333333
2328	We should subsidize embryonic stem cell research	in favor of	this research will lead to many developments in the treating and curing of a variety of diseases.	1	1	0	0	0	1	1	0	0	1	3.0
1625	We should ban whaling	in favor of	whales could be in danger of going extinct if fisherman can go out and kill them.	0	0	0	0	0	0	0	0	0	1	3.333333333333333
311	We should adopt a multi-party system	against	multi-party systems slow down what gets done because we have too many different sides trying to come to an agreement	1	0	0	0	1	1	1	0	0	1	3.0
1120	We should ban the Church of Scientology	in favor of	this church has harmed countless people and should be labeled more as a cult	0	1	0	0	0	1	0	0	0	0	3.5
2080	We should introduce compulsory voting	against	people have a right to vote and they also have a right not to vote if they don't like any of the candidates	0	1	0	0	0	0	1	0	0	0	3.0
5697	We should subsidize vocational education	in favor of	vocational education should be subsidized as the majority of those studying would be from lower income families.	0	0	0	0	0	1	0	0	0	1	3.333333333333333
3010	We should abolish capital punishment	in favor of	There is no credible evidence that the death penalty deters crime more effectively than a prison term	0	0	0	0	0	1	0	0	0	1	3.333333333333333
4162	We should abandon the use of school uniform	in favor of	we should not force parents with limited funds to buy a whole separate wardrobe for their children to go to school	0	0	0	0	0	1	0	0	0	0	3.5
6751	Payday loans should be banned	in favor of	payday loans prey on the desperation of low income people and lead them even further into poverty.	0	0	0	0	1	1	0	0	0	1	3.333333333333333
5326	We need a revision of the current asylum policy in the European Union.	against	There are Memberstaates in the European Union, that do not want any asylum seekers in their country. For example, Denmark sends back all Syrens and other Arabians.	0	0	0	0	0	0	1	0	0	1	3.0
5798	Foster care brings more harm than good	in favor of	foster care systems are often poorly supervised and allow vulnerable kids to receive continued abuse and neglect.	0	1	0	0	0	1	0	0	0	1	3.333333333333333
2315	We should abandon the use of school uniform	in favor of	school uniforms are unflattering, uncomfortable, and expensive.	0	0	0	1	1	1	1	0	0	1	3.0
238	We should ban whaling	against	if people can get food and other products from whaling that helps sustain them, then it shouldn't be banned.	1	0	0	0	0	1	0	0	0	0	3.5
6986	Adultery should be criminalized	against	Law should not interfere in the personal lives.	0	0	0	0	0	0	1	0	0	0	3.0
5437	Surrogacy should be banned	against	surrogacy provides a family with a child and nothing is better than that	0	1	0	0	0	1	0	0	0	1	3.333333333333333
7283	We should give up developing electric vehicles	in favor of	The development of electric vehicle batteries is a highly polluting industry. Even the batteries will bring very serious pollution if they cannot be recycled.	0	0	0	0	0	0	0	0	0	1	3.333333333333333
1977	We should stop the development of autonomous cars	in favor of	they will lead to more deaths on the roads	0	0	0	0	0	1	0	0	0	0	3.5
2976	We should end the use of economic sanctions	against	the only way to send a strong message to countries who are danger for our western world is economic sanctions which are most effective and successful.	1	0	0	0	1	1	0	0	0	1	3.333333333333333
381	We should legalize cannabis	against	The Highway Loss Data Institute found an increased collision and crash risk in legal marijuana states	0	0	0	0	0	1	0	0	0	1	3.333333333333333
91	We should end the use of economic sanctions	against	economic sanctions can assist in deterring deadly threats against our nation	0	0	0	0	0	1	0	0	0	1	3.333333333333333
5927	Assisted suicide should be a criminal offence	against	it helps relieve some people from tremendous suffering	1	1	0	1	1	1	1	0	0	1	3.0
1589	We should subsidize journalism	in favor of	high-quality journalism requires time, expertise, and research. all of this requires money.	1	0	0	0	0	1	1	0	0	1	3.0
552	We should abolish the three-strikes laws	in favor of	"a three-strikes system does not allow for people to be treated fairly as individuals and instead is used as a ""one-size-fits-all"" control method for minority populations."	0	1	0	0	0	0	0	0	0	1	3.333333333333333
827	We should ban human cloning	against	we should not ban human cloning because it could help with medical research	1	0	0	0	0	1	1	0	0	0	3.0
2012	We should limit judicial activism	against	some laws may not be the best, and opinions are needed.	0	1	0	0	1	1	0	0	0	1	3.333333333333333
7360	We should vigorously develop the countryside.	against	The city is full of opportunities, it gives outworkers prosperity and convenience, and everyone can live in the city with their own power, and even gradually gain a foothold in the city.	0	0	0	0	0	0	1	0	0	0	3.0
6888	We should abandon television	against	television is stll the number one place people go for news, and the verification of news - abandoning it would cut off a reliable source of information, effectively disenfranchising huge swathes of society.	0	0	0	1	0	0	1	0	0	1	3.0
3734	We should subsidize student loans	in favor of	student loans are a good deal for students, student loans allow for some students go to school that may have not been able to go to school before	1	1	0	0	0	1	0	0	0	0	3.5
1472	We should subsidize space exploration	in favor of	the future of mankind may depend on the ability to travel in space	1	0	0	0	0	0	0	1	0	1	3.333333333333333
7231	We should not have any immigration from non-European or non-first-world countries 	against	Japan was a global superpower once just behind the USA, however, it has a strict immigration policy. Where is it now in global power rankings?	1	0	0	0	0	1	0	0	0	1	3.333333333333333
4366	We should limit executive compensation	against	they are at the top and should be able to make as much as possible.	1	0	0	0	1	0	1	0	0	0	3.0
7075	We should include limited profitability enterprises in the EU treaties	in favor of	I'd like to see inclusive legislation which considers all sorts of social businesses, gives them good protection and possibilities to develop. We need a EU social business lab to help develop, foster and research social businesses. 	1	0	0	0	0	0	0	0	0	1	3.333333333333333
2516	We should ban cosmetic surgery for minors	in favor of	minors are not mature enough to make such life altering decisions	0	1	0	0	0	0	0	0	0	0	4.0
7138	We should impose an IQ test to immigrants	against	This just seems like an overtly emotional suggestion that isn't too well thought out. It would cause far more problems that it solves.	1	1	0	0	0	0	0	0	0	1	3.333333333333333
2606	We should ban cosmetic surgery for minors	in favor of	minors are unable to make such a life changing decision as cosmetic surgery	0	1	0	0	0	0	0	0	0	0	4.0
2777	We should end mandatory retirement	in favor of	we should end mandatory retirement because it should be up to each individual what age they feel they are unable to work any longer	0	0	0	0	0	1	1	0	0	1	3.0
1853	We should adopt a zero-tolerance policy in schools	against	a zero tolerance policy is unfair for minimal infractions.	0	1	0	0	0	0	0	0	0	1	3.333333333333333
4810	Intensive livestock farming should disappear	in favor of	The current subsidies with a modular system of incentives should be replaced, as that empowers farmers to choose environmentally, socially, and financially responsible and sustainable solutions that are already available - like natural sequence farming, regenerative agriculture, permaculture, etc. 	1	1	0	0	1	0	0	0	0	1	3.333333333333333
6744	Surrogacy should be banned	in favor of	surrogacy is not regulated and can have unforeseen negative outcomes.	0	1	0	0	1	1	0	0	0	0	3.5
3325	We should legalize cannabis	in favor of	it helps so many people and there is no good reason for it to be illegal when alcohol is not.	0	1	0	1	0	1	1	0	0	1	3.0
4057	We should abandon the use of school uniform	in favor of	we should abandon the use of school uniform since one should be allowed to express their individuality by the clothes they were.	0	0	0	0	0	0	1	0	0	0	3.0
6235	Homeschooling should be banned	against	homeschooling helps kids learn better in an environment where they're comfortable.	1	1	0	0	0	1	1	0	0	0	3.0
740	We should ban private military companies	against	We should not ban because it has been proven to work and can serve specific issues	1	0	0	0	0	1	0	0	0	1	3.333333333333333
7142	We should remove unauthorized asylum seekers or migrants.	in favor of	Many countries have the view that unauthorized asylum seekers should be removed.	0	0	0	0	1	1	1	0	0	1	3.0
4285	We should ban cosmetic surgery for minors	against	we should not ban cosmetic surgery for minors as some minors are born with defects that could be corrected by these procedures.	0	1	0	0	0	1	1	0	0	1	3.0
530	We should subsidize journalism	against	subsidizing journalism could raise questions about bias and editorial independence.	0	1	0	0	0	0	1	0	0	1	3.0
2305	We should ban telemarketing	against	no, it would eliminate way to many jobs.	1	1	0	0	1	1	0	0	0	0	3.5
6566	Payday loans should be banned	against	there are emergency circumstances in which people need money in a hurry and payday loans assist them in acquiring it.	0	1	0	0	0	1	0	0	0	0	3.5
2903	We should legalize prostitution	in favor of	women should have the right to decide what to do with their body and that should include being able to sell it.	0	0	0	0	1	0	1	1	0	0	3.0
7008	We should promote the use of nuclear energy	against	At this stage it is not worth investing money in current nuclear technology, what we should be doing is investing more in research into nuclear fusion energy, which is really the clean and safe energy we need and which we are getting closer and closer to achieving, in order to have those artificial suns working as soon as possible.  	1	0	0	0	0	1	1	0	0	1	3.0
486	We should limit executive compensation	in favor of	CEO's make 100 times what an average worker make and they do not actually generate any capital.	0	0	0	0	1	0	0	0	0	1	3.333333333333333
3580	We should abolish the Olympic Games	in favor of	olympic games often make unnecessary expenses that could be used for other causes	0	1	0	0	1	0	0	0	0	1	3.333333333333333
3315	We should adopt a zero-tolerance policy in schools	against	children are still growing and forming their own personalities - a zero-tolerance policy allows no room for mistakes, at a time when children are testing boundaries and they need some flexibility to develop	1	1	0	0	0	0	1	0	0	0	3.0
6211	The use of public defenders should be mandatory	against	some lawyers are superior, and forcing these to be public defenders would chase potential lawyers from the profession.	1	1	0	0	1	0	0	0	0	1	3.333333333333333
2525	We should abolish capital punishment	in favor of	the capital punishment is a setback of the current civilization	1	0	0	0	0	1	0	0	0	1	3.333333333333333
1528	We should abolish intellectual property rights	against	creative work is just as important as physical work and authors should be compensated	1	0	0	0	1	0	1	0	0	0	3.0
839	We should ban factory farming	against	factory farming is a great way to get more food for everyone	0	1	0	0	0	1	0	0	0	0	3.5
730	We should ban private military companies	against	Private military companies can provide more advanced technology because they are not restricted by governmental red tape.	1	0	0	0	0	1	1	0	0	0	3.0
4866	The EU should have open borders with poor countries	in favor of	People born in Africa or poor countries look for a better place for their kids to grow up, where there is no war, and where there is food, good education, and health systems.	1	0	0	0	0	1	0	0	0	1	3.333333333333333
6697	Homeschooling should be banned	in favor of	homeschooling does not allow the child or children to socialize with others of their own age.	1	0	0	1	0	1	0	0	0	1	3.333333333333333
6149	Payday loans should be banned	against	payday loans are a life saver for many people who need to make that bill payment on time.	0	1	0	0	0	1	0	0	0	0	3.5
3637	We should subsidize Wikipedia	in favor of	wikipedia provides a great service which provides a safe place to find info on all types of topics	1	0	0	0	0	0	1	0	0	1	3.0
1583	We should limit executive compensation	in favor of	we should limit executive compensation because it will lead to having to pay taxes at the highest tier	1	0	0	0	1	1	0	0	0	0	3.5
5444	Homeschooling should be banned	against	if the parents can provide a better education than what their local schools offer, they should be allowed to do so.	0	1	0	0	0	0	1	0	0	0	3.0
7058	We should open free training centers for the EPSO competition	in favor of	This would be an opportunity for more Europeans to discover the possibility to work for the EU	1	0	0	0	0	1	0	1	0	1	3.333333333333333
6717	Surrogacy should be banned	in favor of	Surrogacy can create long term emotional harms when women are separated from their children.	0	0	0	0	0	1	0	0	0	0	3.5
1910	We should abolish the Olympic Games	in favor of	Sport does nothing for the survival of the human race and yet masses of resources are still ploughed into it for events like the Olympic Games while issues like poverty are swept under the carpet.	0	1	0	0	0	0	0	0	0	1	3.333333333333333
2674	We should introduce compulsory voting	in favor of	compulsory voting will represent all of the people not only those who already vote	0	0	0	0	1	0	0	0	0	1	3.333333333333333
1138	We should adopt a multi-party system	in favor of	the multi-party system works and ensures that everybody has their say	1	0	0	0	1	1	1	0	0	1	3.0
1139	We should limit executive compensation	in favor of	they earn the wage they make for their job so why so they get extra?	0	0	0	0	0	0	0	0	0	1	3.333333333333333
6134	We should abandon television	against	we don't need to abandon television just because some of the shows on it are garbage. there is still a lot of content that provides comedic relief or education that is hard to get from other technology	1	0	0	1	0	0	1	1	0	0	3.0
2744	We should subsidize student loans	in favor of	for some students taking a student loan is the only way to afford studying	1	0	0	0	0	1	1	0	0	0	3.0
7278	We should abolish the 996 overtime system	in favor of	China's 996 overtime system violates labor laws.	0	0	0	0	0	1	0	0	0	1	3.333333333333333
2930	We should cancel pride parades	against	people have right to express themselves and raise awareness of different sexual orientations.	0	0	0	0	0	0	1	0	0	1	3.0
4656	Social media is making us less social	against	Due to social media, now we have the opportunity to connect with many people, even if they do not live in our area. Before social media, we could interact with people from either our locality or the places we go.	0	1	0	1	0	1	0	0	0	0	3.5
5963	Foster care brings more harm than good	in favor of	children may never have somewhere to call a forever home because they're moved around so much, and therefore can't form attachments to any specific family.	0	1	0	0	0	1	0	0	0	0	3.5
5105	The EU government should encourage people to eat less meat	against	I think forcing people to eat a limited amount of meat is totally the wrong way because of the following reasons:  1. It would cause so much more bureaucracy  2. forbidding it would understandably make a lot of people very mad. I mean who likes to be told what to eat?  3. I think it's important to have the freedom to eat what you want I think a much better solution would be to increase the tax on meat. Making it less attractive for people.	0	0	0	1	0	1	1	1	0	1	3.0
4793	Biogas plants should be assessed on the basis of their efficiency	in favor of	Maize biogas plants need more energy to operate than they supply. Should a free-area PV plant have a ten-fold higher efficiency on this arable land, the biogas plant should not be supported.	1	1	0	0	0	1	0	0	0	1	3.333333333333333
2262	We should subsidize Wikipedia	in favor of	wikipedia has no source of funding and subsidizing it will let it keep providing information	1	1	0	0	0	1	1	0	0	1	3.0
2071	We should legalize sex selection	in favor of	Legalizing sex selection will help parents to have the exact family makeup they have always dreamed of.	0	1	0	1	0	0	1	0	0	0	3.0
6412	Homeschooling should be banned	against	this is a free country, people have the right to homeschool their children	0	0	0	0	1	0	1	0	0	0	3.0
6895	Homeschooling should be banned	against	banning homeschooling takes away the right of the parent to choose the education they feel is best for their children.	1	1	0	0	1	0	1	0	0	0	3.0
107	We should subsidize space exploration	in favor of	there is so much more to explore and learn about space that subsidising space exploration would bring us closer to learning and understanding what is beyond our planet.	1	0	0	0	0	0	0	0	0	0	3.5
1254	We should subsidize space exploration	in favor of	space exploration is the last great frontier for scientific discovery and should be publicly funded.	1	0	0	0	1	0	1	1	0	1	3.0
3461	We should abolish safe spaces	against	safe spaces help protect all people.	0	0	0	0	0	1	0	0	0	1	3.333333333333333
26	We should legalize organ trade	in favor of	we need more organs than people donate so legalizing it would be a good thing	0	0	0	0	0	0	0	0	0	1	3.333333333333333
6633	Social media brings more harm than good	against	social media is good because it keeps people connected.	0	0	0	0	0	1	0	0	0	1	3.333333333333333
5515	We should subsidize vocational education	in favor of	is absolutely mandatory for all governments to subsidize vocation education as a help for people who trying to gain some qualification for the jobs.	1	0	0	0	0	1	0	0	0	1	3.333333333333333
4083	We should end the use of economic sanctions	against	only way to punish, to defend our society from threat countries is economic sanctions and that should be followed all the time.	0	0	0	0	1	1	0	0	0	1	3.333333333333333
4975	We do not need immigration from non-European or non-first-world countries. 	in favor of	There's nothing wrong with not wanting your continent to become chaos and putting your people first, every civilization in this world takes that idea as self-evident. We need to negotiate Remigration deals with the 3rd countries to send their nationals back and we need to use Frontex to push back any migrants coming to our borders.	0	0	0	0	1	1	0	0	0	0	3.5
6796	Blockade of the Gaza Strip should be ended	against	gaza strip blockade has helped its nation stay away from war and rebellion by this blockade.	0	0	0	0	0	1	0	0	0	1	3.333333333333333
2309	We should legalize organ trade	in favor of	Organs are a form of property and people should be allowed to sell their property if they want to.	1	1	0	0	1	1	1	0	0	1	3.0
4481	We should adopt a multi-party system	in favor of	as many people's views don't fall in line with the two large parties, we can't say the current system is truly representative.	0	0	0	0	0	1	0	0	0	1	3.333333333333333
4558	We should adopt an austerity regime	against	we should not support the austerity regime because it takes away from programs that are most needed such as feeding children.	0	1	0	0	0	1	0	0	0	1	3.333333333333333
1418	We should ban targeted killing	against	targeted killing allows the military to remove a dangerous person without needing to go to war or harming others. it is a strategic way to save innocents who would be endangered by that person.	1	0	0	0	0	1	0	0	0	0	3.5
2526	We should ban telemarketing	against	It is time saving. You can reach a large number prospects much faster than a sales representative on foot.	1	0	0	0	0	0	0	0	0	1	3.333333333333333
4617	IT recruiters should consider skills instead of a degree in programming	in favor of	Any skill can be learned and mastered even if we do not have a degree in that. And programming is no exception.	1	0	0	0	0	0	1	0	0	0	3.0
6009	Surrogacy should be banned	against	when a couple are not blessed with the ability to have their own children surrogacy provides this joy therefore it should not be banned.	0	1	0	1	0	0	1	1	0	0	3.0
7116	We should impose an IQ test to immigrants	against	Some of the 9/11 Terrorists were well educated. IQ proves nothing, I'd better welcome good people than smart people.	0	0	0	0	0	1	0	0	0	1	3.333333333333333
1606	We should abandon the use of school uniform	in favor of	some students can not afford school uniforms and or may not be comfortable in them, which is distracting.	1	1	0	0	0	1	0	0	0	0	3.5
6205	We should abandon television	in favor of	we should abandon television because it contributes to the laziness and dumbing down of society.	1	0	0	0	0	1	1	0	0	1	3.0
4152	We should ban algorithmic trading	in favor of	Algorithmic trading can be manipulated to artificially alter the price by a competitor, harming anyone who uses algorithmic trading.	0	1	0	0	0	0	0	0	0	1	3.333333333333333
1283	We should subsidize space exploration	in favor of	space exploration advances the frontiers of mankind, and could well discover new resources that will be invaluable due to the depletion of those on earth.	1	1	0	0	1	0	0	1	0	1	3.333333333333333
7289	We should ban the trading of virtual currencies.	in favor of	Cracking down on virtual currencies is not only to ensure the smooth advancement of carbon peak and carbon neutrality, but also to protect the country's financial order.	0	0	0	0	1	1	0	0	0	1	3.333333333333333
5575	Blockade of the Gaza Strip should be ended	in favor of	the blockade has continued for far too long, and is preventing innocent people from obtaining the aid that they desperately need	0	0	0	0	0	1	0	0	0	1	3.333333333333333
6805	The use of public defenders should be mandatory	in favor of	the use of public defenders should be mandatory because nobody deserves preferential treatment.	0	0	0	0	0	0	0	0	0	1	3.333333333333333
5408	Social media brings more harm than good	in favor of	social media brings more harm than good because it causes people to judge themselves too harshly in comparison of the seemingly perfect lives of others online.	0	0	0	0	0	1	1	0	0	0	3.0
6926	Consumerism brings more harm than good	against	On the economic side, consumerism had a positive impact. Due to the increase in wages, people started buying more. Due to increased demand, aided by increased supply (due to the setting up of factories) entrepreneurial activity got a boost. Businesses were set up, jobs increased, wages improved and living standards improved. Overall, the world took a turn for the better. This made everyone look at consumerism (or for them, vanity) in a different light. Instead of being a stigma, it actually became a boon.	0	0	0	0	1	1	0	0	0	1	3.333333333333333
723	We should adopt atheism	in favor of	atheism is the most rational outcome  for our society after too many religions have ruined our lives	0	0	0	0	0	1	1	0	0	1	3.0
6858	We should abandon television	in favor of	television leads to lack of exercise and loss of communication as people sit in front of their television rather than talk and do activities together.	0	0	0	1	0	1	0	1	0	0	3.5
1056	We should ban the Church of Scientology	in favor of	scientology is a cult and so is dangerous	0	0	0	0	0	1	0	0	0	1	3.333333333333333
2139	We should oppose collectivism	against	No one individuals life is any more intrinsically important or valuable than any other person's life, and therefore we should build societies that value the collective and general public over the individual.	0	1	0	0	0	1	0	0	0	0	3.5
2965	We should ban private military companies	in favor of	the defense of a country can only be trusted with the government, and should not be motivated by money and greed.	1	0	0	0	1	1	0	0	0	1	3.333333333333333
6966	Human Gene editing is a good thing	in favor of	Some people who believe in modifying the genes believe that it not only increases the span of life but also increases the quality of life.	0	0	0	0	0	1	0	0	0	0	3.5
3676	We should abolish safe spaces	against	safe spaces are necessary to have a place of safety for all	0	0	0	0	0	1	0	0	0	1	3.333333333333333
4355	We should legalize sex selection	in favor of	this will lead to fewer unwanted children and improve parental satisfaction	0	1	0	0	0	0	1	0	0	1	3.0
3145	We should limit executive compensation	in favor of	we should not spend a fortune on the richest of the rich, it is unnecessary and elitist	0	0	0	0	0	0	0	0	0	1	3.333333333333333
4261	We should ban human cloning	against	human cloning could allow parents an opportunity to replace a dead child and baby with a new child that is the same. this would help them deal with their original loss.	0	1	0	1	0	1	0	0	0	0	3.5
7021	We should use available solutions to make flying more sustainable right now	in favor of	The EU should accelerate the journey towards sustainable aviation by rapidly increasing the amount of sustainable aviation fuel (SAF) used in the aviation sector right now.  SAFs are not made from fossil fuels, but from CO2 that has been taken out of the air recently, either by biological processes or through technology. 	0	0	0	0	0	0	0	0	0	1	3.333333333333333
1322	We should ban human cloning	against	we should not ban human cloning because it can help save lifes	1	1	0	0	0	1	1	0	0	0	3.0
5526	Assisted suicide should be a criminal offence	against	when people are suffering, it is unfair to force them to continue to do so.  if someone can assist them in ending the suffering, they should be able to.	0	1	0	0	0	1	1	0	0	1	3.0
1500	We should legalize organ trade	in favor of	legalizing organ trade would alleviate the shortage of organ donations that the medical system constantly faces.	0	1	0	0	0	1	0	0	0	0	3.5
3677	We should ban whaling	in favor of	whale are an important part of the ecosystem and whaling threatens their survival on this planet.	0	0	0	0	0	0	0	0	0	1	3.333333333333333
3570	We should abolish the right to keep and bear arms	against	abolishing the right to keep and bear arms would put all innocent people at risk because people who want to kill will find a way to do so and innocent people will be defenseless	0	1	0	0	1	1	0	0	0	0	3.5
1373	We should subsidize space exploration	against	space exploration is a drain on money which should be invested in looking after our own planet, therefore, we should not subsidize space explorations.	0	0	0	0	0	1	0	0	0	1	3.333333333333333
5785	Surrogacy should be banned	against	surrogacy gives those who can't have children a way to have them.	0	1	0	0	0	0	1	0	0	1	3.0
1092	We should stop the development of autonomous cars	against	autonomous cars are our future and provide many benefits	1	0	0	0	0	0	0	0	0	1	3.333333333333333
1020	We should ban fast food	in favor of	fast food has almost non nutritional value. it is full of bad unhealthy ingredients and is causing the rise in health problems and obesity in the nation.	1	1	0	0	0	1	0	0	0	0	3.5
394	We should abolish capital punishment	in favor of	many innocent lives were being taken by this profoundly flawed practice	0	1	0	0	0	0	0	0	0	1	3.333333333333333
976	We should adopt libertarianism	in favor of	libertarians are more fair than other politicians.	0	0	0	0	0	1	0	0	0	1	3.333333333333333
1003	We should subsidize student loans	in favor of	we should invest in the young generations and support them in their education, especially when higher education is so expensive.	1	1	0	0	0	1	0	0	0	0	3.5
4807	The best way to save the world from climate change and protect the environment is to encourage everyone to start with themselves and look at what things they can do to help with this problem	against	It is not about blaming others. It is about seeing the situation as it is. Recognizing patterns, reasons, and consequences of our behavior. We do not make our choices in a vacuum. If it is easier and cheaper to live not sustainably, people will do it, even if they are conscious of the consequences. 	0	0	0	0	1	0	1	0	0	1	3.0
3464	We should introduce compulsory voting	in favor of	compulsory voting makes the population more involved in the election process, and would give results that more accurately reflected the will of the electors.	1	1	0	0	0	1	1	0	0	0	3.0
3330	We should legalize organ trade	against	legalizing the organ trade would disproportionately affect the poor, who would feel the need to sell their organs in order to make ends meet. this would also leave them physically weaker.	0	0	0	0	0	1	0	0	0	1	3.333333333333333
5391	Social media brings more harm than good	in favor of	social media results in the fomo culture which is unhealthy for individuals.	0	0	0	0	0	1	1	0	0	0	3.0
659	We should subsidize space exploration	in favor of	we need to subsidize space exploration so we can find somewhere for the human race to go when we finally get done destroying our planet.	0	0	0	0	0	0	0	0	0	1	3.333333333333333
27	We should prohibit school prayer	in favor of	School prayer is divisive and requires children to either support religion without question or be treated as different if they do not wish to attend, which marks people out by their differences at an early age.	0	0	0	0	0	0	0	0	0	1	3.333333333333333
4017	We should subsidize journalism	against	"journalism has become nothing more than ""fake news""."	0	1	0	0	0	0	0	0	0	1	3.333333333333333
1281	We should ban the Church of Scientology	in favor of	scientology is an evil cult that is sustained by stealing from its acolytes large sums of money in exchange for nothing	0	1	0	0	1	0	1	0	0	1	3.0
3596	We should abolish intellectual property rights	against	intellectual property rights protects the ideas that will lead to a solid invention/investment and therefore need to be protected, not abolished.	1	0	0	1	1	0	1	0	0	0	3.0
1340	We should subsidize embryonic stem cell research	in favor of	we definitely should, this research can make significant breakthroughs for musical science	0	1	0	0	0	0	1	1	0	1	3.0
5694	Intelligence tests bring more harm than good	against	intelligence tests allow an unbiased mechanism to get extra resources to those that have a higher capacity for learning yet lack the economic mobility to receive these resources.	1	1	0	0	0	1	0	0	0	1	3.333333333333333
5685	Blockade of the Gaza Strip should be ended	in favor of	the only thing a blockade does is affect the people at the bottom as they suffer from the loss of jobs and supplies	1	0	0	0	0	1	1	0	0	1	3.0
3306	We should adopt a multi-party system	against	a multiparty system would be too decentralized	0	0	0	0	1	1	0	0	0	0	3.5
5852	The use of public defenders should be mandatory	against	making the use of public defenders madatory would increase the number of miscarriages of justice since the best and most able defence lawyers would go to areas of the law where they can make the most money	1	0	0	0	1	0	0	0	0	1	3.333333333333333
4887	We need a common migration and asylum policy, based on respect for rights and equal treatment	against	Before we focus on ensuring that immigrants have nice conditions in the EU, we should first focus on ensuring that our own people can live respected lives in their own countries. Countries where they paid taxes and supported with their own labor. So that they are supported when they get ill, when they need help taking care of their kids and when they one day retire. EU still hasn't properly managed to achieve this in all member states. As such those member states should focus on repairing and improving the situation for their own people first and once those countries are up to standard and have free resources left, then we can speak of improving the situation for immigrants.	0	1	0	0	0	1	0	0	0	0	3.5
1863	We should legalize organ trade	against	Legalizing organ trade would allow rich people to stay healthy at the expense of poor people putting themselves at risk, creating an unfair society.	0	0	0	0	0	1	0	0	0	1	3.333333333333333
672	We should ban algorithmic trading	in favor of	algorithmic trading can cause unnatural market movements.	0	0	0	0	1	1	0	0	0	0	3.5
6477	Social media brings more harm than good	in favor of	it does because fake news can be easily spread around and provide misinformation,	0	1	0	0	0	0	0	0	0	1	3.333333333333333
4308	We should legalize sex selection	in favor of	people should be able to select the sex of the children so that they can balance their family the way they wish it to be.	0	1	0	0	0	0	1	0	0	1	3.0
1793	We should abolish capital punishment	in favor of	Criminals are often kept on death row for many years, suffering in anticipation of their death. This makes capital punishment more severe than just depriving the criminal of life.	0	1	0	0	0	1	0	0	0	1	3.333333333333333
385	We should legalize sex selection	against	allowing sex selection could lead to an imbalance of the genders in the population.	0	0	0	0	0	1	0	0	0	1	3.333333333333333
1436	We should ban cosmetic surgery for minors	in favor of	Cosmetic surgery as a minor makes it more likely that you will have to go in for follow up procedures as an adult to touch up or fix problems with this past surgery.	0	0	0	0	0	1	0	0	0	0	3.5
3070	We should introduce compulsory voting	in favor of	compulsory voting would see to it that we have the person the people, all the people, truly want in each area of our government.	0	1	0	0	1	1	0	0	0	0	3.5
1836	We should ban human cloning	in favor of	we should ban human cloning because it is not fair to the clone who is a living being but has no parents or friends and is essentially a lab experiment	0	1	0	0	0	1	1	0	0	1	3.0
3510	We should fight for the abolition of nuclear weapons	in favor of	by ridding the world of nuclear weapons we do not have to worry about nuclear accidents or mistakes.	0	0	0	0	0	1	0	0	0	1	3.333333333333333
810	We should abolish intellectual property rights	against	intellectual property rights protect inventors.	1	1	0	0	0	0	0	0	0	1	3.333333333333333
2110	We should ban factory farming	in favor of	factory farming should be banned because meat quality goes down when animals aren't living in optimal conditions and therefore people are having to eat inferior meat.	1	0	0	0	0	1	0	0	0	1	3.333333333333333
1441	We should subsidize student loans	in favor of	Student loans are necessary to be able to afford  the cost of college. Subsidizing the loans allows more people to  gt a degree and not have to leave to earn an income before they finish.	1	1	0	0	0	1	0	0	0	1	3.333333333333333
5242	There should be no illegal migration.	against	What does legal migration look like? People can not ask for asylum at an Embassy or Consulate. So people actually have to come to the EU and enter the EU if they want to ask for asylum in the EU. This has caused inhumane and dangerous circumstances as we see in the Mediterranean Sea.	0	0	0	0	0	1	0	0	0	1	3.333333333333333
5659	Blockade of the Gaza Strip should be ended	against	The blockade of Gaza undermines the popularity and economic power of Hamas.	1	0	0	0	1	1	0	0	0	0	3.5
830	We should end the use of economic sanctions	in favor of	they only hurt the poorest of society and are an outdated punishment.	0	1	0	0	1	0	0	0	0	1	3.333333333333333
5080	The EU government should encourage people to eat less meat	against	Horrible idea. Next, you will limit water or air?! This is not the way to move on climate change. You can do much more via mass politics and not focus on individuals or limit their freedoms. If you want to stop eating meat, do so, I won't.	0	0	0	0	1	0	1	0	0	1	3.0
5547	Surrogacy should be banned	in favor of	surrogacy should be banned as it is put too much emotional drain on the individuals with high expectations that may or may not be possible to deliver.	1	1	0	0	0	1	1	0	0	0	3.0
3689	We should end the use of economic sanctions	in favor of	economic sanctions will hit poorer people in the affected country more than politicians.	0	0	0	0	1	0	0	0	0	1	3.333333333333333
1984	We should ban human cloning	in favor of	we should ban human cloning because cloning takes away from the unique individuality of a person.	0	0	0	0	0	1	1	1	0	1	3.0
1465	We should abolish the right to keep and bear arms	in favor of	Arms are very bad for the whole of society when they are in the hands of bad persons. giving anyone the right to keep and bear arms puts society in danger	0	0	0	0	0	1	0	0	0	1	3.333333333333333
962	We should stop the development of autonomous cars	against	developing autonomous cars is a necessity. it would make roads and travel much safer as car accidents account for an incredible amount of deaths. there would be no more drunk and distracted driving accidents.	1	1	0	0	0	1	0	0	0	1	3.333333333333333
3550	We should ban cosmetic surgery for minors	in favor of	minors are not mature enough to opt for cosmetic surgery and there is concern that they could later have regrets.	1	1	0	0	0	1	0	0	0	1	3.333333333333333
4237	We should subsidize Wikipedia	in favor of	we should subsidize wikipedia as they have done a tremendous job pulling together a humongous database of facts.	1	1	0	0	0	0	1	0	0	1	3.0
628	We should abolish intellectual property rights	in favor of	we should abolish intellectual property rights because we never can truly know that someone came up with something.	1	0	0	0	0	0	0	0	0	1	3.333333333333333
5271	The EU should strengthen the integration of Ukraine through intensified cooperation	against	Ukraine will move forward on its European path when it allows Hungarian kids living on its territory to study in their native tongue, not a day sooner. 	0	0	0	0	0	0	1	0	0	1	3.0
5696	Blockade of the Gaza Strip should be ended	against	The blockade is an alternative to conventional warfare against Gaza which would cause more harm / death to Palestinians.	0	0	0	0	1	1	0	0	0	1	3.333333333333333
5606	The use of public defenders should be mandatory	in favor of	many people do not have the mental capacity to understand the reasons to defend themselves and the usage of public defenders should be mandatory.	0	1	0	0	0	1	0	0	0	1	3.333333333333333
500	We should subsidize Wikipedia	in favor of	wikipedia is not free to run even if it is free to users. subsidization would help keep it free for users.	1	1	0	0	0	1	1	0	0	1	3.0
3041	We should abolish capital punishment	in favor of	there is no credible evidence that capital punishment acts as a deterrent	1	1	0	0	0	0	0	0	0	1	3.333333333333333
6636	We should abandon television	in favor of	televisions should be abandoned as families need to spend more time together doing activities instead of being mindlessly staring at a television.	0	1	0	0	0	1	0	0	0	0	3.5
5791	We should abandon television	against	television provides entertainment for all ages and can be very enjoyable.	0	0	0	1	0	1	1	1	0	0	3.0
2498	We should abandon the use of school uniform	against	we should not abandon the use of school uniforms because it helps to create a fair and even playing field between students who are rich and poor alike.	0	0	0	0	0	1	0	0	0	1	3.333333333333333
6459	Homeopathy brings more harm than good	against	it is none of our business which treatment a person decides to pursue as long as there are no third party harms.	0	0	0	0	0	1	1	0	0	1	3.0
2286	We should ban cosmetic surgery for minors	in favor of	Cosmetic surgery promotes a superficial society that cares more about appearance than personality.	0	1	0	0	0	1	0	0	0	1	3.333333333333333
1839	We should ban telemarketing	against	telemarketing gives us new opportunities and we can often save money on our services.	1	0	0	0	1	1	0	1	0	0	3.5
2937	We should adopt atheism	in favor of	Atheism allows one to really examine why we believe what we do and are you truly a good person or do you just want to go to heaven	0	0	0	0	0	0	1	0	0	1	3.0
408	We should ban factory farming	against	factory farming has allowed the prices of food to drop drastically.	0	0	0	0	1	1	0	0	0	0	3.5
2285	We should ban cosmetic surgery for minors	in favor of	cosmetic surgery should be banned for minors because their bodies haven't even finished developing yet so anything done to correct issues with appearance may be undone by nature anyway.	0	1	0	0	0	1	0	0	0	1	3.333333333333333
2975	We should introduce compulsory voting	against	american citizens have the right to choose whether or not they want to vote.	0	0	0	0	0	0	1	0	0	0	3.0
834	We should subsidize space exploration	against	space exploration is a waste of taxpayers money and should be funded by private enterprises.	0	0	0	0	1	0	0	0	0	1	3.333333333333333
4795	Companies should pay for the environmental damage cause by their products	in favor of	If all costs, including CO2 emissions of the production, the extraction of resources and its consequences for the region (environment and humans), ecosystem damage, recycling of the waste, and so on and so forth would be monetized and internalized in the costs of the products, many of our problems would be solved. It would simply make the more environmentally friendly products cheaper than the others and their production economically smarter. 	1	0	0	0	1	1	0	0	0	1	3.333333333333333
3539	We should stop the development of autonomous cars	in favor of	autonomous cars are not trustable in every aspect of safety. we can't trust the robots and their ability to react in such a situation which humans will react in according of situation.	1	0	0	0	0	1	0	0	0	0	3.5
3148	We should introduce compulsory voting	in favor of	compulsory voting could improve peoples knowledge of politics if they knew they had to vote they might learn more about politics	1	1	0	0	0	0	1	0	0	1	3.0
6541	Blockade of the Gaza Strip should be ended	in favor of	the blockade only hurts the people and not the government. it's the people who are suffering because of it	0	0	0	0	0	1	0	0	0	1	3.333333333333333
5053	We need to ensure improvements to the European Union's decision-making processes with increased transparency and accountability	in favor of	Decision-making is today made unilaterally minding short-term economic interests and employers' demands. We need a social, progressive policy in the EU.	1	0	0	0	0	0	0	0	0	1	3.333333333333333
3548	We should adopt an austerity regime	in favor of	to be able to provide a stable economy, an austerity regime is necessary to operate on a balanced budget.	0	0	0	0	1	1	0	0	0	0	3.5
3961	We should legalize cannabis	in favor of	legalizing recreational marijuana will add billions to the economy, create hundreds of thousands of jobs, and save limited police resources	0	0	0	0	1	1	0	0	0	0	3.5
6775	Surrogacy should be banned	in favor of	there are already plenty of unwanted children in the world and people should be encouraged to adopt instead.	0	1	0	0	0	1	0	0	0	1	3.333333333333333
596	We should limit executive compensation	against	companies should be able to pay as much as they like as long as it's above minimum wahe	0	0	0	0	1	0	1	0	0	0	3.0
3775	We should abolish the three-strikes laws	in favor of	three-strike laws should be abolished as it negatively impact minorities and people of color who are more likely to commit crime due to poverty issues.	0	0	0	0	0	0	0	0	0	1	3.333333333333333
1533	We should subsidize Wikipedia	against	wikipedia is a private entity and is responsible for their own costs	0	1	0	0	0	1	1	0	0	1	3.0
6777	Blockade of the Gaza Strip should be ended	in favor of	it would allow medical supplies to get to the needy	0	0	0	0	0	1	0	0	0	1	3.333333333333333
7145	We should strengthen Frontex and control immigration	in favor of	Bigger financial resources for Frontex and military action in Syria will stop the conflict.	1	1	0	0	1	1	0	0	0	1	3.333333333333333
789	We should ban algorithmic trading	against	Algorithmic trading can operate 24 hours a day. While you sleep, your algorithms are making you money.	1	0	0	0	1	0	1	0	0	1	3.0
6838	Intelligence tests bring more harm than good	against	intelligence tests provide data that can help the takers work on their weak points.	1	0	0	0	0	0	0	0	0	1	3.333333333333333
3026	We should abolish safe spaces	against	some students need the extra protection and comfort.	0	1	0	0	0	1	0	0	0	1	3.333333333333333
6983	Military training should be made compulsory for all in India	against	Most of the reserve force will not be utilized, which means huge amounts of expenditure on trainings will go in vain.	0	0	0	0	0	1	0	0	0	0	3.5
3628	We should ban telemarketing	against	telemarketing allows people that cannot find other jobs to be contributer to the economy and tax base along with the fact that these calls can be ignored with an answering machine or simply join a no-call list.	0	0	0	0	1	1	0	0	0	0	3.5
6980	The Internet should be censored	in favor of	Internet censorship helps in maintaining Cybersecurity.	0	0	0	0	0	1	1	0	0	0	3.0
495	We should ban fast food	against	Some fast food restaurants offer healthy alternatives and provide a quick , nutritious meal on-the-go.	0	0	0	0	0	1	0	0	0	1	3.333333333333333
1752	We should subsidize embryonic stem cell research	in favor of	embryonic research has proven effective in finding cures for many diseases such as cancer.	1	1	0	0	0	1	1	0	0	0	3.0
2536	We should abandon the use of school uniform	against	the uniforms break the class barriers between the students and allow a fairer treatment for all.	0	0	0	0	0	1	0	0	0	1	3.333333333333333
4917	We need integrated rail transport systems, agreements between various railway operators and a simple and accessible search engine	in favor of	It has to work like with air travel: Book a coherent journey from A to B operated by different companies, and be sure that if something goes wrong, there will be a solution (rebooking, ...).	1	1	0	0	0	0	0	0	0	1	3.333333333333333
3808	We should oppose collectivism	in favor of	collectivism makes people lazy.  why work hard if other people will do it for you?  we should encourage individualism instead where people are encouraged to be innovative and hard working.	1	1	0	0	0	0	1	0	0	0	3.0
7121	We should not produce unnecessary garbage	in favor of	Things that are supposed to serve us for a long time, like a vehicle or telecommunication device or household implements should be designed to last half a lifetime under normal use. The quality of the building material should matter more in that instance, so less focus on recycling.	1	1	0	0	0	0	0	0	0	1	3.333333333333333
4131	We should legalize cannabis	in favor of	marijuana has numerous proven medical benefits.	0	0	0	0	0	1	0	0	0	1	3.333333333333333
2520	We should ban private military companies	in favor of	the military is the last thing that should be profit driven, reliance on such companies can invoke catastrophe.	1	1	0	0	0	1	1	0	0	0	3.0
4181	We should subsidize embryonic stem cell research	in favor of	stem cell research is our best hope in finding cures	1	0	0	0	0	1	0	0	0	1	3.333333333333333
5650	Foster care brings more harm than good	in favor of	Children get moved from foster home to foster home and end up troubled because they feel so unwanted.	0	1	0	0	0	1	0	0	0	0	3.5
3830	We should legalize prostitution	against	prostitution is often associated with drug abuse and other crimes, and legalising it would send out completely the wrong message.	0	0	0	0	0	1	0	0	0	0	3.5
3533	We should ban telemarketing	against	i don't think that is a good idea to ban telemarketing , there are people working in this kind of jobs and they are good at what they do , most of the time they advertise very well.	1	1	0	0	0	1	1	0	0	0	3.0
3161	We should ban targeted killing	against	Targeted killing will help clean up the streets faster.	0	1	0	0	0	1	0	0	0	0	3.5
4664	NEET exam should be banned	in favor of	As the exam requires additional study, coaching centers are taking advantage of the situation and are charging lakhs of rupees for the coaching for the NEET exam. So, due to this, students who cannot afford the coaching are at a disadvantage.	1	0	0	0	0	0	1	0	0	1	3.0
3511	We should end mandatory retirement	against	young workers won't be able to find a job if no one ever retires	0	1	0	0	1	1	0	0	0	1	3.333333333333333
4641	We should forbid neo-banks	in favor of	Tech literacy is still very low in India. Traditional banks can meet the banking requirements of less tech-savvy customers or people in rural areas of the country who prefer face-to-face interaction with the manager.	1	1	0	0	1	1	0	0	0	1	3.333333333333333
5673	Blockade of the Gaza Strip should be ended	in favor of	blockage of the gaza strip should be ended because no territory deserves to be blocked no matter how impoverished.	0	0	0	0	0	1	1	0	0	1	3.0
1894	We should oppose collectivism	in favor of	collectivism provides no incentive for people to work hard because they have no opportunity to become wealthy.	1	0	0	0	1	0	1	0	0	0	3.0
5764	Assisted suicide should be a criminal offence	against	some sick people don't want to go on suffering, and this is the way they want.	0	1	0	0	0	1	1	0	0	1	3.0
5847	Homeopathy brings more harm than good	against	homeopathy provides symptom relief without many of the side effects that are common with mainstream medications.	0	0	0	0	0	1	1	0	0	1	3.0
7353	We should ease the education involution.	against	With a still large graduate base, increasingly high thresholds can only be passed by the top achievers.	1	0	0	0	0	0	0	0	0	1	3.333333333333333
3076	We should adopt an austerity regime	in favor of	an austerity regime allows us to save money when it is needed.	0	0	0	0	1	1	0	0	0	0	3.5
2792	We should subsidize Wikipedia	in favor of	this site has proven very popular and useful for those looking for information	1	1	0	0	0	0	0	0	0	1	3.333333333333333
5327	The EU needs a single market for news	in favor of	There is a huge void to fill regarding the EU-wide news media. There are media that on purpose refuse to cover the EU and our common European problems and successes.  	0	1	0	0	0	0	1	0	0	1	3.0
2348	We should subsidize Wikipedia	against	paying wikipedia to do what they intend to do can result in being untruthful and bias	0	1	0	0	0	0	1	0	0	1	3.0
1980	We should abolish safe spaces	against	Safe spaces are necessary for many people to have strong mental and emotional health, and we should advocate to protect this health just like we advocate for healthcare for physical ailments.	0	1	0	0	0	1	0	0	0	1	3.333333333333333
6610	We should subsidize vocational education	in favor of	not all high school graduates complete a college degree and some of them get jobs that don't even require a degree, vocational education would really help them get better jobs than otherwise available to them.	1	0	0	0	1	1	0	0	0	0	3.5
3192	We should ban cosmetic surgery	against	the government should not outlaw safe procedures that can be done to the body.	0	0	0	0	0	0	1	0	0	0	3.0
3527	We should prohibit school prayer	in favor of	we have a separation of church and state and the state runs the public schools.	0	0	0	0	0	0	1	0	0	1	3.0
5522	Homeopathy brings more harm than good	in favor of	homeopathy is unproven and can be harmful	0	1	0	0	0	1	0	0	0	0	3.5
3355	We should ban cosmetic surgery for minors	in favor of	cosmetic surgery for minors makes children believe that aesthetics are more important than who they are on the inside and should be banned	0	0	0	0	0	1	0	0	0	1	3.333333333333333
6694	The use of public defenders should be mandatory	in favor of	anyone being charged with a crime should have an independent person helping him or her. sometimes it helps having a second opinion.	1	1	0	0	0	0	1	0	0	1	3.0
4504	We should abolish the Olympic Games	against	the games are a good way to bring nations together in a sense of fun and friendly competition.	0	0	0	1	0	1	0	0	0	1	3.333333333333333
1668	We should oppose collectivism	in favor of	collectivism decreases individual rights by forcing them to conform to what the group deems best	0	0	0	0	0	0	1	0	0	0	3.0
5945	Foster care brings more harm than good	against	foster care gives vulnerable kids a second chance at a stable home life.	0	1	0	0	0	1	0	0	0	1	3.333333333333333
1417	We should subsidize space exploration	against	in times of austerity, no government can afford the costly exercise of subsidising space exploration.	0	0	0	0	1	1	0	0	0	0	3.5
1143	We should legalize organ trade	in favor of	there is never going to be enough voluntary donation to meet demand, opening up an organ trade could remedy this drastic gap in supply to help save lives	0	1	0	0	1	1	1	0	0	0	3.0
4389	We should subsidize journalism	against	subsidizing everything a person does can drain the pocket overtime.	0	0	0	0	0	1	0	0	0	0	3.5
2527	We should oppose collectivism	against	We should support collectivism because it leads to more investment in the community and more growth in the long term.	1	1	0	0	0	0	0	0	0	0	3.5
4875	We need a common migration and asylum policy, based on respect for rights and equal treatment	against	More illegal and legal migration will lead to more unemployment, lower wages, more insecurity, and less sustainable social systems.	0	0	0	0	1	1	0	0	0	0	3.5
48	We should ban human cloning	in favor of	human cloning is an unnatural act that goes against the laws of nature.  it is too dangerous of an act and is something man should not be tampering with.	0	0	0	0	0	0	0	0	0	1	3.333333333333333
636	We should stop the development of autonomous cars	against	we should not stop the development of autonomous cars because it will help the people more easily on driving and will provide more safety.	0	0	0	0	0	1	0	0	0	0	3.5
1334	We should ban private military companies	in favor of	military companies put their employees at unnecessary risk and should be banned	0	1	0	0	0	1	0	0	0	1	3.333333333333333
6095	Assisted suicide should be a criminal offence	against	it is more humane to help the person die than to let them suffer excruciating pain	0	1	0	0	0	1	1	0	0	0	3.0
1761	We should subsidize embryonic stem cell research	in favor of	embyronic stem cell research uses cells that would otherwise just be destroyed.	1	0	0	0	0	1	0	0	0	1	3.333333333333333
1874	We should ban cosmetic surgery for minors	against	there are conditions where there is a functional impairment such as a deviated septum or cleft palate where surgery is necessary for functional and aesthetic reasons	0	1	0	0	0	1	0	0	0	0	3.5
3503	We should cancel pride parades	against	they enable people to celebrate their sexuality and bring the culture to the wider general public.	0	0	0	1	0	1	0	0	0	1	3.333333333333333
51	We should adopt a multi-party system	in favor of	We should adopt a multi-party system as the current two party system does not fit the diverse society that it is supposed to represent.	0	0	0	0	0	1	0	0	0	1	3.333333333333333
1419	We should legalize organ trade	against	legalizing organ trade could result in more criminal murders which is not acceptable.	0	1	0	0	0	1	0	0	0	1	3.333333333333333
4611	We should subsidize higher education institutions	in favor of	Indians as a whole consider educational institutions as job machines, we expect to enter unemployed and come out with employment. We don’t realize that we will have to upgrade our skills to become worthy of employment. This is the reason that more than 80% of engineers are unemployable and the figures are even worse for the non-engineers.	1	0	0	0	0	0	0	0	0	0	3.5
1429	We should ban human cloning	in favor of	human cloning should be banned as the long term effects on the cloned is still uncertain and could lead to long term health complications	0	1	0	0	0	1	0	0	0	0	3.5
5957	Holocaust denial should be a criminal offence	against	free speech should not be a criminal offense.	1	0	0	0	0	0	1	0	0	0	3.0
6335	Surrogacy should be banned	against	parents who want a biological child but can't need surrogates in order to have their own genetic children.	0	1	0	0	0	0	1	0	0	0	3.0
2086	We should ban cosmetic surgery	against	everyone should have a right to be happy.	0	0	0	1	0	1	1	1	0	0	3.0
4798	Businesses should buy unused emissions by reforesting, restoration, or conservation of habitats sequestrating carbon	in favor of	This would address the current issues on habitats and species loss.	0	0	0	0	0	0	0	0	0	1	3.333333333333333
2306	We should subsidize Wikipedia	in favor of	wikipedia provides an endless amount of information right at our fingertips.	1	1	0	0	0	0	1	0	0	1	3.0
53	We should subsidize journalism	against	there are many sectors need subsidizing more than journalism,  journalists already make good money, more money to them will be a waste.	0	0	0	0	0	1	0	0	0	1	3.333333333333333
2193	We should fight for the abolition of nuclear weapons	against	Destroying nuclear bombs would work to a nations disadvantage because  they will be vulnerable to attacks	0	0	0	0	1	1	0	0	0	1	3.333333333333333
7033	We should promote the use of nuclear energy	in favor of	Nuclear power takes little space, and unlike wind and solar works 24/7 and 7 years to build on average.	1	0	0	0	0	0	0	0	0	1	3.333333333333333
244	We should abolish safe spaces	in favor of	people need to grow up and realise the world is a hard place	1	1	0	0	0	0	0	0	0	0	3.5
1993	We should legalize prostitution	in favor of	prostitution should be legalized as it provides a service and reduces rape and sex crimes	0	0	0	0	0	1	0	0	0	0	3.5
4065	We should ban cosmetic surgery	against	cosmetic surgery is a fundamental right of a person to be able to  do what they want to their own body and the governmental should not be able to interfere with that right.	0	0	0	0	0	1	1	0	0	0	3.0
5508	Intelligence tests bring more harm than good	in favor of	IQ tests can make test-takers discouraged if they receive a bad score. They may not make an effort to succeed, since they already expect to fail.	1	0	0	0	0	0	0	0	0	0	3.5
7026	We should put in place policies for the protection of insects	in favor of	A rethinking of current agricultural practices, in particular a serious reduction in pesticide usage and its substitution with more sustainable, ecologically-based practices, is urgently needed to slow or reverse current trends, allow the recovery of declining insect populations, and safeguard the vital ecosystem services they provide. 	0	0	0	0	0	0	0	0	0	1	3.333333333333333
5241	There should be no illegal migration.	against	What does legal migration look like? People can only ask for asylum from within the EU and must officially do so at the Point of Entry. This has caused inhumane circumstances as we see at Camp Moria in Greece. 	0	0	0	0	0	1	0	0	0	1	3.333333333333333
1435	We should adopt an austerity regime	against	such a regime has the great potential to be abused and become a police state	0	1	0	0	1	1	0	0	0	1	3.333333333333333
3910	We should adopt libertarianism	in favor of	freedom and liberty should be promoted for all to prevent tyranny and oppression. libertarianism is the most effective way of achieving this	0	0	0	0	0	0	1	0	0	1	3.0
6971	Hindi should be the National language of India	against	Some people are arguing that English is not born in India and hence we should avoid using it. This statement lacks logic because all the technological innovations we are now using were born in different parts of the world. We cannot reject things just because they are not Indian.	0	0	0	0	0	0	0	0	0	1	3.333333333333333
6050	Holocaust denial should be a criminal offence	against	people should be able to believe what they want.	0	0	0	0	0	0	1	0	0	0	3.0
2424	We should ban factory farming	against	we cannot ban things just because you don't like them. factory farms help get the most food per acre.	1	0	0	0	0	0	1	0	0	0	3.0
1903	We should subsidize space exploration	against	We should not subsidize space exploration as there are far more important and urgent issues to deal with on earth at this time.	1	1	0	0	0	1	0	0	0	0	3.5
5340	The European Union should be harder towards irreparable migrants, those who do not value their lives in peace, security, and prosperity.	against	Migrants have an enormous amount to offer in energy, new ideas, and cultures. Why this emphasis on imaginary 'takeovers'?	1	0	0	0	0	1	1	0	0	1	3.0
2032	We should legalize sex selection	against	not enough girls will be selected by sexist cultures which will result in social strain in future years.	0	1	0	0	0	1	0	0	0	1	3.333333333333333
2855	We should subsidize Wikipedia	in favor of	subsidization would improve the reach and dissemination of wikipedia's information, enabling translation into more marginal languages for example.	1	1	0	0	1	0	1	0	0	1	3.0
822	We should subsidize space exploration	in favor of	space exploration needs our support to help us understand the universe and our place in it.	1	0	0	0	0	0	1	0	0	1	3.0
6291	Payday loans should be banned	against	payday loans are sometimes the only resort people have to turn to to avoid becoming homeless or having their utilities disconnected.	0	1	0	0	0	1	1	0	0	0	3.0
4564	We should subsidize Wikipedia	against	wikipedia is a very unreliable source of information. many schools do not allow wikipedia to be used as a valid source for term papers.	1	1	0	0	0	0	0	0	0	1	3.333333333333333
2995	We should abolish the Olympic Games	in favor of	the funding required to train athletes and host the games is a huge waste of public resources. this could be better spent on life saving and life changing services	0	1	0	0	0	1	0	0	0	1	3.333333333333333
1294	We should ban targeted killing	in favor of	the government should not be interfering in other countries affairs.	0	1	0	0	0	1	1	0	0	1	3.0
5993	Surrogacy should be banned	against	surrogacy helps those not able to conceive have a family.	0	1	0	0	0	0	1	0	0	0	3.0
1123	We should stop the development of autonomous cars	in favor of	autonomous cars strip drivers of the ability to drive as they please	0	0	0	0	0	1	1	1	0	0	3.0
221	We should ban fast food	against	fast food is great when you need a quick meal on the run and it is more nutritious than snacking on chocolate bars or unhealthy snacks.	0	0	0	0	0	1	1	1	0	0	3.0
2	We should end the use of economic sanctions	against	sometimes economic sanctions are the only thing that will get the corrupt governments to take action	0	0	0	0	1	1	0	0	0	0	3.5
3341	We should ban cosmetic surgery	in favor of	we should ban cosmetic surgery was dangeous inothe paid bad	0	1	0	0	0	1	0	0	0	0	3.5
4638	The world does not need religion anymore	in favor of	In the past, every unknown thing dealt with religious beliefs. But now Science & Technology has taken over everything. We know the reasons for drought, earthquakes, windstorms, etc. they are scientific phenomena and not the wrath of gods anymore.	1	0	0	0	0	0	0	0	0	1	3.333333333333333
3115	We should adopt a multi-party system	in favor of	we should adopt a multi-party system because it makes it so that there is naturally more of a choice	0	0	0	0	0	1	1	0	0	1	3.0
1221	We should oppose collectivism	in favor of	collectivism can erode personal freedoms in a way that is irreversible	0	0	0	0	0	1	1	0	0	1	3.0
3996	We should legalize prostitution	in favor of	legalizing prostitution prevents the spread of disease. when it is legal and regulated, health check ups are common place, thus preventing dangerous diseases to be spread throughout the population.	0	0	0	0	0	1	0	0	0	0	3.5
3624	We should legalize cannabis	in favor of	it is extremely useful in battling a wide range of medical maladies	1	1	0	0	0	1	1	0	0	1	3.0
5598	Holocaust denial should be a criminal offence	against	while the holocaust was a very serious event, denying that it happened should not be serious enough to be a criminal offense.	0	0	0	0	0	0	1	0	0	1	3.0
6489	Homeschooling should be banned	against	homeschooling should will  allowed to continue as its important to allow parents to allow their child to be educated at home if they feel that its the best option for their child.	0	1	0	0	0	0	1	0	0	0	3.0
2354	We should subsidize student loans	against	student loans can be expensive and put young people in debt	1	0	0	0	1	1	0	0	0	0	3.5
2627	We should ban the Church of Scientology	in favor of	the church of scientology is a corrupt organization that preaches extreme values and is detrimental to society.	0	0	0	0	1	1	0	0	0	1	3.333333333333333
2822	We should ban missionary work	in favor of	missionary work, while rewarding to those that choose that path, is fraught with danger to the missionary and the people they're trying to convert	0	0	0	0	0	1	1	0	0	1	3.0
1518	We should ban cosmetic surgery	in favor of	so many people are getting elective surgery and having complications later.	0	1	0	0	0	1	0	0	0	0	3.5
6984	Military training should be made compulsory for all in India	against	Some people do not have enough strength to participate in such intense trainings. They may seem normal from outside but may have mental illnesses. Military trainings can be emotionally and physically daunting for them. In such cases compulsory trainings will be a threat to their life.	1	0	0	0	0	1	0	0	0	0	3.5
2282	We should subsidize student loans	in favor of	subsidizing student loans would allow those who previously could not afford to go to university, the opportunity to better themselves with good qualifications.	1	0	0	0	0	1	0	0	0	1	3.333333333333333
3994	We should ban cosmetic surgery for minors	in favor of	kids should not be allowed to have cosmetic surgery.   they aren't mature enough yet.   this could be a mistake they regret all their life.   there's many risks involved as well with these procedures.	1	1	0	0	0	1	0	0	0	1	3.333333333333333
5611	Entrapment should be legalized	in favor of	entrapment can be an important tool to secure the conviction of underground criminal cartels.	0	1	0	0	0	1	0	0	0	1	3.333333333333333
6855	We should subsidize vocational education	against	vocational education is a hands on learning enviornment where job skills can be learned on the job and therefore doesn't need to be subsidized.	1	0	0	0	0	1	1	0	0	1	3.0
68	We should abolish safe spaces	in favor of	these are usually located in universities. students need to prepare for the real world and know how to handle conflict. once they leave school they'll have no idea how to handle the constant conflict in life.	1	0	0	0	0	0	1	0	0	1	3.0
2658	We should legalize sex selection	in favor of	this is needed in areas where the population is unequal. when only one sex is the majority, that population would eventually cease. there wouldn't be enough mates.	0	1	0	0	0	1	0	0	0	1	3.333333333333333
5192	There should be a federal Constitution for a European Federation 	in favor of	The EU is established on treaties, but treaties have no soul. Only a constitution has a soul, provided it is well designed: from, by, and for the people.	0	0	0	0	0	1	0	0	0	0	3.5
2820	We should abolish zoos	in favor of	zoos prevent animals from returning to their natural habitats, forcing them into confinement and disregarding their instincts of living in the wild.	0	0	0	0	0	1	0	0	0	1	3.333333333333333
3399	We should subsidize embryonic stem cell research	against	there are other avenues of stem cell research that do not require the highly contentious and offensive use of embryonic cells	0	0	0	0	1	0	0	0	0	1	3.333333333333333
3740	We should ban the use of child actors	against	we should not ban the use of child actors because it would be awfully strange to watch programs and never see a child as that is not real life.	0	0	0	0	0	0	1	0	0	1	3.0
4095	We should abolish intellectual property rights	in favor of	intellectual property rights should be abolished as it limits competitions and innovation.	0	0	0	0	0	0	1	1	0	1	3.0
1361	We should adopt a zero-tolerance policy in schools	against	the brain of a child isn't fully developed and it isn't fair to have such harsh penalties on them	0	1	0	0	0	0	0	0	0	1	3.333333333333333
6153	Homeschooling should be banned	against	parents should be given the choice to provide homeschooling if they want to and this is often the only option in cases of severe bullying in a school environment.	0	1	0	0	0	1	1	0	0	1	3.0
1190	We should ban algorithmic trading	against	if the technology exists then it should be okay to use it	1	0	0	0	1	0	0	0	0	1	3.333333333333333
7009	We should promote the use of nuclear energy	against	Renewable energies should be our focus of action, especially how to improve the storage and transport of this energy precisely in order to be able to supply the countries that have the worst conditions to implement them. 	0	1	0	0	0	0	0	0	0	1	3.333333333333333
4589	We should strengthen laws to fight against terrorism	in favor of	There is a need to act tough on terrorism amid growing threats from terrorists. So, strengthening UAPA is necessary.	0	0	0	0	1	1	0	0	0	0	3.5
4897	The European Union should implement a EU wide carbon tax	in favor of	Yes, and it should be payed out to every citizen of the EU. Those people with a lower CO2 footprint - typically lower income family - would greatly benefit from it and be incentivized to invest in cleaner energy, heating etc.	0	0	0	0	1	1	0	0	0	1	3.333333333333333
2045	We should ban private military companies	in favor of	private military companies are operated for profit rather than for the defence of nations.	0	0	0	0	0	1	0	0	0	1	3.333333333333333
5153	The EU needs more effective policies to combat online hate speech	against	People's feelings arent all that important. If you have had enough of the Internet, you can always find yourself a hobby. 	0	0	0	0	0	0	1	0	0	1	3.0
7192	We should stop daylight saving time change	in favor of	 All countries should get back to their geographically correct time zone. It is in public often discussed as a matter of preference. But public health cannot be decided by inquiries about people's preferences. Several scientific and health organizations already published statements to speak up for at least permanent standard time and warn about the health implications of permanent or seasonal daylight saving time. And there is plenty more to list. Education suffers from Daylight Saving Time as much as the Economy, mainly because of productivity loss due to chronic sleep deprivation and disturbances and the increase in health costs.	1	0	0	0	1	1	1	0	0	1	3.0
1278	We should fight for the abolition of nuclear weapons	in favor of	Nuclear weapon has lost it's deterrence after the cold war, and so it's not usefull anymore	1	0	0	0	0	1	0	0	0	1	3.333333333333333
5784	Surrogacy should be banned	in favor of	this is too dangerous for the  parents to be. often the surrogate mother changes her mind.	0	1	0	0	0	1	0	0	0	0	3.5
5288	There should be a reform of EU trade and investment policy and a relaunch of global multilateralism	in favor of	I strongly agree with this proposal that trade and investment policy should be reformed, especially, that greater attention should be paid to environmental aspects. The current situation is unsatisfactory and even dangerous. 	0	0	0	0	0	1	0	0	0	1	3.333333333333333
5406	Entrapment should be legalized	against	entrapment is a deceptive method of catching criminals and wastes time and resources that would be better put to use catching active criminals.	0	1	0	0	0	1	0	0	0	1	3.333333333333333
2370	We should abolish zoos	in favor of	zoos ought to be abolished because they are essentially prisons for these wild animals who often become aggressive	0	0	0	0	0	1	0	0	0	1	3.333333333333333
2352	We should abolish safe spaces	in favor of	Safe spaces create an echo chamber where only currently accepted ideas are allowed to be spoken and any dissent is blocked out, preventing change and growth.	0	0	0	0	0	0	1	1	0	1	3.0
1109	We should ban factory farming	against	we should not ban factory farming because it helps to supply the growing demand for food.	0	1	0	0	1	1	0	0	0	1	3.333333333333333
3819	We should abolish the three-strikes laws	in favor of	the three strikes law is an old concept. it doesn't really prevent people from committing  violence, especially because many acts of violence are not premeditated.	1	0	0	0	0	0	0	0	0	1	3.333333333333333
5866	Payday loans should be banned	in favor of	ppayday loan providers pray on the poor and those unable to manage their money. rather than give helpful advise on how to budget and cut costs they encourage further spending with access to easy money.	0	0	0	0	1	1	0	0	0	1	3.333333333333333
3357	We should subsidize student loans	in favor of	student loans are a massive burden for people getting the degrees necessary to qualify for a job to become a productive member of society.	1	1	0	0	0	1	1	0	0	1	3.0
2765	We should legalize organ trade	in favor of	we should legalize organ trade because people would benefit by having a better life	0	1	0	0	0	1	0	0	0	0	3.5
1586	We should subsidize journalism	in favor of	journalism must be supported by the central government	0	0	0	0	1	1	0	0	0	0	3.5
14	We should cancel pride parades	against	there are parades for every group and it is discrimination not to give gays their parade	0	0	0	0	0	0	0	0	0	1	3.333333333333333
5474	We should subsidize vocational education	in favor of	Vocational schools teach students - in a relatively short amount of time - professions that have high earning potential. In two years or less, graduates can already be working and making money.	1	0	0	0	1	0	1	0	0	0	3.0
1949	We should ban telemarketing	against	telemarketing is a useful source of sales for many businesses	1	0	0	0	1	0	0	0	0	0	3.5
4880	We need a common migration and asylum policy, based on respect for rights and equal treatment	in favor of	In the EU labor market we will need more workers from outside Europe to continue the level of economic activities we are planning. 	1	0	0	0	1	1	0	0	0	0	3.5
2156	We should fight for the abolition of nuclear weapons	in favor of	the world can not be at the mercy of a few countries with such power to destroy	0	0	0	0	0	1	0	0	0	1	3.333333333333333
1161	We should limit judicial activism	in favor of	it is not fair for opinion to overrule when there are so many different ones.	1	0	0	0	0	0	0	0	0	1	3.333333333333333
5662	Intelligence tests bring more harm than good	in favor of	Testing anxiety can bias the results, leading to inaccurate results.	0	1	0	0	0	0	1	0	0	1	3.0
6014	Intelligence tests bring more harm than good	against	I.Q. testing  allows students to understand and focus on their intellectual strengths	1	1	0	0	0	0	1	0	0	0	3.0
5716	Social media brings more harm than good	against	social media did not brings more harm than good because when people posting or sharing their opinions or argue about something people can benefit from it make people think outside the box	1	0	0	0	0	0	1	0	0	1	3.0
3112	We should ban cosmetic surgery for minors	in favor of	minors don't understand the implications of their choices	0	1	0	0	0	0	0	0	0	0	4.0
6311	Homeschooling should be banned	against	homeschooling allows the child to get more direct instruction and can be completed at their speed and not someone else's.	1	1	0	0	0	0	1	0	0	1	3.0
7321	We should restrict minors from playing online games.	against	Ban games for students and they will not go to play basketball, do sports or learn, but will only turn to more vulgar vulgarization more harmful forms of entertainment.	1	0	0	0	0	0	1	0	0	1	3.0
3298	We should abolish zoos	in favor of	zoos torture animals by keeping them in unnatural cages.	0	0	0	0	0	1	0	0	0	1	3.333333333333333
4628	We should adapt the viable pay incentive scheme	against	 It has been seen that it is difficult to retain employees in lean times when they are on variable pay schemes. Workers who receive commissions do well when business is good, but they do poorly when business is bad. In times of slow business, even top salespeople might have difficulty making enough sales to earn a decent living. If the market is slow and commissioned workers can’t earn enough, they may look for other employment opportunities. In lean times, fixed wages can be more effective at keeping employees from leaving for other opportunities.	1	0	0	0	1	1	0	0	0	1	3.333333333333333
1398	We should ban private military companies	in favor of	we should ban private military companies because war for hire is a bad practice, a dangerous one.	0	0	0	0	0	1	0	0	0	1	3.333333333333333
4916	The European Union's asylum system needs to implement its humanitarian principles	in favor of	I recently read that especially African families tend to send their smartest, best educated youngsters abroad to improve the family situation. These people are desperately needed both for the future of their home countries and for our future. We need skilled & educated people in many sectors, but sends such people back to their home countries, because they were unfortunate enough to be refugees.	1	1	0	0	0	1	0	1	0	1	3.333333333333333
5689	Social media brings more harm than good	against	social media helps effect real change in the world. entire movements, very important ones, have been born on social media that otherwise wouldn't have gained traction without it.	1	1	0	0	1	1	1	0	0	1	3.0
557	We should abolish the three-strikes laws	in favor of	the three strike law prohibits reform of offenders.	0	1	0	0	0	1	1	0	0	1	3.0
3849	We should adopt atheism	in favor of	Atheism provides a way out of  believing in any religion and should be adopted.	0	0	0	0	0	0	1	0	0	1	3.0
7158	We should restrict immigration.	in favor of	We cannot pay for all immigrants. This type of idea is too idealistic and is killing us.	0	0	0	0	0	1	0	0	0	1	3.333333333333333
4359	We should abolish the right to keep and bear arms	in favor of	we have the most guns per capita in the developed world and the highest level of gun violence	0	0	0	0	0	1	0	0	0	1	3.333333333333333
1004	We should ban algorithmic trading	in favor of	unless everyone is using algorithmic trading, the system would ensure only those that had access to it would have the best chance of making money.	0	0	0	0	1	1	0	0	0	1	3.333333333333333
604	We should subsidize embryonic stem cell research	in favor of	embryonic stem cell research is an advanced medicine progress that should not be stopped	1	0	0	0	0	1	0	1	0	0	3.5
6917	Referendums are good for the society	in favor of	Referendums can educate citizens politically.	1	0	0	0	1	0	0	0	0	1	3.333333333333333
406	We should abolish capital punishment	against	Capital punishment provides closure for victim's families who can be reassured that the perpetrator can literally never harm anyone again.	0	0	0	0	0	1	0	0	0	1	3.333333333333333
7179	We should promote collaborative civic technologies for enhancing citizen participation as an added value to collaborative urban processes	in favor of	The use and promotion of civic technology contribute to a more inclusive, resident-focused urban co-governance model and build ecosystems rich in creativity and innovation, thanks to the diversity of users and perspectives that are at stake.	1	0	0	0	0	1	1	0	0	1	3.0
198	We should ban human cloning	against	though it may sound awful, human cloning can provide perfect matches for organ transplants and prolong the lives of people.	0	1	0	0	0	1	0	0	0	0	3.5
6185	Social media brings more harm than good	against	Social media makes communication easier, especially for long distance situations, like moving somewhere after finishing school.	0	1	0	0	0	1	0	0	0	0	3.5
2998	We should ban cosmetic surgery for minors	in favor of	cosmetic surgery for minors is dangerous as they may not be emotionally advanced enough to understand the long term implications and effects.	0	1	0	0	0	1	0	0	0	0	3.5
5419	We should abandon television	in favor of	We should abandon television and put the content into our other formats which are typically more popular nowadays.	0	0	0	0	0	0	0	0	0	1	3.333333333333333
7294	We should ban the trading of virtual currencies.	against	Virtual currencies have changed the way of commercial realization. The birth of virtual currency, the token system, is designed to overturn the current business logic.	0	0	0	0	0	0	1	0	0	0	3.0
1705	We should fight for the abolition of nuclear weapons	against	Nuclear weapons, by virtue of the principle of mutual assured destruction, have made another great war between global powers impossible.	0	0	0	0	0	1	0	0	0	1	3.333333333333333
5044	EU citizens should be allowed to direct vote for more decisions	against	Direct democracy is too open to manipulation by populists and malefactors via social media. A transparent representative democracy with a solid lid on lobbyism is to be preferred.	0	1	0	0	1	0	1	0	0	1	3.0
3021	We should prohibit school prayer	in favor of	in today society, which is multicultural and multi-faith, the school prayer is enforcing one ideology onto thos who may hold other backgrounds and religiions	0	0	0	0	0	1	1	0	0	1	3.0
5446	We should subsidize vocational education	against	vocational education should not be subsided because everyone who wants to go college should be given the opportunity to do so.  most colleges are not subsidized.	1	0	0	0	0	1	0	0	0	1	3.333333333333333
3838	We should ban cosmetic surgery	against	cosmetic surgery gives you the assurance you were lacking physically	1	0	0	1	0	1	1	0	0	1	3.0
6528	Social media brings more harm than good	against	users acan keep in contact easily with distant friends and share information, such as photographs.	0	1	0	1	0	1	0	1	0	0	3.5
475	We should cancel pride parades	against	cancelling pride parades goes against what they stand for.  those parades are vital for spreading acceptance.	0	0	0	0	0	1	0	0	0	1	3.333333333333333
5909	The vow of celibacy should be abandoned	against	celibacy is not a natural state for a human person, and therefore should not be forced on anyone. however, if a person wishes to take a vow of celibacy without being pressured into it, that is acceptable.	0	0	0	1	0	0	1	0	0	1	3.0
5568	Intelligence tests bring more harm than good	in favor of	it does because it is a test that cant cover a persons full knowledge or personality and may brand someone smart when they're not or stupid when they are smart andit could have a major impact on the person.	1	0	0	0	0	1	0	0	0	0	3.5
4322	We should ban targeted killing	against	targeted killing allows groups and governments to remove their enemies and terrorists without the need for a full scale war, this will save lives and must be beneficial.	0	0	0	0	0	1	0	0	0	1	3.333333333333333
369	We should end mandatory retirement	against	the companies that have the mandatory retirement policy maintain a rotation of employees fresher and updated with the new times	1	0	0	0	0	0	1	0	0	0	3.0
3564	We should introduce compulsory voting	against	people who have no clue about the issues and people who are not into politics would be voting for someone they know nothing about.	1	1	0	0	0	0	0	0	0	1	3.333333333333333
1857	We should adopt libertarianism	in favor of	We should adopt libertarianism as a principle for all governments which will ensure that all minorities are included and everyone's rights are protected.	0	0	0	0	0	1	0	0	0	1	3.333333333333333
2618	We should oppose collectivism	against	collectivism makes sure that all are taken care of and the weak will provided for.	0	0	0	0	0	0	1	0	0	1	3.0
5058	Voting for European Parliament Elections should be mandatory	against	High voter turnout is usually desirable, but it's a symptom, not the root cause. Forcing people to go to the polls doesn't mean they will make more informed choices. Besides, voter turnout is a good metric that tells us where the potential problems of voter disenfranchisement are which is the first step to addressing them.	1	0	0	0	0	0	1	0	0	1	3.0
378	We should ban fast food	against	we shouldn't ban fast food because it is an affordable option for people that might not be able to get hot food otherways.	0	1	0	1	0	1	1	0	0	0	3.0
989	We should subsidize Wikipedia	in favor of	wikipedia is a valuable resource that deserves funding	1	0	0	0	0	0	1	0	0	1	3.0
1071	We should legalize prostitution	in favor of	legal and regulated prostitution would protect sex workers from violence and poor health outcomes.	0	1	0	0	1	1	1	0	0	1	3.0
347	We should subsidize student loans	against	studen loans cannot be subsidised as not only is it unaffordable in the current climate, it would encourage universities offer degree courses purely for financial gain.	1	0	0	0	0	1	0	0	0	1	3.333333333333333
443	We should adopt a multi-party system	against	too many choices in political parties separates people in a country instead of helping them to unite.	0	1	0	0	0	1	0	0	0	1	3.333333333333333
663	We should abolish intellectual property rights	against	intellectual property rights mean that the people who come up with ideas or products get the financial gains from said product and so makes people more likely to innovate	1	0	0	0	0	0	0	0	0	0	3.5
2997	We should introduce compulsory voting	against	it should be the right of the individual whether to vote or not to vote.	0	0	0	0	0	0	1	0	0	0	3.0
1391	We should ban cosmetic surgery for minors	in favor of	"The ""perfect"" beauty teens aspire to achieve with cosmetic surgery isn't real. Pictures in magazines are often airbrushed or photo-shopped - or otherwise enhanced."	0	1	0	0	0	0	1	0	0	0	3.0
5803	Intelligence tests bring more harm than good	in favor of	intelligence tests bring more harm than good because it will give people low self esteem if they get a low score on the test	0	1	0	0	0	1	0	0	0	0	3.5
1171	We should oppose collectivism	against	Collectivism would be good in situations where it must be a group decision.	0	0	0	0	0	1	0	0	0	1	3.333333333333333
6509	The use of public defenders should be mandatory	against	public defenders are not always available and not really engaged for the defense of the accused. they seem to not gain real profit from the cases	1	1	0	0	1	0	1	0	0	1	3.0
2825	We should adopt an austerity regime	in favor of	our debt has become so outrageous that an austerity program might be the only way out.	1	1	0	0	0	1	0	0	0	1	3.333333333333333
5514	Surrogacy should be banned	against	surrogacy allows people to have the family they have always wanted. it isn't someone's fault they cannot reproduce and if they want to become a parent it is a good option.	0	1	0	0	0	0	1	1	0	1	3.0
6832	Homeopathy brings more harm than good	against	homeopathy is merely an alternative therapy, one people might seek as a less harsh, less dangerous alternative to standard medicine.	0	0	0	0	0	1	1	0	0	1	3.0
5028	The president of the European Commission should be elected by the people of the EU	in favor of	Having leaders with great power across Europe that nobody directly voted for is of great concern. Unless the EU radically democratizes the presidency (creating the position which failed several referenda) as well as the commission, it will be used again and again to stoke anti-EU sentiment.	1	1	0	0	0	1	1	0	0	1	3.0
1913	We should abolish zoos	in favor of	zoos keep wild animals locked up in areas smaller than they are used to in the wild and it is not natural for them.	0	0	0	0	0	0	0	0	0	1	3.333333333333333
6055	Homeopathy brings more harm than good	in favor of	homeopathy needs to be used with caution as home remedies don't always have what it takes to truly treat a patient.	1	1	0	0	0	1	0	0	0	1	3.333333333333333
2668	We should prohibit school prayer	against	we shouldn't prohibit school prayer as it's a human right to be able to pray	0	0	0	0	0	0	1	0	0	0	3.0
1087	We should subsidize Wikipedia	against	if the government gives wikipedia funds, wikipedia would be obligated to lean to their agenda	0	1	0	0	1	0	1	0	0	1	3.0
353	We should subsidize student loans	against	there are other ways to channel student aid that is not subsidizing loans	1	1	0	0	1	0	0	0	0	1	3.333333333333333
3618	We should subsidize embryonic stem cell research	in favor of	we should subsidize embryonic stem cell research so that it can continue research into finding solutions to complex medical needs.	1	0	0	0	0	1	1	0	0	0	3.0
775	We should subsidize student loans	in favor of	student loans enable poor students to continue with their education and graduate from the university	1	1	0	0	1	1	0	0	0	1	3.333333333333333
4666	NEET exam should be banned	in favor of	A high score in the NEET exam is required to get admission to government medical colleges in India. It costs approximately Rs.1.25 crores to study in private medical colleges in India. So, many students are forced to go to other countries such as China, Ukraine, Russia, the Philippines, etc. to pursue medical education. In those countries, medical education costs around Rs.35 lakhs. Moreover, they allow students with low NEET scores, but above cut-off marks.	1	1	0	0	0	1	1	0	0	1	3.0
1057	We should ban cosmetic surgery for minors	against	some facial abnormalities or perceived abnormalities cause significant mental distress to young people, influencing their development, when cosmetic surgery could positively transform their lives.	0	1	0	0	0	1	1	0	0	0	3.0
429	We should ban human cloning	against	cloning humans can allow us to advance science and medicine in ways which could save millions of lives by producing organs, stem cells, etc., for those in need.	1	0	0	0	0	1	0	0	0	1	3.333333333333333
5738	Payday loans should be banned	against	payday loans help those who are unable to obtain standard loans from banks.	1	1	0	0	1	0	1	0	0	1	3.0
4278	We should abolish zoos	in favor of	zoos hold animals in cages when they should be free	0	0	0	0	0	0	0	0	0	1	3.333333333333333
1658	We should abandon the use of school uniform	in favor of	parents already have to pay a lot to buy supplies for their kids and having them buy school uniforms for their kids is too much of an added cost	0	1	0	0	0	1	1	0	0	1	3.0
2135	We should legalize cannabis	in favor of	cannabis is a holistic and natural cure for cancer patients and should therefore be legalized	1	0	0	0	0	1	0	0	0	1	3.333333333333333
7276	We should abolish the 996 overtime system	in favor of	"China's 996 overtime system leaves you with no room to learn and improve, forever trapped in a ""rat trap""."	1	0	0	0	0	1	0	0	0	0	3.5
19	We should legalize organ trade	in favor of	We should legalize the organ trade because currently people are punished for obeying the law and not purchasing organs, in the form of longer wait times.	0	1	0	0	0	0	0	0	0	1	3.333333333333333
4655	Social media is making us less social	against	During the covid pandemic time, social media helped people in maintaining their social life.Social media made it possible to stay connected with friends and loved ones all the time. We can easily know what is happening in their lives. It allowed us to communicate with multiple people at the same time by sharing posts.	0	1	0	1	0	1	0	1	0	0	3.5
4040	We should abolish the three-strikes laws	in favor of	it is unjust and discriminates against minorities	0	0	0	0	0	1	0	0	0	1	3.333333333333333
5000	There should be no illegal migration.	against	What does legal migration look like? People can not ask for asylum at an Embassy or Consulate. So people actually have to come to the EU and enter the EU if they want to ask for asylum in the EU. This has caused inhumane and dangerous circumstances as we see in the Mediterranean Sea.	0	1	0	0	0	1	0	0	0	0	3.5
1343	We should abolish intellectual property rights	against	people that come up with intellectual property should have the right to it and not have to share it with others if they don't want to	1	0	0	0	1	0	1	0	0	1	3.0
4401	We should abolish capital punishment	in favor of	The nature and  methods of execution used around the world only continue to perpetuate the cycle of violence	0	1	0	0	0	1	0	0	0	1	3.333333333333333
2020	We should adopt a multi-party system	in favor of	A multi-party system prevents the leadership of a single party from setting policy without challenge.	0	0	0	0	0	1	0	0	0	1	3.333333333333333
5191	We need a better EU migration policy 	in favor of	his is the issue in politics and public sector policy making. No objectives are to be pursued. No problems to be solved. I guess it is the nature of the beast. Balancing conflicting interests. 	1	0	0	0	0	0	0	0	0	1	3.333333333333333
3728	We should ban cosmetic surgery	in favor of	there is no reason to have cosmetic surgery except for vainity and it carries risks so it should be banned	0	0	0	0	0	1	0	0	0	0	3.5
5223	The EU itself and its people should understand and accept there are a lot of Europeans outside the EU. EU does not equal to Europe	against	The EU is an association, an international organization, and has nothing to do with Europe as a territory. European people may live inside or outside the EU. I think has nothing to do with arrogance. 	0	0	0	0	0	0	1	0	0	1	3.0
52	We should abolish intellectual property rights	in favor of	ip rights enable large corporations to have a stranglehold over creators designs and work and should be abolished	0	0	0	0	0	0	1	0	0	0	3.0
506	We should subsidize student loans	in favor of	people should be able to go to school and better themselves without having to pay back thousands of dollars when they graduate.	1	0	0	0	0	1	1	0	0	1	3.0
6113	The vow of celibacy should be abandoned	in favor of	the vow of celibacy should be abandoned because it can cause issues in the relationship	0	1	0	1	0	0	0	1	0	0	3.5
265	We should abolish the three-strikes laws	in favor of	abolishing the three strikes law would save money	0	0	0	0	1	1	0	0	0	0	3.5
4405	We should ban algorithmic trading	in favor of	we should ban algorithmic trading because trading on such a large scale across many markets can increase the financial risk and has been blamed for market crashes.	0	0	0	0	0	1	0	0	0	0	3.5
4339	We should adopt gender-neutral language	in favor of	we live in a modern world where men and women should have the same opportunities.  many sexists words like anchorman for example give the impression that jobs are only for certain sexes.	0	0	0	0	0	0	0	0	0	1	3.333333333333333
1753	We should abolish the Olympic Games	against	the olympic games are the one event that can bring all countries together in unity and should never be abolished.	0	0	0	0	0	1	0	0	0	1	3.333333333333333
4167	We should abolish the Olympic Games	in favor of	the olympics are unfairly biased in favor of those from industrialized nations who have the time and money to train full time	1	0	0	0	0	0	0	0	0	1	3.333333333333333
7303	We should protect our privacy in the Internet age.	in favor of	In the era of IoT sharing economy, because of linking people and people, people and things, and things and things, the probability of the system being exploited and hacked is also increased.	0	0	0	0	0	1	0	0	0	0	3.5
1643	We should subsidize space exploration	against	it costs too much money to explor space, it could be used elsewhere to benefit humans	0	1	0	0	1	1	0	0	0	1	3.333333333333333
3299	We should abolish zoos	against	zoos protect species and provide learning	1	1	0	0	0	0	0	0	0	1	3.333333333333333
3895	We should ban fast food	in favor of	obesity is at epidemic levels. it effects everyone by overburdening medical providers and drives up everyone's insurance rates	0	1	0	0	0	1	0	0	0	1	3.333333333333333
5601	Homeschooling should be banned	in favor of	homeschooling does not give a child time away from home	1	0	0	0	1	0	1	1	0	1	3.0
4646	5G services should be available across India	in favor of	The low latency of 5G will enable the inclusion of education in remote areas of India, where children will be able to access good quality education at home without any network lag between them and their favorite tutor. Also, 5G will make it possible to use new-age technologies like AR and VR for more immersive learning in schools and colleges.	1	0	0	0	0	0	1	0	0	1	3.0
1733	We should abolish the Olympic Games	against	the olympic games provide addition income to small businesses.	1	0	0	0	1	0	0	0	0	0	3.5
6236	We should subsidize vocational education	in favor of	vocational education helps students who don't do well in traditional education	1	1	0	0	0	1	0	0	0	1	3.333333333333333
6411	We should abandon television	in favor of	television is full of brain numbing reality tv that is a bad influence on the young so we should abandon it	1	0	0	0	0	0	1	0	0	0	3.0
877	We should abolish the three-strikes laws	in favor of	minorities are more likely to be prosecuted and therefore have prior offences so this is unfairly applied	0	1	0	0	0	0	0	0	0	1	3.333333333333333
7256	We should rethink the legal state of Family Reunification.	in favor of	Family Reunification creates unbearable levels of migration and acute problems of integration for several EU Member States.	0	1	0	0	0	1	0	0	0	1	3.333333333333333
2161	We should legalize organ trade	in favor of	if someone is willing to sell an organ that should be their right	0	0	0	0	1	0	1	0	0	0	3.0
560	We should end the use of economic sanctions	against	economic sanctions can help control financial situations	1	1	0	0	1	1	0	0	0	0	3.5
4415	We should ban targeted killing	in favor of	targeted killing should be banned because no one should be specificaly tracked down and killed when they don't know it.	0	0	0	0	0	1	0	0	0	1	3.333333333333333
1359	We should limit executive compensation	against	limiting executive compensation would deter executives from doing their job correctly.	1	0	0	0	1	0	1	0	0	0	3.0
3558	We should ban private military companies	against	we should not ban private military companies because they can provide great protection in many areas of our country	0	0	0	0	0	1	1	0	0	1	3.0
6053	Social media brings more harm than good	against	social media is a great place to meet new like minded individuals and make new friends	0	0	0	0	1	1	0	0	0	1	3.333333333333333
6827	Assisted suicide should be a criminal offence	against	assisted suicides can end the pain of those who are suffering from terminal illnesses.	0	1	0	0	0	1	1	0	0	0	3.0
3861	We should legalize cannabis	in favor of	we should legalize cannabis because a natural plant should not be regulated. cannabis is shown to naturally help with certain medical conditions and it's much safer than alcohol for recreational use.	0	0	0	0	0	1	0	0	0	1	3.333333333333333
6903	Intelligence tests bring more harm than good	against	without intelligence tests to use as a benchmark, it would be impossible to assess someones capability and provide them with appropriate level tasks.	1	0	0	0	0	0	0	0	0	1	3.333333333333333
1039	We should ban cosmetic surgery for minors	in favor of	cosmetic surgery could lead to unforeseen problems in young people whose bodies are still growing and maturing	0	0	0	0	0	1	0	0	0	1	3.333333333333333
1193	We should introduce compulsory voting	against	if someone has no choice it is wrong to insist that they choose	0	0	0	0	0	0	1	0	0	0	3.0
2243	We should ban private military companies	against	i think that we shouldn't ban private military companies for national security	0	0	0	0	1	1	0	0	0	1	3.333333333333333
7020	We should increase the legal warranty from 2 years to 5 years on all products in Europe	in favor of	It would force manufacturers to build longer-lasting products, and therefore reduce the impact on the environment and resources	1	1	0	0	0	0	0	0	0	1	3.333333333333333
4266	We should abolish the three-strikes laws	in favor of	the three strikes law punishes people to harshly for minor crimes. they shouldn't have to spend the rest of their lives in prison unless they are crimes that harm another person.	0	0	0	0	0	0	0	0	0	1	3.333333333333333
185	We should ban the use of child actors	against	we should not ban the use of child actors because we would not have the shows and movies that are otherwise available.	1	0	0	1	0	1	1	0	0	1	3.0
5197	We don't need immigration from non-European or non-first-world countries. 	in favor of	We should halt all immigration from non-European or non-first-world countries into the EU. However, if we want to stop this immigration, we must stop its causes. Indeed, it is war, poverty, and European, Chinese and American neo-colonialism that make the people of African and Middle Eastern countries flee to Europe. So Europe must finally take responsibility and protect these countries from corruption, war, and neo-colonialism and help them to start their economy.	0	1	0	0	0	1	0	0	0	1	3.333333333333333
901	We should stop the development of autonomous cars	in favor of	autonomous cars have already caused multiple fatalities and are being used on public roads right now without being adequately tested. the makers are literally using human lives to beta test their products.	1	1	0	0	0	1	0	0	0	0	3.5
468	We should ban fast food	against	banning fast food is an example of regulations which take away our right to freedom.	0	0	0	0	0	0	1	0	0	1	3.0
5576	Homeopathy brings more harm than good	against	homeopathy does not bring more harm than good because it is alternative medicine and some people believe that it is helpful in curing people	0	1	0	0	0	1	1	0	0	0	3.0
546	We should subsidize journalism	in favor of	subsidizing journalism would bring more accurate reporting because it would allow for the hiring of more qualified reporters.	1	1	0	0	1	0	0	0	0	1	3.333333333333333
6539	Homeopathy brings more harm than good	in favor of	people that could have survived with proper medical attention but instead take the path of homeopathy to their detriment is a tragedy.	1	1	0	0	0	1	0	0	0	0	3.5
7191	We should stop daylight saving time change	against	Imposing the time change allows having more hours of light in summer, which gives an energy saving. I know that some studies say that savings would be minimal, but we must consider the growing European energy dependence on photovoltaics: We humans consume more electricity when we are awake, the photovoltaic gives a good availability of energy but only during the day and is difficult to store, to overlap the moment of energy availability given by photovoltaics (the hours of light) with the moment in which citizens have the most energy needs I think it can eventually save more energy in the future.	0	0	0	0	0	1	1	0	0	1	3.0
5828	The use of public defenders should be mandatory	in favor of	The use of public defenders should be mandatory, so that corporations accused of criminal misconduct have the same resources that an individual would.	0	0	0	0	0	0	0	0	0	1	3.333333333333333
2688	We should ban whaling	in favor of	whales are necessary for ecological sustainability of the oceans	0	1	0	0	0	0	0	0	0	1	3.333333333333333
559	We should subsidize space exploration	against	Space travel has health dangers. Astronauts and space tourists face risks from radiation, which can cause illness and injure organs.	0	0	0	0	0	1	0	0	0	0	3.5
1015	We should adopt gender-neutral language	against	adopting gender neutral language would be expensive and a waste of resources which could be better used elsewhere	1	1	0	0	1	0	0	0	0	0	3.5
1514	We should ban fast food	against	fast food should not be banned as it is comforting, allows for social events and interaction and is enjoyed by many	0	0	0	1	0	1	1	0	0	0	3.0
1118	We should ban targeted killing	in favor of	we must stop the selective killings because they are a serious abuse of universal human rights	0	0	0	0	0	1	0	0	0	1	3.333333333333333
4831	Equal pay for equal work should apply as a principle in the country in which you work, regardless of where you come from	in favor of	This will add to the transparency and fair competition.  Insincere employers shouldn't have an advantage, and in essence, it would be beneficial for all EU members, not just the workers.	0	1	0	0	1	0	0	0	0	1	3.333333333333333
61	We should abolish intellectual property rights	in favor of	ideas are free thoughts so it's not fair for one person to profit off of it	0	0	0	0	0	0	1	0	0	1	3.0
2307	We should end the use of economic sanctions	in favor of	we should end the usage of economic sanctions because it is incredibly cruel to the citizens of the country being sanctioned, especially the poor. sanctions don't necessarily stop wars either.	0	1	0	0	0	1	1	0	0	1	3.0
7094	We should reduce environment pollution by limiting number of people in Europe	against	The nations of Europe are the most responsible for the state of the global climate and we need to take the responsibility.	0	1	0	0	1	0	0	0	0	1	3.333333333333333
5280	The 19 June plenary meeting of the European Conference should mark a first step in the direction of a stronger and more united EU in the world	in favor of	We need the United States of Europe. A European army, strategic autonomy, and acting as one. To the future of Europe must belong its capacity to act as a global player.  	1	0	0	0	1	1	1	0	0	0	3.0
5401	Assisted suicide should be a criminal offence	against	if someone is in extreme pain why make them suffer? this is not criminal	0	0	0	0	0	0	1	0	0	0	3.0
7144	We should promote awareness in society of what migrants are contributing. 	against	Misconceptions like the view that mass migration is somehow 'good' need to be clearly pointed out.	0	0	0	0	0	0	0	0	0	1	3.333333333333333
1627	We should cancel pride parades	against	pride parading is the peaceful place for lgbtq people to express themselves freely, demonstrate and require more acceptance from other people	1	0	0	0	0	1	1	0	0	1	3.0
3688	We should cancel pride parades	against	pride parades are a way for people to come together and celebrate being themselves and shouldn't be cancelled.	0	0	0	1	0	1	1	0	0	1	3.0
5237	European citizens want quality of life and are not interested in world supremacy	against	I have never heard anyone talking in Europe about world supremacy. So it seems kind of pointless that this is a goal of EU policy.	0	0	0	0	0	0	0	0	0	1	3.333333333333333
1800	We should cancel pride parades	against	the lgbt world has suffered and fought greatly for equal rights, they deserve to have a parade or march in honor of such.	1	0	0	0	0	1	0	0	0	1	3.333333333333333
7168	We should not have any immigration from non-European or non first-world countries 	in favor of	We need single and selective migration rules. It is very challenging for Europe to protect its border without harming refugees or financial migrants fleeing their countries, and it cannot be efficient without unified and powerful border security (Frontex). 	1	1	0	0	1	1	0	0	0	1	3.333333333333333
4394	We should fight for the abolition of nuclear weapons	in favor of	Nuclear weapons do not only cause immediate devastation, but also long term radiation poisoning that can result in cancers and other diseases for any survivors of a nuclear blast, which is cruel and unacceptable.	0	0	0	0	0	1	0	0	0	1	3.333333333333333
3560	We should ban the use of child actors	in favor of	child actors do not get a proper education and as such, the use of child actors should be banned	1	0	0	0	0	0	1	0	0	1	3.0
2225	We should abolish the Olympic Games	in favor of	the olympic games promotes racism and social exclusion in favor of a good 'public image' for the host	0	1	0	0	0	1	0	0	0	1	3.333333333333333
2592	We should subsidize journalism	in favor of	Newspapers and magazines are currently struggling and need subsidization to stay solvent.	1	0	0	0	1	1	1	0	0	1	3.0
7136	We should impose an IQ test to immigrants	against	This is against human rights. I think advocating restricting immigration from non EU countries based on education, work skill and language literacy is a legitimate suggestion, but morally IQ tests are not acceptable and as very akin to what would be expected of a ethno-nationalist  authoritarian regime, not a union of democratic institutions.   	1	1	0	0	0	0	0	0	0	1	3.333333333333333
6107	Intelligence tests bring more harm than good	in favor of	a bad score in an intelligence test is a blow to people sense of worth, hurting not only their feeling's but also this society's development.	0	0	0	0	0	1	1	0	0	0	3.0
2663	We should adopt libertarianism	against	Libertarianism would lead to crumbling infrastructure without taxes to fund the government.	0	0	0	0	1	1	0	0	0	0	3.5
474	We should legalize cannabis	in favor of	bannabis should be legalized as it has been proven to have medical benefits that outweigh any negative effects. it will also remove it from the control of criminals and gangsters	0	0	0	0	0	1	0	0	0	0	3.5
313	We should subsidize embryonic stem cell research	in favor of	embryonic stem cell research helps to provide innovations in cancer treatment as well as help in the treatment of patient's with diseases such as parkinson's disease, subsidizing would allow for more funding.	0	0	0	0	0	1	1	0	0	0	3.0
5319	The EU should change its internal structure.	in favor of	Expansion by many dissimilar members and in particular the implementation of the EURO has made the EU unmanageable.  The EURO is too strong for the less competitive members and is therefore unsustainable.  	1	1	0	0	0	1	0	0	0	1	3.333333333333333
1975	We should adopt an austerity regime	in favor of	to being a country back to a good financial position, austerity is often the only way forward to balance the books.	0	0	0	0	1	1	0	0	0	0	3.5
15	We should ban cosmetic surgery for minors	in favor of	children have not grown and truly formed their adult looks.   cosmetic surgery for a child should be banned until as an adult the child can make a informed choice over their bodies not a whim of a child.	0	1	0	0	0	0	0	0	0	1	3.333333333333333
5617	We should abandon television	in favor of	television should be abandoned because of all the violence, crime, and sex that's on them now	0	0	0	0	0	0	1	0	0	0	3.0
2241	We should ban fast food	against	fast food is convenient food and cheap	0	0	0	1	1	1	1	1	0	0	3.0
5633	Holocaust denial should be a criminal offence	in favor of	it is a fact that the holocaust happened, and asserting otherwise not only a lie, but dangerous as well.	0	1	0	0	0	1	0	0	0	0	3.5
5277	 Foreign Policy at the EU level should be based on an absolute majority, not unanimity.	against	Abolishing the veto right in the current EU foreign policy voting procedure will only serve larger nations in the union and small member states would lose all their power and slowly turn into puppets of the larger nations instead of equal partners 	0	0	0	0	1	0	1	0	0	1	3.0
460	We should subsidize Wikipedia	against	the open source nature of wikipedia means anyone can add gibberish and falsehood in its contents thereby making it unreliable.	1	1	0	0	0	0	1	0	0	0	3.0
5923	Homeopathy brings more harm than good	in favor of	homeopathic treatments generally don't improve the patients' conditions and are often used as a replacement for conventional care, which would be more helpful.	0	1	0	0	1	1	0	0	0	1	3.333333333333333
4367	We should subsidize journalism	in favor of	we ought to subsidize journalism to get young people interested in the field	1	0	0	0	0	0	1	0	0	0	3.0
4182	We should ban cosmetic surgery	against	people have a right to bodily autonomy and should make their own decisions about their bodies	0	0	0	0	0	0	1	0	0	0	3.0
4508	We should adopt an austerity regime	in favor of	we as a nation have been able to spend and borrow far too freely and that has caused nationally.	0	0	0	0	1	1	0	0	0	0	3.5
7140	We should reduce animal farming.	in favor of	We should encourage people to consider the question: 'Do you think it is morally right to torture, mutilate, and kill animals needlessly?'	0	0	0	0	0	0	0	0	0	1	3.333333333333333
3427	We should adopt an austerity regime	in favor of	the current national debt is unsustainable and will lead to the collapse of our whole government unless we do something about it.  we need to adopt austerity programs immediately to save our country.	1	0	0	0	1	1	0	0	0	0	3.5
3763	We should ban telemarketing	against	if it is for a specific product from a list of people who've purchased it before it offers the product to the customer	1	1	0	0	0	0	1	0	0	1	3.0
4248	We should subsidize space exploration	against	there are more immediate needs here on earth, there's no reason to explore space.  we have to care for what we have already.	1	1	0	0	0	1	0	0	0	1	3.333333333333333
131	We should end the use of economic sanctions	in favor of	economic sanctions are unethical to the economies of smaller, underdeveloped countries.	0	0	0	0	0	0	0	0	0	1	3.333333333333333
5113	The EU should enforce the obligation to respect the Rule of Law within its borders	against	The European Union is not a country and we must respect other countries' electoral choices.	0	0	0	0	1	0	1	0	0	1	3.0
2149	We should fight for the abolition of nuclear weapons	against	mutually assured destruction is a crucial method of preventing actual conflict and disaster	0	0	0	0	1	1	0	0	0	1	3.333333333333333
246	We should oppose collectivism	in favor of	collectivism is a facet of socialism, communism, etc. and eliminates individual worth	1	1	0	0	1	1	1	0	0	0	3.0
138	We should adopt atheism	in favor of	not everybody believes in or practices a religion so we should adopt atheism for them	0	0	0	0	0	0	1	0	0	1	3.0
6255	The use of public defenders should be mandatory	in favor of	Mandating the use of public defenders would allow everyone to have the same level of legal defense; the rich won't be able to buy the best lawyers.	0	0	0	0	0	1	0	0	0	1	3.333333333333333
5161	Esperanto should replace English as the first foreign language in schools and universities	in favor of	Esperanto is politically neutral: it is not used by any European nation. Although there is some culture connected to the language, there is no political or economic power imposing it. Also, where English is connected to the US, Canada, Australia, and other countries, Esperanto would be a truly European language.	1	0	0	0	0	1	1	0	0	1	3.0
7364	We should vigorously develop the countryside.	in favor of	There is a lack of employment opportunities in rural areas, as well as inadequate education, medical care and infrastructure. Therefore, we must vigorously develop the rural revitalization strategy and related industries, so that young people can return to rural areas.	1	0	0	0	0	1	0	0	0	0	3.5
5602	Holocaust denial should be a criminal offence	against	thought crimes should not be punishable.	0	0	0	0	0	0	1	0	0	0	3.0
7118	We should reduce environment pollution by limiting number of people in Europe	against	A migrant, with the proper education and support, will in his turn contribute for society, which allows more people to have a fulfilling life.	0	1	0	0	0	1	0	0	0	0	3.5
31	We should ban the Church of Scientology	in favor of	there are questions of it's legitimacy and whether it is a cult as well as the fact that members have to pay more to move up the levels thereby leading some to come into financial troubles due to this	0	1	0	0	0	1	0	0	0	0	3.5
5881	Foster care brings more harm than good	in favor of	Because foster care is decentralized, it makes oversight for childcare more difficult, and often leads to children living in abusive households or in poor living conditions.	0	1	0	1	0	1	0	0	0	0	3.5
6147	Holocaust denial should be a criminal offence	against	holocaust denial should not be a criminal offence because though offensive it infringes the right to free speech	0	0	0	0	0	0	1	0	0	1	3.0
1364	We should ban telemarketing	against	let the free market determine whether telemarketing is a viable option	0	0	0	0	1	0	1	0	0	0	3.0
77	We should limit executive compensation	in favor of	we should limit executives earnings.  some ceo's get millions of dollars for a salary plus housing, airplanes, and even get a package to leave the company.  all this while average worker could use more.	0	0	0	0	0	1	0	0	0	1	3.333333333333333
1827	We should ban private military companies	against	private military companies are nothing but hired guards.  a company should be able to hire them because they provide a service that is needed.	0	0	0	0	1	1	1	0	0	1	3.0
7131	We should reduce environment pollution by limiting number of people in Europe	against	Instead we need to reduce inequality in between countries and distribute wealth more evenly around the world.	0	1	0	0	1	1	0	0	0	1	3.333333333333333
1515	We should adopt atheism	in favor of	we should adopt atheism because religion is the root of all the wars that have happened and would stop so much fighting in th world.	0	0	0	0	0	1	1	0	0	1	3.0
6241	Payday loans should be banned	in favor of	payday loans should be banned because it puts people into debt they shouldn't be in due to high interest rates	0	0	0	0	0	1	0	0	0	1	3.333333333333333
4028	We should subsidize embryonic stem cell research	in favor of	embryonic stem cell research could lead to the discovery of new medical treatments that would alleviate the suffering of many people	1	1	0	0	0	1	1	0	0	0	3.0
3134	We should limit executive compensation	in favor of	executive pay is out of control. when an executive can earn the same in a week as a manual worker earns in a year, then something is wrong.	0	0	0	0	0	1	0	0	0	1	3.333333333333333
2248	We should ban factory farming	in favor of	we should ban factory farming because it is cruel to animals and the quality is questionable at best.	0	1	0	0	0	0	0	0	0	1	3.333333333333333
5075	There is a necessity for a European framework for the free movement of intensivists 	in favor of	Intensive Care Medicine deserves to be added to the Annex V, as well as all citizens of the EU deserve top standards of critical care and safety when admitted to this demanding environment.	0	0	0	0	0	1	0	0	0	1	3.333333333333333
214	We should legalize cannabis	against	we should not legalize cannabis then more children will get a hold of it	0	0	0	0	0	1	0	0	0	0	3.5
3319	We should abolish intellectual property rights	in favor of	intellectual property is used to smother business, it effectively destroys the free market	1	0	0	0	0	1	1	0	0	1	3.0
670	We should stop the development of autonomous cars	against	autonomous cars can help transport those unable to drive themselves	1	1	0	0	0	1	1	0	0	0	3.0
6344	Payday loans should be banned	in favor of	payday loans allow people to spend money they do not have yet and then they have to pay interest on the loan.  this could cause them to need another loan to get through the next pay period.	0	0	0	0	1	1	0	0	0	1	3.333333333333333
6428	Surrogacy should be banned	against	it gives women a chance to be a mother if they themselves can't conceive	0	1	0	0	0	0	1	1	0	0	3.0
5176	There should be a common EU migration and asylum policy	against	A common policy is a completely wrong solution. It will only lead to the fact that the system will be fully implemented on the terms of Sweden and Germany, who support open borders, and will bring down the entire EU and the traditional welfare states.	1	0	0	0	0	1	1	0	0	1	3.0
6151	Homeopathy brings more harm than good	against	homeopathy is much less dangerous than many pharmaceuticals	0	1	0	0	0	1	1	0	0	1	3.0
5676	Homeschooling should be banned	against	homeschooling should be allowed because parents are the first teachers children have and have everything at their disposal to teach their children effectively	1	1	0	0	1	0	1	0	0	0	3.0
5142	People with disabilities should be more represented 	in favor of	Europe must lead the way when it comes to integrating people with Down syndrome 	0	1	0	0	0	1	0	0	0	1	3.333333333333333
4778	Censorship of movies is an outdated concept	in favor of	Filmmakers spend lot of money and time to make movies. If parts of the movie is cut in the name of censorship, they will be discouraged to make more movies.	1	0	0	0	0	0	1	0	0	0	3.0
2605	We should stop the development of autonomous cars	against	globally, over 1 million people die a year in car crashes.   to be able to have self driving safe cars that save that many lives a year would be outstanding.   robots and self driving cars are the future.	1	0	0	0	0	1	0	0	0	1	3.333333333333333
5095	The EU needs a European research center	in favor of	it would help to further unite the nations.	1	1	0	0	0	1	0	0	0	0	3.5
7098	We should promote a plant-based diet	in favor of	While it is only promoted/suggested and not a mandatory, its ok.	0	0	0	0	0	0	1	0	0	0	3.0
1074	We should adopt atheism	in favor of	we should adopt atheism because you can live your life freely without the worry of being judged by god	1	0	0	0	0	1	1	0	0	1	3.0
5251	The EU should conclude an agreement with the United Kingdom and create together a European pillar of NATO	against	Forty years of UK membership in the European Union have clearly proven that it is not a good idea to conclude agreements with England.	1	0	0	0	0	0	0	0	0	0	3.5
2642	We should ban fast food	in favor of	Fast food is a leading cause of obesity in the world and needs to be banned.	0	0	0	0	0	1	0	0	0	0	3.5
6901	Intelligence tests bring more harm than good	in favor of	intelligence tests bring more harm than good because when one learns their number, then they try to live their life to that number.	1	0	0	0	0	0	0	0	0	1	3.333333333333333
4871	The European Union should support and integrate immigrant people to ensure that they live with dignity and equality with all European citizens	in favor of	As EU citizens we should never forget how privileged we are, and that we bear a human obligation to help others in need. 	0	1	0	0	0	0	0	0	0	0	4.0
7108	We should prohibit internal combustion engines	against	Not all combustion engines use petrol as a fuel - natural gas engines are way more environment-friendly	0	0	0	0	0	0	1	0	0	1	3.0
565	We should end the use of economic sanctions	in favor of	the countries regular citizens are the ones who are hurt the most by sanctions.	0	1	0	0	0	1	0	0	0	1	3.333333333333333
1085	We should stop the development of autonomous cars	against	autonomous cars will provide a way for people who are blind or handicapped a way to travel	0	1	0	0	1	0	1	0	0	1	3.0
3951	We should abolish the Olympic Games	in favor of	the olympic games are a big business where the only winners are the big capitalists	0	0	0	0	1	0	0	0	0	1	3.333333333333333
3898	We should abolish intellectual property rights	in favor of	enforcing property rights is almost impossible when companies in numerous countries do not enforce the rules very well such as china etc so it is easier just to abolish them	0	0	0	0	0	0	0	0	0	1	3.333333333333333
6011	Surrogacy should be banned	in favor of	surrogacy is basically exploitation of economically disadvantaged women, forced into emotional and physical trauma for money.	0	0	0	0	0	1	0	0	0	1	3.333333333333333
126	We should stop the development of autonomous cars	in favor of	autonomous cars are prohibitively expensive	0	0	0	0	0	1	0	0	0	0	3.5
1962	We should ban cosmetic surgery	against	cosmetic surgery helps people feel better about their appearance, which can help them create positive changes in other areas of their life.	0	0	0	0	0	1	0	1	0	0	3.5
6851	Intelligence tests bring more harm than good	in favor of	intelligence tests have been proven to have no predictive value in a person's ability to excel in education or the workforce.	1	1	0	0	0	0	0	0	0	1	3.333333333333333
4076	We should abolish the three-strikes laws	against	not everyone can be reformed.  some people are a danger to society, and two failed attempts at reform is far more than they deserve.	0	0	0	0	0	1	0	0	0	0	3.5
4170	We should fight for the abolition of nuclear weapons	in favor of	Because nuclear weapons kill indiscriminately and inevitably harm civilians, they can never be used as a legitimate or just weapon of war.	0	0	0	0	0	0	0	0	0	1	3.333333333333333
269	We should limit executive compensation	in favor of	executive compensation should be limited in order to narrow the wage gap between c-level employees and line workers	0	1	0	0	1	0	0	0	0	1	3.333333333333333
1666	We should oppose collectivism	against	collectivism provides a common goal for everyone to work towards.	1	0	0	0	0	1	0	0	0	0	3.5
3970	We should ban human cloning	against	human cloning will lead to scientific advancements that will save lives and as such, should not be banned	1	1	0	0	0	1	1	0	0	1	3.0
5183	We do not want immigration from non-European or non-first-world countries 	in favor of	No more non-European immigration. The native Europeans have said NO.	0	0	0	0	1	0	1	0	0	0	3.0
3034	We should abandon the use of school uniform	against	school uniforms help everyone feel included and not judged on the clothes they wear	0	0	0	0	0	1	0	0	0	1	3.333333333333333
1941	We should abolish safe spaces	against	we should not abolish safe spaces because it helps to preserve spots for future generations.	0	1	0	0	0	1	1	0	0	1	3.0
6328	Foster care brings more harm than good	against	foster care can help the child find the loving home they need	0	1	0	0	0	1	0	0	0	0	3.5
206	We should adopt libertarianism	in favor of	our country need to adopt the less intervention supported by libertarianism. people need to make their own choice and be responsible for the outcome.	0	1	0	0	0	0	1	0	0	0	3.0
37	We should adopt a multi-party system	in favor of	it would give people more of a choice  and provides someone for every culture to vote for	0	0	0	0	0	1	0	0	0	0	3.5
6170	Intelligence tests bring more harm than good	against	Intelligence tests allow employers to select and sort job candidates into roles that are best suited for their ability.	1	0	0	0	0	0	0	0	0	0	3.5
2050	We should ban missionary work	in favor of	missionary work is very dangerous for the people involved and provides little benefit to those being ministered to	0	1	0	0	0	1	0	0	0	0	3.5
4837	Immigrants should integrate through work	in favor of	I work on a programme in Ireland to help migrants, refugees and asylum seekers get employment and integrate.  The qualifications, skills, experience and resilience they bring is amazing and so valuable to employers and the country.  There is far too much focus on negative aspects of migration, much of it based on incorrect stereotypes.  Migration brings lots of positives to countries but we need to be open to them.	1	0	0	0	1	1	0	0	0	1	3.333333333333333
984	We should legalize sex selection	in favor of	We should legalize sex selection because a ban leads to dangerous back alley procedures, and to more abortions and female infanticide	0	1	0	0	0	1	1	1	0	0	3.0
4184	We should subsidize Wikipedia	against	subsidising wikipedia would open it up to outside influence and could result in a deterioration in the quality of the information as those subsidising it may want information changed to make it more positive	1	1	0	0	0	0	1	0	0	1	3.0
5467	Entrapment should be legalized	against	entrapment is wrong because it turns non-criminals into criminals.	0	0	0	0	0	0	0	0	0	1	3.333333333333333
2041	We should introduce compulsory voting	against	if it against their will people will choose randomly and it will negate the choices of others	0	0	0	0	1	0	1	0	0	1	3.0
2732	We should limit judicial activism	in favor of	judicial activism allows judges to argue their own views instead of making decisions based on existing constitutional law.	1	0	0	0	0	1	0	0	0	0	3.5
7006	We should promote the use of nuclear energy	in favor of	nuclear power plants which, compared to fossil fuel-fired power plants, have decreased carbon dioxide emissions and produce incomparably less toxic substances, which, moreover, are not emitted into the air we breathe, but can be buried deep underground where they will not harm anyone. 	1	0	0	0	0	1	0	0	0	1	3.333333333333333
174	We should ban the Church of Scientology	in favor of	the church of scientology is a predatory, litigation-happy organization that serves no good purpose in the world.	1	1	0	0	0	1	0	0	0	0	3.5
2360	We should end mandatory retirement	against	We should not end mandatory retirement because it opens up positions for young people who otherwise could never begin their career.	1	0	0	0	1	1	0	1	0	1	3.333333333333333
5265	The EU should immediately end the refugee deal with Turkey.	in favor of	Turkey is an enemy. It uses this deal to make a threat. Stop it now and send patrols to the Greek border or welcome them.	0	0	0	0	0	1	0	0	0	0	3.5
6709	Holocaust denial should be a criminal offence	against	people lie about things all the time, so who is to decide which lies are worthy of a criminal offense and which aren't?	0	0	0	0	1	0	1	0	0	1	3.0
997	We should end the use of economic sanctions	against	the use of economic sanctions are the best recourse we have to safeguard ourselves against problems	0	0	0	0	0	1	0	0	0	1	3.333333333333333
5107	Public transport in EU cities should be free	in favor of	I think the EU should subsidies troubled cash-strapped cities to reduce ticket prices or completely remove any charges so that people are vivisected to hop on the bus rather than in the car. As I student, I would have been in the city center a lot more and spent money around the shops if I could afford the bus fair in the first place. 	0	0	0	0	1	1	1	1	0	0	3.0
4400	We should ban factory farming	against	factory farming is mass food production at a more economical pace which allows us to feed more people faster.	1	0	0	0	0	1	0	0	0	0	3.5
4315	We should adopt gender-neutral language	against	in many cases, the gender of the subject helps convey meaning	1	1	0	0	1	0	0	0	0	1	3.333333333333333
6500	Blockade of the Gaza Strip should be ended	in favor of	the blockade of gaza is a crime against humanity and should be stopped as soon as possible	0	0	0	0	0	1	0	0	0	1	3.333333333333333
2524	We should cancel pride parades	against	We should not cancel pride parades as they provide a great focal point to celebrate and help others to understand the diversity of society.	0	0	0	0	1	1	0	0	0	1	3.333333333333333
4297	We should abolish safe spaces	in favor of	having safe spaces isolates groups of people instead exposing them	0	0	0	0	0	1	0	0	0	1	3.333333333333333
637	We should abolish zoos	against	some species are endangered and threatened by poaching. zoos are a place were we can guarantee their safety and survival.	0	0	0	0	0	0	0	0	0	1	3.333333333333333
4186	We should fight for the abolition of nuclear weapons	against	having nuclear weapons available giving a country power in today politics and abolition of it is not a option.	0	1	0	0	0	1	0	1	0	1	3.333333333333333
3007	We should subsidize journalism	against	journalism that is subsidized by the government will lead to censoring the media from reporting negative things about the government.	0	1	0	0	0	0	1	0	0	1	3.0
2619	We should ban telemarketing	against	telemarketing is a valid means of advertising and is not dangerous for the people	1	0	0	0	0	0	1	0	0	0	3.0
3411	We should subsidize journalism	in favor of	Subsidizing journalism decreases the need for profit seeking and competition because the state will pay for most of the costs.	0	0	0	0	1	1	0	0	0	1	3.333333333333333
869	We should fight for the abolition of nuclear weapons	in favor of	we should fight for the abolition of nuclear weapons or else the entire world will destroy itself.	1	1	0	0	0	1	0	0	0	1	3.333333333333333
240	We should abolish intellectual property rights	against	intellectual property rights enable people to benefit from what they worked so hard to achieve.	1	0	0	0	1	1	1	0	0	1	3.0
1045	We should ban cosmetic surgery	in favor of	cosmetic surgery isn't medically necessary	0	1	0	0	0	1	0	0	0	1	3.333333333333333
6939	We should develop Web 3.0.	against	There is no guarantee that web 3.0 will not be controlled by big tech companies. Earlier when the first version of the web came, people expected that it will guarantee free speech and no one can control it like they controlled traditional media such as newspapers and television. But, now web content is largely controlled by big corporations. So, web 3.0 may also turn into the same.	1	1	0	0	1	0	1	0	0	1	3.0
4828	British people who are residents in an EU country should have EU-wide rights	in favor of	It is truly a pity that many people lost many of their rights overnight, one year ago. It is actually a pity that the UK even made such a decision. Brexit was the decision of generally uninformed or misinformed people who can't be blamed for it. Especially the ones that actually voted to remain or the ones that didn't get to vote at all. The truth is that the UK was always sort of the 'black sheep' in the EU. Even historically, the UK was often somewhat 'detached' from European politics and issues.	0	1	0	0	0	1	0	0	0	0	3.5
5636	Blockade of the Gaza Strip should be ended	against	israel has the right to defend itself and the blockade is the best defense before using weapons	0	0	0	0	1	1	0	0	0	1	3.333333333333333
3057	We should oppose collectivism	against	We should support collectivism because it encourages people to take responsibility for their community, which eases the burden on the state.	0	1	0	0	0	1	0	0	0	0	3.5
6066	The use of public defenders should be mandatory	in favor of	Mandating the use of public defenders ensures a fair trial for all.	0	1	0	0	0	0	0	0	0	1	3.333333333333333
5710	The vow of celibacy should be abandoned	in favor of	normal men and women need the ability to respond to their sexual needs.	0	1	0	1	0	1	0	0	0	0	3.5
5367	The EU should extend the model of Pooling & Sharing European military resources beyond air transport.	in favor of	Pooling & Sharing increases the size, availability, the diversity of specific military resources but decreases their global cost at the same time	1	0	0	0	1	1	0	0	0	0	3.5
2391	We should ban human cloning	against	we should not ban human cloning because this will lessen our chances for finding cures to the some of the most deadly diseases such as cancer and dementia	0	1	0	0	0	1	1	0	0	0	3.0
833	We should cancel pride parades	against	pride parades are an important part of society to promote freedom of choice  and acceptance.	0	0	0	0	0	0	1	0	0	1	3.0
2059	We should legalize sex selection	in favor of	Knowing the gender of your baby makes it easier to purchase items for the baby before its birth.	1	1	0	0	0	1	1	0	0	0	3.0
4418	We should limit executive compensation	against	the only way to hire the best and brightest executives is to keep giving them larger compensation packages.	1	0	0	0	0	0	1	0	0	0	3.0
4647	5G services should be available across India	in favor of	5G will vastly increase the number of networks that can be connected, handling up to a trillion Internet of Things terminals, which will enable machines and humans in a factory to communicate with each other seamlessly, making the business more efficient and reducing the possibility of error.	1	1	0	0	0	0	1	0	0	1	3.0
2515	We should subsidize space exploration	in favor of	Space exploration should be subsidized because the information learned from it could provide useful to our planet.	1	1	0	0	0	0	1	0	0	1	3.0
4476	We should oppose collectivism	in favor of	collectivism is pointless.  it caters, not to the whole, but to the loudest in a group.  that leaves so many out.	0	0	0	0	0	1	0	0	0	1	3.333333333333333
6544	Homeschooling should be banned	in favor of	some parents don't have a suitable education themselves to be able to educate their children.	1	0	0	0	0	0	0	0	0	0	3.5
4333	We should fight for the abolition of nuclear weapons	against	nuclear weapons should be retained as they act as a deterrent and ensure world peace	0	0	0	0	1	1	0	0	0	1	3.333333333333333
54	We should legalize cannabis	against	cannabis is highly addictive, studies show up to one-in10 users develop dependence over time	0	0	0	0	0	1	1	0	0	0	3.0
2031	We should abandon the use of school uniform	in favor of	the school uniform gives no individuality to students	0	0	0	0	0	0	1	0	0	0	3.0
3078	We should subsidize journalism	against	journalism cannot be unbiased with subsidization	0	1	0	0	0	0	1	0	0	1	3.0
5681	Payday loans should be banned	in favor of	payday loan providers prey on low income communities	0	1	0	0	0	1	0	0	0	1	3.333333333333333
3212	We should subsidize student loans	in favor of	we need to make it more accessible for the public to acquire education, as opposed to adding more barriers such as extreme student debt.	0	1	0	0	0	1	0	0	0	1	3.333333333333333
4639	We should forbid neo-banks	against	Due to their technological nature, neo-banks do not need any physical bank branches, which helps them save on overhead costs (the cost of running the business). Thus, neo-banks are able to offer lower fees and higher interest rates on checking and savings accounts to customers.	1	1	0	0	1	1	1	0	0	1	3.0
4213	We should fight for the abolition of nuclear weapons	against	Creating an industry out of nuclear technology also helps create nuclear energy plants, which reduce pollution and increase access to cheap energy.	0	0	0	0	0	1	0	0	0	1	3.333333333333333
96	We should cancel pride parades	against	pride parades can show everyone that we tolerate everyone	0	0	0	0	0	1	0	0	0	1	3.333333333333333
5964	Assisted suicide should be a criminal offence	against	assisted suicide should not be a criminal defense because in some cases, like people who have terminal cancer, you are doing them a mercy and saving them from suffering.	0	1	0	0	0	1	1	0	0	0	3.0
5934	The use of public defenders should be mandatory	in favor of	the right to representation is especially important for those who sre unable to afford it	0	0	0	0	0	1	0	0	0	1	3.333333333333333
3882	We should limit judicial activism	in favor of	people should be judged by their actions not how the judge feels about them	0	0	0	0	0	0	0	0	0	1	3.333333333333333
4591	India should store the data within the territorial boundaries of the country	against	Storing data in India means higher operational costs for payment system operators. Because in other countries they have cheaper alternatives. And also for cross-border transactions, they have to store the data in two places, which increases costs. There is a probability that these extra costs may pass on to the consumers.	0	0	0	0	0	1	0	0	0	0	3.5
3060	We should end mandatory retirement	against	Mandatory retirement ensures that companies and professions are constantly infusing their workforces with fresh talent.	1	0	0	0	0	0	1	0	0	0	3.0
618	We should ban fast food	against	fast food shouldn't be banned because it helps people save times	0	1	0	0	0	1	0	0	0	0	3.5
6495	Social media brings more harm than good	against	social media allows people to stay connected with family members who live a long distance apart.	0	1	0	0	0	1	0	0	0	0	3.5
3023	We should subsidize student loans	in favor of	most people can't afford to go to college, and we don't want them to graduate with massive debts	1	0	0	0	0	1	0	0	0	0	3.5
3723	We should legalize prostitution	in favor of	We should legalize prostitution in order to avoid giving young people criminal records that will hurt their job prospects down the line.	1	0	0	0	0	1	1	0	0	0	3.0
4763	Homeschooling should be encouraged in India 	in favor of	Every child is different. Homeschooling allows to design the curriculum based on the student's capabilities and interests.	1	0	0	0	0	0	1	0	0	0	3.0
1917	We should adopt libertarianism	in favor of	libertarians stand for everyone being allowed to have the most freedom possible, which most people usually want anyway.	0	0	0	0	0	1	1	0	0	1	3.0
2636	We should abolish the Olympic Games	against	we should not abolish the olympic games because it is a form of entertainment for many people	0	0	0	1	0	0	0	1	0	0	3.5
7110	We should impose an IQ test to immigrants	in favor of	The real problem, even with the war refugees is that once they enter the EU they do not want to return to their countries, even if the danger has passed. They even bring their family and other relatives!	0	1	0	0	0	1	0	0	0	0	3.5
4938	We need legal ways of migration.	against	Migrants depend on other countries' social systems.	0	0	0	0	0	1	1	0	0	0	3.0
1920	We should legalize organ trade	in favor of	Organ sales can raise many people out of poverty, providing them with more opportunities.	1	0	0	0	1	1	0	0	0	0	3.5
337	We should adopt gender-neutral language	in favor of	gender-neutral language is simply a natural progression in a society based on sexual equality - there is no reason for textual dominance, and such neutrality serves to gradually temper preconceptions.	0	0	0	0	0	1	0	0	0	1	3.333333333333333
6224	Assisted suicide should be a criminal offence	against	if somebody is going to commit suicide anyway they should be able to do it safely with assistance	0	1	0	0	0	1	1	0	0	0	3.0
3801	We should introduce compulsory voting	against	people have self ownership and can choose to not vote	0	0	0	0	0	0	1	0	0	0	3.0
731	We should ban cosmetic surgery	against	cosmetic surgery teaches our daughters that they need to look perfect and never age.	0	0	0	1	0	0	1	0	0	1	3.0
3765	We should legalize cannabis	in favor of	Legalizing cannabis would allow the authorities to control the quality and strength of the product making it safer to use and could also collect tax from the sale.	1	0	0	0	1	1	0	0	0	0	3.5
4724	We can rely on Cryptocurrencies like Bitcoins	against	Ransomware hackers demanded their payment through bitcoins, because it protects identity of the person in financial transactions.	0	1	0	0	0	1	0	0	0	0	3.5
4597	India should store the data within the territorial boundaries of the country	against	The US is against data localization laws. Recently at the G20 summit, Donald Trump, the president of the US spoke against data localization. Its stance is natural because it increases the operational costs of US companies. India-US bilateral relations are important for both countries because we are intertwined in the export and import of IT services, professionals and goods, etc. So, imposing data localization laws without threatening Indo-US relations is another challenge.	1	0	0	0	1	1	0	0	0	1	3.333333333333333
5731	Payday loans should be banned	in favor of	payday loans should be banned because it just gets people into more debt with the outrageous interest rates.	0	1	0	0	1	1	0	0	0	1	3.333333333333333
4039	We should ban cosmetic surgery	in favor of	cosmetic surgery creates an unhealthy body image in media for children to try and conform to.	0	0	0	0	0	1	1	0	0	0	3.0
1053	We should abolish the Olympic Games	against	the olympic games are essential to allow peaceful competition between nations, without these there would be more wars and battles as countries tried to prove they were better than others.	0	0	0	0	0	1	0	0	0	1	3.333333333333333
6970	Hindi should be the National language of India	against	There are widespread protests against the imposition of Hindi because non-Hindi speaking states are much more comfortable with English than Hindi.	0	0	0	0	0	1	0	0	0	1	3.333333333333333
7286	We should give up developing electric vehicles	in favor of	The number of charging infrastructure construction is not enough.	0	0	0	0	0	0	0	0	0	1	3.333333333333333
3106	We should ban factory farming	against	we should not ban factory farming because it gives us another source of food.	1	1	0	0	0	1	0	0	0	0	3.5
3907	We should ban fast food	against	banning fast food won't change anyone's diet because unhealthy choices will still be there	0	0	0	0	0	0	1	0	0	1	3.0
4652	We should subsidize hydrogen vehicles	in favor of	The prices of fossil fuels are increasing continuously. So, if more hydrogen vehicles come into the market, the price of fossil fuels may reduce.	0	0	0	0	0	1	0	0	0	1	3.333333333333333
4030	We should end the use of economic sanctions	against	economic sanctions are an effective tool and should be left as is	1	0	0	0	0	1	0	0	0	1	3.333333333333333
844	We should limit judicial activism	in favor of	judicial activism should be limited so that judgements are reached based on factual evidence only. allowing personal opinions to cloud the issue can result in mis-trials of justice.	0	0	0	0	0	1	0	0	0	1	3.333333333333333
1919	We should abolish zoos	against	zoos are an excellent way to provide entertainment and togetherness for families. they provide activities that no other venue can provide. they should not be abolished.	0	1	0	1	0	1	0	1	0	0	3.5
2042	We should subsidize Wikipedia	against	wikipedia is not a reliable source for information and we should not waste money on it	0	0	0	0	1	1	0	0	0	1	3.333333333333333
