	Conclusion	Stance	Premise	Achievement	Benevolence	Conformity	Hedonism	Power	Security	Self-direction	Stimulation	Tradition	Universalism	Score
2302	We should prohibit school prayer	in favor of	prayer should be not done in school, children are in school to learn	1	0	1	0	0	0	1	0	0	0	6.0
6984	Military training should be made compulsory for all in India	against	Some people do not have enough strength to participate in such intense trainings. They may seem normal from outside but may have mental illnesses. Military trainings can be emotionally and physically daunting for them. In such cases compulsory trainings will be a threat to their life.	1	0	0	0	0	1	0	0	0	0	6.0
1167	We should limit executive compensation	against	in a competitive market companies have to attract the best talent	1	0	0	0	1	0	0	0	0	0	6.0
3004	We should ban telemarketing	in favor of	telemarketing is an invasion of privacy, especially when they call at late hours, during meals and/or repetitively even after asking for the call to stop.	0	0	1	0	0	0	1	0	0	0	6.0
3714	We should limit executive compensation	against	an owner of a company should be allowed to make as much money as possible	1	0	0	0	1	0	0	0	0	0	6.0
2556	We should ban fast food	against	fast food is okay in moderation and doesn't need to get banned	0	0	1	0	0	1	1	0	0	0	6.0
4066	We should abolish the three-strikes laws	against	this law keeps communities safe from career criminals	0	0	0	0	0	1	0	0	0	0	6.0
2471	We should ban the Church of Scientology	against	people are free to practice any religion they want	0	0	0	0	0	0	1	0	1	0	6.0
2762	We should abandon the use of school uniform	against	school uniforms keep school from becoming a fashion show.	0	0	0	0	1	1	0	0	0	0	6.0
2444	We should ban fast food	in favor of	fast food contributed to the obesity problem in the us	0	0	0	0	0	1	0	0	0	0	6.0
3171	We should subsidize space exploration	in favor of	the country needs to be prepared against other countries that use space exploration to advance both offensive and defensive strategies	1	0	0	0	0	1	1	0	0	0	6.0
3866	We should stop the development of autonomous cars	in favor of	they have already shown that they cannot avoid all accidents.	0	0	0	0	0	1	0	0	0	0	6.0
2333	We should abolish intellectual property rights	in favor of	we should abolish intellectual property rights because it discourages new ideas.	1	0	0	0	0	0	1	0	0	0	6.0
6659	We should subsidize vocational education	in favor of	not everyone is suited to work in an office. we also need mechanics and truck drivers and hair dressers etc. by subsidizing voed for these jobs we will be able to continue to teach the hands on employees.	1	0	0	0	0	1	0	0	0	0	6.0
853	We should legalize prostitution	in favor of	When prostitution is illegal, prostitutes are defenseless, and are often harassed and abused.	0	0	0	0	0	1	1	1	0	0	6.0
6854	Homeopathy brings more harm than good	against	many people find symptomatic relief by using homeopathic remedies	0	0	0	0	0	1	1	0	0	0	6.0
4344	We should subsidize student loans	in favor of	due to the obligations of the students it is sometimes difficult to get a job, we must help them pay their loans so that they do not leave school	1	0	0	0	0	1	0	0	0	0	6.0
5085	Rural areas should become more attractive for life and work	in favor of	If rural areas are to become more attractive to live in and work, it is essential to bet on innovation and the creation of quality jobs	1	0	0	0	0	1	1	0	0	0	6.0
5107	Public transport in EU cities should be free	in favor of	I think the EU should subsidies troubled cash-strapped cities to reduce ticket prices or completely remove any charges so that people are vivisected to hop on the bus rather than in the car. As I student, I would have been in the city center a lot more and spent money around the shops if I could afford the bus fair in the first place. 	0	0	0	0	1	1	1	1	0	0	6.0
713	We should adopt atheism	against	people have the freedom to choose any religion, atheism should not be forced upon people	0	0	0	0	0	0	1	0	1	0	6.0
4593	India should store the data within the territorial boundaries of the country	in favor of	While investigating crimes, there will be a need to access the payment data. If the data is stored abroad, it is very difficult to take permission from that country for access to the data. This causes delays in solving crimes. If the data is stored here within our country, this problem will be avoided.	0	0	0	0	0	1	1	0	0	0	6.0
6693	Holocaust denial should be a criminal offence	against	people can choose to believe what they wish.  denying it happened is not a crime.	0	0	0	0	0	0	1	0	0	0	6.0
4579	Technology is making us feel less human	in favor of	We are increasingly depending on technological devices to guide us. For example, we keep reminders on smartphones and google the questions for answers. We are outsourcing the activities that require intelligence to technology. Thinking, remembering things, and analyzing are essential qualities of humans. Too much dependence on technology is making us less human.	1	0	0	0	0	0	1	1	0	0	6.0
2903	We should legalize prostitution	in favor of	women should have the right to decide what to do with their body and that should include being able to sell it.	0	0	0	0	1	0	1	1	0	0	6.0
1172	We should adopt libertarianism	against	we would crumble without services provided to us via the government - roads, fire stations, and more.	0	0	1	0	0	1	0	0	0	0	6.0
602	We should adopt gender-neutral language	in favor of	it would make people who are gender challenged feel better.	0	0	0	0	0	1	0	0	0	0	6.0
2918	We should adopt an austerity regime	in favor of	an auserity program will reduce the national debt.	0	0	1	0	0	1	0	0	0	0	6.0
1315	We should adopt atheism	against	we should not adopt atheism as people have the right to believe the way they want when it come to a higher power.	0	0	0	0	0	0	1	0	1	0	6.0
1667	We should legalize prostitution	against	we should not legalize prostitution because they spread too many deceases so we need to get rid of prostitution	0	0	1	0	0	1	0	0	0	0	6.0
4036	We should end mandatory retirement	in favor of	i agree with you, many people do not want to retire, they want to continue trading, and they are forced to retire	0	0	0	0	0	0	1	0	0	0	6.0
6308	Holocaust denial should be a criminal offence	against	you can not tell a person how they should or should not believe and making holocaust denial a criminal offense is an unnecessary intrusion.	0	0	0	0	0	0	1	0	0	0	6.0
1352	We should ban the use of child actors	against	providing child actors are still taught school subjects and that they are given time to be children then it is good for them and the money earned will give them freedom as adults to do whatever they want	1	0	0	0	1	0	1	1	0	0	6.0
66	We should ban private military companies	in favor of	private military companies could be a danger to our national security because their motives are financial in nature which means they could act in ways that are not in our country's best interest politcally.	0	0	0	0	0	1	0	0	0	0	6.0
6325	We should abandon television	against	we should not abandon television because television is the only form of entertainment for some people	0	0	0	1	0	0	0	1	0	0	6.0
5234	We do not need immigration from non-European or non-first-world countries. 	against	I have no trouble with, non-western, immigrants.  I have trouble with 'mass immigration'.  What happens is when they come in large numbers they do not integrate anymore.  They stick to themselves and become a new tribe that tries to change their host country.'	0	0	0	0	0	1	0	0	1	0	6.0
7305	We should protect our privacy in the Internet age.	in favor of	Most people have to rely on centralized information distribution and dissemination platforms to publish information. It is easy to control the output and control of ideology, social ideas and hotspots.	0	0	0	0	0	1	0	0	0	0	6.0
7088	We should put a cap on personal wealth and annual income	against	Yes, Communism worked great, everywhere they tried. Oh wait...	1	0	0	0	0	0	0	0	0	0	6.0
1814	We should introduce compulsory voting	against	some people just don't have an opinion about who to vote for	0	0	0	0	0	0	1	0	0	0	6.0
1300	We should legalize organ trade	in favor of	Organs, as part of our bodies, are our property and should not be regulated by the government; we should be free to sell them on an open market.	0	0	0	0	1	0	1	0	1	0	6.0
4523	We should ban algorithmic trading	in favor of	algorithmic trading is computer based and does not allow for any type of inspiration in trading.	1	0	0	0	0	0	1	1	0	0	6.0
5664	Holocaust denial should be a criminal offence	against	Making Holocaust denial a criminal offense will force deniers underground, and their activity will be hard to monitor.	0	0	0	0	0	0	1	0	0	0	6.0
3872	We should abolish safe spaces	in favor of	people need to learn how to survive in this world so no safe spaces would benefit this	1	0	0	0	0	0	1	0	0	0	6.0
2594	We should ban factory farming	in favor of	we should ban factory farming as it poses a huge health risk by passing on diseases and bacteria to people.	0	0	0	0	0	1	0	0	0	0	6.0
4403	We should ban cosmetic surgery	against	cosmetic surgery is a choice between a doctor and a patient, and laws should not be made that infringe on those choices.	0	0	0	0	0	0	1	0	0	0	6.0
4173	We should legalize cannabis	in favor of	cannabis has medical benefits that could be used to give relief to people with chronic illnesses.	0	0	0	0	0	1	0	0	0	0	6.0
5204	There should be no illegal migration	in favor of	Entering the EU without a permit automatically excludes a person from any right to receive asylum. 	0	0	1	0	0	1	0	0	0	0	6.0
921	We should legalize cannabis	in favor of	the healing properties of cannabis are necessary to alleviate the health of many patients who do not have access to it due to its restriction	0	0	0	0	0	1	1	0	0	0	6.0
6660	We should subsidize vocational education	in favor of	vocational education can be used as the easy way out for students not willing to put in the work of real college	1	0	0	0	0	0	1	0	0	0	6.0
4255	We should ban private military companies	against	private military companies can provide many security benefits within our country	0	0	0	0	0	1	0	0	0	0	6.0
1476	We should adopt a multi-party system	against	a multi-party system weakens speed of decision making and ensures no progress is made so we should not adopt it.	0	0	1	0	0	1	1	0	1	0	6.0
2758	We should ban fast food	against	in moderation, fast food can be a treat or convenient meal for busy people.  we should allow people to enjoy it.	0	0	0	1	0	1	1	0	0	0	6.0
2029	We should ban the Church of Scientology	against	freedom of religion is freedom of religion.  there is no picking and choosing based on how others feel about it.  let the people do as they please, even if it's church of scientology.	0	0	1	0	0	0	1	0	1	0	6.0
6803	Homeschooling should be banned	in favor of	homeschooling deprives children from scocialising and making friends.	0	0	0	1	0	1	0	1	0	0	6.0
5275	There should be a single EU policy. 	in favor of	The EU should be a global actor. Merge all Foreign affairs departments from member states into a coordinated European network for international policy and intelligence.	0	0	0	0	1	1	0	0	0	0	6.0
7312	We should protect our privacy in the Internet age.	against	If the laws and regulations on privacy protection in one region or country are too stringent, it is likely to lead to the transfer of capital to another region or country.	0	0	0	0	1	0	0	0	0	0	6.0
5094	We need a European Clinical Registries Platform	in favor of	A common digital platform where data will be recorded in an anonymized way could also be very helpful for the future not only in case of new pandemic situations. However, as data itself has a market value and as we have learned about the global interdependency in an emergency situation e.g. with vaccines, no company should capitalize on this data.  The data should be accessible for public research and used for monitoring public health e.g. by European institutions	1	0	0	0	0	1	1	0	0	0	6.0
2221	We should cancel pride parades	in favor of	pride parades have become dangerous because right-wing opponents have tried to disrupt them with violence	0	0	1	0	0	1	0	0	0	0	6.0
3649	We should ban fast food	in favor of	fast food is no good for anyone because it makes people fat and unhealthy.	0	0	0	0	0	1	0	0	0	0	6.0
172	We should abandon the use of school uniform	against	school uniforms are a good way to keep our kids from looking too sexualized from what they wear	0	0	1	0	0	1	0	0	1	0	6.0
6194	Holocaust denial should be a criminal offence	against	making this a criminal offence is against freedom of speech, people who are prosecuted and locked up for this offence would then become political prisoners in what would become an oppressive regime.	0	0	0	0	0	1	1	0	0	0	6.0
4375	We should subsidize space exploration	in favor of	we should subsidize space exploration to find what information is available in our solar system.	0	0	0	0	0	0	1	0	0	0	6.0
6099	Entrapment should be legalized	in favor of	entrapment should be legal because it catches criminals that were already looking to commit the crime anyway.	1	0	1	0	0	1	1	1	0	0	6.0
2645	We should abolish the right to keep and bear arms	against	we can't arbitrarily overturn a constitutional amendment.	0	0	1	0	0	1	1	0	1	0	6.0
1485	We should prohibit school prayer	in favor of	Many students do not believe in prayer and school prayer should be stopped because it does infringe on other students' rights not to pray.	0	0	0	0	0	0	1	0	1	0	6.0
2344	We should subsidize student loans	in favor of	subsidizing student loans lets the students work in their classes not at jobs to pay for their education	1	0	0	0	1	1	1	0	0	0	6.0
4776	We should ban kids' reality shows	in favor of	Almost all reality shows involves the process of eliminating participants one by one at each level. Facing defeat infront of everyone is not that easy for children. This may put an emotional toll on children.	0	0	1	0	0	1	0	0	0	0	6.0
3618	We should subsidize embryonic stem cell research	in favor of	we should subsidize embryonic stem cell research so that it can continue research into finding solutions to complex medical needs.	1	0	0	0	0	1	1	0	0	0	6.0
5675	Social media brings more harm than good	in favor of	social media is dangerous and out of control.	0	0	1	0	0	1	1	0	0	0	6.0
999	We should ban telemarketing	in favor of	telemarketing is violative and intrusive. unwanted calls from telemarketers are too much annoying	0	0	1	0	0	1	1	0	0	0	6.0
5043	The president of the European Commission should be elected by the people of the EU	against	In Germany, the President of the Executive is not elected by the people directly either. The reason for this is the horrible experience during the Third Reich. The Parliament - as the only constitutional institution being directly elected - has a stronger stand if the President is not elected directly. However I definitely support, that the Parliament becomes stronger and more influential. 	1	0	0	0	1	0	0	0	0	0	6.0
7098	We should promote a plant-based diet	in favor of	While it is only promoted/suggested and not a mandatory, its ok.	0	0	0	0	0	0	1	0	0	0	6.0
3425	We should abolish capital punishment	against	people need to learn how to follow rules so capital punishment should be allowed	0	0	1	0	0	1	0	0	0	0	6.0
6988	Women can be in combat roles	against	Biologically, men are stronger than women. Hence, it may not be wise to deploy people in the field that have less physical strength than the enemy.	1	0	0	0	0	1	0	0	0	0	6.0
1586	We should subsidize journalism	in favor of	journalism must be supported by the central government	0	0	0	0	1	1	0	0	0	0	6.0
1895	We should stop the development of autonomous cars	in favor of	we should stop the development of autonomous cars because autonomous cars are bad idea, very dangerous	0	0	1	0	0	1	0	0	0	0	6.0
4384	We should limit executive compensation	in favor of	executive compensation has to be limited to permit the company to show a profit	1	0	0	0	1	0	0	0	0	0	6.0
3012	We should legalize sex selection	against	if we gave people the right to choose the sex we will have very few females in our world.   they most likely would choose a boy.   let god be the creator of the child and we should never intervene.	0	0	0	0	0	1	0	0	1	0	6.0
3247	We should ban algorithmic trading	against	algorithmic trading is the future of investing and can lead to a more prosperous economy in the long run.	1	0	0	0	1	0	0	0	0	0	6.0
5357	There should be a new EU foreign policy.	in favor of	The stated proposal for a new EU foreign policy is very well thought through.	1	0	0	0	0	0	1	0	0	0	6.0
4205	We should subsidize embryonic stem cell research	against	there is no place for embryonic stem cell research in modern society and he practice should not be encouraged through subsidization.	0	0	1	0	0	1	1	0	0	0	6.0
1521	We should adopt libertarianism	in favor of	libertarianism maximizes personal freedom and frees people from the inherent debt and tyranny of big government.	0	0	0	0	0	1	1	0	0	0	6.0
5337	Serbia should join the EU.	in favor of	The EU should continue its enlargement to the Western Balkans to further its own interests, and to bring stability and prosperity to the region. Serbia should have joined long ago. 	0	0	0	0	1	1	0	0	0	0	6.0
5185	There should be no immigration from non-European or non-first-world countries 	in favor of	European citizens are the future of Europe! 	1	0	0	0	0	1	0	0	1	0	6.0
1103	We should ban human cloning	in favor of	we should ban human cloning because it raises too many legal questions regarding ownership and identity.	0	0	1	0	1	0	1	0	1	0	6.0
6024	We should abandon television	in favor of	Too much television viewing causes people to become lazy and unable to think for themselves.	1	0	0	0	0	0	1	0	0	0	6.0
5388	Surrogacy should be banned	in favor of	a woman giving birth to someone else's child will cause that child to grow up and not understand who their mother is.   it can lead to major depression and a very unhealthy lifestyle.	0	0	0	0	0	1	0	0	0	0	6.0
356	We should prohibit school prayer	against	EVERYONE SHOULD BE ABLE TO PRAY IF THEY WANT TO WEATHER IN SCHOOL OR IN A CHURCH	0	0	0	0	0	1	1	0	1	0	6.0
1380	We should legalize prostitution	against	legalising prostitution may promote the spread of sexually transmitted diseases.	0	0	1	0	0	1	0	0	0	0	6.0
2229	We should ban fast food	in favor of	fast food should be banned to fight obeisity.	0	0	0	0	0	1	0	0	0	0	6.0
358	We should ban telemarketing	against	telemarketing shouldn't be banned, this is a free country and people have the right to call others and solicit items.	0	0	0	0	0	1	1	0	0	0	6.0
3662	We should abandon the use of school uniform	in favor of	school uniforms are an expense that many families can't afford. there are plenty of ways to get very cheap clothing, but discounted uniforms are more difficult to obtain.	0	0	0	0	0	1	1	0	0	0	6.0
195	We should ban telemarketing	against	banning telemarketing has no approval anywhere as customers will not be able to see new products available to buy.	1	0	0	1	0	0	1	0	0	0	6.0
5613	Social media brings more harm than good	in favor of	social media causes harm by people trying to live up to their peers.	0	0	0	0	0	1	0	0	0	0	6.0
5155	The EU should adopt legislative measures aimed at increasing the percentage of women in the political sector	against	Quotas are always disgusting examples of oppression and evil. I don't want anything of that, I want freedom and free choice.	0	0	0	0	0	0	1	0	0	0	6.0
1458	We should ban the Church of Scientology	in favor of	the church of scientology is known for trying to completely control the thoughts and actions of others	0	0	1	0	1	0	1	0	0	0	6.0
5882	Social media brings more harm than good	in favor of	social media allows children to gang up on other children and can lead to mental problems.	1	0	1	0	0	1	0	0	0	0	6.0
6098	We should abandon television	against	television isn't something that needs to be abused. we can watch it and still find time for exercising and a social life.	0	0	0	1	0	1	1	1	0	0	6.0
3897	We should ban algorithmic trading	against	people should be free to use a computer trading program at their own risk	0	0	0	0	0	0	1	0	0	0	6.0
3525	We should legalize cannabis	against	the use without measure of cannabis harms the mental health of the people therefore it is necessary that the intention to legalize cannabis be eliminated	0	0	0	0	0	1	0	0	0	0	6.0
5273	We need Integrated migration and border policy.	against	Migration has totally gotten out of control. The EU refuses to see the magnitude of it. Hundreds of millions like to migrate. All people without the right language and fitting education. The massive numbers of immigrants threaten the existence of EU societies, through crime, poverty, and housing shortage. 	0	0	0	0	0	1	0	0	0	0	6.0
2124	We should abolish the three-strikes laws	against	the three strikes law teaches criminals you will no longer be able to keep committing crimes and getting away with it.	0	0	1	0	1	1	0	0	0	0	6.0
2205	We should ban algorithmic trading	against	algorithmic trading has increased trading which is good for the economy	1	0	0	0	1	0	0	1	0	0	6.0
938	We should abolish the Olympic Games	in favor of	they are boring and cost too much money	0	0	0	1	1	1	0	1	0	0	6.0
1219	We should ban telemarketing	in favor of	telemarketing is a pock mark on society. it disrupts peoples lives, causes extreme aggravation and pushes unwanted products and services on the poor, elderly and those prone to being taken advantage of.	0	0	1	0	0	1	1	0	0	0	6.0
6050	Holocaust denial should be a criminal offence	against	people should be able to believe what they want.	0	0	0	0	0	0	1	0	0	0	6.0
2226	We should ban cosmetic surgery	against	people should be free to choose for themselves	0	0	0	0	0	1	1	0	0	0	6.0
648	We should abolish intellectual property rights	in favor of	intellectual property rights are expensive to maintain and hold back the spread of new ideas	1	0	0	0	0	0	0	0	0	0	6.0
3543	We should adopt libertarianism	in favor of	libertarianism should be adopted as it will give more freedom to people to live their lives as they wish.	0	0	0	0	0	0	1	1	0	0	6.0
2503	We should ban the Church of Scientology	in favor of	scientology is a cult that brainwashes people	0	0	0	0	1	0	1	0	0	0	6.0
52	We should abolish intellectual property rights	in favor of	ip rights enable large corporations to have a stranglehold over creators designs and work and should be abolished	0	0	0	0	0	0	1	0	0	0	6.0
4775	We should ban kids' reality shows	against	Reality shows act like a launchpad for children into the film industry. Some of the present singers, choreographers are made into the movies through reality shows for children.	1	0	0	0	0	0	0	0	0	0	6.0
2350	We should abolish intellectual property rights	in favor of	intellectual properties allow large corporations to have monopolies over their products and restrict the free market.	1	0	0	0	1	0	1	0	0	0	6.0
4975	We do not need immigration from non-European or non-first-world countries. 	in favor of	There's nothing wrong with not wanting your continent to become chaos and putting your people first, every civilization in this world takes that idea as self-evident. We need to negotiate Remigration deals with the 3rd countries to send their nationals back and we need to use Frontex to push back any migrants coming to our borders.	0	0	0	0	1	1	0	0	0	0	6.0
7013	We should support short-distance economies	in favor of	supporting short-distance economies can help kick off the development of localized small-scale economies.	1	0	0	0	1	0	0	0	0	0	6.0
6180	Homeopathy brings more harm than good	against	many people who believe that homeopathic remedies have worked for them and feel better for using them surely are better using them than prescription medication that may have unwanted side effects.	0	0	0	0	0	1	1	0	0	0	6.0
4453	We should abolish the Olympic Games	against	the olympic games inspires people around the world to take up sport and live healthier lives.	0	0	0	0	1	1	0	0	0	0	6.0
1668	We should oppose collectivism	in favor of	collectivism decreases individual rights by forcing them to conform to what the group deems best	0	0	0	0	0	0	1	0	0	0	6.0
4591	India should store the data within the territorial boundaries of the country	against	Storing data in India means higher operational costs for payment system operators. Because in other countries they have cheaper alternatives. And also for cross-border transactions, they have to store the data in two places, which increases costs. There is a probability that these extra costs may pass on to the consumers.	0	0	0	0	0	1	0	0	0	0	6.0
4025	We should ban fast food	in favor of	fast food is unhealthy, cheap and easy to find and it needs to be banned	0	0	0	0	0	1	0	0	0	0	6.0
2863	We should abandon the use of school uniform	against	we need school uniforms to make sure that students come to school in proper attire and to give them a sense of unity with other students.	0	0	1	0	0	1	0	0	0	0	6.0
1890	We should introduce compulsory voting	in favor of	voting is what drives our country and not voting means that the most preferred people do not get elected.	0	0	1	0	1	1	0	0	0	0	6.0
1706	We should ban human cloning	against	human cloning should not be banned as it the next step in medicine and will allow for transplantation to be simpler and easier to perform	1	0	0	0	0	1	1	0	0	0	6.0
2469	We should ban cosmetic surgery for minors	in favor of	minors don't have the forethought and capacity to make decisions about permanent procedures. they cant fully think through the consequences of plastic surgery. many may end up regretting it.	0	0	0	0	0	1	0	0	0	0	6.0
3694	We should adopt an austerity regime	in favor of	An austerity regime is very important during economically stressful times.	0	0	0	0	1	1	0	0	0	0	6.0
448	We should stop the development of autonomous cars	against	autonomous cars will reduce the human margin of error to near zero and make for a safer commute.	1	0	0	0	0	1	0	0	0	0	6.0
4393	We should legalize organ trade	against	legalizing the organ trade would encourage illegal ways of procuring organs for the profit	0	0	1	0	0	1	0	0	0	0	6.0
1742	We should end mandatory retirement	against	we should not end mandatory retirement because people need to retire whether they realize it or not, it is not up to them, they of course have no free will.	0	0	1	0	1	0	0	0	0	0	6.0
5902	We should abandon television	in favor of	Television is an outdated modality that lures people into inactive passivity, it is dangerous to well-being and should be banned	0	0	0	0	0	1	1	0	0	0	6.0
1401	We should ban algorithmic trading	in favor of	algorithmic trading should be banned as the software can be hacked by criminals.	1	0	0	0	1	1	1	0	0	0	6.0
7156	We should remove unauthorized asylum seekers or migrants.	in favor of	No more immigration from non-European or non-first world countries.	0	0	0	0	0	1	1	0	1	0	6.0
5179	There should be no immigration from non-European or non-first-world countries. 	in favor of	Halt all immigration from non-European or non-first-world countries into the EU.	0	0	0	0	1	0	1	0	1	0	6.0
3726	We should ban cosmetic surgery	in favor of	cosmetic surgery can cause medical problems in the long run	0	0	0	0	0	1	0	0	0	0	6.0
2254	We should ban cosmetic surgery	in favor of	it can do more harm than good. it has ruined people's looks for life and thus ruined people's lives.	0	0	1	0	0	1	0	0	0	0	6.0
3323	We should ban cosmetic surgery for minors	in favor of	"minors should not be able to get cosmetic surgery until they are 18.  if there is no medical necessity all it does is send the wrong message that you can ""fix"" what god gave you."	0	0	0	0	0	1	0	0	0	0	6.0
6028	Social media brings more harm than good	against	social media connects people together	0	0	0	0	0	1	0	1	0	0	6.0
2554	We should adopt gender-neutral language	against	there is no need for gender-neutral language. someone could be an actress or an actor and can identify as either without changing the language that we use.	0	0	1	0	0	0	0	0	1	0	6.0
5584	Foster care brings more harm than good	against	foster carers are by default caring people who do a lot of valuable work	0	0	1	0	0	1	0	1	0	0	6.0
2908	We should adopt an austerity regime	against	Adopting an austerity regime lowers people's confidence in the economy and discourages investment.	0	0	0	0	1	1	0	0	0	0	6.0
375	We should adopt libertarianism	in favor of	libertarianism removes the big brother tyranny of big government and allows more freedom for the people	0	0	0	0	1	1	1	0	0	0	6.0
2291	We should ban fast food	in favor of	Fast food is leading to a major increase in obesity and other health issues in the U.S.	0	0	0	0	0	1	0	0	0	0	6.0
1781	We should end mandatory retirement	against	We should not end mandatory retirement because the current system in countries like Germany where this is common is not broken.	1	0	1	0	0	1	1	0	1	0	6.0
2274	We should adopt atheism	against	we should not adopt atheism because people have a right to believe what ever they want	0	0	0	0	0	0	1	0	0	0	6.0
1471	We should ban algorithmic trading	against	algorithmic trading allows computers to make predictions based on far more data than a human could handle. this means that more money is likely to be made for share holders.	1	0	0	0	1	0	0	0	0	0	6.0
3750	We should legalize organ trade	in favor of	organ trade will allow for more transplants, benefitting society a a whole	1	0	0	0	1	1	0	0	0	0	6.0
5842	Blockade of the Gaza Strip should be ended	against	the blockade should not be ended because the people of israel have every right to determine what goods, service, and people enter the territory.	0	0	1	0	1	0	1	0	1	0	6.0
5845	Social media brings more harm than good	in favor of	social networks push people to isolate themselves socially	0	0	1	0	0	1	1	0	0	0	6.0
6546	Social media brings more harm than good	in favor of	too much social media can detract from normal person to person human interaction	1	0	1	1	0	1	0	0	0	0	6.0
3343	We should legalize cannabis	against	cannabis has been proven to cause psychiatric problems in users thus it would be to our detriment to legalise it.	0	0	0	0	0	1	0	0	0	0	6.0
3090	We should adopt libertarianism	against	we need more government and less libertarianism.	0	0	1	0	1	0	0	0	0	0	6.0
6125	Holocaust denial should be a criminal offence	against	while i believe that holocaust denial is about fostering antisemitism today. i still think that type of speech as long as it's not a direct call to action should be protected, even if it is detestable.	0	0	0	0	0	0	1	0	0	0	6.0
6813	Homeschooling should be banned	against	homeschooling is a better way to help talented kids get an in-depth knowledge of  the subject they are really good at,	1	0	0	0	0	0	1	0	0	0	6.0
7336	We should prohibit capital monopoly.	against	Monopoly profits are the driving force behind technological progress in areas that require significant investment in research and development.	1	0	0	0	1	0	0	0	0	0	6.0
3766	We should ban missionary work	in favor of	missionary work disrupts indiginous culture and interferes with natural progression of foreign populations.	0	0	0	0	0	1	1	0	1	0	6.0
819	We should ban fast food	against	people should be able to choose what they want to eat	0	0	0	1	0	0	1	0	0	0	6.0
3332	We should abolish the three-strikes laws	against	we should not abolish the three-strikes laws because they result in reduced crime rates	0	0	1	0	0	1	0	0	0	0	6.0
3844	We should ban the use of child actors	in favor of	we should ban the use of child actors because they belong in school	1	0	1	0	0	0	0	0	0	0	6.0
709	We should ban cosmetic surgery for minors	against	even minors have the right to bodily autonomy and should be allowed to decide for themselves whether to have cosmetic surgery.	0	0	0	0	0	0	1	0	0	0	6.0
418	We should abolish safe spaces	against	safe spaces are essential to people struggling its mental health problems and getting rid of them would increase their likelihood of abusing drugs to cope.	0	0	0	0	0	1	0	0	0	0	6.0
1670	We should limit executive compensation	against	if someone has worked hard  to climb the career ladder then they should receive a reward in the form of executive compensation.	1	0	0	0	1	0	0	0	0	0	6.0
5484	Homeopathy brings more harm than good	against	homeopathy can  sometimes help those that modern medicine has failed.	0	0	0	0	0	1	0	0	0	0	6.0
120	We should abolish the three-strikes laws	against	we need the three strikes as a deterrent	0	0	1	0	1	1	0	0	0	0	6.0
6179	We should subsidize vocational education	against	vocational education is positive but to be subsidize from the government is wrong as there is other causes which should be subsidized.	1	0	0	0	0	1	1	0	0	0	6.0
6892	Payday loans should be banned	against	customers have access to a financial option designed to cover small expenses that arise often and are unexpected should not be eliminated	0	0	0	0	0	1	1	0	0	0	6.0
6881	Homeschooling should be banned	against	homeschooling is the best way for children to have their specific needs met	1	0	0	0	0	1	1	0	0	0	6.0
684	We should introduce compulsory voting	against	voting should be a choice for every person	0	0	0	0	1	0	1	0	0	0	6.0
2318	We should adopt a multi-party system	against	they can lead to too much indecision	0	0	0	0	1	0	0	0	0	0	6.0
5457	Intelligence tests bring more harm than good	against	iq tests are great for determining how smart a person is.   this not only helps with getting into colleges and jobs but a person with a low iq can show that they are a prime candidate for public assistance.	1	0	0	0	0	1	0	0	0	0	6.0
5476	Holocaust denial should be a criminal offence	against	in the united states of america we believe in free speech and any person is allowed to believe what they choose to.	0	0	0	0	0	1	1	0	0	0	6.0
5472	We should subsidize vocational education	in favor of	subsidizing vocational education would prepare people for careers and jobs.	1	0	0	0	1	0	1	1	0	0	6.0
5659	Blockade of the Gaza Strip should be ended	against	The blockade of Gaza undermines the popularity and economic power of Hamas.	1	0	0	0	1	1	0	0	0	0	6.0
4536	We should adopt an austerity regime	against	we should not adopt an austerity regime because it will affect the general populations tremendously, severe recession and many other problems	0	0	0	0	1	1	0	0	0	0	6.0
1990	We should adopt libertarianism	in favor of	We should adopt libertarianism because taxation is theft, since it forces people to work for free.	0	0	0	0	1	0	1	0	0	0	6.0
7288	We should ban the trading of virtual currencies.	in favor of	Virtual currency is a money laundering channel for criminals.	0	0	1	0	0	0	0	0	0	0	6.0
3842	We should subsidize embryonic stem cell research	against	embryonic sten cell research goes against a variety of christian religious beliefs and should not be subsidized.	0	0	0	0	0	0	0	0	1	0	6.0
214	We should legalize cannabis	against	we should not legalize cannabis then more children will get a hold of it	0	0	0	0	0	1	0	0	0	0	6.0
3365	We should subsidize space exploration	in favor of	space exploration is important for the development and growth of human society and knowledge and should be invested in by the government.	1	0	0	0	0	0	0	0	0	0	6.0
2563	We should oppose collectivism	against	collectivism helps to keep everyone in line since the group can ban anyone that steps out.	0	0	1	0	0	1	0	0	0	0	6.0
1214	We should ban cosmetic surgery	against	if people want to get work done it is their choice	0	0	0	1	0	0	1	1	0	0	6.0
200	We should oppose collectivism	against	supporting collectivism is important because groups value is most important in the society which we live today.	1	0	1	0	0	1	0	0	0	0	6.0
1647	We should adopt an austerity regime	against	We should not adopt an austerity regime because the global economy is now rapidly growing, and the recession is years behind us.	1	0	0	0	1	0	0	0	0	0	6.0
183	We should subsidize embryonic stem cell research	against	it is against certain religious beliefs and can be seen as immoral	0	0	1	0	0	1	0	0	1	0	6.0
548	We should abolish the right to keep and bear arms	against	the right to keep and bear arms is one of the tenets of our country	0	0	0	0	0	1	0	0	1	0	6.0
3906	We should limit executive compensation	against	Incentive to perform at the highest levels and attractiveness of position are important factors in maintaining a competitive and successful company in a fast moving and aggressive marketplace.	1	0	0	0	1	0	0	1	0	0	6.0
4569	We should encourage people to take part in Fit India Movement	in favor of	This movement has the potential to make more people embrace traditional Indian martial art forms like Kathi Samu, Musti Yudha, etc, and traditional dance forms and also healthy Indian snacks. And as a byproduct, this may result in creating some jobs.	0	0	0	0	0	1	0	1	1	0	6.0
836	We should ban cosmetic surgery	against	everyone has the right to alter their bodies or appearances in which ever way makes them feel comfortable and at ease.	0	0	0	0	0	1	1	0	0	0	6.0
6319	The vow of celibacy should be abandoned	against	if someone wants to prove themselves by taking such a serious vow, then they should be free to do so.	0	0	1	0	0	0	1	0	1	0	6.0
6655	We should abandon television	against	we should not abandon television because it is a form of entertainment for a lot of people and the only form of entertainment for many people that are in hospitals	0	0	0	1	0	0	1	1	0	0	6.0
3035	We should ban private military companies	against	we should not ban private military companies as a person should have the right if they can afford to hire such companies to protect them.	0	0	0	0	1	0	1	0	0	0	6.0
3865	We should stop the development of autonomous cars	against	autonomous cars can help people to do more long distance traveling that will allow them to arrive refreshed and less anxious.	1	0	0	0	0	1	0	1	0	0	6.0
4660	Social media is making us less social	in favor of	In the book “iGen”, it was mentioned that in the next decade we may see more young people who know just the right emoji for a situation — but not the right facial expression. This can become true if we prefer virtual life over real life.	1	0	1	0	0	1	0	0	0	0	6.0
2436	We should limit executive compensation	against	Executives put more of their time, effort and life to put their company at the top. This effort really merits to be recognized. Only through a high compensation is their efforts be recognized	0	0	0	0	1	0	0	0	0	0	6.0
6822	We should subsidize vocational education	in favor of	Vocational education is key to getting more skilled workers,	1	0	0	0	0	1	0	0	0	0	6.0
4566	We should encourage people to take part in Fit India Movement	in favor of	Due to the inactive lifestyle and stressful lives, many people are getting lifestyle diseases such as diabetes, hypertension, etc. Fit India Movement can encourage people to consume healthy food and maintain physical and mental fitness.	0	0	0	0	1	1	0	0	0	0	6.0
208	We should adopt libertarianism	in favor of	libertarianism is the true path to real freedom and autonomy for all	0	0	0	0	0	0	1	0	0	0	6.0
6554	Foster care brings more harm than good	in favor of	foster kids frequently suffer from depression and turn to drugs later on in life	1	0	1	0	0	1	0	0	0	0	6.0
1939	We should ban whaling	against	whaling is quite a profitable profession.	1	0	0	0	1	0	0	0	0	0	6.0
1551	We should legalize prostitution	against	legalizing prostitution would erode moral values and reduce the safety of women so it should never be legal.	0	0	1	0	0	1	0	0	1	0	6.0
5298	We need an inclusive language for all citizens of the world: the Esperanto.	against	We have already English as a language of exchange.	0	0	0	0	0	1	0	0	1	0	6.0
3973	We should prohibit school prayer	against	prayer can bring students a moment of peace and tranquility to an otherwise hectic school day.	0	0	0	1	0	1	0	0	1	0	6.0
7330	We should prohibit capital monopoly.	in favor of	Capital monopoly hinders the efficient allocation of resources and causes waste of resources.	1	0	0	0	1	1	0	0	0	0	6.0
1267	We should abolish intellectual property rights	in favor of	intellectual property rights are absurd, we deserve to express what we think it does not matter if another already thinks so	1	0	0	0	0	0	1	0	0	0	6.0
734	We should prohibit school prayer	against	school prayer should be allowed in school because it is what our country was founded on.  those who disagree could just abstain from the prayer.	0	0	0	0	0	0	1	0	1	0	6.0
5129	The current differing legal cultures of the Member States need to be developed into a common legal culture in Europe	against	Legal traditions are different for a reason. They are the result of centuries of organic legal evolution. They cannot be overwritten with a stroke of a pen. 	0	0	1	0	0	0	0	0	1	0	6.0
6100	Homeopathy brings more harm than good	in favor of	as homeopathy is unregulated, it can be dangerous because nobody really knows the quality, safety or efficacy of the products that are on sale.	0	0	0	0	0	1	0	0	0	0	6.0
5410	The vow of celibacy should be abandoned	in favor of	we should abandon the vow of celibacy because if people dont have sex they can get frustrated and might take it out on other people	0	0	0	1	0	1	1	1	0	0	6.0
2829	We should ban factory farming	against	factory farming is necessary  and cannot be abandoned, because it's the way we will always produce things in agricolture	0	0	0	0	0	1	0	0	0	0	6.0
70	We should ban cosmetic surgery	in favor of	cosmetic surgery is unnecessary and dangerous.	0	0	0	0	0	1	0	0	0	0	6.0
4704	India should accept Rohingya refugees	against	India is the second most populous country in the world. It is already difficult for the Indian government to provide food security and basic necessities to all the people of India. Adding more burden to this will worsen the situation.	0	0	0	0	0	1	0	0	0	0	6.0
6382	The vow of celibacy should be abandoned	in favor of	The vow of celibacy is an outdated concept that causes unnecessary stress on those who take them.	0	0	0	0	0	1	0	0	0	0	6.0
2767	We should ban cosmetic surgery for minors	against	cosmetic surgery for minors should not be banned since their right to autonomy still stands, event if it's applied by their parents (or any other legal guardian).	0	0	0	0	0	0	1	0	1	0	6.0
4723	We can rely on Cryptocurrencies like Bitcoins	against	If value of standard currency falls, we can still afford to live in our country, because the fall of currency value impacts all fields. For example, if the prices of groceries rise, so does our salaries. But if the value of cryptocurrencies like bitcoin falls, we will loose our hard earned money.	0	0	0	0	1	1	0	0	0	0	6.0
6406	The vow of celibacy should be abandoned	against	celibacy vows are a choice that people should be allowed to make.	0	0	0	0	0	0	1	0	0	0	6.0
7357	We should ease the education involution.	in favor of	The overall test-taking ability of students has improved, but the top stream universities and other quality educational resources have not increased proportionally.	1	0	0	0	0	0	0	0	0	0	6.0
5589	Foster care brings more harm than good	against	The overwhelming experience shows that in care and health, decentralized and deinstitutionalized systems perform better and spend less than a massive state apparatus.	0	0	0	0	1	0	1	0	0	0	6.0
5668	Assisted suicide should be a criminal offence	against	Assisted suicide helps those who are in pain due to a devastating disease end their own lives on their own terms.	0	0	0	0	0	0	1	0	0	0	6.0
315	We should abolish the Olympic Games	against	the olympics have long been the goal for athletes to aim for to be the very best so abolishing the games would take away their dreams and ambitions.	1	0	0	0	0	0	1	1	0	0	6.0
6280	Payday loans should be banned	against	Payday loans should not be banned because people have a right to enter into contracts	0	0	0	0	0	0	1	0	0	0	6.0
3748	We should ban fast food	in favor of	fast food is one of the leading causes of obesity.	0	0	0	0	0	1	0	0	0	0	6.0
2213	We should legalize cannabis	against	cannabis creates a stoner subculture which is a blight on our society.	0	0	1	0	0	1	0	0	0	0	6.0
1418	We should ban targeted killing	against	targeted killing allows the military to remove a dangerous person without needing to go to war or harming others. it is a strategic way to save innocents who would be endangered by that person.	1	0	0	0	0	1	0	0	0	0	6.0
1195	We should oppose collectivism	in favor of	collectivism leads to a stagnant culture where new ideas are never formed and expressed	1	0	0	0	0	0	1	0	0	0	6.0
3284	We should abolish the right to keep and bear arms	in favor of	The right to keep and bear arms should be abolished because when writing the Second Amendment the founding fathers couldn't have forseen the development of such destructive modern day weaponry.	0	0	1	0	0	1	0	0	0	0	6.0
576	We should cancel pride parades	in favor of	pride parades can cause increased tensions which requires more police protection.  this can also cause fighting to break out.	0	0	0	0	0	1	0	0	0	0	6.0
5982	We should subsidize vocational education	in favor of	vocational education should be subsidized because all students don't necessarily need a college education and rack up lots of debt in four year colleges.	0	0	0	0	1	1	0	0	0	0	6.0
6172	We should abandon television	against	there has always been types of entertainment and escape.  whether reading books, watching a play, or even attending a bullfight all are a way to enjoy.  tv is just another form of entertainment.	0	0	0	1	0	0	0	1	1	0	6.0
3291	We should abandon the use of school uniform	in favor of	school uniform does not allow for individuals to express themselves and grow as a person	0	0	0	0	0	0	1	1	0	0	6.0
4787	There should be a ban on Bandhs	in favor of	Most of the bandhs results in violence. Some political parties and organizations intentionally causes violence by setting public properties on fire, by destroying vehicles and by injuring the common people.	0	0	1	0	0	1	0	0	0	0	6.0
7055	We should use the waste from the agri-food industry in the ruminant feed chain	in favor of	The fruit and vegetable sector is able to produce a large quantity of waste products which, if well reused, could be used for animal feed.	1	0	0	0	1	0	1	0	0	0	6.0
2253	We should stop the development of autonomous cars	in favor of	autonomous cars could increase accidents	0	0	0	0	0	1	0	0	0	0	6.0
2373	We should abandon the use of school uniform	against	school uniforms show pride and community and provide fewer distractions from learning.	1	0	1	0	0	1	0	0	0	0	6.0
5568	Intelligence tests bring more harm than good	in favor of	it does because it is a test that cant cover a persons full knowledge or personality and may brand someone smart when they're not or stupid when they are smart andit could have a major impact on the person.	1	0	0	0	0	1	0	0	0	0	6.0
5850	Social media brings more harm than good	in favor of	social media is addictive. people are spending more time in virtual worlds and less time experiencing  personal human interactions.	0	0	1	0	0	0	0	1	0	0	6.0
6982	Military training should be made compulsory for all in India	in favor of	Compulsory military training can also make people stronger physically &amp; emotionally.	0	0	0	0	0	1	0	0	0	0	6.0
75	We should ban whaling	against	There is little difference between the whaling industry  and our farming industries; humans are entitled to hunt animals to eat them and utilize them to our benefit.	1	0	0	0	0	0	1	0	0	0	6.0
3986	We should ban the Church of Scientology	against	people have the right to freedom of religion and should be allowed to be part of the church of scientology as a constitutional right.	0	0	1	0	0	0	1	0	1	0	6.0
4589	We should strengthen laws to fight against terrorism	in favor of	There is a need to act tough on terrorism amid growing threats from terrorists. So, strengthening UAPA is necessary.	0	0	0	0	1	1	0	0	0	0	6.0
1855	We should subsidize embryonic stem cell research	in favor of	if we subsidize embryonic stem cell research, we can likely find cures for many conditions and diseases.	1	0	0	0	0	1	1	0	0	0	6.0
1031	We should introduce compulsory voting	against	compulsory voting should not be necessary because people will vote for anyone without researching which could skew outcomes.	1	0	1	0	0	1	1	0	0	0	6.0
890	We should subsidize journalism	in favor of	keeping journalist in work helps the nation keep up with the news	0	0	0	0	0	1	1	0	0	0	6.0
4667	Companies should fight moonlighting	against	Some people moonlight to pursue their passion when the earnings from their passion cannot replace the salary from their main job. Several entrepreneurs take this route and leave their jobs once they earn enough from their new ventures.	1	0	0	0	1	0	1	0	0	0	6.0
3696	We should stop the development of autonomous cars	in favor of	these cars are prone to hacking like any other tech and can put millions of lives at risk	0	0	1	0	0	1	0	0	0	0	6.0
636	We should stop the development of autonomous cars	against	we should not stop the development of autonomous cars because it will help the people more easily on driving and will provide more safety.	0	0	0	0	0	1	0	0	0	0	6.0
5582	Payday loans should be banned	in favor of	these companies take advantage of needy people with outrageous fees.	0	0	0	0	0	1	0	0	0	0	6.0
3972	We should ban whaling	against	some tribes depend on whaling resources to survive.	0	0	0	0	0	1	1	0	0	0	6.0
2472	We should subsidize student loans	in favor of	the new generations need the opportunity to advance in their preparation, that is why if they do not have the means and the state does not provide free education then it should promote means such as loans.	1	0	0	0	1	1	0	1	0	0	6.0
6399	Homeopathy brings more harm than good	against	natural medicine is safer and is proven to work as well as traditional medicine.	1	0	0	0	0	1	1	0	0	0	6.0
114	We should end mandatory retirement	in favor of	We should end mandatory retirement because it removes people who are knowledgeable and skilled from jobs that they are good at.	1	0	0	0	1	1	1	0	0	0	6.0
6583	Entrapment should be legalized	in favor of	entrapment can be a useful tool in proving that someone is guilty of a crime when traditional methods have failed.	1	0	0	0	0	1	0	0	0	0	6.0
2438	We should prohibit school prayer	against	the period of calm reflection that occurs during school prayer helps to promote a good atmosphere for study and learning	1	0	0	0	0	0	1	0	0	0	6.0
4936	We need legal ways of migration.	against	Migrants have a complete lack of critical thinking.  	1	0	0	0	0	0	1	0	0	0	6.0
4420	We should abolish the right to keep and bear arms	in favor of	school shootings are at an all time high and abolishing this right is only necessary	0	0	0	0	0	1	0	0	0	0	6.0
669	We should stop the development of autonomous cars	against	autonomous cars reduce the risk of human error, thus leading to safer roads.	0	0	0	0	0	1	0	0	0	0	6.0
3878	We should abandon the use of school uniform	in favor of	the uniforms limit the freedom of expression of the youngest and could be counterproductive in their stage of development	0	0	0	0	0	1	1	0	0	0	6.0
5219	There should be no immigration from non-European or non-first-world countries 	in favor of	We need to agree that people who do not respect our immigration law are detained in centers for repatriation.	0	0	1	0	0	0	0	0	0	0	6.0
6354	Holocaust denial should be a criminal offence	against	holocaust denial should not be a criminal offence because it would be an infringement of the right to free speech	0	0	1	0	0	0	1	0	0	0	6.0
137	We should ban missionary work	in favor of	people should keep their religion to themselves	0	0	1	0	0	1	1	0	0	0	6.0
4849	Immigrants should receive help from the EU through integration programs	in favor of	Working in sectors in ample need of workers, such as the agricultural fields, will help to integrate immigrants once their situation has been legalized. And above all, education is needed, an intensive integration education both in the language (of course) and also culture: history, philosophy, literature, etc.	1	0	0	0	1	1	1	0	1	0	6.0
3975	We should ban targeted killing	in favor of	target killing is just another word for assassinations which are against international laws.	0	0	1	0	0	0	0	0	0	0	6.0
3025	We should abolish the Olympic Games	against	the olympic games give athletes from all over the world a chance to compete and showcase their talents.	1	0	0	0	0	1	1	0	0	0	6.0
1424	We should stop the development of autonomous cars	in favor of	the cars can be dangerous and cause accidents if the equipment fails.	0	0	0	0	0	1	0	0	0	0	6.0
5904	The vow of celibacy should be abandoned	against	the vow of celibacy should not be abandoned because it is a centuries old practice that is considered sacred and holy.	0	0	0	0	0	0	0	0	1	0	6.0
409	We should abolish the three-strikes laws	against	a criminal will think twice about committing a crime knowing that the next crime he commits might mean life imprisonment.	0	0	1	0	0	1	0	0	0	0	6.0
4090	We should legalize prostitution	against	we should not legalize prostitution why do we have to do this are there any countries now that  made prostitution legal?	0	0	1	0	0	0	0	0	1	0	6.0
2733	We should adopt libertarianism	against	libertarianism is a form of selfishness which promotes the rights of the individual over the rights of everyone.	1	0	0	0	0	1	0	0	0	0	6.0
5554	We should abandon television	in favor of	i thinkwe should abandon television only social and educational	1	0	0	0	0	1	0	1	0	0	6.0
4939	We need legal ways of migration.	against	Migrants sell drugs.	0	0	1	0	0	1	0	0	0	0	6.0
1982	We should ban telemarketing	in favor of	telemarketing is intrusive and violates the right to private property	0	0	0	0	0	0	1	0	0	0	6.0
1427	We should subsidize student loans	in favor of	providing help in paying student loans will lift a financial burden off of students and allow them to become more indepedent.	1	0	0	0	1	1	1	0	0	0	6.0
1701	We should subsidize space exploration	against	space exploration should be privatized and maybe we'd get somewhere.	1	0	0	0	1	0	1	0	0	0	6.0
7276	We should abolish the 996 overtime system	in favor of	"China's 996 overtime system leaves you with no room to learn and improve, forever trapped in a ""rat trap""."	1	0	0	0	0	1	0	0	0	0	6.0
7143	We should remove unauthorized asylum seekers or migrants.	in favor of	Unauthorized asylum seekers or migrants have no right to be in the country where they are unauthorized.	0	0	1	0	0	1	0	0	0	0	6.0
7304	We should protect our privacy in the Internet age.	in favor of	The leaked personal information will be defrauded by fraud gangs to gain trust and carry out fraudulent activities.	0	0	1	0	0	1	1	0	0	0	6.0
6336	We should abandon television	in favor of	there is no longer a need for television now that alternative media are available	0	0	0	0	0	0	1	1	0	0	6.0
4668	Companies should fight moonlighting	against	As per a study published by the Academy of Management Journal in 2021, moonlighting can provide a sense of control and motivation, which can improve the productivity of employees.	1	0	0	0	1	0	1	0	0	0	6.0
1975	We should adopt an austerity regime	in favor of	to being a country back to a good financial position, austerity is often the only way forward to balance the books.	0	0	0	0	1	1	0	0	0	0	6.0
4550	We should adopt libertarianism	in favor of	libertarianism reduces the oppression of big government and gives more freedom to the pople	0	0	0	0	0	0	1	0	0	0	6.0
179	We should adopt a multi-party system	against	adopting a multi-party system leads to the formation weak and unstable coalition governments	0	0	0	0	0	1	0	0	1	0	6.0
2732	We should limit judicial activism	in favor of	judicial activism allows judges to argue their own views instead of making decisions based on existing constitutional law.	1	0	0	0	0	1	0	0	0	0	6.0
3164	We should ban fast food	in favor of	fast food is bad for one's health and should be banned	0	0	0	0	0	1	0	0	0	0	6.0
1417	We should subsidize space exploration	against	in times of austerity, no government can afford the costly exercise of subsidising space exploration.	0	0	0	0	1	1	0	0	0	0	6.0
2630	We should legalize cannabis	against	we shouldn't legalize cannabis as it could introduce more drugs to the user	0	0	1	0	0	1	0	0	0	0	6.0
5023	Food health and industry companies should be located within the EU	in favor of	It will bring the EU more jobs, less unemployment, and more added value.	1	0	0	0	1	1	0	0	0	0	6.0
1355	We should introduce compulsory voting	against	compulsory voting shouldn't be introduce because it forces undecided people to vote for a random people will ruin the quality of elections	1	0	0	0	0	0	1	0	0	0	6.0
1671	We should subsidize space exploration	against	Space exploration is expensive and money should not be wasted on something that will probably never improve life on earth.	0	0	0	0	0	1	0	0	0	0	6.0
3055	We should abolish the three-strikes laws	against	the three-strikes law shouldn't be abolished because by having the law it keeps repeat offenders in prisons and gets them off of the streets.	0	0	1	0	0	1	0	0	0	0	6.0
1553	We should end mandatory retirement	in favor of	we should end mandatory retirement because not all people have the same stamina as others and can work longer than others.	1	0	0	0	0	0	1	0	0	0	6.0
4081	We should subsidize embryonic stem cell research	against	we should not subsidize embryonic stem cell research. we should not play god.	0	0	0	0	0	0	0	0	1	0	6.0
5274	We need Integrated migration and border policy.	against	 Refugees can obtain a visa at an Embassy in one of the 54 African countries. All other immigrants must be returned within a week of arrival.	0	0	1	0	1	0	0	0	0	0	6.0
2425	We should subsidize Wikipedia	in favor of	wikipedia is a valuable common resource that need  more money to work better	1	0	0	0	0	0	1	0	0	0	6.0
5523	Holocaust denial should be a criminal offence	against	People have the right to free speech even if their perspectives are vile and abhorrent. This means the state can't criminalize holocaust denial.	0	0	0	0	0	0	1	0	0	0	6.0
5755	Assisted suicide should be a criminal offence	against	Assisted suicide should not be a criminal offence as people should not be expected to live in vegetative states and need help to make their own decisions to die a reality.	0	0	0	0	0	1	1	0	0	0	6.0
6135	Payday loans should be banned	in favor of	payday loans cost more money than its worth.	0	0	0	0	1	1	0	0	0	0	6.0
5051	The EU should synchronize national elections 	in favor of	Synchronizing national elections would allow European citizens to engage in major pan-European campaigns.	0	0	0	0	1	0	0	0	0	0	6.0
1552	We should legalize sex selection	against	we shouldn't legalize sex selection because is moral action in society	0	0	1	0	0	1	0	0	1	0	6.0
2058	We should adopt gender-neutral language	in favor of	gender nuetral language fits in with the progressive agenda.	0	0	1	0	0	1	0	0	0	0	6.0
2395	We should ban missionary work	in favor of	missionary work is a waste of time and should be completely banned.	1	0	0	0	0	0	0	0	0	0	6.0
2264	We should stop the development of autonomous cars	in favor of	taxis are already available for people that want to be driven so autonomous cars aren't necessary.	1	0	0	0	0	0	0	0	0	0	6.0
3122	We should legalize cannabis	in favor of	cannabis should be legalized with the same limitations as alcohol	0	0	1	1	0	0	1	0	0	0	6.0
959	We should adopt libertarianism	in favor of	Libertarianism increases individual liberties by preventing the government from controlling every aspect of our lives.	0	0	0	0	0	0	1	1	0	0	6.0
5830	The vow of celibacy should be abandoned	against	the vow of celibacy should not be abandoned because if people honor this there would be less deceased in the world	0	0	1	0	0	1	0	0	1	0	6.0
854	We should adopt libertarianism	in favor of	lower taxes and more freedom from big government would be the result if we adopted libertarianism.	1	0	0	0	1	1	1	0	0	0	6.0
3307	We should end the use of economic sanctions	against	economic sanctions help punish bad behavior	0	0	1	0	0	0	0	0	0	0	6.0
5456	Social media brings more harm than good	against	social media has some harms but brings more good. it makes people happy, otherwise they wouldn't use it. also, it allows people to connect from all around the world which increases social awareness.	0	0	0	1	0	1	0	0	0	0	6.0
7197	We should recognize Esperanto as one of the cultural languages of EU citizens	in favor of	The more language communication skills around the closer we can get in this complicated world we live in. The fact it is a popular language around the world but not really recognized in Europe should change. I fully endorse its recognition in Europe.	1	0	0	0	0	1	1	0	0	0	6.0
5227	We need an inclusive and pluralistic European society	against	Europe is full and cannot accept more illegal migrants. Those persons must be sent back and have to ask for approval from their state of origin.	0	0	1	0	0	1	0	0	0	0	6.0
4826	British people who are residents in an EU country should have EU-wide rights	in favor of	I think this is a good idea, but unfortunately it's framed as a British/brexit issue. However, the wider concept of a common EU visa / migration system is a compelling one. Harmonising the system to a common visa regime offers many advantages.	1	0	0	0	0	0	0	0	0	0	6.0
4254	We should ban telemarketing	against	telemarketing is a useful marketing tool for companies to gain new customers.	1	0	0	0	0	0	0	0	0	0	6.0
197	We should prohibit school prayer	in favor of	we have seperation of church and state for a reason.  schools are a government entity that is not suppose to be involved with, or support, any particular religion and the two need to stay seperate.	0	0	1	0	0	0	1	0	0	0	6.0
7303	We should protect our privacy in the Internet age.	in favor of	In the era of IoT sharing economy, because of linking people and people, people and things, and things and things, the probability of the system being exploited and hacked is also increased.	0	0	0	0	0	1	0	0	0	0	6.0
948	We should adopt atheism	against	we should not adopt atheism because everyone should have something to believe in.	0	0	0	1	0	0	1	0	1	0	6.0
126	We should stop the development of autonomous cars	in favor of	autonomous cars are prohibitively expensive	0	0	0	0	0	1	0	0	0	0	6.0
4785	There should be a ban on Bandhs	in favor of	Industries are also one of the worst hits. Investors may lose interest to invest in manufacturing sector as bandh by anyone results in the loss to them.	1	0	0	0	1	1	0	0	0	0	6.0
2519	We should ban cosmetic surgery for minors	against	bullying and insecurities are rampant in a teenagers world. it has very serious effects. if a little bit of plastic surgery would solve this, it should be allowed. it's worth it to prevent major emotional pain.	0	0	0	0	1	1	1	0	0	0	6.0
3858	We should abolish the Olympic Games	against	it makes income for the local communities	0	0	0	0	1	1	0	0	0	0	6.0
4789	Nepotism exists in Bollywood	against	Star kids also have an upbringing which is surrounded by the Bollywood industry. This gives them an advantage of getting adjusted and having a clearer overview of the industry. This might help them learn faster and do better which an outsider might not be able to.	1	0	0	0	0	0	1	0	0	0	6.0
2473	We should adopt a zero-tolerance policy in schools	in favor of	Zero-tolerance policy works- Think of schools three decades ago, when the policy was prevalent. As a result children were obedient and disciplined, as opposed to students' behaviour  today, using moderd soft approaches in schools.	0	0	1	0	1	1	0	0	1	0	6.0
1403	We should adopt atheism	against	adopting atheism would violate freedom of religion	0	0	0	0	0	0	1	0	1	0	6.0
6188	We should abandon television	against	millions of people depend on the television industry, abandoning it could create an economic crisis in some countries	1	0	0	0	1	1	0	0	0	0	6.0
5039	The federal features of the European Treaties need to be strengthened.	in favor of	There is a lack of security and defense policy that can realistically be achieved by strengthening the Euro body as the 28th European army. 	0	0	0	0	1	1	0	0	0	0	6.0
2400	We should adopt an austerity regime	against	i am against this because an austerity regime increase tax which decreases the economy and would ruin our country financially.	1	0	0	0	1	1	0	0	0	0	6.0
7362	We should vigorously develop the countryside.	against	The future of the rural market will certainly be prosperous, but at present it is barren, and the risk of investing in business is still relatively high. This largely limits young people's footsteps.	1	0	0	0	0	1	0	0	0	0	6.0
3728	We should ban cosmetic surgery	in favor of	there is no reason to have cosmetic surgery except for vainity and it carries risks so it should be banned	0	0	0	0	0	1	0	0	0	0	6.0
4938	We need legal ways of migration.	against	Migrants depend on other countries' social systems.	0	0	0	0	0	1	1	0	0	0	6.0
1733	We should abolish the Olympic Games	against	the olympic games provide addition income to small businesses.	1	0	0	0	1	0	0	0	0	0	6.0
4239	We should ban cosmetic surgery	in favor of	cosmetic surgery encourages people to change things that don't need changing.	0	0	0	0	0	1	0	0	0	0	6.0
1993	We should legalize prostitution	in favor of	prostitution should be legalized as it provides a service and reduces rape and sex crimes	0	0	0	0	0	1	0	0	0	0	6.0
2161	We should legalize organ trade	in favor of	if someone is willing to sell an organ that should be their right	0	0	0	0	1	0	1	0	0	0	6.0
5032	The European Union needs to equip itself with the institutional and legal tools to resolve democratic conflicts on sovereignty within its own borders.	in favor of	Catalonia must become independent from the Spanish dictatorial repression that tries to end the Catalan language and culture.	0	0	0	0	0	0	1	0	1	0	6.0
2970	We should oppose collectivism	against	collectivism gives one voice a louder voice by having others available for support	0	0	0	0	1	1	0	0	0	0	6.0
2770	We should adopt a multi-party system	in favor of	the multi-party system offers voters more choices that may get more people involved in politics	1	0	0	0	1	0	1	0	0	0	6.0
6615	Foster care brings more harm than good	in favor of	once a child is placed in foster care there is a danger that he or she gets stuck in the system and is subjected to multiple changes in placements with consequent damage to the child's wellbeing	0	0	0	0	0	1	1	0	0	0	6.0
474	We should legalize cannabis	in favor of	bannabis should be legalized as it has been proven to have medical benefits that outweigh any negative effects. it will also remove it from the control of criminals and gangsters	0	0	0	0	0	1	0	0	0	0	6.0
3781	We should ban whaling	against	Whaling is an important cultural practice for the Japanese. Rather than banning it, it should be regulated.	0	0	0	0	0	0	0	0	1	0	6.0
2968	We should ban cosmetic surgery	against	We should not ban cosmetic surgery as people should be allowed to do what they want with their bodies.	0	0	0	0	0	0	1	0	0	0	6.0
6847	Blockade of the Gaza Strip should be ended	against	the blockade of the gaza strip keeps more arms from entering through there which in turn saves lives.	0	0	0	0	0	1	0	0	0	0	6.0
1605	We should adopt a multi-party system	against	a multi party system will lead to the rise of fringe groups that do not represent the will of the people.	0	0	1	0	0	1	0	0	1	0	6.0
6759	Holocaust denial should be a criminal offence	against	everyone is entitled to the right to believe or disbelieve the  holocaust.	0	0	0	0	0	0	1	0	0	0	6.0
5202	We need a better distribution of refugees	against	The key to successful immigration depends upon the possibility of employment.  So EU members are to decide whom they want to admit.  	1	0	0	0	1	1	1	0	0	0	6.0
1001	We should ban whaling	against	many peoples make there livelihoods on whaling	0	0	0	0	1	1	0	0	1	0	6.0
631	We should ban algorithmic trading	against	algorithmic trading allows for more timely, accurate, and efficient trading.	0	0	0	0	1	0	0	0	0	0	6.0
3197	We should ban missionary work	against	missionary work has other benefits beyond spreading religion, it makes a huge impact on small communities in poor countries that need help.	0	0	0	0	0	1	0	0	1	0	6.0
872	We should adopt an austerity regime	against	absolutely not.  the great president donald trump is turning the country around and saving us from the financial disaster that the last eight years were leading the united states towards.	1	0	0	0	1	1	0	0	0	0	6.0
4132	We should stop the development of autonomous cars	in favor of	autonomous cars are dangerous, more dangerous than a single person could ever be.  we're trusting a computer program to make life and death decisions.	1	0	0	0	0	1	0	0	0	0	6.0
1977	We should stop the development of autonomous cars	in favor of	they will lead to more deaths on the roads	0	0	0	0	0	1	0	0	0	0	6.0
2826	We should abolish the Olympic Games	against	the olympic games  are an important celebration of athleticism that the whole world can participate in.	0	0	0	1	0	1	0	1	0	0	6.0
3960	We should subsidize embryonic stem cell research	in favor of	embryonic stem cell research could lead to massive scientific break through that could save millions of lives. funding this would mean the difference of life and death to many people.	1	0	0	0	0	1	1	0	0	0	6.0
2174	We should ban the use of child actors	against	if a child wants to act they have every right to	1	0	0	0	0	0	1	0	0	0	6.0
2371	We should legalize cannabis	in favor of	cannabis legalization is a lucrative revenue source	1	0	0	0	1	0	0	0	0	0	6.0
3765	We should legalize cannabis	in favor of	Legalizing cannabis would allow the authorities to control the quality and strength of the product making it safer to use and could also collect tax from the sale.	1	0	0	0	1	1	0	0	0	0	6.0
2512	We should adopt an austerity regime	against	we should not  adopt an austerity regime because it will harm a good process.	0	0	0	0	1	1	0	0	1	0	6.0
5365	There should be a small council of people from all over the world, and identify the problems of every country and solve them.	against	Europe should represent its own interests.	0	0	0	0	1	0	1	0	0	0	6.0
5226	There should be a stronger EU on the world scene	in favor of	EU should show more strength when dealing with foreign powers. In addition, there should be a vision about where we want to go in the long term with the EU, and this is in an increasingly complex (and sometimes hostile) world. 	1	0	0	0	0	1	0	1	0	0	6.0
907	We should ban telemarketing	against	we live in a capitalist country and telemarketing  is how many businesses grow and develop.	1	0	0	0	1	1	0	0	1	0	6.0
2969	We should legalize organ trade	against	organ trade opens up a new crime opportunity with people killing to obtain organs needed	0	0	1	0	0	1	0	0	0	0	6.0
4632	Artificial intelligence brings more harm than good	in favor of	With all the data and algorithms our apps and gadgets, without our conscious knowledge, are making decisions for us. Decision-making is (was) one of the qualities that made humans different from others	0	0	0	0	0	0	1	0	0	0	6.0
4556	We should ban whaling	against	whaling is profitable for the people that do it and would result in a loss of income and tradition.	0	0	0	0	1	1	0	0	1	0	6.0
3065	We should ban human cloning	in favor of	without knowing the long term effects of cloning, it shouldn't be attempted on humans because it could be medically problematic.	0	0	0	0	0	1	0	0	0	0	6.0
2905	We should prohibit school prayer	against	Prayer can be a good way to unite a school and help children to focus on the day ahead.	1	0	1	0	0	1	0	0	1	0	6.0
4710	India should accept Rohingya refugees	against	Allowing refugees is a potential security threat to any country. Refugees can be an easy prey to terrorists. They may take advantage of the situation and may carry out illegal activities using refugees.	0	0	1	0	0	1	0	0	0	0	6.0
5356	There should be an enlargement of the European Union.	against	It's not a good idea to pursue further enlargement. The greater the territory, the harder it is to control and keep problems from appearing. Every large empire in history fell because it grew to such size that it couldn't be properly managed and ruled over. Examples from history don't become suddenly invalid because we're living in the 21st century.	0	0	0	0	0	1	0	0	0	0	6.0
7159	We should protect the European border	in favor of	Only together and with  Frontex we ensure the management of EU borders. Migrants from Africa and Asia will arrive in increasing numbers in the coming years.	0	0	0	0	1	1	0	0	0	0	6.0
3184	We should prohibit school prayer	against	we should not prohibit school prayer because this country was founded and based on the christian belief system.	0	0	0	0	0	0	1	0	1	0	6.0
2194	We should adopt a multi-party system	against	consensus can become difficult in multi party systems	1	0	1	0	1	1	0	0	0	0	6.0
7152	We should rethink the legal state of Family Reunification.	in favor of	Family Reunification creates unbearable levels of migration and acute problems of integration for several EU Member States.	0	0	0	0	0	1	0	0	0	0	6.0
5192	There should be a federal Constitution for a European Federation 	in favor of	The EU is established on treaties, but treaties have no soul. Only a constitution has a soul, provided it is well designed: from, by, and for the people.	0	0	0	0	0	1	0	0	0	0	6.0
3508	We should ban cosmetic surgery	in favor of	cosmetic surgery is taking unnecessary risks.	0	0	0	0	0	1	0	0	0	0	6.0
4022	We should abolish the Olympic Games	in favor of	the olympic games are a waste of money and time and should be abolished	0	0	1	0	1	1	0	0	0	0	6.0
590	We should introduce compulsory voting	in favor of	more voters would boost voter turnout.	0	0	1	0	1	1	0	0	0	0	6.0
1122	We should adopt libertarianism	in favor of	libertarianism frees citizens and business owners from expensive regulations	0	0	0	0	1	1	1	0	0	0	6.0
4483	We should end the use of economic sanctions	against	economic sanctions are useful to stop bad actions.	1	0	1	0	1	1	0	0	0	0	6.0
2031	We should abandon the use of school uniform	in favor of	the school uniform gives no individuality to students	0	0	0	0	0	0	1	0	0	0	6.0
1183	We should ban human cloning	against	human cloning will provide necessary organs when there are few resources	0	0	0	0	0	1	0	0	0	0	6.0
6858	We should abandon television	in favor of	television leads to lack of exercise and loss of communication as people sit in front of their television rather than talk and do activities together.	0	0	0	1	0	1	0	1	0	0	6.0
1785	We should ban cosmetic surgery for minors	against	cosmetic surgery can provide boost in confidence. everyone should have the right to feel comfortable.	0	0	0	1	0	1	1	1	0	0	6.0
3947	We should adopt an austerity regime	in favor of	an austerity regime would make for a more powerful and united country	1	0	0	0	1	1	0	0	0	0	6.0
5013	The EU should focus more on ensuring the success of the internal market, and on improving its competitiveness	in favor of	The more dynamic the economy, the stronger the innovation and worldwide influence the EU will have, including soft power.	0	0	0	0	1	0	1	0	0	0	6.0
7091	We should stop hosting migrants from Muslim countries	in favor of	Islam represents the biggest threat to democracy in the EU since it’s not compatible with European values. Islam, it’s not only a religion but almost a constitution which trying to impose on European society. 	0	0	0	0	1	1	1	0	1	0	6.0
4880	We need a common migration and asylum policy, based on respect for rights and equal treatment	in favor of	In the EU labor market we will need more workers from outside Europe to continue the level of economic activities we are planning. 	1	0	0	0	1	1	0	0	0	0	6.0
4153	We should ban cosmetic surgery	in favor of	some people who overindulge with plastic surgery may have a mental illness and are on a pathway to self destructive behavior where they are never happy with their new changes	0	0	1	0	0	1	0	0	0	0	6.0
1510	We should adopt a multi-party system	against	a multi party system is too volatile, there's no stability and no consistency	0	0	1	0	0	1	0	0	1	0	6.0
3490	We should abolish capital punishment	against	capital punishment is good at keeping dangerous criminals off of the streets.	0	0	0	0	0	1	0	0	0	0	6.0
6587	The vow of celibacy should be abandoned	against	the vow of celibacy is a very personal and religious choice for some that serve in the ministry and we should not dictate what those personal and religious beliefs should be.	0	0	0	0	0	0	1	0	1	0	6.0
1663	We should abolish the right to keep and bear arms	in favor of	there is no need to carry a fire arm it just leads to more people doing the same	0	0	1	0	0	1	0	0	0	0	6.0
6556	Homeschooling should be banned	in favor of	homeschooled students do not learn necessary social skills	1	0	1	0	1	1	0	0	0	0	6.0
2397	We should ban whaling	against	if a county wants to hunt and kill whales they should be allowed to do so	0	0	0	0	0	0	1	0	1	0	6.0
605	We should ban human cloning	against	human cloning can provide a way for science to overcome negative qualities in humans, such as birth defects, so overall it is a positive technology that should be allowed to flourish.	1	0	0	0	0	1	0	0	0	0	6.0
1979	We should abolish the Olympic Games	against	olympic games is useful to countries as it provides a boost to the countries economy by the increased tourism during the time of the tournament.	1	0	0	0	1	0	0	0	0	0	6.0
4692	College education should be free for everyone	in favor of	Some students are taking education loans to study and then they have to work hard to repay their loans. Many people are forced to take up jobs immediately after college to repay loans. But with free education, they will have the liberty in career choices like choosing a job or becoming entrepreneurs or experimenting with gigs, etc.	0	0	0	0	0	1	1	0	0	0	6.0
7082	We should make living wages a human right	in favor of	Nations that have adopted living wages for full-time jobs have highly profited from that step. It's been an economic booster because if people who earn & possess little can afford what they need, they will buy. So they increase demand. Demand increases supply. More supply means more jobs, more suppliers, lower costs, etc. 	1	0	0	0	1	1	0	0	0	0	6.0
6049	Social media brings more harm than good	in favor of	social media is time consuming and we can spend our time doing something more productive	1	0	1	0	0	0	1	1	0	0	6.0
1362	We should legalize prostitution	against	prostitution is a dangerous profession	0	0	1	0	0	1	0	0	0	0	6.0
3153	We should ban cosmetic surgery	in favor of	the risks of cosmetic surgery are not worth the small gains that result from it	0	0	0	0	0	1	0	0	0	0	6.0
2408	We should introduce compulsory voting	against	compulsory voting violates our rights.	0	0	1	0	0	0	1	0	0	0	6.0
6452	The vow of celibacy should be abandoned	against	The vow of celibacy should not be abandoned as religious people have lived this way for a long time and their traditions should be respected.	0	0	0	0	0	0	0	0	1	0	6.0
3735	We should ban fast food	in favor of	we should ban fast food because obesity the biggest health crisis in the country	0	0	0	0	0	1	0	0	0	0	6.0
1978	We should oppose collectivism	in favor of	no two people are entirely alike.  ignoring individual differences and needs does not best serve the whole	0	0	0	0	0	0	1	0	0	0	6.0
672	We should ban algorithmic trading	in favor of	algorithmic trading can cause unnatural market movements.	0	0	0	0	1	1	0	0	0	0	6.0
37	We should adopt a multi-party system	in favor of	it would give people more of a choice  and provides someone for every culture to vote for	0	0	0	0	0	1	0	0	0	0	6.0
981	We should subsidize student loans	in favor of	student loans should be subsidized so that more kids can go to school, get a better education and contribute to the advancement of society.	1	0	0	0	1	1	1	0	0	0	6.0
3848	We should legalize organ trade	in favor of	we should legalise organ trade because it could save so many lives.	0	0	0	0	0	1	0	0	0	0	6.0
6852	The use of public defenders should be mandatory	against	people have the right to choose their lawyer. be it someone they pay for or representing themselves. that is an inalienable right in a free society. you can not force public defenders on everyone.	0	0	0	0	0	0	1	0	1	0	6.0
3424	We should legalize prostitution	in favor of	the legalization of prostitution would allow the people involved to be much safer since they would be able to rely on the protection of the police	0	0	0	0	0	1	0	0	0	0	6.0
6482	We should subsidize vocational education	in favor of	vocational education is necessary to train workers for skilled work such as plumbing and electrical trades.	1	0	0	0	0	0	1	0	0	0	6.0
4419	We should legalize prostitution	against	prostitution should not be legalized as it is an unclean profession	0	0	1	0	0	1	0	0	0	0	6.0
3058	We should prohibit school prayer	in favor of	we should prohibit school prayer, the us courts have consistently ruled that it is unconstitutional	0	0	1	0	0	0	1	0	0	0	6.0
3443	We should abolish the Olympic Games	against	the olympic games encourage sports all around the world	1	0	0	1	0	0	0	1	0	0	6.0
3091	We should legalize sex selection	in favor of	if that's what makes people happy then they should be allowed to do it	0	0	0	0	0	1	1	0	0	0	6.0
1811	We should subsidize embryonic stem cell research	against	this type of investigations always end up perverting and end up fulfilling dark objectives	0	0	1	0	0	0	0	0	0	0	6.0
674	We should ban the Church of Scientology	against	we should not ban the church of scientology as people have the right to support any religion they choose and the church contributes money to good causes.	0	0	0	0	0	0	1	0	1	0	6.0
3036	We should ban the use of child actors	against	children should be free to do what they want with their consent and their parents consent	1	0	0	0	0	0	1	0	0	0	6.0
4001	We should ban private military companies	against	we shouldn't ban private military companies because in risk of national defense	0	0	0	0	0	1	0	0	0	0	6.0
2504	We should ban cosmetic surgery	against	facial surgery is a common reconstruction for people who get involved in car accidents. cosmetic surgeries is the only solution for them to recover their face they destroyed in the accident	0	0	0	0	0	1	1	0	0	0	6.0
5052	The President of the European Commission should be directly elected by direct universal suffrage	against	A direct election of a European president is a travesty of democracy. It would be only a mediatic competition among 'plastic' leaders.  Something very similar to The Simulacra (Dick's 1964 science fiction novel).  We are not a 'nation', we are a confederation of nations.	0	0	0	0	0	0	1	0	0	0	6.0
1976	We should subsidize student loans	in favor of	Student loan costs are becoming outrageous putting people in debt for life.	0	0	0	0	0	1	0	0	0	0	6.0
4165	We should legalize prostitution	in favor of	Legalizing prostitution would increase tax revenue for the government.	0	0	0	0	1	1	0	0	0	0	6.0
4616	IT recruiters should consider skills instead of a degree in programming	against	Achieving excellence in anything takes time. Through graduation, students gain so much knowledge in the relevant field. So, it’s easier for employers to train these students for the industrial requirements.	1	0	0	0	0	0	0	0	0	0	6.0
4243	We should subsidize embryonic stem cell research	in favor of	embryonic stem cells can potentially save lives for many diseases such as diabetes	0	0	0	0	0	1	0	0	0	0	6.0
4499	We should oppose collectivism	against	collectivism utilizes the best from many sources	1	0	0	0	1	0	0	0	0	0	6.0
4944	Asylum seekers should only be able to file asylum applications from their home or neighboring country.	in favor of	If asylum applications are filed from abroad the costs for EU taxpayers to handle asylum seekers are reduced. 	0	0	0	0	0	1	0	0	0	0	6.0
1755	We should adopt libertarianism	in favor of	libertarianism gives us real freedom and keeps the government out of our lives	0	0	0	0	0	0	1	1	0	0	6.0
7041	We should promote the use of nuclear energy	against	Nuclear energy simply is too expensive and hence economically not viable.	0	0	0	0	1	1	0	0	0	0	6.0
1246	We should legalize prostitution	against	legalizing prostitution sends the message that prostitution is okay, but it is not. prostitution is just the tip of the iceberg of human trafficking and abuse. it should not be condoned.	0	0	1	0	0	1	0	0	0	0	6.0
132	We should ban the use of child actors	in favor of	we should ban the use of child actors since it puts so much pressure on them. they should be growing up with a stable life and just enjoy being a kid.	0	0	0	0	0	1	1	0	0	0	6.0
6652	Social media brings more harm than good	against	social media brings together people all over the world with ease.	1	0	0	0	0	1	0	0	0	0	6.0
5180	We need a better distribution of refugees	against	The dividing of refugees is a long-discussed plan. But in the end, no involved group agreed with these plans. Some countries do not like these people at all. 	0	0	0	0	0	0	1	0	0	0	6.0
2482	We should ban cosmetic surgery	against	we should not ban cosmetic surgery because some people need it done to improve their health and lifestyle	0	0	0	0	0	1	1	1	0	0	6.0
113	We should ban telemarketing	in favor of	telemarketing is intrusive, annoying and violates privacy	0	0	1	0	0	1	1	0	0	0	6.0
322	We should abolish the Olympic Games	in favor of	the olympic games are usually a drain on the economy of the host city	0	0	0	0	1	0	0	0	0	0	6.0
1029	We should adopt a zero-tolerance policy in schools	in favor of	i agree that a zero-tolerance policy in schools is a good idea since it would mean that our children are safer when they go to school.	1	0	1	0	0	1	0	0	1	0	6.0
5878	We should subsidize vocational education	against	The salaries of vocational school graduates are significantly less than those earned by college graduates with bachelors degrees. Better to subsidize 4-year colleges than vocational schools.	1	0	0	0	1	0	0	0	0	0	6.0
1425	We should prohibit school prayer	against	we should not prohibit school prayer because the constitution gives us freedom of religion and prayer does not infringe on others.	0	0	0	0	0	0	1	0	1	0	6.0
329	We should abolish safe spaces	in favor of	we should abolish safe spaces because those who are easily offended need to grow up	0	0	0	0	0	0	1	0	0	0	6.0
3289	We should abolish intellectual property rights	against	intellectual property rights are vital to protect innovation from those wishing to exploit it further along the developmental cycle, and equally vital to encourage entrepreneurs in the first place.	1	0	1	0	0	0	1	0	0	0	6.0
350	We should subsidize space exploration	in favor of	space exploration is the next frontier.	1	0	0	0	0	0	1	1	0	0	6.0
6158	Surrogacy should be banned	in favor of	surrogacy should be banned because it could cause emotional damage to the carrier.	0	0	0	0	0	1	0	0	0	0	6.0
7310	We should protect our privacy in the Internet age.	in favor of	Attackers can use their own security-aware enterprise users as a breakthrough to attack from the short end of the barrel, making other enterprise users of the same cloud platform equally dangerous.	0	0	1	0	0	1	0	0	0	0	6.0
3135	We should ban the Church of Scientology	against	like other churches, the church of scientology needs to be protected via the separation of church and state.	0	0	1	0	0	0	0	0	1	0	6.0
5814	We should subsidize vocational education	in favor of	vocational education should be subsidized as it will allow people to get the training required for new jobs.	1	0	0	0	1	1	0	0	0	0	6.0
5929	Homeopathy brings more harm than good	against	homeopathy brings more good than harm when it is used alongside traditional medical treatments for further alleviation of pain.	0	0	0	1	0	1	1	0	1	0	6.0
6166	The vow of celibacy should be abandoned	in favor of	it should be abandoned because they have the same desires as every human has	0	0	0	1	0	0	0	1	0	0	6.0
3094	We should legalize organ trade	in favor of	Organ sales will allow for more research to be done on living, usable organs.	0	0	0	0	0	0	1	0	0	0	6.0
1735	We should adopt an austerity regime	against	We should not adopt an austerity regime because counter cyclical spending leads to better outcomes for the economy than austerity.	1	0	0	0	1	1	0	0	0	0	6.0
5400	Intelligence tests bring more harm than good	in favor of	intelligence tests can prevent someone from pursuing their passion which they may be able to achieve with hard work	1	0	0	0	0	0	1	0	0	0	6.0
5654	We should abandon television	against	Television should not be banned as for elderly and isolated people television is a window into the world whether it's just for entertainment or to gain knowledge.	1	0	1	1	0	1	1	1	0	0	6.0
427	We should limit judicial activism	against	judicial activism must be supported by all means because judges  knows law and they acting inside the law by judicial activism.	0	0	1	0	0	1	0	0	0	0	6.0
6195	We should subsidize vocational education	against	vocational education as an option in schools discourages students from pursuing higher education degrees form universities	1	0	0	0	0	0	1	0	0	0	6.0
4766	Uniforms should be mandatory in schools	in favor of	It reduces financial burden, because there is no need to buy many clothes.	0	0	0	0	0	1	0	0	0	0	6.0
1842	We should ban cosmetic surgery for minors	against	children have a right to bodily autonomy just like adults, and banning cosmetic surgery is a violation of this freedom of expression.	0	0	0	0	0	1	1	0	0	0	6.0
3875	We should subsidize embryonic stem cell research	in favor of	embryonic stem cell research should be subsidized because it could lead to massive changes in human beings. this type of research could reverse aging, change genes, and learn how to cure diseases.	1	0	0	0	0	1	1	0	0	0	6.0
4225	We should cancel pride parades	in favor of	we should cancel pride parades as we need to stop support single groups of people as it only causes more strife.	0	0	1	0	0	1	1	0	0	0	6.0
2215	We should ban telemarketing	in favor of	telemarketing is a nuisance that antagonises potential customers of a business	0	0	1	0	1	0	1	0	0	0	6.0
3969	We should end mandatory retirement	in favor of	people should be able to work as long as they want to.	0	0	0	0	1	1	1	0	0	0	6.0
6555	Assisted suicide should be a criminal offence	in favor of	Assisted suicide should be a criminal offence as if the person cannot make their own decisions and actions then it would be impossible to know if the person helping wasn't just murdering them.	0	0	0	0	0	1	0	0	0	0	6.0
3847	We should ban cosmetic surgery for minors	against	they should be allowed if they are medically necessary.	0	0	0	0	0	1	0	0	0	0	6.0
2653	We should cancel pride parades	against	pride prides are an expression of free speech and therefore, constitutionally protected.	0	0	1	0	0	1	1	0	0	0	6.0
2278	We should ban whaling	against	Whaling is an important industry in some countries for their economical stability.	1	0	0	0	1	1	0	0	1	0	6.0
7306	We should protect our privacy in the Internet age.	in favor of	Extremely serious information asymmetry. It is difficult for individuals to know what information is being collected about them, who is collecting it, and what it is being used for.	0	0	0	0	0	1	1	0	0	0	6.0
3585	We should introduce compulsory voting	in favor of	compulsory voting would ensure that everyone would vote and have a voice in what goes on.	0	0	0	0	1	0	0	0	0	0	6.0
5529	Blockade of the Gaza Strip should be ended	against	international bodies demanding an end to the blockade are dismissing israel's sovereignty.	0	0	0	0	1	0	1	0	0	0	6.0
5813	Homeschooling should be banned	against	we have already proven that home-schooled kids attend more extra-curricular activities than public-school kids	1	0	0	0	0	0	0	1	0	0	6.0
4974	We do not need immigration from non-European or non-first-world countries. 	in favor of	Multiculturalism creates chaos wherever it exists. Sweden's Stockholm has become the Rape Capital of the West, and the number of bombs and shootings has skyrocketed as well in that country. France is bordering on civil war, whole territories are not under state control anymore. Europe needs to stop migration and asylum indefinitely. We need to put our European peoples first, much like the entire world is doing while our civilization is committing suicide based on values imposed by sanctimonious narcissists. 	0	0	0	0	0	1	0	0	0	0	6.0
3786	We should legalize prostitution	against	prostitution is extremely dangerous and keeping it illegal is in the best interest of society.	0	0	1	0	0	1	0	0	0	0	6.0
2860	We should ban the Church of Scientology	in favor of	we should ban the church of scientology as people may not recognise it as a true religion	0	0	1	0	1	1	0	0	0	0	6.0
1634	We should adopt libertarianism	in favor of	libertarianism - and the seeking to maximise freedom and personal autonomy - is a key value and it should be central to the constitution.	0	0	0	0	0	0	1	0	0	0	6.0
6974	MBAs do not make good business leaders	in favor of	Learning everything by practice consumes time. Through MBA, we can learn management skills and skills to tackle real-life problems in businesses.	1	0	0	0	0	0	0	0	0	0	6.0
6114	The vow of celibacy should be abandoned	against	they hold a very high title to which they agreed to be held by all rules.	0	0	1	0	0	0	0	0	1	0	6.0
3685	We should ban fast food	against	you can't govern what an individual chooses to eat	0	0	0	0	0	0	1	0	0	0	6.0
2419	We should adopt libertarianism	in favor of	the government interferes in citizen's lives too much already	0	0	0	0	0	0	1	0	0	0	6.0
6811	Homeopathy brings more harm than good	in favor of	homeopathy  creates the mindset that things such as vaccines can be replaced, which in turn can cause the death of others.	0	0	0	0	0	1	0	0	0	0	6.0
6219	The use of public defenders should be mandatory	against	this takes away freedom of choice in terms of hiring a lawyer that suits your own needs.	1	0	0	0	0	0	1	0	0	0	6.0
770	We should ban the use of child actors	against	banning child actors would limit movies and tv shows. anything with children in the story would be unable to be made. television and movies for children would no longer exist either.	0	0	0	1	0	0	1	0	0	0	6.0
813	We should ban human cloning	against	human cloning is simply another avenue of science to explore, and it is vital to push back the boundaries in order to open up possible potential cures for disease and medical issues.	1	0	0	0	0	1	1	0	0	0	6.0
4194	We should adopt a zero-tolerance policy in schools	against	if a zero tolerance policy in schools is adopted, this will impinge on the rights of the pupils to challenge decisions they may deem unfair or unfit.	1	0	0	0	1	0	1	1	0	0	6.0
6298	We should abandon television	against	Television is the gateway for many to news and education as well as entertainment, it still provides a very valuable function.	1	0	0	1	0	0	1	1	0	0	6.0
5066	The president of the European Commission should be elected by the people of the EU	against	The European Commission has to be independent. It is not allowed to take instructions from any country, lobby group, or anyone else. An elected head of the Commission would make nonsense of the principle of independence that is vital to the trust in the Commission's job. He or she would be beholden to the group that elected him or her and make the job impossible.	1	0	0	0	0	0	1	0	0	0	6.0
549	We should ban missionary work	in favor of	missionary work is risky to participate in.	0	0	0	0	0	1	0	0	0	0	6.0
3799	We should legalize prostitution	in favor of	prostitution should be allowed if the participants both agree.	0	0	0	0	0	0	1	0	0	0	6.0
3971	We should prohibit school prayer	against	school prayer puts the students in the correct mindset and helps them to be more respectful and cooperative throughout the day.	0	0	1	0	0	0	1	0	1	0	6.0
983	We should ban telemarketing	in favor of	telemarketing has reached epidemic levels with unregulated frequency that most people would consider a public nuisance.	0	0	1	0	0	1	1	0	0	0	6.0
503	We should legalize cannabis	against	sale of cannabis should not be legalized because it is a dangerous drug and as such is a public health concern	0	0	1	0	0	1	0	0	0	0	6.0
6781	Homeschooling should be banned	in favor of	it's not guaranteed homeschooling provides a good education	1	0	0	0	0	0	0	0	0	0	6.0
3645	We should ban the Church of Scientology	against	i think it should not be forbidden, and let people choose what they want to do	0	0	0	0	0	0	1	0	1	0	6.0
4959	We do not want immigration from non-European or non-first-world countries 	in favor of	No more non-European immigration. The native Europeans have said NO.	0	0	0	0	1	0	1	0	1	0	6.0
6957	Cattle slaughter should be banned	against	It is not ethical to interfere with the food habits of others.	0	0	1	1	0	0	1	0	0	0	6.0
5708	Homeschooling should be banned	in favor of	homeschooling prevents children from socializing with other children which can cause problems for them in the future.	0	0	0	0	0	1	0	0	0	0	6.0
1216	We should ban cosmetic surgery	against	people have the right to fix their perceived flaws and raise their self esteem.	0	0	0	1	0	1	1	0	0	0	6.0
658	We should ban telemarketing	against	telemarketing is very economical and it provides an easy way for companies to offer their products and services to people.  telemarketers are merely asking whether someone wants something or not.	0	0	1	0	0	0	0	0	0	0	6.0
3648	We should ban cosmetic surgery	against	a ban would only increase the already concerning trend to go to dangerous surgeons abroad	0	0	1	0	0	1	1	0	0	0	6.0
1241	We should cancel pride parades	in favor of	people dont want to have gay people thrown in their face if they dont approve of them	0	0	1	0	0	0	1	0	1	0	6.0
2907	We should end mandatory retirement	against	mandatory retirement makes sure that fresh ideas and fresh bodies keep flowing through business which is a good thing.	1	0	1	0	0	0	1	0	0	0	6.0
163	We should ban the Church of Scientology	in favor of	the church of scientology is a cult that is harming society.	0	0	1	0	0	1	0	0	0	0	6.0
3901	We should stop the development of autonomous cars	against	they are the way of the future, and they decrease the amount of road accidents.	0	0	0	0	0	1	0	0	0	0	6.0
7341	We should prevent the disorderly expansion of capital.	in favor of	Capital cannot be allowed to take advantage of the power of science and technology to form a monopoly in this particular field, allowing millions of hawkers to have their rice bowls taken away.	0	0	0	0	0	1	0	0	0	0	6.0
4535	We should ban the Church of Scientology	in favor of	we should ban the church of scientology because  scientologists become hostile toward anything that is critical toward the religion	0	0	1	0	0	1	1	0	0	0	6.0
2418	We should abolish safe spaces	against	if people need somewhere safe they should be able to have it	0	0	0	0	0	1	1	0	0	0	6.0
5516	The vow of celibacy should be abandoned	against	abandoning the vow goes against many people's religious beliefs	0	0	1	0	0	0	0	0	1	0	6.0
3103	We should stop the development of autonomous cars	against	autonomous cars eliminate the hazards of driving distracted and drunk driving.  removing these hazards from our roadways will make us all safer.	0	0	1	0	0	1	0	0	0	0	6.0
4861	The EU needs strong advertising and recruitment strategies for students and qualified employees	in favor of	The EU has, for too long, seen a net exodus or brain drain of highly qualified people.	1	0	0	0	0	1	0	0	0	0	6.0
3414	We should legalize prostitution	in favor of	people have the right to use their bodies in any way they choose.	0	0	0	0	0	0	1	0	0	0	6.0
3702	We should subsidize embryonic stem cell research	in favor of	embryonic stem cells have already been proven to have the capability to save lives. with more research who knows how many more uses they could have in reducing illness and improving quality of life.	1	0	0	0	0	1	1	0	0	0	6.0
4774	We should ban kids' reality shows	against	Reality shows give opportunity for children to bring out their hidden talents and to finess their skills.	1	0	0	1	0	1	1	1	0	0	6.0
7372	Carbon emissions trading should be limited.	against	Setting tough standards on carbon emissions can suppress industrial upgrading in developing countries and prevent them from challenging the monopoly advantage of EU countries in high-end industries.	1	0	0	0	1	0	0	0	0	0	6.0
3937	We should ban the Church of Scientology	against	the country has freedom of religion and the church of scientology is a form of religion.	0	0	1	0	0	1	1	0	1	0	6.0
4203	We should introduce compulsory voting	against	the penalties on not voting would bring backlash from the society	0	0	0	0	0	1	1	0	0	0	6.0
4142	We should ban telemarketing	in favor of	we should ban telemarketing since most would agree it is unwanted solicitation. if i am in the market for an item or service, i will contact the company. they should not be contacting me.	0	0	1	0	0	0	1	0	0	0	6.0
3283	We should adopt a zero-tolerance policy in schools	in favor of	We should adopt a zero-tolerance policy in schools since the current system clearly isn't working and needs a drastic, non tolerant change.	0	0	1	0	1	0	0	0	0	0	6.0
730	We should ban private military companies	against	Private military companies can provide more advanced technology because they are not restricted by governmental red tape.	1	0	0	0	0	1	1	0	0	0	6.0
2949	We should abolish the right to keep and bear arms	against	people have a right to protect themselves with weapons, especially nowadays	0	0	1	0	1	1	1	0	0	0	6.0
1091	We should introduce compulsory voting	against	compulsory voting will be difficult to enforce on the elderly and others who will have a difficult time voting.	0	0	0	0	0	0	1	0	0	0	6.0
2405	We should limit executive compensation	against	executives who run huge profitable companies that employ many people should be highly compensated for doing so	1	0	0	0	1	0	0	0	0	0	6.0
5867	The vow of celibacy should be abandoned	against	the vow of celibacy should not be abandoned because that is part of some religions	0	0	1	0	0	0	0	0	1	0	6.0
6369	We should abandon television	in favor of	television is bad for your eyes and should be banned to save the population	0	0	0	0	0	1	0	0	0	0	6.0
5607	The use of public defenders should be mandatory	against	people may choose to defend themselves, if they believe it to be in their best interests	0	0	0	0	0	0	1	1	0	0	6.0
4429	We should ban targeted killing	against	targeted killing is a tool that allows the military to accomplish their objectives.	1	0	0	0	1	1	0	0	0	0	6.0
6962	Hindi should be the national language of India	in favor of	English is not native to India, but Hindi is.	0	0	0	0	0	0	0	0	1	0	6.0
5808	Holocaust denial should be a criminal offence	against	it's just freedom of speech, you can't arrest someone for not believing something	1	0	1	0	0	0	1	0	0	0	6.0
3678	We should adopt gender-neutral language	against	gender neutral language causes confusion and is taking political correctness too far, by all means allow people to be referred to by their preferred gender but people are not 'neutral.'	1	0	1	0	0	0	0	0	0	0	6.0
4411	We should fight for the abolition of nuclear weapons	against	we must protect ourselves and these weapons allow us to	1	0	0	0	0	1	0	0	0	0	6.0
6919	Referendums are good for the society	in favor of	Referendums force governments to do what the people actually want.	1	0	0	0	1	0	1	0	0	0	6.0
5744	We should abandon television	in favor of	television makes people lazy and they get fat	1	0	1	0	0	1	1	0	0	0	6.0
2241	We should ban fast food	against	fast food is convenient food and cheap	0	0	0	1	1	1	1	1	0	0	6.0
3691	We should ban algorithmic trading	against	there is no reason why algorithmic trading should be banned , it creates beneficial trading deals and profits for those in the finance sector, and can enhance the value of pension funds for instance.	1	0	0	0	1	0	0	0	0	0	6.0
6464	Social media brings more harm than good	in favor of	social media causes people to feel sad about their own lives.	0	0	0	1	0	1	0	0	0	0	6.0
3692	We should ban cosmetic surgery for minors	against	some children may require cosmetic surgery for health reasons, such as a cleft palate, therefore it should not be banned.	0	0	0	0	0	1	1	0	0	0	6.0
6754	Homeschooling should be banned	in favor of	homeschooling causes young people to isolate themselves from their peers	0	0	0	1	0	1	0	0	0	0	6.0
7148	We should strengthen Frontex and control immigration.	in favor of	Frontex must be given powers and resources to shut down the migratory routes entirely.	1	0	0	0	1	1	0	0	0	0	6.0
3449	We should adopt a multi-party system	against	Minority parties have too much power. A winning party often has to offer concessions to small, minority parties in order to form a government.	0	0	0	0	1	0	1	0	0	0	6.0
2027	We should abolish the Olympic Games	against	the olympic games create a tourism boom for the host city which injects a lot of cash which can be used to better locals so it shouldn't be abolished.	1	0	0	0	1	1	0	0	0	0	6.0
5858	Holocaust denial should be a criminal offence	against	we are supposed to be a modern society of free thought. if someone wants to deny the holocaust, it is their intellectual right.	0	0	0	0	0	0	1	0	0	0	6.0
1033	We should abandon the use of school uniform	against	school uniform enables all children to look the same, thus reducing the likelihood of bullying.	0	0	1	0	0	1	0	0	1	0	6.0
6765	Payday loans should be banned	against	without payday loans, many would fall behind in payments, including rent	0	0	0	0	0	1	0	0	0	0	6.0
1447	We should ban telemarketing	against	The telemarketing industry is huge, and any attempt to shut it down will cause a rise is unemployment and will damage the economy.	1	0	0	0	1	1	0	0	0	0	6.0
5182	The EU should recognize Taiwan as an independent sovereign state	in favor of	China is acting against European values and violating intellectual property rights.	0	0	1	0	0	0	0	0	1	0	6.0
835	We should adopt a zero-tolerance policy in schools	in favor of	Zero-tolerance policies may seem unfair to the individual but bad and risky behavior at schools spreads faster than wildfire. Sometimes we must make an example of an individual for the greater good.	0	0	1	0	1	0	0	0	0	0	6.0
7245	We should remove unauthorized asylum seekers or migrants.	in favor of	Unauthorized asylum seekers or migrants have no right to be in the country where they are unauthorized.	0	0	1	0	0	0	0	0	0	0	6.0
5500	We should abandon television	in favor of	television causes eye problems due to watching a screen	0	0	0	0	0	1	0	0	0	0	6.0
702	We should oppose collectivism	in favor of	collectivism is a communist strategy and we must reject	1	0	0	0	0	1	1	0	0	0	6.0
6649	Homeschooling should be banned	in favor of	the kids do not get the proper socialization and may have more trouble moving on to college educationally and socially.	1	0	0	0	0	1	0	0	0	0	6.0
5630	The vow of celibacy should be abandoned	against	celibacy holds many virtues, offers protection from disease as well as prevents unwanted pregnancies.	0	0	1	0	0	1	1	0	0	0	6.0
134	We should legalize prostitution	in favor of	prostitution should be legal as it can be controlled & monitored easier & be less dangerous	0	0	0	0	0	1	0	0	0	0	6.0
5804	Social media brings more harm than good	in favor of	social media can be detrimental to mental health as it can lead to inaccurate ideas about other people's lives. this is because people will often post the best parts of their lives.	0	0	0	0	0	1	0	0	0	0	6.0
7171	We should support Frontex.	in favor of	Frontex is a key agency and is called to play a crucial role in the coming years. Yet, it lacks the necessary political support it deserves to carry out its mission. 	1	0	0	0	0	0	0	0	0	0	6.0
1464	We should end mandatory retirement	in favor of	we should end mandatory retirement because a person should be able to work for as long as they wish as long as they do not pose as a safety threat to those around them.	1	0	0	0	0	0	1	0	0	0	6.0
3761	We should adopt a zero-tolerance policy in schools	in favor of	teachers and children should feel safe in schools and a zero-tolerance policy will be beneficial for all.	0	0	1	0	0	1	0	0	0	0	6.0
4733	Women are better managers than men	in favor of	In general, they've coherent minds, are punctual and are dedicated to their work. These inbuilt qualities do make them better managers than men.	1	0	0	0	0	0	0	0	0	0	6.0
4045	We should ban telemarketing	in favor of	Telemarketing is a waste of time for all parties involved and  rarely results in a sale for the company doing the telemarketing and provides a disturbance in the lives of those who are called	1	0	1	1	0	0	1	0	0	0	6.0
5864	Holocaust denial should be a criminal offence	against	why should anyone be told they cannot deny something even if it happened?  freedom of speech, surely.	0	0	0	0	0	0	1	0	0	0	6.0
4378	We should abolish the three-strikes laws	against	the three-strikes laws helps deter people from committing further crimes	0	0	1	0	1	1	0	0	0	0	6.0
2920	We should adopt a zero-tolerance policy in schools	in favor of	zero tolerance in schools to avoid further shootings and also to avoid cases of bullying	0	0	1	0	0	1	0	0	0	0	6.0
5538	Social media brings more harm than good	in favor of	social media has made it more difficult than ever for people to interact face to face.	1	0	0	1	0	1	0	1	1	0	6.0
3072	We should ban the Church of Scientology	against	everyone has a right to chose a religion to follow, no matter what their beliefs & practices are, it is wrong to ban a religion	0	0	0	0	0	0	1	0	1	0	6.0
392	We should ban factory farming	against	factory farming reduces the cost of food	0	0	0	0	1	1	0	0	0	0	6.0
4477	We should ban algorithmic trading	in favor of	relying on computers to do all this trading for us could lead to technical issues, hacking, or other problems that could lead to a total market crash.	1	0	0	0	0	1	0	0	0	0	6.0
2922	We should ban the Church of Scientology	against	people have the right to freedom of religion, even scientology and this right should not be infringed upon.	0	0	0	0	0	0	1	0	1	0	6.0
2179	We should abandon the use of school uniform	against	School uniforms do not limit self-expression. Students still have weekends and holidays to pick their own outfits.	0	0	1	0	0	1	1	0	1	0	6.0
2158	We should end mandatory retirement	in favor of	Many people that are forced into retirement often do not have the means of supporting themselves financially, and so either turn to part time, low-wage work or welfare to sustain themselves.	0	0	1	0	1	1	1	0	0	0	6.0
221	We should ban fast food	against	fast food is great when you need a quick meal on the run and it is more nutritious than snacking on chocolate bars or unhealthy snacks.	0	0	0	0	0	1	1	1	0	0	6.0
2485	We should abolish the Olympic Games	against	olympic games is one way to show unity	0	0	0	0	0	1	0	0	0	0	6.0
7277	We should abolish the 996 overtime system	against	For the poor people, if they can go to the Internet factory, China's 996 overtime system is a blessing, twelve hours a day, six days a week, can also rest a day, quite good.	1	0	0	0	0	1	0	0	0	0	6.0
1549	We should limit judicial activism	in favor of	we should limit judicial activism so that we do not depart from the constitution.	0	0	1	0	0	0	0	0	1	0	6.0
6229	Intelligence tests bring more harm than good	against	intelligence test ensure people are competent.	1	0	0	0	0	0	0	0	0	0	6.0
241	We should adopt an austerity regime	against	we should not adopt an austerity regime because people would end up with less money to pay the same amount of bills with.	0	0	0	0	1	1	1	0	0	0	6.0
6182	We should abandon television	against	if television was abandoned millions of people would be made unemployed.	1	0	0	0	1	1	0	0	0	0	6.0
1333	We should ban the Church of Scientology	against	people are free to follow the religion they choose, no matter how out there the beliefs are.	0	0	0	0	0	0	1	0	1	0	6.0
3782	We should end mandatory retirement	in favor of	we should end mandatory retirement because no one has the right to tell another person when they have to stop working. it is an individual's choice and should be left up to them when they wish to call it quits.	0	0	0	0	0	0	1	0	0	0	6.0
4389	We should subsidize journalism	against	subsidizing everything a person does can drain the pocket overtime.	0	0	0	0	0	1	0	0	0	0	6.0
3281	We should ban private military companies	in favor of	private military companies should be banned because these jobs depend on government funding	0	0	0	0	0	1	0	0	0	0	6.0
5260	The 9th of May (Europe Day) should be a national holiday	in favor of	It is necessary to make Europe Day on May 9th a holiday day. It should replace the respective national holiday of a member country.	0	0	0	0	0	1	0	0	0	0	6.0
5572	Homeschooling should be banned	in favor of	homeschooling can lead to children not knowing the curriculum and therefore struggling in later life.	1	0	0	0	0	1	0	0	0	0	6.0
1846	We should adopt libertarianism	against	there is no one right belief for all people and insisting that everyone is a libertarian deprive free choice	0	0	0	0	0	1	1	0	0	0	6.0
2010	We should prohibit school prayer	in favor of	separation of church and state applies here since schools are sponsored by the state. mandatory prayer would be a major violation of this.	0	0	1	0	0	0	1	0	1	0	6.0
5335	The European Union should visible on the facades of the embassies and consulates of European countries.	in favor of	The European flag should be systematically displayed, in addition to the national flag, on any facade of an embassy or consulate of a European country. This would enhance the image of the European Union in addition to synergies like the pooling of support services. This approach could accompany the construction of common structures and policies in the field of foreign affairs.	0	0	0	0	1	1	0	0	0	0	6.0
1096	We should adopt gender-neutral language	against	we should not adopt gender-neutral language because the majority of people do identify with a gender and want to be addressed as such.	0	0	1	0	0	1	1	0	1	0	6.0
3109	We should adopt an austerity regime	against	adopting an austerity regime may negatively impact the demand side of the economy, hampering economic growth.	0	0	0	0	0	1	0	0	0	0	6.0
7319	We should restrict minors from playing online games.	in favor of	Long-term addiction to online games can change the structure of a child's brain. Imagination, thinking and integration skills are not trained.	1	0	0	0	0	0	1	0	0	0	6.0
4863	The EU should have common taxation and social policy	in favor of	The future is 'work mobility'; thus we need to simplify taxation, enhance remote working opportunities, and enable inter-country recruitment for companies.	1	0	0	0	0	1	1	0	0	0	6.0
3407	We should abolish capital punishment	in favor of	capital punishment takes too long and has a long appeal process costing taxpayers money.	1	0	0	0	1	1	0	0	0	0	6.0
3548	We should adopt an austerity regime	in favor of	to be able to provide a stable economy, an austerity regime is necessary to operate on a balanced budget.	0	0	0	0	1	1	0	0	0	0	6.0
2749	We should legalize organ trade	in favor of	we should legalize organ trade because it will be better monitored than having organs being sold on the black market	0	0	1	0	1	1	0	0	0	0	6.0
3030	We should abolish intellectual property rights	against	intellectual property rights should never be abolished in order to protect the successes of a businesses.	1	0	0	0	1	0	1	0	0	0	6.0
7308	We should protect our privacy in the Internet age.	against	Recording precise data of individuals can improve individual lives; recording huge data of groups can optimize resource allocation.	1	0	0	0	0	1	0	0	0	0	6.0
6487	The vow of celibacy should be abandoned	against	The vow of celibacy is a long standing tradition of many clergy and should be upheld.	0	0	1	0	0	0	0	0	1	0	6.0
6789	Homeschooling should be banned	in favor of	homeschooling simply provides an extra opportunity for parents to push extremist beliefs onto children.	1	0	1	0	0	0	1	0	0	0	6.0
1330	We should subsidize space exploration	in favor of	the future of the human race will rely on moving to other planets in the future therefore we need to subsidize space exploration to speed up research.	1	0	0	0	0	1	1	0	0	0	6.0
4763	Homeschooling should be encouraged in India 	in favor of	Every child is different. Homeschooling allows to design the curriculum based on the student's capabilities and interests.	1	0	0	0	0	0	1	0	0	0	6.0
2660	We should prohibit school prayer	in favor of	schools are part of the state system. since we have a legal obligation to keep the separation of church and state we can't allow prayer in schools as this would violate that.	0	0	1	0	0	0	1	0	0	0	6.0
5591	Homeopathy brings more harm than good	in favor of	people using a homeopathic approach to treatment can accidentally end up overdosing on their herbal treatment and making themselves more sick.	0	0	0	0	1	0	0	0	0	0	6.0
3163	We should adopt atheism	against	everyone has a right to follow the religion they truly believe, therefore we cannot impose atheism	0	0	0	0	0	0	1	0	1	0	6.0
3029	We should adopt gender-neutral language	against	Gendered language has served us for centuries in literature and culture, there is no need to change now.	0	0	0	0	0	0	0	0	1	0	6.0
610	We should abolish intellectual property rights	against	without intellection property rights there is no incentive to research and develop new products	1	0	0	0	0	0	1	0	0	0	6.0
6716	We should abandon television	in favor of	Television has led to the laziness of people mentally and physically.	1	0	1	0	0	1	0	0	0	0	6.0
2430	We should ban algorithmic trading	against	Algorithmic trading makes it easier to stay ahead in the market and not get blindsided by a sudden crash.	1	0	0	0	0	0	0	0	0	0	6.0
264	We should abandon the use of school uniform	against	researchers found that in schools across the world with uniform policies students are more disciplined and concentrated	0	0	1	0	0	0	0	0	0	0	6.0
5019	The EU should put more pressure on the non-euro area member states to adopt the single currency	against	There is a reason why these states don't want to join the common currency: their economies are more flexible and doing far better without it. If we really want more countries to start using the euro, we need to make the euro better, not pressure or force others into our inefficient system. 	1	0	0	0	0	0	1	0	0	0	6.0
6925	Consumerism brings more harm than good	against	The middle class benefited tremendously from consumerism. Increased job opportunities, wages, and cheaper goods helped raise their living standards tremendously. The new world order gave them hope that even they could have luxuries like the elite. Through business, they could climb up the social ladder.	1	0	0	0	0	1	0	1	0	0	6.0
1864	We should abolish the right to keep and bear arms	against	the right to keep and bear arms is the bedrock constitutional right of every person both to protect themselves and their families, and banning this would infringe on civil liberties.	0	0	0	0	0	0	1	0	1	0	6.0
129	We should adopt a zero-tolerance policy in schools	in favor of	a zero tolerance policy at school is a good idea because children need to be disciplined as it might cut crime in the future.	0	0	1	0	0	1	0	0	0	0	6.0
5732	The use of public defenders should be mandatory	against	this would cause a decrease in pay for the public defender and lower the quality of representation as too many people will rush to the new employment opportunities regardless of their record..	1	0	0	0	1	1	0	0	0	0	6.0
739	We should legalize prostitution	against	we should not legalize prostitution because they spread too many diseases	0	0	0	0	0	1	0	0	0	0	6.0
366	We should ban algorithmic trading	against	algorithmic trading allows for greater numbers of trades to happen, getting more people involved in the economy	1	0	0	0	1	0	0	1	0	0	6.0
4325	We should oppose collectivism	against	collectivity, a group of people can get far more done than individually.	1	0	0	0	0	0	0	0	0	0	6.0
5394	Social media brings more harm than good	in favor of	social media can be incredibly addicting and cause depression based on popularity contests. we shouldn't use it so much because it can cause suicide and cyber bullying.	0	0	0	0	0	1	0	0	0	0	6.0
3427	We should adopt an austerity regime	in favor of	the current national debt is unsustainable and will lead to the collapse of our whole government unless we do something about it.  we need to adopt austerity programs immediately to save our country.	1	0	0	0	1	1	0	0	0	0	6.0
604	We should subsidize embryonic stem cell research	in favor of	embryonic stem cell research is an advanced medicine progress that should not be stopped	1	0	0	0	0	1	0	1	0	0	6.0
2689	We should abolish intellectual property rights	against	if someone invents something they should be able to profit from it	1	0	0	0	1	0	0	0	0	0	6.0
2414	We should cancel pride parades	in favor of	we should cancel pride parades because they entice people who oppose that ideology to cause riots and disrupt the general peace of citizens.	0	0	1	0	0	1	0	0	0	0	6.0
5626	Homeopathy brings more harm than good	in favor of	homeopathy isn't fda approved and can cause all sorts of problems and side effects.	0	0	1	0	0	1	0	0	0	0	6.0
41	We should cancel pride parades	in favor of	pride parades create a huge disturbance	0	0	1	0	0	0	0	0	0	0	6.0
1711	We should abandon the use of school uniform	in favor of	we should allow young people to express their individualism.	0	0	0	1	0	0	1	1	0	0	6.0
6307	Social media brings more harm than good	in favor of	social media is addictive to young people to the point where it affects their education because they are distracted from their studies.	1	0	1	0	0	1	0	0	0	0	6.0
1081	We should subsidize student loans	in favor of	subsidised student loans would encourage everyone to go to university if they thought they wouldn't have any debt at the end of the studies.	1	0	0	0	0	1	1	0	0	0	6.0
6989	Women can be in combat roles	against	There are no much facilities and infrastructure in Indian Army to allow women in combat roles.	0	0	0	0	0	0	0	0	1	0	6.0
1750	We should ban fast food	in favor of	banning fats food should be obligatory for all governments as hurting people health.	0	0	1	0	0	1	0	0	0	0	6.0
5445	We should abandon television	in favor of	people spend too much time watching television at the cost of more active pursuits	0	0	0	0	0	1	0	0	0	0	6.0
5411	Homeschooling should be banned	in favor of	homeschooling means that the children involved are deprived of regular social contact with others of their own age	0	0	1	1	0	1	0	0	0	0	6.0
72	We should legalize cannabis	in favor of	Legalizing marijuana would lead to a reduction in gang-related drug violence.	0	0	0	0	0	1	0	0	0	0	6.0
4869	The European Union should support and integrate immigrant people to ensure that they live with dignity and equality with all European citizens	in favor of	Europe is more than rich enough to welcome many immigrants and if they are permitted to work, they will even generate their own income and benefits for the country they arrive in.	1	0	0	0	1	1	0	0	0	0	6.0
5386	Social media brings more harm than good	in favor of	it gives people a platform to pretend, show off and to bully others. it also makes people believe that everyone else has everything they want and that their lives are perfect, leading to mental health issues.	0	0	1	0	0	0	0	0	0	0	6.0
715	We should subsidize embryonic stem cell research	in favor of	we need the cures and treatments we can get by funding stem cell research.	1	0	0	0	0	1	0	0	0	0	6.0
5265	The EU should immediately end the refugee deal with Turkey.	in favor of	Turkey is an enemy. It uses this deal to make a threat. Stop it now and send patrols to the Greek border or welcome them.	0	0	0	0	0	1	0	0	0	0	6.0
1318	We should introduce compulsory voting	against	no one should be forced to do something they do not want to do	0	0	0	0	0	0	1	0	0	0	6.0
2329	We should legalize sex selection	in favor of	we should be able to choose the sex we wish to have.	0	0	0	0	0	0	1	0	0	0	6.0
6806	Intelligence tests bring more harm than good	against	intelligence tests bring more good than harm because they let an individual know exactly what their potential is and can take learning paths accordingly.	1	0	0	0	0	0	0	0	0	0	6.0
6494	Payday loans should be banned	in favor of	payday loans should be banned because a lot of times it causes people to get more into debt than they already are	0	0	0	0	0	1	0	0	0	0	6.0
4279	We should ban telemarketing	against	if telemarketing was banned thousands of people would lose their jobs and many businesses would go bankrupt.	1	0	0	0	1	1	0	0	0	0	6.0
1396	We should abolish intellectual property rights	against	we shouldnt abolish intellectual property rights if you have come up with a new idea for something then it should be exclusive to you and you should be acknowledged for it	1	0	0	0	1	0	1	0	0	0	6.0
493	We should ban fast food	against	fast food is good for busy people allowing the to pick up something to eat on the go.	0	0	0	0	0	1	1	1	0	0	6.0
1451	We should introduce compulsory voting	in favor of	looking at the current state of politics around the world it is evident that democracy only exists through vigilance. compulsory voting would help to keep democracy alive when under threat.	1	0	1	0	1	1	0	0	0	0	6.0
238	We should ban whaling	against	if people can get food and other products from whaling that helps sustain them, then it shouldn't be banned.	1	0	0	0	0	1	0	0	0	0	6.0
119	We should ban the use of child actors	in favor of	child actors lose the sense of a proper childhood.	0	0	0	1	0	1	0	1	0	0	6.0
1926	We should ban telemarketing	against	telemarketing provides jobs, and people should be allowed to use telemarketing to earn a living.	1	0	0	0	0	1	1	0	0	0	6.0
526	We should oppose collectivism	against	collectivism enables communities to work together for the greater good.	1	0	0	0	0	1	0	0	0	0	6.0
4326	We should ban the Church of Scientology	against	people have a right to believe in anything they want to. even though some people are very sceptical of this so called church, society still has a right to practice whatever religion they choose.	0	0	0	0	0	0	1	0	1	0	6.0
6630	Homeschooling should be banned	against	homeschooling  can create  a more independent program.	1	0	1	0	1	0	1	1	1	0	6.0
4337	We should prohibit school prayer	in favor of	school is not the place to practice religion since it is run by the state.	0	0	1	0	0	0	1	0	0	0	6.0
6004	Homeopathy brings more harm than good	against	homeopathy is better than the alternative prescribed medications that have serious side effects.	0	0	0	0	0	1	1	0	0	0	6.0
2069	We should subsidize embryonic stem cell research	in favor of	embryonic stem cell research has the potential to open up a whole new field of healthcare and medicine	1	0	0	0	0	1	1	0	0	0	6.0
617	We should abolish the right to keep and bear arms	in favor of	the right to keep and bear arms should be abolished because countries with strict gun control are far safer because they have far fewer incidents of violent gun crime	0	0	1	0	0	1	0	0	0	0	6.0
3712	We should abolish capital punishment	in favor of	capital punishment has done nothing to actually deter serious crime in this country	1	0	0	0	0	1	0	0	0	0	6.0
3539	We should stop the development of autonomous cars	in favor of	autonomous cars are not trustable in every aspect of safety. we can't trust the robots and their ability to react in such a situation which humans will react in according of situation.	1	0	0	0	0	1	0	0	0	0	6.0
6650	Homeschooling should be banned	against	homeschooling should not be banned since this allows learning to be specifically tailored to the individual child and produces the optimal learning environment.	1	0	0	0	0	0	0	0	0	0	6.0
6654	Entrapment should be legalized	in favor of	entrapment helps catch many criminals.	0	0	0	0	0	1	0	0	0	0	6.0
2212	We should ban cosmetic surgery for minors	against	if democrats think minors should be allowed to vote, they should be allowed to get cosmetic surgery if they choose to	0	0	0	0	1	0	1	0	0	0	6.0
1409	We should adopt libertarianism	against	we should not adopt libertarianism because total individuality would create chaos.	0	0	1	0	0	1	0	0	0	0	6.0
4954	There should be no immigration from non-European or non-first-world countries. 	in favor of	Halt all immigration from non-European or non-first-world countries into the EU.	0	0	1	0	0	1	0	0	0	0	6.0
7275	We should abolish the 996 overtime system	in favor of	China's 996 overtime system is very inefficient in enhancing your ability to make money. If you rely on 996 to make money, you are essentially making money by working hard, selling your body.	1	0	0	0	1	1	0	0	0	0	6.0
7209	We should reform Europol towards a European FBI	in favor of	In order to be able to fight cross-border crime, Europol should have the same jurisdiction as the FBI in the US. It should focus on domestic EU cross-border crime fighting. It should have the autonomy to act without the intervention of local or national political influence.	1	0	0	0	1	1	1	0	0	0	6.0
3810	We should introduce compulsory voting	against	compulsory voting violates the freedom of choice.	0	0	0	0	0	0	1	0	1	0	6.0
4765	Uniforms should be mandatory in schools	in favor of	If the children are used to uniforms, they will no issues in the future if their profession demands uniform.	0	0	1	0	0	0	0	0	0	0	6.0
2440	We should ban factory farming	against	factory farming provides a faster mass production of food and gives us a way to feed more people than we would if we banned it. there will be less hunger in the world so we shouldn't ban it.	1	0	0	0	1	1	0	0	0	0	6.0
7232	We should protect the European border.	in favor of	Frontex is the way to protect the European border. It should completely take over every border, land, sea, and air. Otherwise, it will just take over all the good personnel of a member state, causing even more problems at the border.	0	0	0	0	1	1	0	0	0	0	6.0
865	We should abolish the right to keep and bear arms	against	it is a fundamental right of american citizens to keep and bear arms and to remove that right would simply drive arms trading underground.	0	0	0	0	0	1	1	0	1	0	6.0
3060	We should end mandatory retirement	against	Mandatory retirement ensures that companies and professions are constantly infusing their workforces with fresh talent.	1	0	0	0	0	0	1	0	0	0	6.0
5307	We need a stand-alone European army.	in favor of	Turkey is encroaching on EU territory, Russia is sending its army to the Ukrainian border, and what can we do? Nothing, because nobody is taking us seriously. Our threats are empty and get ignored, and our diplomacy is weak. It's time for the EU to be recognized as a strong force that can and will protect its people and its interests.  	1	0	0	0	0	0	0	0	0	0	6.0
1257	We should adopt an austerity regime	against	an austerity regime would be harmful	1	0	0	0	0	0	1	1	0	0	6.0
1801	We should ban the use of child actors	against	we should not ban the use of child actors because then movies and shows wouldn't have any children in them	0	0	0	1	0	0	1	1	0	0	6.0
6924	Consumerism brings more harm than good	against	Though the markets are yet a little controlled, they are freer than before. Consumerism improved the standard of living of the common Indian middle class tremendously. In recent decades, the Indian government has been improving the markets in order to boost entrepreneurial activity.	0	0	0	0	1	1	1	0	0	0	6.0
3954	We should legalize cannabis	against	Cannabis use is too often a gateway  to other harder drugs such as cocaine and heroin so should remain illegal.	0	0	1	0	0	1	0	0	0	0	6.0
1232	We should cancel pride parades	in favor of	religious individuals may object to pride parades	0	0	1	0	0	0	1	0	1	0	6.0
1770	We should subsidize journalism	against	we already are in high enough debt, we don't need to make it worse be subsidizing pointless things.	0	0	0	0	0	1	0	0	0	0	6.0
1494	We should ban telemarketing	against	under any circumstance, telemarketing is a source of employment for many people. banning it will result to tens of thousands losing their jobs.	1	0	0	0	0	1	1	0	0	0	6.0
2343	We should legalize cannabis	against	cannabis can lead to experimentation with more dangerous drugs.  legalizing it would make it easier for youth to acquire.	0	0	1	0	0	1	0	0	0	0	6.0
4367	We should subsidize journalism	in favor of	we ought to subsidize journalism to get young people interested in the field	1	0	0	0	0	0	1	0	0	0	6.0
625	We should legalize organ trade	against	legalizing the organ trade would lead to people forcing or coercing other into giving their organs. this would increase death and suffering.	0	0	0	0	0	1	0	0	0	0	6.0
4695	India should have 'One Nation - One Election' policy 	in favor of	Less disruption to public life, less road traffic, and less loss to our economy. As all the government staff can be used at a single time, we can also increase vigilance, and factors like black money, booth capturing, etc. can be reduced.	1	0	1	0	1	1	1	0	0	0	6.0
2534	We should adopt gender-neutral language	against	we should not adopt this, it would be confusing to young children. the way we've done things still works and there's no need to change it.	1	0	0	0	0	0	0	0	1	0	6.0
2828	We should prohibit school prayer	in favor of	prayer in schools should be prohibited, at least in public school as it is a violation of the separation of church and state.	0	0	1	0	0	0	1	0	0	0	6.0
5405	We should abandon television	in favor of	television should be abandoned because it is an outdated concept that is increasingly being replaced by on demand news and entertainment services	0	0	0	1	1	0	1	1	0	0	6.0
3260	We should ban telemarketing	in favor of	telemarketing is considered a nuisance to many and other forms of advertising are much more effective and less invasive.	1	0	1	0	0	0	1	0	0	0	6.0
6747	Payday loans should be banned	against	payday loans help people make ends meet when income sources become constrained.	0	0	0	0	0	1	1	0	0	0	6.0
1152	We should cancel pride parades	in favor of	possibly they cause disruption due to city centre's needing to be shut down for regular traffic.	0	0	1	0	0	1	1	0	1	0	6.0
4149	We should ban the Church of Scientology	against	we shouldn't ban the church of scientology because the religion rigths	0	0	0	0	0	0	0	0	1	0	6.0
1887	We should ban whaling	against	many economies are sustained thanks to whaling	1	0	0	0	1	1	0	0	0	0	6.0
4623	IT recruiters should consider skills instead of a degree in programming	against	Even though the new programming languages are replacing the old ones, the basic concepts are the same for almost all the programming languages. So, the one who has a degree in coding will have an advantage over the student from a non-IT background.	1	0	0	0	0	0	0	0	0	0	6.0
3961	We should legalize cannabis	in favor of	legalizing recreational marijuana will add billions to the economy, create hundreds of thousands of jobs, and save limited police resources	0	0	0	0	1	1	0	0	0	0	6.0
1530	We should ban fast food	in favor of	fast food is unhealthy and causes obesity	0	0	0	0	0	1	0	0	0	0	6.0
4260	We should stop the development of autonomous cars	against	autonomous cars are a thing of the future	1	0	0	0	0	0	0	0	0	0	6.0
340	We should end mandatory retirement	against	a mandatory retirement age helps employers regularly refresh the workforce with fresh talent	1	0	0	0	1	0	1	1	0	0	6.0
422	We should oppose collectivism	in favor of	collectivism removes an individual's right to promote their private interests and exercise autonomy	0	0	0	0	1	0	1	0	0	0	6.0
6658	Assisted suicide should be a criminal offence	against	assisted suicide is sometimes the only solution for some people, we should not take it off.	1	0	0	0	0	0	1	0	0	0	6.0
4271	We should ban cosmetic surgery for minors	against	if a minor has a deformity or scarring, they should be able to have it corrected.	0	0	0	0	0	1	1	0	0	0	6.0
1428	We should ban algorithmic trading	in favor of	Algorithmic trading causes substantial job loss for employees in the economic sector with few benefits to the market overall.	0	0	0	0	1	1	1	0	0	0	6.0
5940	Entrapment should be legalized	in favor of	we need as many tools as possible to catch illegal activity.	1	0	1	0	0	1	0	0	0	0	6.0
2774	We should adopt a zero-tolerance policy in schools	in favor of	the security of child and teachers is esential for all	0	0	1	0	0	1	0	0	0	0	6.0
7328	We should open up three-child policy to encourage childbirth.	in favor of	China's population structure has gradually become aging and has become a burden for economic growth.	1	0	0	0	1	1	0	0	0	0	6.0
5616	Holocaust denial should be a criminal offence	against	while it is terrible to deny what happened during the holocaust everyone is entitled to their opinions.	0	0	0	0	0	0	1	0	0	0	6.0
708	We should abolish zoos	against	we shouldn't abolish zoos because they create jobs for zookeepers and they allow children to view wild animals which is fun and educational	0	0	0	1	0	1	1	0	0	0	6.0
5368	The EU should extend the model of Pooling & Sharing European military resources beyond air transport.	in favor of	Pooling & Sharing integrates military capabilities at the European level and creates a European culture in the military sector.	1	0	0	0	1	1	0	0	1	0	6.0
466	We should legalize organ trade	in favor of	we should legalize organ trade because many people who are in need of organs have trouble getting good organs.	0	0	0	0	0	1	0	0	0	0	6.0
5604	Homeopathy brings more harm than good	in favor of	Homeopathy is not legally regulated and there is no requirement of formal training of homeopathic expert or physician	1	0	1	0	1	1	0	0	0	0	6.0
4757	Technology is rising Unemployment rates	in favor of	If any business depends heavily on human labour, it tends to fail as it cannot cope up with the competition from the technologically advanced competitors.	1	0	0	0	0	1	0	0	0	0	6.0
4722	Triple Talaq should be abolished	against	It is part of their faith and personal laws can’t be challenged. Article 25 (i) of Indian constitution provides freedom of religion.	0	0	1	0	0	0	0	0	1	0	6.0
5711	Homeschooling should be banned	against	parents are free to educate their children how they see fit	1	0	0	0	0	0	1	0	1	0	6.0
3905	We should ban fast food	in favor of	fast food is unhealthy for us with its ingredients and the way its made	0	0	0	0	0	1	0	0	0	0	6.0
3064	We should adopt libertarianism	against	libertarianism sounds brilliant as a theory, but government and societies require rules and frameworks to function, and abolishing these would only lead to chaos.	0	0	1	0	0	1	0	0	0	0	6.0
4514	We should ban targeted killing	against	targeted killing allows for prime targets and organizers of terror with ingrain beliefs that result in deadly consequences and should be assassinated for protection of lives.	0	0	0	0	0	1	0	0	0	0	6.0
2996	We should ban human cloning	in favor of	by copying something you can not get a pure copy.  each copy that is made is worse then the other meaning that no one knows what can happen with cloning.	1	0	0	0	0	0	0	0	0	0	6.0
3821	We should abolish intellectual property rights	against	people should be able to guarantee income from inventions to recover development cost	0	0	0	0	0	1	0	0	0	0	6.0
29	We should introduce compulsory voting	in favor of	where compulsory voting exists, in countries like australia, participation rates are the highest in the world. this inevitably leads to more truly representative democracy.	0	0	0	0	0	1	0	0	0	0	6.0
6262	Intelligence tests bring more harm than good	in favor of	iq tests can make people feel like a failure when they are actually smart.	1	0	0	0	0	0	1	0	0	0	6.0
6062	Assisted suicide should be a criminal offence	in favor of	Yes, because it is murder practically and this is considered a crime	0	0	1	0	0	1	0	0	0	0	6.0
1059	We should introduce compulsory voting	against	we live in a democratic society and people should not be forced to vote if they dont want to	0	0	1	0	0	1	1	0	0	0	6.0
1119	We should adopt a multi-party system	against	a two-party system has served us well for years; why change what has worked?	0	0	0	0	0	1	0	0	1	0	6.0
2549	We should abolish intellectual property rights	in favor of	we should have free and open discourse of all ideas.  intellectual property prevents this and stunts our collective growth.	1	0	0	0	1	0	1	0	0	0	6.0
6573	We should abandon television	against	no, television is a form of entertainment for people	0	0	0	1	0	0	0	1	0	0	6.0
2990	We should adopt libertarianism	against	libertarianism promotes self interest and not that of society as a whole	0	0	0	0	1	1	1	0	0	0	6.0
431	We should adopt atheism	against	people are entitled to believe in any god that they choose to believe in. as religion offers comfort, aatheism should not be adopted.	0	0	0	1	0	0	1	0	1	0	6.0
4246	We should ban cosmetic surgery	in favor of	It is not worth the risk of cosmetic surgery just for people to look better.	0	0	0	0	0	1	0	0	0	0	6.0
1305	We should ban telemarketing	against	Banning telemarketing will create job losses for many people who work in this industry.	1	0	0	0	1	1	1	0	0	0	6.0
7226	We should remove unauthorized asylum seekers and migrants	against	Everyone has the right to be wrong sometimes. Everyone (immigrants and Europeans) should behave well, but I think it depends a lot on the level of inclusion of these people.  If we manage to be a welcoming continent, the people who come will thank us by being part of society.	0	0	1	0	0	1	0	0	0	0	6.0
3744	We should legalize prostitution	against	often females prostitutes are vulnerable and have drug and alcohol problems. they are only prostitutes because they are desperate.	0	0	0	0	0	1	1	0	0	0	6.0
3724	We should prohibit school prayer	against	freedom of religion means children should be able to pray where they want to.	0	0	0	0	0	0	1	0	1	0	6.0
6821	Foster care brings more harm than good	against	foster care gives children a safer place to go than with abusive family members.	0	0	0	0	0	1	0	0	0	0	6.0
5022	Food health and industry companies should be located within the EU	in favor of	The COVID crisis has shown, that we are very vulnerable.  Critical industries must stay in Europe. Infrastructure in the EU especially critical infrastructure must remain under full and absolute European control.	0	0	0	0	1	1	0	0	0	0	6.0
4400	We should ban factory farming	against	factory farming is mass food production at a more economical pace which allows us to feed more people faster.	1	0	0	0	0	1	0	0	0	0	6.0
5293	Immigrants should learn the language of their host country.	in favor of	Helping migrants learn the language and culture of the country they are living in are critical to successful integration. Language and norms of the job market and workplace should also be built in.	1	0	1	0	0	1	0	0	1	0	6.0
5981	Assisted suicide should be a criminal offence	against	people must be able to decide what to do or not with their lives therefore assisted suicide is an alternative	0	0	0	0	0	0	1	0	0	0	6.0
3686	We should subsidize space exploration	against	space exploration is a bottomless money pit that completely fails to justify the enornomous quantity of revenue pumped into it.	0	0	0	0	1	1	0	0	0	0	6.0
537	We should adopt a zero-tolerance policy in schools	in favor of	all schools should adopt a zero-tolerance policy as kids need to know they can not act inappropriately at any given moment when in school.	0	0	1	0	0	0	0	0	1	0	6.0
7180	We should promote collaborative civic technologies for enhancing citizen participation as an added value to collaborative urban processes	in favor of	These platforms are an opportunity to encourage the creation of public value and new forms of citizen participation, especially in urban areas. 	1	0	0	0	1	1	1	0	0	0	6.0
2574	We should ban cosmetic surgery for minors	against	minors should have a choice in what to do with their bodies	0	0	0	0	1	0	1	1	0	0	6.0
2165	We should adopt an austerity regime	against	austerity regimes can cause widespread unemployment	0	0	0	0	1	1	0	0	0	0	6.0
5101	Alternative medicine should be more accepted	in favor of	Traditional, complementary, and integrative medicine is a safe and efficient way to improve well-being, and happiness and prevent illness. Also, an innumerable amount of people have got significant palliation or even total cure in cases, which the official health care system, unfortunately, couldn't help. This is clearly an area, where countries, civilizations, and schools of thought could learn a lot from each other.	1	0	0	0	0	1	1	0	1	0	6.0
2431	We should ban the use of child actors	against	children should be allowed to work in performing arts or professional sports, a ban does not make sense, nothing bad is being done	0	0	0	0	1	0	1	1	0	0	6.0
663	We should abolish intellectual property rights	against	intellectual property rights mean that the people who come up with ideas or products get the financial gains from said product and so makes people more likely to innovate	1	0	0	0	0	0	0	0	0	0	6.0
6071	We should subsidize vocational education	against	education of all types is already being paid for by the cities where the schools are located	1	0	0	0	1	1	0	0	0	0	6.0
4469	We should abolish the right to keep and bear arms	against	the freedom to bear arms has always been a basic right in this country.  people have the right to protect themselves.	1	0	0	0	0	1	1	0	1	0	6.0
1659	We should abolish the right to keep and bear arms	in favor of	we should abolish the right to keep and bear arms since it leads to more violence and higher crime rights.	0	0	1	0	0	1	0	0	0	0	6.0
308	We should ban the Church of Scientology	in favor of	the church of scientology is a dangerous cult that has caused psychological harm to some of its members and has held some members against their will	0	0	1	0	0	1	1	0	0	0	6.0
3555	We should adopt a multi-party system	in favor of	multi-party systems are proven around the world to work better	1	0	0	0	0	1	0	0	0	0	6.0
3239	We should ban cosmetic surgery	against	cosmetic surgery is vital for people like burn victims to heal and feel more normal.	0	0	0	0	0	1	0	0	0	0	6.0
527	We should ban cosmetic surgery	in favor of	plastic surgery can cause many complications and infections and does not address the underlying self esteem issues of the patient	0	0	0	0	0	1	0	0	0	0	6.0
1693	We should legalize cannabis	against	marijuana is damaging mentally and physically	0	0	0	0	0	1	0	0	0	0	6.0
3777	We should prohibit school prayer	against	prayer should be a parental decision and not one made by government and teachers	0	0	0	0	1	0	1	0	1	0	6.0
1967	We should ban cosmetic surgery for minors	in favor of	minors are not fully mentally or emotionally developed enough yet to  be able to process the ramifications of cosmetic surgery on their life.	1	0	1	0	0	1	0	0	0	0	6.0
3606	We should stop the development of autonomous cars	in favor of	we should stop the development of autonomous cars because they won't be able to react in some emergency situations like people will	1	0	0	0	0	1	0	0	0	0	6.0
2718	We should abolish intellectual property rights	in favor of	we need to do away with intellectual property rights so it doesn't slow down innovation	1	0	0	0	1	0	1	0	0	0	6.0
7081	We should make living wages a human right	in favor of	Many people, even in the richest European countries, work hard, work overtime or have several jobs & cannot sustain themselves. That's humiliating, time-consuming alien to physical & mental health, and poisoning society.  	0	0	0	0	1	1	0	0	0	0	6.0
3751	We should adopt an austerity regime	against	austerity regime will put more pressure on taxpayers	0	0	0	0	0	1	0	0	0	0	6.0
4700	Firecrackers should be banned during Diwali, other festivals, and weddings	against	Bursting crackers on Diwali has always been on the to-do list in every family. A Deepavali without firecrackers will definitely be a cut-down in entertainment and recreation for the kids, as well as the elders.	0	0	0	1	0	0	1	1	1	0	6.0
1835	We should abandon the use of school uniform	in favor of	school uniforms stifle the ability of kids to be creative in how they dress and express themselves.	0	0	0	1	0	0	1	1	0	0	6.0
3661	We should subsidize embryonic stem cell research	in favor of	embryonic stem call research can lead to the future of medical developments	1	0	0	0	0	1	1	0	0	0	6.0
616	We should ban factory farming	against	factory farming is needed in order to feed our ever increasing population.	0	0	0	0	0	1	0	0	0	0	6.0
1575	We should ban cosmetic surgery for minors	in favor of	we should ban cosmetic surgery for minors because society is making an unrealistic view on children and expecting them to grow up too quickly.	0	0	0	0	0	1	0	0	0	0	6.0
2380	We should end mandatory retirement	in favor of	people should be allowed to retire when they are ready	0	0	0	0	0	0	1	0	0	0	6.0
6601	The use of public defenders should be mandatory	against	the use of public defenders should not be mandatory because a lot of them are not well versed in law.	1	0	0	0	0	0	1	0	0	0	6.0
6320	We should abandon television	in favor of	television should be abandoned because it worsens eyesight.	0	0	0	0	0	1	0	0	0	0	6.0
6527	Holocaust denial should be a criminal offence	against	if one does not believe that the holocaust occurred, then that is there right to practice freedom of speech as defined in the constitution.	0	0	1	0	0	0	1	0	0	0	6.0
6073	The use of public defenders should be mandatory	against	if someone can afford a good lawyer you are violating their rights by stopping them	0	0	0	0	1	1	1	0	0	0	6.0
5074	The President of the European Commission should be directly elected by direct universal suffrage	against	To have a chance that one candidate (with a good chance to win) comes from your own country, I think people from little countries can wait 40 years. This will definitely destroy the European belonging feeling you want to promote with this idea.	0	0	0	0	0	1	0	0	0	0	6.0
3578	We should ban algorithmic trading	against	we should not put up barriers to what is essentially the application of technology and intelligent application of maths to trading. this prevents progression	1	0	0	0	0	0	1	0	0	0	6.0
3939	We should end mandatory retirement	in favor of	Ending mandatory retirement will help reduce the burden of older populations on state pension systems.	0	0	0	0	0	1	0	0	0	0	6.0
5807	Intelligence tests bring more harm than good	against	intelligence tests give confidence to those placed behind their level	1	0	0	0	0	1	1	0	0	0	6.0
2709	We should abolish intellectual property rights	against	copyright laws protect artistic creations.	0	0	0	0	0	0	1	0	0	0	6.0
480	We should ban cosmetic surgery	in favor of	cosmetic surgery is dangerous and should be banned.	0	0	0	0	0	1	0	0	0	0	6.0
5465	We should abandon television	against	Television for many people is their connection to the outside world and should not be abandoned,	0	0	0	1	0	1	1	1	0	0	6.0
5106	Coronavirus protection should be advertised on TV and social media	against	That's a terrible idea. The government propaganda machine is already going at full steam. Do you have any idea what the psychological impact of these kinds of messages is when you blast them at people all day every day for over a year?  Depression, suicides, and domestic violence are all the consequences of living in a hopeless and high-stress environment for a protracted period of time and are at record levels throughout Europe. In this entire covid crisis the so-called 'health experts' have consequently ignored the fact that your mental state has a direct influence on your health. i.e.: If you're stressed out, you're more likely to get sick. Instead, they have willfully created panic. Just like your ad would.	1	0	0	0	0	1	1	0	0	0	6.0
1702	We should prohibit school prayer	against	We should not prohibit school prayer as it allows students to practice their faith in their everyday life.	0	0	0	0	0	0	1	0	1	0	6.0
2591	We should ban missionary work	against	missionary work is important as it brings relgion to new countries.	0	0	0	0	1	0	0	0	1	0	6.0
6484	Holocaust denial should be a criminal offence	against	holocaust denial should not be a criminal offence because if people don't want to believe something happened they shouldn't be punished because of it.	0	0	0	0	0	0	1	0	0	0	6.0
3801	We should introduce compulsory voting	against	people have self ownership and can choose to not vote	0	0	0	0	0	0	1	0	0	0	6.0
2494	We should adopt libertarianism	in favor of	We should adopt libertarianism because individuals know their own best interests better than any third party.	0	0	0	0	0	0	1	0	0	0	6.0
1125	We should ban telemarketing	in favor of	telemarketing can cause distress for people who do not know how to get rid of the callers.	0	0	1	0	0	1	1	0	0	0	6.0
6003	The vow of celibacy should be abandoned	in favor of	to move with the modern times the vow of celibacy should be abandoned.	0	0	0	1	0	1	0	0	0	0	6.0
6951	Indian government should increase the minimum legal age of marriage for girls from 18 to 21 years	against	As per the government data of 2017, the average age of marriage for women is increased to 22.1 years. So, the change is voluntary. The change was mainly due to the improving education among women. So, the solution lies in encouraging education for girls, conducting awareness programs on the importance of education, financial independence and the consequences of teenage pregnancies should be conducted instead of passing a law to bring a real change in society.	1	0	0	0	0	0	1	0	0	0	6.0
291	We should ban fast food	in favor of	fast foods are extremely high in calories, and it's easy for a person to exceed the recommended number of calories when they eat fast foods	0	0	0	0	0	1	0	0	0	0	6.0
108	We should subsidize journalism	against	We should not subsidize journalism because there is already sufficient coverage of major issues from different viewpoints without government action.	0	0	0	0	0	1	1	0	0	0	6.0
6628	Assisted suicide should be a criminal offence	against	people have a basic right to bodily autonomy, deciding whether or not to die with minimal suffering and dignity is integral to that right.	0	0	1	0	0	0	1	0	0	0	6.0
7104	We should stop destabilizing developing countries by subsidized agricultural exports	against	It will take years before the local farmers will be able to give well paid jobs to the local workers. In the meantime you'll have a famine and a genocide. And I didn't even mention the effects of a sudden huge inflation wave.	0	0	0	0	1	1	0	0	0	0	6.0
434	We should ban targeted killing	against	We should not ban targeted killing as it is the only way to deal with particular criminals who are otherwise not able to be captured or killed.	0	0	1	0	0	1	0	0	0	0	6.0
3441	We should introduce compulsory voting	against	no one should be forced to do anything in our country.	0	0	0	0	0	0	1	0	0	0	6.0
3402	We should prohibit school prayer	against	prayer in school is not harming anyone or their rights so i do not think it should be prohibited.	0	0	0	0	0	0	1	0	1	0	6.0
3812	We should ban cosmetic surgery	against	a lack of confidence due to appearance can have a crippling impact on poeple's lives and cosmetic surgery can help reduce this.	1	0	0	0	0	1	1	0	0	0	6.0
6791	We should abandon television	in favor of	television causes obesity in children as it prevents them from being active.	0	0	0	0	0	1	0	0	0	0	6.0
3948	We should ban whaling	against	people's jobs depend on whaling, there is a whole industry which would be destroyed if whaling was banned, resulting in hardships for whole communities.	0	0	0	0	0	1	0	0	0	0	6.0
553	We should subsidize journalism	against	it could become partial to whoever pays	0	0	1	0	1	0	1	0	0	0	6.0
2974	We should adopt libertarianism	against	libertarianism would lessen government control and lead to anarchy.	0	0	1	0	0	1	0	0	0	0	6.0
1113	We should ban telemarketing	against	telemarketing is a perfectly valid marketing approach, and is a primary driver of economic activity.	1	0	0	0	1	0	1	0	0	0	6.0
6915	Referendums are good for the society	against	Referendums at times can lead to ill-informed decisions. Since the general public is politically inexperienced, they may not be able to gauge the long-term implications of their decisions.	1	0	0	0	0	0	0	0	0	0	6.0
3495	We should ban cosmetic surgery for minors	in favor of	the drive around cosmetic surgery and body modification of minor should be nipped in the bud. a minor should be concerned about academics not cosmetics.	1	0	1	0	0	0	0	0	0	0	6.0
3136	We should adopt an austerity regime	in favor of	an austerity regime would stabilize our government	0	0	0	0	1	1	0	0	0	0	6.0
1412	We should ban the use of child actors	in favor of	we should ban the use of child actors because they should be in school and learning	1	0	1	0	0	0	1	1	0	0	6.0
2354	We should subsidize student loans	against	student loans can be expensive and put young people in debt	1	0	0	0	1	1	0	0	0	0	6.0
3353	We should limit executive compensation	against	executive compensation provides incentive for people to take on high responsibliity positions that drive the economy to new heights creating even more wealth.	1	0	0	0	1	0	0	0	0	0	6.0
6884	Payday loans should be banned	against	for some people, a payday loan is all that keeps them from losing it all.  we cannot remove this vital lifeline.	0	0	0	0	1	1	0	0	0	0	6.0
3928	We should abolish the right to keep and bear arms	in favor of	we should abolish the right to keep and bear arms because i think we have the proper government and people to take care of and protect us.	0	0	0	0	1	1	0	0	0	0	6.0
5817	Assisted suicide should be a criminal offence	in favor of	making assisted suicide legal would put too much pressure on people with serious medical conditions to end their life so that they are not a burden to others	0	0	1	0	0	1	1	0	1	0	6.0
4670	Companies should fight moonlighting	against	Moonlighting can help in upskilling. A few people want to learn new skills apart from what they are working on in their primary job. This can help them in developing expertise in their field. Some might get bored with monotonous jobs and hence take up second jobs to learn new skills and thereby make their days exciting.	1	0	0	0	0	0	1	1	0	0	6.0
3530	We should subsidize space exploration	against	Space exploration is a field which the private sector is fully capable to fulfill, as Elon Musk shows us.	1	0	0	0	0	0	1	0	0	0	6.0
1871	We should adopt atheism	against	this country was founded on christian principles; we cannot abandon these customs.	0	0	0	0	0	0	1	0	1	0	6.0
1527	We should ban fast food	in favor of	fast food is leading to an obesity epidemic and a health crisis.	0	0	0	0	0	1	0	0	0	0	6.0
1359	We should limit executive compensation	against	limiting executive compensation would deter executives from doing their job correctly.	1	0	0	0	1	0	1	0	0	0	6.0
5002	We need a single immigration policy.	in favor of	But also those people who fear migrants, thinking they are all criminals (while 99% of them are people coming to work, improving their family's life, and paying taxes) will need someone to pay their retirement benefits/ pensions and to push their wheelchairs...	0	0	0	0	0	1	0	0	0	0	6.0
6460	Social media brings more harm than good	in favor of	cyber bullying continues to be an unresolved issue as well as vulnerability to lack of privacy.	0	0	1	0	0	1	1	0	0	0	6.0
5249	There should be a European Common Defence and Security Alliance	in favor of	We need to revisit the idea of a defense union that is independent of NATO. National armies of EU states should be able to cooperate. This includes the same equipment, the same training and the same battle language.  	1	0	0	0	0	1	1	0	0	0	6.0
6455	Blockade of the Gaza Strip should be ended	in favor of	blockage of the gaza strip strip should be ended because the people should be able to cross the boarder	0	0	0	0	0	0	1	0	0	0	6.0
3444	We should subsidize embryonic stem cell research	in favor of	embryonic stem cell research helps save and improve lives.	0	0	0	0	0	1	0	0	0	0	6.0
6794	Entrapment should be legalized	in favor of	legalize entrapment so we can stop crimes before they happen	0	0	1	0	1	1	0	0	0	0	6.0
3346	We should ban human cloning	against	human cloning helps to eradicate diseases and should not be banned	0	0	0	0	0	1	0	0	0	0	6.0
7086	We should preserve European culture	in favor of	Europe’s rapid Islamisation must be stopped. It is, therefore, necessary to stop the illegal migration of African and Asian people who do not fit with European culture.	0	0	0	0	0	1	0	0	1	0	6.0
4065	We should ban cosmetic surgery	against	cosmetic surgery is a fundamental right of a person to be able to  do what they want to their own body and the governmental should not be able to interfere with that right.	0	0	0	0	0	1	1	0	0	0	6.0
1331	We should ban factory farming	against	this method increases meat products to meet the high demand.	1	0	0	0	0	0	0	0	0	0	6.0
4753	Betting and gambling should be legalized in India	against	Gambling addiction can lead to increase in crime rates, mental illnesses.	0	0	0	0	0	1	0	0	0	0	6.0
1276	We should abandon the use of school uniform	against	school uniforms should still be used because they can increase student focus	1	0	1	0	0	1	0	0	1	0	6.0
6521	Social media brings more harm than good	against	social media has allowed us to connect to likeminded individuals around the world whom we wouldn't be able to communicate with otherwise.	0	0	0	0	0	1	0	0	0	0	6.0
7334	We should prohibit capital monopoly.	in favor of	The purpose of anti-monopoly is not to combat a few monopolies, but to oppose the abuse of monopoly.	0	0	1	0	0	0	1	0	0	0	6.0
6385	Foster care brings more harm than good	in favor of	foster care families don't really take care of the children and instead use them to earn extra income	0	0	1	0	0	1	0	0	0	0	6.0
575	We should ban algorithmic trading	against	algirithmic trading reduces the possibilty of error and just furthers profit for finance companies	1	0	0	0	1	0	0	0	0	0	6.0
32	We should abolish the three-strikes laws	against	this law keeps communities safe by not letting criminals run rampant with only slaps on the wrist	0	0	1	0	0	1	0	0	0	0	6.0
593	We should legalize prostitution	in favor of	legalizing prostitution could allow for regulations that make prostitutes and the people that use their services safer and healthier.	0	0	0	0	0	1	0	0	0	0	6.0
2642	We should ban fast food	in favor of	Fast food is a leading cause of obesity in the world and needs to be banned.	0	0	0	0	0	1	0	0	0	0	6.0
956	We should abolish the Olympic Games	against	they increase tourist activities and are a boost to the local economy.	1	0	0	1	1	0	0	1	0	0	6.0
4374	We should cancel pride parades	against	pride parades are a support mechanism to allow gay people to feel that they are not alone and can be proud of who they are.	1	0	0	0	0	1	0	0	0	0	6.0
5021	The EU should equalize the retirement age for all Europeans. 	against	Retirement is often funded by taxes and taxes are decided by each member state. So each member state should also be the one who decides how those taxes are spent. For some countries, a retirement age of 65 may be unaffordable or undesirable, while for others it may not.	0	0	0	0	1	0	1	0	0	0	6.0
2744	We should subsidize student loans	in favor of	for some students taking a student loan is the only way to afford studying	1	0	0	0	0	1	1	0	0	0	6.0
947	We should stop the development of autonomous cars	against	autonomous cars could prevent traffic jams and accidents.	1	0	0	0	0	1	0	0	0	0	6.0
4314	We should ban factory farming	in favor of	it would make prices lower for consumers	0	0	0	0	1	1	0	0	0	0	6.0
457	We should ban algorithmic trading	against	programmes will always evolve to make better use of trading practices, so holding people back from using algorithmic trading will only serve to slow down progress.	1	0	0	0	1	0	0	0	0	0	6.0
6732	The vow of celibacy should be abandoned	in favor of	the vow of celibacy should be abandoned as monogamy is a personal choice and has nothing to do with the legal rights of married couples, it is a personal matter between them.	0	0	0	0	0	0	1	0	0	0	6.0
2266	We should abolish intellectual property rights	against	companies invest billions into research, if there are no rights it would dissuade companies from conducting research in the first place.	1	0	0	0	1	0	1	0	0	0	6.0
3635	We should adopt an austerity regime	in favor of	an austerity regime allows for the restructuring of economic for a country which can provide financial benefits.	1	0	0	0	1	1	0	0	0	0	6.0
6437	Homeopathy brings more harm than good	in favor of	when people use homeopathy instead of traditional medicines their health can suffer.	0	0	0	0	0	1	0	0	0	0	6.0
4427	We should prohibit school prayer	against	school prayer adds structure to a students life and enables them to display their beliefs.	0	0	1	0	0	1	0	0	1	0	6.0
7252	We should strengthen Frontex and control immigration.	in favor of	Frontex must be given powers and resources to shut down the migratory routes entirely.	0	0	0	0	1	1	0	0	0	0	6.0
2319	We should abolish the Olympic Games	against	the olympic games should not be abolished as they bring the world together to see outstanding sport and encouges young people to take up sport andd strive for success	1	0	0	1	0	1	0	1	0	0	6.0
465	We should abandon the use of school uniform	in favor of	Adolescents can be very self-conscious about their appearance. If a student thinks their uniform is unflattering, it may cause them discomfort and embarrassment.	0	0	0	0	0	1	0	0	0	0	6.0
6397	The vow of celibacy should be abandoned	against	the vow of celibacy should be up to each individual.	0	0	0	0	0	0	1	0	0	0	6.0
2217	We should abolish the right to keep and bear arms	in favor of	the right to keep and bear arms is putting everyone in danger and making mass-shootings more easily done.	0	0	0	0	0	1	0	0	0	0	6.0
757	We should ban telemarketing	in favor of	telemarketing should be banned because it is disruptive to the course of the day for many people.	0	0	1	1	0	0	1	0	0	0	6.0
2973	We should subsidize Wikipedia	against	wikipedia has always been free to use and should continue to be free without subsidies.	0	0	1	0	0	1	0	0	0	0	6.0
3176	We should ban human cloning	against	without further testing and experimentation, the outcome of human cloning will never be known so should not be banned.	0	0	0	0	0	0	1	0	0	0	6.0
4968	There should be no immigration from non-European or non-first-world countries 	in favor of	The migrants that are already (legally) here should be taught western values so they and their families can integrate/assimilate, as the age-old saying goes 'when in Rome, do as the Romans do'.	0	0	0	0	0	1	0	0	1	0	6.0
1657	We should limit executive compensation	against	executive compensation provides motivation for executives to act in ways that are beneficial to the company and shareholders.	1	0	0	0	1	0	0	0	0	0	6.0
1317	We should end mandatory retirement	in favor of	if someone can still work they should be allowed. it will cause less strain on social security.	1	0	1	0	1	0	1	0	0	0	6.0
6853	Intelligence tests bring more harm than good	against	Intelligence tests give us the ability to pinpoint topics that students struggle with so that educators can learn where to focus their efforts.	1	0	0	0	0	0	0	0	0	0	6.0
1178	We should ban telemarketing	against	we shouldn't ban telemarketing because it is a useful way to make sales and it isn't overly abusive to people	1	0	0	0	1	0	0	0	0	0	6.0
6368	Homeopathy brings more harm than good	against	many people don't trust doctors and would rather take matters into their own hands; it's their body and they can try whatever homeopathic remedy they want	0	0	0	0	0	0	1	0	0	0	6.0
4129	We should oppose collectivism	in favor of	While society and the collective may be long lasting, individuals are only afforded a single life, and therefore should prioritize that over the lives of others.	0	0	0	0	0	0	1	0	0	0	6.0
3846	We should legalize cannabis	against	it is a gateway drug that can lead to far worse drugs	0	0	1	0	0	1	0	0	0	0	6.0
6795	Foster care brings more harm than good	in favor of	being placed with strangers can be traumatic	0	0	0	0	0	1	0	0	0	0	6.0
2941	We should ban telemarketing	against	telemarketing is a good medium for businesses to use to expand their client base and make more people aware of their company and products, thus increasing their income	1	0	0	0	1	0	0	0	0	0	6.0
660	We should subsidize Wikipedia	in favor of	wikipedia is a valuable source of information in all things and would be missed if it were not able to continue due to lack of support	1	0	1	0	0	0	0	0	0	0	6.0
1815	We should adopt gender-neutral language	against	adopting gender-neutral language will cost lots of money to fix signs, letters, forms, etc.	0	0	0	0	1	1	0	0	1	0	6.0
2365	We should stop the development of autonomous cars	against	autonomous cars can help those without the capability of driving be able to have consistent transportation when they don't otherwise.	1	0	0	0	0	1	0	0	0	0	6.0
2086	We should ban cosmetic surgery	against	everyone should have a right to be happy.	0	0	0	1	0	1	1	1	0	0	6.0
2457	We should ban the use of child actors	in favor of	we should ban the use of child actors because it strips them of childhood, let them be children and play and mess around	0	0	0	1	0	0	1	0	0	0	6.0
5791	We should abandon television	against	television provides entertainment for all ages and can be very enjoyable.	0	0	0	1	0	1	1	1	0	0	6.0
6575	Payday loans should be banned	against	payday loans shouldn't be banned for our well with society	0	0	0	0	0	1	1	0	0	0	6.0
3445	We should subsidize Wikipedia	in favor of	it is a valuable resource so a subsidy would help by allowing the website to produce and edit more quality articles	1	0	0	0	1	0	0	0	0	0	6.0
10	We should adopt gender-neutral language	against	gender neutral language is just another way to try to please a group.  we have two sexes, men and women and they should be differentiate by the use of words.	0	0	1	0	0	0	0	0	1	0	6.0
5957	Holocaust denial should be a criminal offence	against	free speech should not be a criminal offense.	1	0	0	0	0	0	1	0	0	0	6.0
4758	Chinese products should be banned in India	in favor of	India has a huge trade deficit with China. For the year 2017-18, India's imports from China are worth $76.2 billion dollars, whereas India's exports to China are worth $33 billion dollars. So, there is a need to reduce this trade deficit. 	1	0	0	0	0	1	0	0	0	0	6.0
1925	We should adopt a multi-party system	against	if it ain't broke, don't fix it. it is working and has for a long time.	1	0	0	0	0	1	0	0	1	0	6.0
1291	We should abolish the Olympic Games	against	We should not abolish the Olympic Games as they are viewed as the pinnacle of success for many athletes around the world.	1	0	0	0	0	0	0	1	1	0	6.0
13	We should subsidize journalism	in favor of	It is important for news organizations to transfer to new forms of media, like the internet, but it is costly and requires subsidization.	0	0	0	0	0	0	1	0	0	0	6.0
741	We should abolish the right to keep and bear arms	against	guns are already ubiquitous and outlawing them will only keep them out of the hands of lawful owners.	0	0	0	0	0	1	0	0	0	0	6.0
2261	We should abolish the right to keep and bear arms	against	We should not abolish the right to keep and bear arms as this is our fundamental right and should not be something for debate.	0	0	1	0	0	0	1	0	1	0	6.0
776	We should ban factory farming	against	it is the most efficient way to produce food	1	0	0	0	0	1	0	0	0	0	6.0
101	We should adopt a multi-party system	against	the two-party system is cheaper and easier to operate that any multi-party system	0	0	0	0	0	1	0	0	1	0	6.0
2251	We should adopt a zero-tolerance policy in schools	in favor of	adopting a zero tolerance rule in schools is good for safety.	0	0	1	0	0	1	0	0	0	0	6.0
860	We should ban private military companies	in favor of	we should ban this because they cant be controlled and could turn against the government or people. they also might cause more problems then help solve them.	0	0	1	0	0	1	0	0	0	0	6.0
4089	We should limit executive compensation	against	Limiting executive compensation would deincentivise the most talented in the financial sector who would then go to work in other countries	1	0	0	0	0	0	0	0	0	0	6.0
449	We should subsidize embryonic stem cell research	against	i don't think tax dollars should be going towards researching embryonic stem cells.   there is much better usage for our money than that.   we do not need to subsidize this.	0	0	0	0	1	1	0	0	0	0	6.0
4594	India should store the data within the territorial boundaries of the country	in favor of	India is a big consumer market for many foreign companies. So, India and other developing countries are realizing the economic value of the data and the importance of data localization. With data localization, domestic companies and the country’s economy will be benefited. And we can also ensure the security of the data.	0	0	0	0	1	1	1	0	0	0	6.0
6439	The use of public defenders should be mandatory	against	making a public defender mandatory takes away choice from those who may wish to find their own attorney or even just represent themselves.	0	0	0	0	0	0	1	0	0	0	6.0
5705	The use of public defenders should be mandatory	against	The use of public defenders should not be mandatory because it will discourage law students from going into criminal litigation, since the pay is much lower for public defenders than private.	1	0	0	0	0	1	0	0	0	0	6.0
6673	Social media brings more harm than good	in favor of	social media contributes to the fomo culture.	0	0	1	0	0	1	1	0	0	0	6.0
3393	We should stop the development of autonomous cars	in favor of	automated cars will displace a lot of people working today and a lot of people will need to be retrained for other jobs. (if they exist.)	0	0	0	0	1	1	0	0	0	0	6.0
1825	We should adopt gender-neutral language	against	we shouldn't have to change the british language to conform to others' needs	0	0	0	0	0	1	0	0	1	0	6.0
3428	We should subsidize Wikipedia	against	we should not subsidize wikipedia because the information contained in it is not validated. if published information is going to be subsidized then it should be from accredited sources.	1	0	0	0	1	0	0	0	0	0	6.0
4781	Aadhaar should be made mandatory in India	against	Failed biometric authentication.	0	0	0	0	0	0	1	0	0	0	6.0
6905	We should abandon television	against	television offers so many chances to learn about and see things we would never experience right where we live	1	0	0	0	0	0	1	1	0	0	6.0
4178	We should abolish intellectual property rights	in favor of	intellectual property rights prevent the free flow of information and innovation, and should be abolished.	0	0	0	0	0	0	1	0	0	0	6.0
6687	Assisted suicide should be a criminal offence	in favor of	suicide is illegal and so is killing, so how is assisted suicide going to be legal?	0	0	1	0	0	1	0	0	0	0	6.0
2394	We should legalize prostitution	against	prostitution is immoral and goes against all the values ​​of a decent society	0	0	1	0	0	1	0	0	1	0	6.0
6478	Social media brings more harm than good	against	For a company, social media platforms are a great way to keep in touch with their customer base and showcase new products.	1	0	0	0	0	0	0	0	0	0	6.0
7294	We should ban the trading of virtual currencies.	against	Virtual currencies have changed the way of commercial realization. The birth of virtual currency, the token system, is designed to overturn the current business logic.	0	0	0	0	0	0	1	0	0	0	6.0
2699	We should ban factory farming	in favor of	factory farming provides negative outcomes across several areas, the most important of which is personal livelihood, so it should be banned.	0	0	0	0	0	1	0	0	0	0	6.0
1802	We should end mandatory retirement	in favor of	we should end mandatory retirement these days people need to work longer to afford to live because of inflation.	0	0	0	0	1	1	0	0	0	0	6.0
6793	Entrapment should be legalized	in favor of	entrapment can help rid our society of criminals and therefore should be legalized	0	0	0	0	0	1	0	0	0	0	6.0
1528	We should abolish intellectual property rights	against	creative work is just as important as physical work and authors should be compensated	1	0	0	0	1	0	1	0	0	0	6.0
6287	We should abandon television	in favor of	too much of peoples time is spent watching television	0	0	0	0	0	1	1	0	0	0	6.0
4364	We should introduce compulsory voting	against	we should not  introduce compulsory voting because in a democracy people should be free to choose their own actions.	0	0	0	0	0	0	1	0	0	0	6.0
1265	We should adopt libertarianism	in favor of	libertarianism give more freedom to the people and cuts out government influence in their lives.	0	0	0	0	0	0	1	0	0	0	6.0
1818	We should adopt a multi-party system	against	multi-party systems encourage the formation of weak and unstable coalitions that achieve little beyond their own day to day survival	1	0	0	0	0	1	0	0	0	0	6.0
4148	We should subsidize student loans	in favor of	we should subsidize student loans because it can help them manage future finances	0	0	0	0	0	1	0	0	0	0	6.0
1286	We should abolish safe spaces	against	young people aren't conscious of what effect what they say has on someone else and a safe space prevents them from doing anything to anyone else	0	0	1	0	0	1	1	0	0	0	6.0
1052	We should subsidize embryonic stem cell research	against	like many other advances in science the government should not have to subsidize the research.  if the benefits are there the private sector will find a way to get results.	0	0	1	0	1	1	1	0	1	0	6.0
5183	We do not want immigration from non-European or non-first-world countries 	in favor of	No more non-European immigration. The native Europeans have said NO.	0	0	0	0	1	0	1	0	0	0	6.0
4759	Chinese products should be banned in India	in favor of	Imports from China are hurting the businesses of Indian manufacturers, especially Medium Small &amp; Micro Enterprises (MSME) sector. China is able to produce products for cheaper prices because of its mass production methods. 	1	0	0	0	0	1	0	0	0	0	6.0
5408	Social media brings more harm than good	in favor of	social media brings more harm than good because it causes people to judge themselves too harshly in comparison of the seemingly perfect lives of others online.	0	0	0	0	0	1	1	0	0	0	6.0
1716	We should ban algorithmic trading	against	algorithmic trading is an easy way to keep money moving and to make a profit so there is no reason to ban it.	1	0	0	0	1	0	0	0	0	0	6.0
2287	We should cancel pride parades	in favor of	pride parades are offensive to a lot of people	0	0	1	0	0	1	0	0	0	0	6.0
2426	We should adopt atheism	against	the right to practice religion is a personal freedom that cannot be taken away as it is a source of comfort to many.	0	0	0	0	0	1	1	0	1	0	6.0
7279	We should abolish the 996 overtime system	against	Corporate management seeks to maximize profits, and China's 996 overtime system can reduce operating costs, especially labor costs.	1	0	0	0	1	0	0	0	0	0	6.0
1489	We should oppose collectivism	in favor of	collectivism too often causes the individual to suffer needlessly	0	0	0	0	0	1	1	0	0	0	6.0
4960	There should be no immigration from non-European or non-first-world countries 	in favor of	European citizens are the future of Europe! 	0	0	0	0	0	1	0	0	0	0	6.0
3778	We should legalize sex selection	against	countries that used sex selection, like china, now have a problem with two many older men and not enough women to marry them and have more children for the next generation.	0	0	0	0	0	1	0	0	0	0	6.0
4234	We should abolish the right to keep and bear arms	in favor of	we are getting to the point where even children cannot go to school and be 100% safe - this has to be stopped.	1	0	0	0	0	1	0	0	0	0	6.0
6472	Entrapment should be legalized	in favor of	it should be legal so that police can get all the drug dealers off the streets	0	0	1	0	0	1	0	0	0	0	6.0
5530	Entrapment should be legalized	in favor of	when a person is entrapped, it is because they pose a danger to the community hence the need for it.	0	0	0	0	0	1	0	0	0	0	6.0
773	We should legalize organ trade	in favor of	people are more likely to share their organs if there is financial benefit to them, increasing supply.	0	0	0	0	1	1	1	0	0	0	6.0
6980	The Internet should be censored	in favor of	Internet censorship helps in maintaining Cybersecurity.	0	0	0	0	0	1	1	0	0	0	6.0
4340	We should ban private military companies	against	it should not be prohibited, i think that the military also has the right to set up their businesses and companies	0	0	1	0	0	0	1	0	0	0	6.0
5257	There should be a stronger partnership between the EU and the African Union	in favor of	Africa has a lot of bright young people with sometimes incredible ideas. If these young people create for example remote learning opportunities for African students, we should not only sponsor such projects but make exchange possible for young people in Europe to create similar items for example to foster MINT skills throughout Europe. Give more opportunities for young people from both sides to meet, exchange, and ventilate new ideas. 	1	0	0	0	0	0	1	0	0	0	6.0
3914	We should stop the development of autonomous cars	against	many people who are not capable to drive, would be able to commute easily with autonomous cars	1	0	0	0	0	1	1	0	0	0	6.0
177	We should abolish the right to keep and bear arms	against	the right to bear arms is a fundamental right since the creation of  this country, and should be protected.	0	0	0	0	0	1	1	0	1	0	6.0
1585	We should cancel pride parades	in favor of	pride parades cause violence and hate	0	0	1	0	0	1	0	0	1	0	6.0
2382	We should abandon the use of school uniform	in favor of	school unifoorm creates a sense of community and takes away some aspects that can lead to bullying	0	0	1	0	0	1	0	0	0	0	6.0
54	We should legalize cannabis	against	cannabis is highly addictive, studies show up to one-in10 users develop dependence over time	0	0	0	0	0	1	1	0	0	0	6.0
710	We should fight for the abolition of nuclear weapons	against	nuclear weapons provide us security in times of war.	0	0	0	0	1	1	0	0	0	0	6.0
5549	Homeschooling should be banned	against	homeschooling should not be banned because some kids get picked on and a safe home setting is best place to learn.	1	0	0	0	0	1	0	0	0	0	6.0
484	We should limit executive compensation	in favor of	we should limit executive compensation for national ecomics	0	0	0	0	1	1	0	0	0	0	6.0
2232	We should ban factory farming	in favor of	factory farming takes away jobs from people who know no other work.	1	0	0	0	1	1	0	0	0	0	6.0
3300	We should subsidize Wikipedia	in favor of	wikipedia should be financed different ways	1	0	0	0	0	1	0	0	0	0	6.0
4037	We should end mandatory retirement	against	mandatory retirement makes room in the workforce for younger more able bodied individuals to work.	1	0	0	0	0	1	0	0	0	0	6.0
3817	We should adopt an austerity regime	in favor of	we need to find a way for the government to pay its debt	0	0	0	0	1	1	0	0	0	0	6.0
245	We should legalize prostitution	in favor of	Legalizing prostitution would make the profession less dangerous and less hazardous to one's health.	1	0	0	1	0	1	0	0	0	0	6.0
6629	Intelligence tests bring more harm than good	against	intelligence tests helps to find out gifted kids	1	0	0	0	0	0	0	0	0	0	6.0
1016	We should adopt libertarianism	in favor of	libertarianism disavows government control and allows people to have liberties that have been stifled by the governing body.	0	0	0	0	0	1	1	0	0	0	6.0
4581	Technology is making us feel less human	against	Technology is enabling us to work from home. This facility is helping employers to be more understanding towards employees. Many companies are now adding elements to work culture with the help of technology to make employees feel important.	0	0	0	0	0	1	1	0	0	0	6.0
4258	We should adopt an austerity regime	against	austerity only suppresses the economy and makes the situation worse and for a longer period of time	0	0	0	0	1	1	0	0	0	0	6.0
3816	We should legalize cannabis	against	cannabis can harm brain chemistry in children.	0	0	0	0	0	1	0	0	0	0	6.0
6635	Foster care brings more harm than good	in favor of	foster care is simply a band-aid over the real issues and doesn't provide a remedy to the problem that is obviously in need.	1	0	0	0	0	0	0	0	0	0	6.0
2562	We should subsidize space exploration	against	the space exploration can be private and get money from private funds, why should we keep it?	0	0	0	0	1	0	0	0	0	0	6.0
4875	We need a common migration and asylum policy, based on respect for rights and equal treatment	against	More illegal and legal migration will lead to more unemployment, lower wages, more insecurity, and less sustainable social systems.	0	0	0	0	1	1	0	0	0	0	6.0
6850	Holocaust denial should be a criminal offence	against	freedom of speech is an important part of democracy	0	0	0	0	0	0	1	0	1	0	6.0
3783	We should adopt libertarianism	in favor of	people should be free to live like they wish	0	0	0	0	0	0	1	0	0	0	6.0
4874	The European Union should support and integrate immigrant people to ensure that they live with dignity and equality with all European citizens	against	Successful migration is only possible when there is a vacancy in the host country, and the migrant has the required qualifications. Unlimited mass migration is the greatest existential threat to the EU.  Even more so than the CO2 threat.	0	0	0	0	0	1	0	0	0	0	6.0
6564	Payday loans should be banned	against	people who use payday loans already have little to no other options. it's wrong to take the only thing away someone can use in an emergency. it could mean life or death depending on the situation.	0	0	0	0	0	1	1	0	0	0	6.0
2091	We should adopt atheism	against	anyone is entitled to believe in whatever they want, god or no god	0	0	0	0	0	1	1	0	1	0	6.0
1025	We should ban the Church of Scientology	in favor of	the church of scientology should be banned simply because it's wrong for a belief system to dictate how your medical care can and cannot happen - like psychiatry.	0	0	0	0	0	1	1	1	0	0	6.0
2126	We should abolish capital punishment	against	Without capital punishment we would have more problems with over-crowding in prisons.	0	0	1	0	0	1	0	0	0	0	6.0
4679	We should stop using cash	against	Technical issues in banking can halt access to our money. This can interfere with our daily lives.	0	0	0	1	1	1	1	1	0	0	6.0
1461	We should ban whaling	against	whaling provides jobs and income for many people	0	0	0	0	1	1	0	0	1	0	6.0
5908	Payday loans should be banned	against	The alternative to having a system of payday loans is that people are unable to pay their bills or get needed immediate assistance, costing both long and short term harms.	0	0	0	0	1	1	1	0	0	0	6.0
6614	Intelligence tests bring more harm than good	in favor of	intelligence tests bring more harm than good because it will make people feel dumb if they get a low score	0	0	1	0	0	1	0	0	0	0	6.0
2537	We should legalize sex selection	against	sex selection should not be legalized as it is counter to biblical teachings	0	0	1	0	0	0	0	0	1	0	6.0
2	We should end the use of economic sanctions	against	sometimes economic sanctions are the only thing that will get the corrupt governments to take action	0	0	0	0	1	1	0	0	0	0	6.0
17	We should subsidize embryonic stem cell research	in favor of	embryonic stem cell research should be subsidized because it may lead to the development of treatments for a number of serious medical conditions.	0	0	0	0	0	1	0	0	0	0	6.0
4383	We should ban human cloning	against	cloning could prevent defective genes from being passed	0	0	0	0	0	1	0	0	0	0	6.0
1249	We should ban targeted killing	against	sometimes we need to eliminate threats from afar and not risk putting people in more danger so target killing is necessary.	0	0	0	0	0	1	0	0	0	0	6.0
4784	Organ donation should be made compulsory	in favor of	Many people are in need of organ replacement surgeries to survive. There is a shortage of organ donors. Hence compulsory organ donation after death can ensure that no one will die due to the non-availability of healthy organs.	0	0	0	0	0	1	0	0	0	0	6.0
6404	Homeschooling should be banned	in favor of	homeschooling is not regulated enough.	1	0	1	0	0	1	0	0	0	0	6.0
2710	We should abolish intellectual property rights	in favor of	we should abolish intellectual property rights as the law is very complex and it is very easy to infringe copyright.	1	0	0	0	0	0	1	0	0	0	6.0
1466	We should introduce compulsory voting	against	people should be allowed to not vote as a way to protest the government	1	0	0	0	1	0	1	0	0	0	6.0
7299	We should ban the trading of virtual currencies.	against	Portable, because it is a virtual currency, so it is highly portable when it is bought and sold.	1	0	0	0	0	0	0	0	0	0	6.0
720	We should prohibit school prayer	against	we shouldn't prohibit school prayer because is important for religious education	1	0	0	0	0	0	1	0	1	0	6.0
3894	We should abolish the three-strikes laws	in favor of	Three strikes laws are difficult to understand or conceptualize, so they are ineffective at preventing crime.	1	0	0	0	0	1	0	0	0	0	6.0
59	We should abandon the use of school uniform	in favor of	School uniforms are too expensive and many parents can not afford the extra expense.	0	0	0	0	0	1	0	0	0	0	6.0
5162	Esperanto should replace English as the first foreign language in schools and universities	in favor of	To build a common European understanding and to create a European identity, we need our own common language. 	1	0	0	0	1	1	0	0	0	0	6.0
2188	We should adopt an austerity regime	against	an austerity regime can prevent people from having the funds they need to live the life they chose.	0	0	0	0	1	1	1	1	0	0	6.0
6721	The vow of celibacy should be abandoned	against	the vow of celibacy is too important to do away with.  it shows that there is nothing more important than the church and is a true goal worth striving for.	1	0	1	0	0	0	0	0	1	0	6.0
4460	We should ban fast food	against	people have the right to eat anything they would like.	0	0	0	1	0	0	1	0	0	0	6.0
2598	We should adopt an austerity regime	against	an austerity regime promotes the continuation and growth of a country's debt which allows dependence on others instead of addressing and repairing issues of a particular country preventing self-growth.	0	0	0	0	1	1	1	0	0	0	6.0
1193	We should introduce compulsory voting	against	if someone has no choice it is wrong to insist that they choose	0	0	0	0	0	0	1	0	0	0	6.0
2955	We should end the use of economic sanctions	in favor of	we should end it because it puts restrictions on countries and this way we can freely trade.	1	0	0	0	1	1	1	0	0	0	6.0
2818	We should legalize cannabis	in favor of	legal marijuana can add millions of dollars in federal taxes paid by cannabis businesses	0	0	0	0	1	1	0	0	0	0	6.0
6468	Surrogacy should be banned	in favor of	surrogacy should be banned. it puts women life in danger by turning them into making machines	0	0	0	0	0	1	0	0	0	0	6.0
6690	Assisted suicide should be a criminal offence	against	a person who is terminally ill and suffering should be given the right to end his suffering, under medical supervision.	0	0	0	0	0	0	1	0	0	0	6.0
2546	We should abolish intellectual property rights	against	intellectual property rights protect someone's research and hard work ensuring that they can be recognized and recompensed for their efforts.	1	0	0	0	1	0	1	0	0	0	6.0
20	We should legalize cannabis	against	if you start legalizing drugs it could open up the floodgates for more legalization of dangerous drugs.	0	0	0	0	0	1	0	0	0	0	6.0
944	We should subsidize embryonic stem cell research	against	some religions do not believe in this sort of research.	0	0	0	0	0	0	1	0	1	0	6.0
3261	We should ban cosmetic surgery	against	cosmetic surgery as helped a lot of accident victims regain there injured and lost body parsty	0	0	0	0	0	1	1	0	0	0	6.0
55	We should adopt gender-neutral language	against	we should not adopt gender neutral language because were created as male and female	0	0	0	0	0	0	0	0	1	0	6.0
1364	We should ban telemarketing	against	let the free market determine whether telemarketing is a viable option	0	0	0	0	1	0	1	0	0	0	6.0
2356	We should ban algorithmic trading	in favor of	algorithmic trading will destroy traditional trading occupations.	1	0	0	0	1	1	0	0	1	0	6.0
118	We should ban the Church of Scientology	in favor of	scientology is actually a wealthy cult and members are abused physically and financially.	0	0	0	0	0	1	1	0	0	0	6.0
5322	Every young European should be asked to go live in another country for 1 year at least	against	No duck would like to live with eagles or sparrows.  That's nature, not wishful thinking.	0	0	0	0	0	0	1	0	0	0	6.0
342	We should adopt an austerity regime	in favor of	austerity regimes provide an avenue for the government to balance up financial deficits and save the country from economic collapse	0	0	0	0	1	1	0	0	0	0	6.0
1416	We should ban cosmetic surgery	against	cosmetic surgery is a personal option in a safe environment with minimal risk	1	0	0	0	0	0	1	0	0	0	6.0
130	We should abolish safe spaces	in favor of	Safe spaces stifle dialogue about controversial topics, such as race, gender and religion.	0	0	0	0	0	0	1	0	0	0	6.0
846	We should subsidize student loans	in favor of	Students are and will always be the backbone of the society. It's compulsory to support these growing students in becoming true, well educated citizens to support the economy.	1	0	0	0	1	1	0	0	0	0	6.0
714	We should ban fast food	in favor of	fast food has proven to be detrimental to the health of all people and should be banned immediately.	0	0	0	0	0	1	0	0	0	0	6.0
400	We should ban cosmetic surgery	against	we should not ban cosmetic surgery because there are some people that are seriously need it done to improve their lifestyles	0	0	0	1	0	1	1	1	0	0	6.0
6301	We should subsidize vocational education	in favor of	we should subsidize vocational education because it would improve student life outcomes and improve the economy by filling more jobs	1	0	0	0	1	1	0	0	0	0	6.0
5911	We should abandon television	against	television is still the best media for watching big events such as the super bowl	1	0	0	1	0	0	0	1	0	0	6.0
3198	We should oppose collectivism	in favor of	collectivism requires too much individual compromise.	0	0	0	0	0	0	1	0	0	0	6.0
199	We should abolish intellectual property rights	in favor of	we should abolish intellectual property rights to break to the barriers if innovation, barring people from building on and improving ideas is counter productive	1	0	0	0	0	0	1	0	0	0	6.0
3747	We should adopt a zero-tolerance policy in schools	in favor of	we need to have the safest possible learning environment, as this enables students to perform at their best.	1	0	0	0	0	1	0	0	0	0	6.0
3306	We should adopt a multi-party system	against	a multiparty system would be too decentralized	0	0	0	0	1	1	0	0	0	0	6.0
6561	Homeschooling should be banned	against	homeschooling is a great way for kids to get an education if they live a great distance from the school or their parents can't commute there everyday due to money or distance.	1	0	0	0	0	1	0	0	0	0	6.0
211	We should ban human cloning	in favor of	humans don't have the right to play god with genetics	0	0	1	0	0	0	0	0	0	0	6.0
3804	We should ban telemarketing	in favor of	telemarketing is an unwarranted and intrusive breach of a person's privacy, selling useless goods and services not requested by the consumer.	0	0	1	0	0	0	1	0	0	0	6.0
4054	We should end mandatory retirement	against	mandatory retirement encourages renewal and revitalization in the workforce and so should be maintained.	1	0	0	0	1	0	0	0	0	0	6.0
115	We should abandon the use of school uniform	in favor of	if you are not required to wear a uniform, you are free to choose clothing styles that are more favorable to your body type and coloring, which allows you to look your best	0	0	0	1	0	0	1	1	0	0	6.0
6414	Holocaust denial should be a criminal offence	against	a person's opinions are the beliefs of that individual and the freedom of one's thoughts should not be infringed upon.	0	0	1	0	0	0	1	0	0	0	6.0
2182	We should abandon the use of school uniform	in favor of	mandatory uniform policies denying parents rights to raise children without government intervention	0	0	0	0	0	0	1	0	0	0	6.0
814	We should subsidize student loans	in favor of	we should subsidize student loans to ensure all who seek a good education can obtain one. this sets up success for life which also saves the government money when people are self sufficient	1	0	0	0	1	1	0	0	0	0	6.0
2631	We should ban fast food	against	fast food is a cheap treat and to ban it would be to take the joy out of life for many people.	0	0	0	1	0	1	0	0	0	0	6.0
5282	The European Union has no other choice than to reject all immigration, except for workers they need.	in favor of	Africa and the Middle East have the highest birthrate in the World. Africa has up to 7 children per woman. The EU has 1,55.  It is this high birthrate that keeps them poor. There is almost nothing the EU can do about it.	1	0	0	0	1	1	0	0	0	0	6.0
5436	Homeschooling should be banned	in favor of	children have a right to education and ignorant parents that think they are more qualified than they are should not have tyranny over that right	1	0	1	0	0	1	0	0	0	0	6.0
4302	We should adopt atheism	against	there would be a decrease in morals and morality	0	0	1	0	0	0	1	0	0	0	6.0
2222	We should end mandatory retirement	in favor of	different people age differently so if a person can phyisically and mentally handle a job, the more power to them	1	0	0	0	0	0	1	0	0	0	6.0
4555	We should adopt atheism	against	People should be allowed to choose how to believe freely and not forced to accept the beliefs of atheism.  Each person has a mind and can make their own decision and should be allowed the freedom of choice.	0	0	0	0	0	0	1	0	0	0	6.0
5443	Entrapment should be legalized	in favor of	entrapment should be legalized because it can be useful to weed out all the criminals. if you are entrapped, your true self will show if you commit a crime.	0	0	0	0	0	1	0	0	0	0	6.0
2451	We should ban missionary work	against	we should not ban missionary work because otherwise, people would not know what the bible means. they may not ever be exposed to the information at all if there were not missionaries.	0	0	0	0	1	0	0	0	1	0	6.0
1898	We should prohibit school prayer	against	people have the right to pray where they want to.	0	0	0	0	0	0	1	0	1	0	6.0
6239	The vow of celibacy should be abandoned	in favor of	the vow of celibacy is an outdated tradition that deters otherwise eligible men from priesthood	0	0	0	0	0	1	0	0	1	0	6.0
3185	We should adopt atheism	against	we are a nation founded on christianity so atheism goes against our natural beginnings.	0	0	0	0	0	1	0	0	1	0	6.0
6242	Assisted suicide should be a criminal offence	in favor of	assisting suicide is the same of assisting murder.  both are crimes.	0	0	1	0	0	1	0	0	0	0	6.0
6222	Intelligence tests bring more harm than good	in favor of	they can lead to a feeling of insecurity	0	0	0	0	0	1	0	0	0	0	6.0
4625	We should adapt the viable pay incentive scheme	in favor of	Variable pay definitely increases the productivity of employees. High-performing individuals feel well-compensated and rewarded for their efforts, while the under-performing ones also feel motivated to improve.	1	0	0	0	1	1	1	0	0	0	6.0
149	We should adopt an austerity regime	against	austerity only leads to economic contraction that endangers the chance of reducing the debt.	0	0	0	0	0	1	0	0	0	0	6.0
4631	Artificial intelligence brings more harm than good	in favor of	The huge data we produce every day is analyzed and fed into our devices through algorithms that we end up giving more and more control of our lives to the gadgets. We may feel that we receive all these services for free, but they come at the cost of our precious time and attention.	0	0	0	1	0	1	1	0	0	0	6.0
6124	Homeschooling should be banned	in favor of	home-schooled children aren't socialized properly and may have difficulty adapting to the general populace	0	0	0	0	0	1	0	0	0	0	6.0
301	We should end mandatory retirement	in favor of	some older workers love their job and would be devastated to be forced to stop working	0	0	1	0	0	1	0	0	0	0	6.0
2711	We should oppose collectivism	in favor of	collectivism does not allow one person to stand out from the others, which can be negative	1	0	0	0	1	0	1	1	0	0	6.0
3976	We should limit executive compensation	against	executive compensation should be at the discretion of the company who employs them	0	0	0	0	1	0	1	0	0	0	6.0
6221	We should abandon television	against	television is part of the entertainment of people and should not be prohibited	0	0	0	1	0	0	1	1	0	0	6.0
662	We should legalize cannabis	against	cannabis use has been linked to mental problems in youth and shouldn't be legalized.	0	0	0	0	1	0	0	0	0	0	6.0
1037	We should ban cosmetic surgery	against	we should not ban cosmetic surgery people some people don't like how they look and it's their money if they want to change that	0	0	0	1	1	0	1	1	0	0	6.0
2832	We should ban human cloning	against	This could provide organs for transplant patients in dire need as well as many other medical advancements.	1	0	0	0	0	1	1	0	0	0	6.0
4353	We should ban factory farming	against	Factory farming allows for food to be produced at a lower cost than would be possible using other methods.	1	0	0	0	1	1	0	0	0	0	6.0
1450	We should ban missionary work	against	missionary work is an effective way to bring christianity to the rest of the world	0	0	0	0	0	0	1	0	1	0	6.0
4076	We should abolish the three-strikes laws	against	not everyone can be reformed.  some people are a danger to society, and two failed attempts at reform is far more than they deserve.	0	0	0	0	0	1	0	0	0	0	6.0
2175	We should abolish intellectual property rights	against	we shouldn't abolish intellectual property rights because people should have the right to do what they want with their ow property	0	0	0	0	0	0	1	0	0	0	6.0
5177	The fear of migration is a fear of the unknown and is exacerbated.	against	Fear of the unknown is normal behavior. It has saved our race since ages starting when mankind was a simple monkey among others. 	0	0	0	0	1	1	0	0	0	0	6.0
4352	We should introduce compulsory voting	against	people should have the right to not vote.	0	0	0	0	0	0	1	0	0	0	6.0
4475	We should introduce compulsory voting	against	in a democracy people have a right to choose not to vote	0	0	0	0	0	0	1	0	0	0	6.0
4229	We should end mandatory retirement	in favor of	some people are capable of working way beyond the retirement age and should be able to work and increase their retirement funds as long as they ant.	1	0	0	0	1	0	1	0	0	0	6.0
3447	We should end mandatory retirement	against	older workers are not as efficient as they age. there comes a point where they need to retire and allow more able bodied younger people to take these jobs.	1	0	0	0	0	1	0	0	1	0	6.0
626	We should ban the Church of Scientology	against	we should not ban the church of scientology because in this country everyone has the right to freely practice whatever religion they  want.	0	0	0	0	0	0	1	0	1	0	6.0
5076	There is a necessity for a European framework for the free movement of intensivists 	in favor of	The pandemic has put European Intensive Care Units (ICUs) under extreme pressure. The most important lesson learned early on in the chaos of the pandemic was that equipment and medicines are necessary to save lives, but without adequately trained human resources, these elements are irrelevant. Ventilators don’t operate themselves.   We saw patients in very critical condition being moved away from their families from one Member State to another to receive treatment while allowing the doctors to move would be much more efficient and less life-threatening for the patients. 	1	0	0	0	0	1	1	0	0	0	6.0
6427	We should subsidize vocational education	against	subsidizing vocational education is unnecessary as those who have learnt trades can end up making a lot of money.	0	0	0	0	0	0	1	0	0	0	6.0
357	We should subsidize Wikipedia	in favor of	wikipedia is a wonderful source of information for students and adults alike.	1	0	0	0	0	0	1	0	0	0	6.0
109	We should ban telemarketing	against	We should not ban telemarketing as it it allows people to learn about new products or services from the comfort of their own homes.	1	0	0	1	0	1	1	1	0	0	6.0
419	We should abolish intellectual property rights	against	having intellectual property rights is a deterrent for those that would steal another persons ideas and creations so we must not abolish that.	1	0	1	0	0	0	1	0	0	0	6.0
687	We should ban telemarketing	against	Telemarketing is an excellent tool if used sensitively and with caution	1	0	1	0	0	0	1	0	0	0	6.0
127	We should abandon the use of school uniform	in favor of	school uniforms cost a lot and might not be affordable for everyone	0	0	0	0	0	1	0	0	0	0	6.0
2256	We should legalize cannabis	against	cannabis is a illegal drug for a reason, it is harmful dangerous drug that alters your mental capacity and should remain illegal.	1	0	1	0	0	1	0	0	0	0	6.0
182	We should limit executive compensation	against	executives provide profits to shareholders and should be compensated accordingly	1	0	0	0	1	1	0	0	0	0	6.0
4100	We should prohibit school prayer	against	school prayer should not be prohibited because it allows students a period of quiet reflection that may help create the correct atmosphere for study	1	0	1	0	0	1	1	0	1	0	6.0
5985	Entrapment should be legalized	in favor of	luring a criminal in a well controlled way is the best method of capturing them	1	0	0	0	1	1	0	0	0	0	6.0
627	We should abolish the Olympic Games	against	olympic games gives the world a chance to see the talent of many athletes from around the world	0	0	0	0	0	0	0	1	0	0	6.0
456	We should adopt a multi-party system	in favor of	A multi-party system allows for greater choice in whom to vote for.  It allows each citizen to vote for the party that best fits their beliefs and represents their ideology.	0	0	0	0	0	0	1	0	0	0	6.0
3680	We should prohibit school prayer	against	we should not prohibit school prayer because this country was founded on christian principals.	0	0	0	0	0	0	1	0	1	0	6.0
3229	We should stop the development of autonomous cars	in favor of	autonomous cars can be easily hacked to cause widespread accidents.	0	0	0	0	0	1	0	0	0	0	6.0
436	We should abolish safe spaces	in favor of	safe spaces should be abolished as this it just makes our society weak.	1	0	1	0	0	1	0	0	1	0	6.0
219	We should legalize cannabis	in favor of	as a non-addictive natural substance that is less harmful than currently legal ones such as tobacco and alcohol, it seems that cannabis is still illegal simply due to old prejudices.	0	0	0	1	0	0	1	1	0	0	6.0
6411	We should abandon television	in favor of	television is full of brain numbing reality tv that is a bad influence on the young so we should abandon it	1	0	0	0	0	0	1	0	0	0	6.0
2249	We should ban cosmetic surgery for minors	against	we should not ban cosmetic surgery for minors because sometimes they need it if they were in accidents or born deformed	0	0	0	0	0	1	1	0	0	0	6.0
5832	The vow of celibacy should be abandoned	against	this is a fundamental part of being a priest or nun. they don't need this distraction.	0	0	1	0	0	0	0	0	1	0	6.0
3896	We should ban private military companies	against	the government cannot keep up with the supply and demand of our military and banning private military companies would prove to be detrimental by creating shortage of supplies.	0	0	0	0	1	1	0	0	0	0	6.0
559	We should subsidize space exploration	against	Space travel has health dangers. Astronauts and space tourists face risks from radiation, which can cause illness and injure organs.	0	0	0	0	0	1	0	0	0	0	6.0
897	We should prohibit school prayer	against	we should not prohibit school prayer because it would violate rights some religions	0	0	0	0	0	0	1	0	1	0	6.0
1830	We should abolish the right to keep and bear arms	in favor of	there is no rational purpose for arming the populace; it causes more problems than it solves.	0	0	1	0	0	1	0	0	0	0	6.0
4158	We should end the use of economic sanctions	against	economic sanctions should remain as it gives us a leverage against countries who don't obey the rules like  iran and north korea.	0	0	1	0	1	1	0	0	0	0	6.0
3506	We should subsidize Wikipedia	in favor of	wikipedia is an important resource for people looking for information	1	0	0	0	0	0	1	0	0	0	6.0
4366	We should limit executive compensation	against	they are at the top and should be able to make as much as possible.	1	0	0	0	1	0	1	0	0	0	6.0
312	We should introduce compulsory voting	against	not everyone has a strong opinion on every topic.  those who choose not to participate should have the freedom not to.	0	0	0	0	0	1	1	0	0	0	6.0
7300	We should ban the trading of virtual currencies.	against	Virtual currency improves liquidity and improves the efficiency of economic and social commodity circulation.	1	0	0	0	1	0	0	0	0	0	6.0
3014	We should abolish the right to keep and bear arms	against	The right to keep and bear arms is a constitutional right and should never be abolished as it allows personal protection	0	0	1	0	0	1	1	0	0	0	6.0
5458	Holocaust denial should be a criminal offence	against	people have the right to think what they'd like.	0	0	0	0	0	0	1	1	0	0	6.0
330	We should abandon the use of school uniform	in favor of	we should abandon the use of school uniform because people need to be free to express their thoughts on clothing	0	0	0	0	0	0	1	0	0	0	6.0
1798	We should end mandatory retirement	in favor of	this measure allows to move pieces in the companies and refresh the work schemes and to adapt to the new times	1	0	0	0	0	0	1	0	0	0	6.0
201	We should ban telemarketing	in favor of	yes ban it, if i wanted to buy something i would know where to look for it without being bothered with constant calls	0	0	1	0	0	0	1	0	0	0	6.0
7356	We should ease the education involution.	in favor of	Parents' overwhelming fear-dominated anxiety is the greatest enemy of education; the intent of education should be to make a person become a better version of himself.	1	0	0	0	0	0	1	0	0	0	6.0
4330	We should stop the development of autonomous cars	in favor of	they are not yet ready to be on the roads, they could be very dangerous.	1	0	0	0	0	1	0	0	0	0	6.0
3736	We should ban cosmetic surgery	against	cosmetic surgery increases women's self-esteem and makes them more self-confident	1	0	0	1	0	1	1	0	0	0	6.0
6717	Surrogacy should be banned	in favor of	Surrogacy can create long term emotional harms when women are separated from their children.	0	0	0	0	0	1	0	0	0	0	6.0
6167	We should subsidize vocational education	against	Subsidizing vocational education will lead to it becoming as esoteric and non-productive as liberal arts education.	1	0	0	0	1	0	0	1	0	0	6.0
6699	Payday loans should be banned	in favor of	payday loans should be banned because it causes people to go into debt	0	0	0	0	1	1	0	0	0	0	6.0
3084	We should adopt libertarianism	against	we should not adopt libertarianism because the government would have too much control over people	0	0	0	0	0	0	1	0	0	0	6.0
3923	We should abolish the Olympic Games	in favor of	the olympic games put too much of a financial strain on host cities so they should be done away with	0	0	0	0	1	1	0	0	0	0	6.0
1567	We should ban fast food	in favor of	we should ban fast food as it is very unhealthy and is creating a lazy culture in which people do not cook or eat fresh food.	0	0	1	0	0	1	0	0	0	0	6.0
827	We should ban human cloning	against	we should not ban human cloning because it could help with medical research	1	0	0	0	0	1	1	0	0	0	6.0
987	We should subsidize Wikipedia	in favor of	we should subsidize wikipedia because everyone in the world knows it as a household name and if the government pays for libraries why cant they pay for wikipedia which contains probably more information.	1	0	0	0	1	1	1	0	0	0	6.0
4269	We should limit executive compensation	against	executive compensation is one of the mechanisms of governments to cover salaries and benefits	1	0	0	0	1	1	0	0	0	0	6.0
384	We should legalize organ trade	against	Selling organs is dangerous, leading to many deaths on the operating table.	0	0	0	0	0	1	0	0	0	0	6.0
5879	The vow of celibacy should be abandoned	against	celibate people aren't at risk of sexually transmitted infections or diseases and therefore are healthier, so it shouldn't be abandoned.	0	0	0	0	0	1	0	0	1	0	6.0
2745	We should ban algorithmic trading	in favor of	Algorithmic trading will put many stock brokers and analysts out of business.	1	0	0	0	1	1	0	0	0	0	6.0
900	We should ban the Church of Scientology	against	this country was founded by the freedom of religion, so people should have the right to follow any church they want.	0	0	0	0	0	0	1	0	1	0	6.0
5221	We don't need immigration from non-European or non-first-world countries. 	in favor of	 It is time, to be honest about this! Europeans have the right to self-determination like every other country out there! This is OUR home and a home for everyone is a home for no one.	0	0	0	0	1	1	1	0	0	0	6.0
303	We should oppose collectivism	in favor of	collectivism reduces productivity from individuals as they have no incentive to do better.	1	0	1	0	0	0	1	0	0	0	6.0
78	We should subsidize embryonic stem cell research	against	this research is very controversial and against many religions	0	0	0	0	0	0	0	0	1	0	6.0
7290	We should ban the trading of virtual currencies.	in favor of	Virtual currency is not protected by contract law and property law in China.	0	0	0	0	1	1	0	0	0	0	6.0
6165	Homeopathy brings more harm than good	in favor of	homeopathy can lead people to use herbal remedies and not seek help for bigger issues which can have devestating consequences.	0	0	0	0	0	1	0	0	0	0	6.0
1837	We should ban missionary work	in favor of	missionaries basically bribe the poor to change to their religion.	0	0	1	0	0	0	1	1	1	0	6.0
2953	We should legalize cannabis	in favor of	people buy cannabis regardless of whether it is legal or not, so we might as well tax it to make extra money	0	0	1	0	1	0	0	0	0	0	6.0
6144	Social media brings more harm than good	in favor of	Social media brings more harm than good because social media distracts everyone from their daily lives	0	0	1	0	0	0	0	0	0	0	6.0
5896	Blockade of the Gaza Strip should be ended	against	blockade of the gaza strip should not be ended we need to protect israel at all cost, it is important.	0	0	0	0	0	1	0	0	1	0	6.0
0	We should ban human cloning	in favor of	we should ban human cloning as it will only cause huge issues when you have a bunch of the same humans running around all acting the same.	0	0	0	0	0	1	0	0	0	0	6.0
6543	The vow of celibacy should be abandoned	against	no need to abandon the vow of celibacy because it tests the faith and devotion of the priest to god. those that are truly good and spiritual don't need have sexual relations when in a relationship with god.	1	0	1	0	0	0	0	0	1	0	6.0
225	We should ban algorithmic trading	against	if people want to use it then it is their choice	1	0	0	0	0	1	1	1	0	0	6.0
4588	We should strengthen laws to fight against terrorism	in favor of	Till now, only organizations were designated as terrorist organizations, but not individuals. The loophole in this is the individuals of the banned organizations are forming new organizations and carrying out terror activities. This amendment bill for the Unlawful Activities (Prevention) Act allows the government to designate individuals as terrorists, thereby terror attacks can be prevented.	1	0	0	0	1	1	0	0	0	0	6.0
2756	We should legalize cannabis	in favor of	we should legalize cannabis for best healthy of body	0	0	0	0	0	1	0	0	0	0	6.0
5220	We don't need immigration from non-European or non-first-world countries. 	in favor of	The country of origin should absolutely be the most important criterion for deciding who we let into our countries. 160 Frenchman would still be alive if we put the welfare of our own above people whose countries the Americans have bombed to shreds.	0	0	0	0	0	1	1	0	0	0	6.0
4127	We should oppose collectivism	in favor of	collectivism necessarily means that individual freedoms will be reduced, so it does not make sense to adopt it.	0	0	0	0	0	0	1	0	0	0	6.0
3102	We should abolish intellectual property rights	against	if abolished it will stiffle creativity and advancement because there will be no incentive if intellectual property is not a right.	1	0	0	0	0	0	1	0	0	0	6.0
5493	Homeschooling should be banned	in favor of	homeschooling may not be covering core topics or at least not to an adequate level	1	0	0	0	0	0	0	0	0	0	6.0
4561	We should legalize cannabis	in favor of	people have the right to live their lives in any way they choose and the government doesn't have the right to tell adults what they can put in their own bodies	0	0	0	0	0	0	1	0	0	0	6.0
5757	Entrapment should be legalized	in favor of	people should be allowed to entrapment because it's another way to express themselves	0	0	0	0	0	0	1	0	0	0	6.0
5369	The EU should integrate the armed forces of its member states	in favor of	I am all for the creation of a European army, but for that, the question of the command of this army must also be resolved. And this is where the idea of a European Security Council is very interesting and deserves to be pushed.	0	0	0	0	1	0	0	0	0	0	6.0
1626	We should legalize sex selection	against	sex selection could create places where boys outnumber girls by  a lot since there are many places that value boys more than girls, and this could create problems as they get older	0	0	0	0	0	1	0	0	1	0	6.0
6372	The vow of celibacy should be abandoned	in favor of	the vow of celibacy is unfair because it doesn't help people dealing with physical  needs, sometimes driving them crazy, so no need to give up sex	0	0	1	1	0	0	0	0	0	0	6.0
4611	We should subsidize higher education institutions	in favor of	Indians as a whole consider educational institutions as job machines, we expect to enter unemployed and come out with employment. We don’t realize that we will have to upgrade our skills to become worthy of employment. This is the reason that more than 80% of engineers are unemployable and the figures are even worse for the non-engineers.	1	0	0	0	0	0	0	0	0	0	6.0
338	We should subsidize embryonic stem cell research	in favor of	we should subsidize embryonic stem cell research because it is necessary for the betterment of the human race. we may find cures for aging, diseases, or create new stronger genes.	1	0	0	0	0	1	1	0	0	0	6.0
2801	We should introduce compulsory voting	against	we should not introduce compulsory voting because some people that are unable to read and or write will be voting	1	0	1	0	0	0	0	0	0	0	6.0
6626	Surrogacy should be banned	in favor of	Surrogacy can put women in danger because pregnancy is unpredictable.	0	0	0	0	0	1	0	0	0	0	6.0
3374	We should stop the development of autonomous cars	in favor of	autonomous vehicles will lead to an increase in road accidents	0	0	0	0	0	1	0	0	0	0	6.0
156	We should stop the development of autonomous cars	in favor of	they can cause accidents if the equipment fails.	0	0	0	0	0	1	0	0	0	0	6.0
3460	We should ban fast food	in favor of	we should ban fast food because it is not good for people's health and they are very unhealthy in terms of calories	0	0	0	0	0	1	0	0	0	0	6.0
4780	Aadhaar should be made mandatory in India	in favor of	Reduction of complexity in filling ITR's:	1	0	0	0	0	0	0	0	0	0	6.0
751	We should abolish intellectual property rights	in favor of	maintaining intellectual property rights for all is too expensive, and maintaining these rights might restrict innovation in certain sectors.	1	0	0	0	1	1	1	1	0	0	6.0
488	We should ban algorithmic trading	in favor of	we should ban algorithmic trading because most people have no idea how it works and if it is good for them or not	1	0	0	0	0	0	1	0	0	0	6.0
4262	We should adopt gender-neutral language	against	we need to stop changing everything to conform to the few people who are offended.	0	0	0	0	0	0	0	0	1	0	6.0
1519	We should abolish the right to keep and bear arms	in favor of	america far and away has the highest gun related homicides of any developed nation, to say nothing of the multiple mass shootings per year.	0	0	1	0	0	1	0	0	0	0	6.0
5259	There should be no immigration from non-European or non-first-world countries 	in favor of	Marvelous to see this idea of halting immigration receive the most endorsements on the migration topic. This is really not going according to plan for the globalists! 	0	0	0	0	1	0	1	0	0	0	6.0
6691	Homeschooling should be banned	in favor of	homeschooling should be banned as the quality of education received at home is considerably less than what you would receive at a school.	1	0	0	0	0	0	0	0	0	0	6.0
5448	Assisted suicide should be a criminal offence	in favor of	no matter how much suffering we have in life nothing justifies death in the same way i think that a sick person is not in the capacity of whether he wants to live or not	0	0	1	0	0	0	0	0	0	0	6.0
5853	Entrapment should be legalized	in favor of	sometimes the only way to catch a criminal is by entrapment.  in these cases entrapment should be legal.	1	0	1	0	0	1	0	0	0	0	6.0
4532	We should ban cosmetic surgery for minors	in favor of	Minors with cosmetic surgery are less likely to be able to properly take care of the surgical sites, making them more prone to infection afterward.	1	0	0	0	0	1	0	0	0	0	6.0
25	We should ban the Church of Scientology	in favor of	they are nothing but a cult and manipulate their members	0	0	0	0	0	0	1	0	0	0	6.0
1839	We should ban telemarketing	against	telemarketing gives us new opportunities and we can often save money on our services.	1	0	0	0	1	1	0	1	0	0	6.0
2910	We should adopt an austerity regime	against	to build for the future we need to cut austerity and invest money and resources now.	0	0	0	0	1	1	1	0	0	0	6.0
939	We should adopt a multi-party system	against	introducing a multi-party system would be detrimental to stability and consistency of our political system	0	0	0	0	0	1	0	0	0	0	6.0
3620	We should end the use of economic sanctions	in favor of	ending these sanctions will boost the target country's economy	0	0	0	0	1	1	0	0	0	0	6.0
1572	We should adopt an austerity regime	in favor of	an austerity regime would save money for the country.	0	0	1	0	1	1	0	0	0	0	6.0
3706	We should adopt an austerity regime	against	an austerity regime will cause taxpayers to have to pay more taxes	0	0	0	0	1	1	0	0	0	0	6.0
3749	We should abolish zoos	against	zoos are good source of information for the public to learn about animals up close	1	0	0	0	0	0	1	0	0	0	6.0
6310	Holocaust denial should be a criminal offence	against	the fundamental rights of individuals to the freedom of thought and expression of that thought as speech is vitally important to the stability and liberty of the populations of democracies.	0	0	0	0	0	0	1	0	1	0	6.0
7363	We should vigorously develop the countryside.	in favor of	In this field of food we can not be subject to others, even if imported food is cheaper, we can not rely on imports, but to vigorously develop our own level of agriculturalization.	0	0	0	0	0	1	1	0	0	0	6.0
1880	We should prohibit school prayer	in favor of	school prayers are outdated in a modern society, religion is a private matter someone should practice at home	0	0	1	0	0	1	1	0	1	0	6.0
4531	We should adopt gender-neutral language	against	there is no need to adopt gender-neutral language because people should be addressed with appropriate genders.	0	0	1	0	0	0	1	0	1	0	6.0
3835	We should subsidize Wikipedia	in favor of	wikipedia is the largest online encyclopedia in the world and we must ensure its proper functioning	1	0	0	0	0	0	1	0	0	0	6.0
2076	We should adopt libertarianism	in favor of	The more rights we have as individuals, the happier we are.	0	0	0	0	0	1	1	0	0	0	6.0
3023	We should subsidize student loans	in favor of	most people can't afford to go to college, and we don't want them to graduate with massive debts	1	0	0	0	0	1	0	0	0	0	6.0
6780	Surrogacy should be banned	in favor of	surrogacy should be banned because more often than not, the woman carrying the baby becomes attached and when they give the child up, causes emotional stress on that woman.	0	0	0	0	0	1	0	0	0	0	6.0
3549	We should adopt an austerity regime	in favor of	we should adopt an austerity regime to help pay the country'd unending debt	0	0	0	0	0	1	0	0	0	0	6.0
2997	We should introduce compulsory voting	against	it should be the right of the individual whether to vote or not to vote.	0	0	0	0	0	0	1	0	0	0	6.0
2242	We should ban human cloning	in favor of	cloning is controversial and it is against religious ethics	0	0	1	0	0	0	0	0	1	0	6.0
2845	We should abolish the Olympic Games	in favor of	they are expensive to whoever hosts them	0	0	0	0	1	1	0	0	0	0	6.0
4967	There should be no immigration from non-European or non-first-world countries 	in favor of	Migration from countries with incompatible cultural values and ideologies should be limited or stopped to ensure social cohesion in Europe. Regressive outdated ideologies and values should have no place in Europe. 	0	0	1	0	0	1	1	0	1	0	6.0
4905	We need integrated rail transport systems, agreements between various railway operators and a simple and accessible search engine	in favor of	This would help to plan the most efficient and economical itinerary 	1	0	0	0	1	0	0	0	0	0	6.0
4057	We should abandon the use of school uniform	in favor of	we should abandon the use of school uniform since one should be allowed to express their individuality by the clothes they were.	0	0	0	0	0	0	1	0	0	0	6.0
1514	We should ban fast food	against	fast food should not be banned as it is comforting, allows for social events and interaction and is enjoyed by many	0	0	0	1	0	1	1	0	0	0	6.0
2715	We should ban whaling	against	whaling has been an intergral part of many cultures for centuries.	0	0	0	0	0	0	1	0	1	0	6.0
5765	The vow of celibacy should be abandoned	against	celibacy is a major tenant of the catholic church and should be allowed to remain it is a freedom of practice of religion concept. it is a show of faithfulness to god,  a degree of purity most will never have.	0	0	1	0	0	0	1	0	1	0	6.0
1439	We should adopt a multi-party system	against	multiple parties will just confuse people and cause more divisiveness in society	0	0	0	0	0	1	0	0	0	0	6.0
3855	We should abolish capital punishment	against	capital punishment remains a good deterrent for serious crime	0	0	1	0	1	1	0	0	0	0	6.0
3168	We should abolish the three-strikes laws	against	three-strike offenders are habitual criminals and should be treated as such	0	0	1	0	0	1	0	0	0	0	6.0
3008	We should adopt a multi-party system	against	a multi-party system could lead to more situations where a majority is not reached. this means that it could be harder to push policies through.	1	0	0	0	0	1	0	0	0	0	6.0
4067	We should ban the Church of Scientology	against	scientology should not be banned because there is freedom of religion.	0	0	0	0	0	0	1	0	1	0	6.0
3860	We should oppose collectivism	in favor of	We should oppose collectivism as it forces people to be part of group mentality in order to achieve anything.	0	0	0	0	0	0	1	0	0	0	6.0
5501	Homeschooling should be banned	in favor of	homeschooling does not prepare children for the real world.  the child is not getting the top notch education they need in order to succeed in life.  the children deserve better.	1	0	0	0	0	0	1	1	0	0	6.0
5367	The EU should extend the model of Pooling & Sharing European military resources beyond air transport.	in favor of	Pooling & Sharing increases the size, availability, the diversity of specific military resources but decreases their global cost at the same time	1	0	0	0	1	1	0	0	0	0	6.0
5380	Entrapment should be legalized	in favor of	if entrapment can serve to more easily capture wanted criminals, then why shouldn't it be legal?	0	0	0	0	0	1	0	0	0	0	6.0
6253	The vow of celibacy should be abandoned	against	celibacy is connection to the god and any banning on it would be sin and should not be touched.	0	0	1	0	0	0	0	0	1	0	6.0
6340	The use of public defenders should be mandatory	against	if a person is able to afford better, more experienced attorneys to give them a better chance in court, then they should be able to.  public defenders are for those who can not afford the more expensive ones.	1	0	0	0	1	0	1	0	0	0	6.0
3628	We should ban telemarketing	against	telemarketing allows people that cannot find other jobs to be contributer to the economy and tax base along with the fact that these calls can be ignored with an answering machine or simply join a no-call list.	0	0	0	0	1	1	0	0	0	0	6.0
218	We should ban fast food	in favor of	is leading to increased obesity and many health problems.	1	0	1	0	0	1	0	0	0	0	6.0
3308	We should abolish intellectual property rights	in favor of	we need to abolish intellectual property rights and let people innovate and create without having to worry about who owns what	0	0	0	0	0	0	1	0	0	0	6.0
4752	Betting and gambling should be legalized in India	against	There is no guarantee that illegal gambling activities will stop.	0	0	1	0	0	0	0	0	0	0	6.0
2738	We should ban the Church of Scientology	against	we live in a free society where people should be allowed to practise whatever religion they choose.	0	0	0	0	0	0	1	0	1	0	6.0
5527	We should abandon television	in favor of	television rots peoples brains so should be abandoned.	1	0	0	0	0	0	1	0	0	0	6.0
133	We should subsidize student loans	in favor of	we should subsidize student loans as these are our future leaders and workers and we want to ensure their success in order to secure the countries success.	1	0	0	0	0	1	0	0	0	0	6.0
441	We should adopt a zero-tolerance policy in schools	in favor of	zero-tolerance policies are helpful as they stop children misbehaving	0	0	1	0	0	0	0	0	0	0	6.0
4465	We should ban private military companies	against	Without private military companies, the military would be ill equipped and not able to get the tools they need,	1	0	0	0	0	1	0	0	0	0	6.0
3769	We should ban algorithmic trading	against	we shouldn't ban algorithmic trading because there is nothing wrong with it. if a person wants to use algorithms to trade instead of making investment decisions based on emotion, we should allow it.	0	0	0	0	0	0	1	0	0	0	6.0
6215	Holocaust denial should be a criminal offence	in favor of	Denying that Holocaust in front of people who were affected by it can cause severe mental/emotional trauma.	0	0	1	0	0	0	0	0	0	0	6.0
3363	We should legalize organ trade	against	The risk of giving an organ or even part of an organ is very high.	0	0	1	0	0	1	0	0	0	0	6.0
2087	We should cancel pride parades	in favor of	some pride parades can get overtly sexual, blurring the line of public decency.	0	0	1	0	0	0	1	0	1	0	6.0
6537	Assisted suicide should be a criminal offence	against	people should have the right to decide how and when they want to die, particularly if they are suffering from a terminal illness	0	0	0	0	0	0	1	1	0	0	6.0
1411	We should ban the Church of Scientology	against	scientology should not be banned as people have the right to worship in whatever religion they wish and in a way they wish to.	0	0	0	0	0	0	1	0	1	0	6.0
1563	We should subsidize embryonic stem cell research	against	the government doesnt need to be in control of science	0	0	0	0	0	0	1	0	1	0	6.0
4027	We should cancel pride parades	in favor of	pride parades are too costly to the cities that hold them in terms of police protection and permitting	0	0	1	0	0	1	0	0	0	0	6.0
3664	We should end mandatory retirement	in favor of	The cost of training new employees can be incredibly high, and policies of mandatory retirement force businesses to waste their fungible resources rather than keeping competent older individuals employed.	1	0	0	0	1	0	0	0	0	0	6.0
3385	We should ban cosmetic surgery for minors	against	minors still have the ability to make choices, as long as there is informed consent.	0	0	0	0	0	0	1	0	0	0	6.0
7360	We should vigorously develop the countryside.	against	The city is full of opportunities, it gives outworkers prosperity and convenience, and everyone can live in the city with their own power, and even gradually gain a foothold in the city.	0	0	0	0	0	0	1	0	0	0	6.0
1961	We should abolish intellectual property rights	in favor of	intellectual property rights should be abolished as an individual's thoughts or creative abilities are their own and should not be controlled or owned by a company.	0	0	0	0	0	0	1	0	0	0	6.0
5286	The EU should be a permanent member of the UN Security Council.	in favor of	It is a good idea that France should coordinate its positions on the UN Security Council with the EU or leave its seat to the EU entirely. This way foreign policy decision-making within the EU can be made more straightforward.	1	0	1	0	1	0	1	0	0	0	6.0
4978	There should be no immigration from non-European or non-first-world countries 	in favor of	Europe must stay Europe and people must not be imposed a cultural and religious change they do not want and which is insane. Look at what the Arabic or north African countries have become, after 1400 years of Islam.	0	0	0	0	0	1	1	0	1	0	6.0
2654	We should abolish the Olympic Games	in favor of	the olympic games are a hugely expensive enterprise to host, and history is littered with countries left financially broken in the aftermath.	0	0	0	0	1	1	0	0	0	0	6.0
596	We should limit executive compensation	against	companies should be able to pay as much as they like as long as it's above minimum wahe	0	0	0	0	1	0	1	0	0	0	6.0
4493	We should ban fast food	against	people have the free will to choose what they want to eat regardless of how unhealthy it is	0	0	0	0	0	0	1	1	0	0	6.0
90	We should introduce compulsory voting	against	compulsory voting goes against people's liberties and freedoms.	0	0	0	0	0	0	1	0	0	0	6.0
2934	We should abolish the Olympic Games	against	the olympic games are a way for nations to compete in a friendly way and to encourage people of all ages to take up sport.	1	0	0	0	0	1	1	1	0	0	6.0
298	We should abolish the right to keep and bear arms	against	the right to keep and bear arms is enshrined in the constitution and cannot be infringed on or revoked - this would dilute the importance and sanctity of other doctrines.	0	0	0	0	0	1	0	0	1	0	6.0
7150	We should rethink the legal state of Family Reunification.	in favor of	Illegal loopholes in the legislation are enabling illegal migration. Family Reunification has been and remains the biggest channel of migration into the EU.	0	0	1	0	0	0	0	0	0	0	6.0
3590	We should legalize prostitution	in favor of	prostitution is a noble work for women finding it hard to secure a job in this world becoming more and more hard and difficult	1	0	0	0	1	1	1	0	0	0	6.0
4778	Censorship of movies is an outdated concept	in favor of	Filmmakers spend lot of money and time to make movies. If parts of the movie is cut in the name of censorship, they will be discouraged to make more movies.	1	0	0	0	0	0	1	0	0	0	6.0
4292	We should abolish the three-strikes laws	against	the three-strikes law serves as an effective deterrent and should not be abolished.	1	0	1	0	1	1	0	0	0	0	6.0
4507	We should ban the use of child actors	against	many films and television shows have child roles which could only be filled by children. as long as the children are protected it means that the finished product will have higher artistic integrity.	1	0	0	1	0	0	1	0	0	0	6.0
4834	Europe should have stronger borders	in favor of	Europe can no longer afford to neglect to defend its external borders and promote policies that favor illegal migration and fuel human trafficking. Strong and effective borders are the pre-condition to any aspect of a common migration policy.	0	0	1	0	0	1	1	0	0	0	6.0
7251	We should not have illegal immigrants!	in favor of	We can only employ people in understaffed job fields.	0	0	0	0	1	1	0	0	0	0	6.0
2068	We should introduce compulsory voting	against	no one should be forced to vote. it goes against the principles of our nation and its freedoms. it is a right, but that doesn't mean anyone has to do it.	0	0	0	0	0	0	1	0	1	0	6.0
1378	We should legalize cannabis	against	marijuana use harms cognitive function -- especially long-term memory -- and is particularly dangerous to the brain development of children and teens.	1	0	1	0	0	1	0	0	0	0	6.0
4617	IT recruiters should consider skills instead of a degree in programming	in favor of	Any skill can be learned and mastered even if we do not have a degree in that. And programming is no exception.	1	0	0	0	0	0	1	0	0	0	6.0
64	We should legalize organ trade	in favor of	if we legalize the organ trade we will save lives, by ensuring that more people who need an organ transplant actually get one.	0	0	0	0	0	1	1	0	0	0	6.0
6338	Assisted suicide should be a criminal offence	in favor of	Assisted suicide is a criminal offense and is a form of assisted murder	0	0	1	0	0	0	0	0	0	0	6.0
6661	We should abandon television	against	we should not abandon television as it is an excellent source of news and information as well as entertainment.	1	0	0	1	0	0	0	0	0	0	6.0
3809	We should ban the Church of Scientology	against	we shouldn't ban the church of scientology as people have the right to believe in what they want	0	0	0	0	0	0	1	0	1	0	6.0
579	We should stop the development of autonomous cars	in favor of	autonomous cars leave both passengers and pedestrians vulnerable to malicious hacking which could cause wide scale destruction.	0	0	0	0	0	1	1	0	0	0	6.0
5004	We need a better EU migration policy.	in favor of	It is absurd that such an EU policy about migration is lacking.  	0	0	1	0	0	0	0	0	0	0	6.0
3721	We should adopt a multi-party system	against	multi-party systems fragments power so much that nothing ever gets done and government is rendered ineffectual.	1	0	0	0	0	1	0	0	0	0	6.0
2024	We should subsidize student loans	against	if we subsidize student loans we could create parasites that never get a degree just to maintain the state subsidy	1	0	1	0	0	1	0	0	0	0	6.0
3823	We should abolish safe spaces	against	in this world of bullying and political devisivness, people need places to go feel safe	0	0	0	0	0	1	0	0	0	0	6.0
4319	We should abolish capital punishment	against	it would save taxpayers from paying for a person to have a room and food for the rest of their natural life if thats their sentence.	0	0	0	0	0	1	0	0	0	0	6.0
4062	We should ban cosmetic surgery	against	cosmetic surgery is a decision that a doctor and a patient makes, and we should not infringe on their choice.	0	0	0	0	0	0	1	0	0	0	6.0
2407	We should abolish capital punishment	against	capital punishment disincentives people to commit crimes	0	0	1	0	1	1	0	0	0	0	6.0
3053	We should legalize organ trade	in favor of	if we legalize the organ trade will will be able to save more lives and keep these organs out of the hands of the crime network.	0	0	1	0	0	1	0	0	0	0	6.0
2676	We should ban the Church of Scientology	against	freedom of religion should allow the church of scientology to keep operating	0	0	1	0	0	0	1	0	1	0	6.0
826	We should ban targeted killing	against	TARGETED KILLING MAKES THE WORLD A SAFER PLACE REMOVING THOSE PEOPLE WHO AIM TO HARM OTHERS	0	0	0	0	0	1	0	0	0	0	6.0
2999	We should adopt an austerity regime	in favor of	for longer term economic benefits, short term sacrifices are necessary to dig the country out of debt, and an austerity regime is the only way to achieve this.	1	0	0	0	1	1	0	0	0	0	6.0
6436	Assisted suicide should be a criminal offence	against	people should not have to suffer unduly and a person that assists them in ending it should not be a criminal.	0	0	0	0	0	0	1	0	0	0	6.0
4508	We should adopt an austerity regime	in favor of	we as a nation have been able to spend and borrow far too freely and that has caused nationally.	0	0	0	0	1	1	0	0	0	0	6.0
5284	 Foreign Policy at the EU level should be based on an absolute majority, not unanimity.	against	Changing the EU foreign policy voting procedure will cause serious problems.	1	0	1	0	0	1	0	0	1	0	6.0
5999	We should abandon television	in favor of	you can get all you need on the internet now	0	0	0	1	0	0	1	1	0	0	6.0
3771	We should subsidize Wikipedia	in favor of	wikipedia provides so much information to the world that it is time we subsidize it.	1	0	0	0	0	0	1	0	0	0	6.0
4716	Kids' reality shows should be banned	against	Reality shows give opportunity for children to bring out their hidden talents and to train their skills. It gives them a sense of purpose and direction from a very young age. The present education system doesn’t include other career options such as singing, acting, dancing, games, etc. Reality shows closes this loophole in the education system.	1	0	0	0	0	0	1	1	0	0	6.0
4199	We should ban cosmetic surgery	in favor of	cosmetic surgery can involve complex, dangerous medical procedures which shouldn't be carried out for non-medical reasons.	0	0	0	0	0	1	0	0	0	0	6.0
351	We should end mandatory retirement	against	mandatory retirement is needed to keep businesses new and fresh with innovation from the younger generation.	1	0	0	0	1	0	1	0	0	0	6.0
6981	The Internet should be censored	in favor of	Rapidly increasing piracy need to be curtailed through censorship.	0	0	1	0	0	0	1	0	0	0	6.0
2346	We should ban the Church of Scientology	against	freedom of association is protected by the first amendment	0	0	1	0	0	1	1	0	0	0	6.0
4552	We should ban cosmetic surgery	against	cosmetic surgery is important for health issues such as people who have been born with a cleft palate.	0	0	0	0	0	1	0	0	0	0	6.0
4577	Technology is making us feel less human	in favor of	Our decision-making skills are also getting affected as we are now asking search engines to know what is best. We are depending on the knowledge base of the internet even at offices to finish the work at hand. This affects cognitive skills ( to think, read, learn, remember, and reason), which is an essential quality of humans.	1	0	0	0	0	0	1	0	0	0	6.0
3651	We should limit judicial activism	against	we have to respect the view of judges so they need to have the freedom to express judicial activism.	0	0	1	0	1	0	1	0	1	0	6.0
3811	We should ban fast food	against	fast food is a treat that can be enjoyed when eaten sensibly and brings joy and social interaction.	0	0	0	1	0	1	0	0	0	0	6.0
4130	We should ban algorithmic trading	against	there's no need to ban algorithmic trading as it is a very good system for trading, leading to great gains for the investors.	1	0	0	0	1	0	0	0	0	0	6.0
4779	Censorship of movies is an outdated concept	in favor of	Censorship causes imposition of majoritarian ideals on others.	0	0	0	0	0	0	1	0	0	0	6.0
6064	The vow of celibacy should be abandoned	against	Remaining celibate has a long history and a major tenet of some religions	0	0	1	0	0	0	0	0	1	0	6.0
5194	Humanitarian organizations should be financially responsible in relation to illegal immigration.	in favor of	A humanitarian association that helps a migrant to enter the EU illegally, should lose its government/EU funding.	0	0	1	0	0	1	0	0	0	0	6.0
3626	We should ban fast food	against	people should have the freedom to eat what hey want.	0	0	0	0	0	0	1	0	0	0	6.0
6231	The use of public defenders should be mandatory	against	people should have the freedom to choose their own.	0	0	0	0	0	0	1	0	0	0	6.0
3450	We should ban telemarketing	against	telemarketing is a vital tool for businesses to use to grow. this in turn helps the economy.	1	0	0	0	1	0	0	0	0	0	6.0
3005	We should ban missionary work	in favor of	missionary work sometimes forces religion on people	0	0	1	0	0	0	0	0	0	0	6.0
2954	We should legalize sex selection	in favor of	if the technology exists them it should be up to individuals to decide what sex child they have as this will effect them more than anyone else.	0	0	0	0	0	0	1	0	0	0	6.0
1856	We should prohibit school prayer	against	school prayer should be allowed in schools, as long as students get the choice of whether or not they want to participate.	0	0	1	0	0	0	1	0	1	0	6.0
980	We should cancel pride parades	in favor of	pride parades are disruptive and cause chaos in towns where they are held.	0	0	1	0	0	1	0	0	0	0	6.0
204	We should adopt a zero-tolerance policy in schools	in favor of	a zero tolerance policy will scare the children into behaving and following the rules.	0	0	1	0	0	0	0	0	0	0	6.0
1823	We should ban cosmetic surgery	in favor of	cosmetic surgery is ruining the confidence of young girls and making them feel like their not good enough without such surgeries.	0	0	0	0	0	1	0	0	0	0	6.0
1588	We should legalize organ trade	against	people will sell their organs risking their lives	0	0	1	0	0	1	0	0	0	0	6.0
609	We should subsidize journalism	in favor of	we should  fund journalism to serve the public interest.	0	0	0	1	0	1	0	0	0	0	6.0
4092	We should legalize cannabis	against	Legalizing cannabis will increase recreational use which could lead to more car accidents caused by people driving while under the influence.	0	0	1	0	0	1	0	0	0	0	6.0
7199	We should stop the mass migration from Africa and the Middle East	in favor of	Those coming from there pretend to be refugees but are actually economic migrants. Slowly but surely these people are destroying Europe because they do not bring anything related to European values. Furthermore, they do not respect or accept European values. They bring crime, terror, and chaos. And after all, if there are no more Europeans in Europe, then what will happen to our beloved continent?	0	0	0	0	0	1	0	0	1	0	6.0
4992	We need a better distribution of refugees	against	The key to successful immigration depends upon the possibility of employment.  So EU members are to decide whom they want to admit.  	0	0	0	0	1	0	1	0	0	0	6.0
4933	Permanent non-EU nationals who are living in the European Union should have more rights.	against	Paying taxes is not enough, if you want to become a citizen with full rights you need to fully embrace the country you live in.	0	0	0	0	0	1	0	0	1	0	6.0
2427	We should adopt a zero-tolerance policy in schools	in favor of	zero-tolerance policies provide a safe space	0	0	0	0	0	1	0	0	0	0	6.0
154	We should abolish intellectual property rights	against	we cannot abolish intellectual property rights because artists and scientists need to have their ideas and innovations protected so that they can earn a living in their fields	1	0	0	0	1	1	1	0	0	0	6.0
3577	We should subsidize journalism	in favor of	Subsidizing journalism will allow individual journals to lift their paywalls, which will increase access.	0	0	0	0	0	0	1	0	0	0	6.0
5373	The EU should integrate the armed forces of its member states	in favor of	I agree with your idea. But it is a long and arduous way to reach the goal. What's the point of building a skyscraper without a foundation? What I mean by that: First the EU needs a unified foreign policy and only then a common and united army.	0	0	0	0	1	1	0	0	0	0	6.0
6860	Blockade of the Gaza Strip should be ended	in favor of	the blockade makes it harder for the people in that area to make money, and their economy is on the verge of collapse according to world bank.	0	0	0	0	1	1	0	0	0	0	6.0
1034	We should legalize sex selection	against	sex selection is playing god, will create gender imbalances and create negative stereotypes concerning male/female preferences.	0	0	0	0	0	1	0	0	1	0	6.0
85	We should limit judicial activism	in favor of	"activists judges aren't the ones shaping the laws. they're not ""all"" the people for who the laws are voted for. judicial activism has to be limited to only check for overuse of the power by governments"	0	0	0	0	1	0	0	0	0	0	6.0
5459	Homeschooling should be banned	in favor of	homeschooling should be banned because an important part of a child's education is social learning and one cannot grow socially without being around their peers.	0	0	0	0	1	1	0	0	0	0	6.0
2706	We should subsidize Wikipedia	against	wikipedia is a private organisation,the government should not get involved.	0	0	1	0	0	0	1	0	0	0	6.0
6642	Homeschooling should be banned	in favor of	there is no regulation of homeschooling, so there are many children who do not receive adequate professional tutoring	1	0	1	0	0	0	0	0	0	0	6.0
5186	There should be 6 concrete proposals for migrants on the Balkan route.	in favor of	The proposal of the Sardines to reform EU asylum policy is an excellent proposal, well and thoroughly written.	1	0	0	0	1	1	0	0	0	0	6.0
3873	We should ban cosmetic surgery	in favor of	cosmetic surgery has been known to lead to deaths due to botched jobs. it should be banned so these deaths do not occur.	0	0	0	0	0	1	0	0	0	0	6.0
6364	The use of public defenders should be mandatory	against	the use of public defenders shouldn't be mandatory because people should be able to pick their lawyers not have one forced on them	0	0	0	0	0	0	1	0	0	0	6.0
3022	We should legalize prostitution	against	legalising prostitution would destigmatise an illegal act that is heavily connected to drug-abuse and extortion.	0	0	1	0	0	1	0	0	0	0	6.0
655	We should ban private military companies	in favor of	private military companies have no governmental controls and can do more harm then good.	0	0	0	0	0	0	1	0	0	0	6.0
3741	We should abandon the use of school uniform	in favor of	school uniforms should not be required to wear in schools because it takes away a kids freedom of expression	0	0	0	0	0	0	1	0	0	0	6.0
1862	We should legalize organ trade	against	Selling organs puts the seller in incredible risk of further injury and decreases their quality of life.	0	0	0	0	0	1	0	0	0	0	6.0
2752	We should ban fast food	against	fast food is necessary in our modern world and help people have a cheap meal	0	0	0	0	0	1	0	0	0	0	6.0
3076	We should adopt an austerity regime	in favor of	an austerity regime allows us to save money when it is needed.	0	0	0	0	1	1	0	0	0	0	6.0
6647	Intelligence tests bring more harm than good	against	Intelligence tests bring more good than harm because they let teachers identify gifted students who might otherwise go unnoticed because they are shy, ESL, or otherwise do not stand out at first.	1	0	0	0	0	0	0	0	0	0	6.0
2993	We should abolish the right to keep and bear arms	in favor of	firearms in the hands of civilians create societies more prone to violence	0	0	0	0	0	1	0	0	0	0	6.0
1666	We should oppose collectivism	against	collectivism provides a common goal for everyone to work towards.	1	0	0	0	0	1	0	0	0	0	6.0
4323	We should limit judicial activism	against	we should not limit judicial activism because judges have better knowledge of the laws than juries do	1	0	0	0	1	0	0	0	0	0	6.0
3372	We should ban factory farming	against	factory farming produces more quantity resulting in lower prices and more choices.	1	0	0	0	0	1	1	0	0	0	6.0
6833	Payday loans should be banned	in favor of	they charge a crazy amount of interest on their loans, driving many people into serious debt.	0	0	0	0	1	1	0	0	0	0	6.0
2499	We should abolish safe spaces	against	we adhere to these principles and these spaces to guarantee behaviors that make us feel safe, therefore safe spaces should not be abolished	0	0	1	0	0	1	1	0	0	0	6.0
369	We should end mandatory retirement	against	the companies that have the mandatory retirement policy maintain a rotation of employees fresher and updated with the new times	1	0	0	0	0	0	1	0	0	0	6.0
1678	We should ban fast food	in favor of	we should ban fast food because it is essentially just making obesity the most convenient lifestyle	0	0	1	0	0	1	0	0	0	0	6.0
6978	Temples in India can have Gender-Specific rules	in favor of	Some temples have their own reasons. For example, if we take Sabarimala, Lord Ayyappan is a celibate. So, the temple management opines that allowing women to this temple is against God's will.	0	0	1	0	0	0	1	0	1	0	6.0
3859	We should abolish the right to keep and bear arms	against	People should have the right to defend themselves against the criminal elements of society.	0	0	0	0	0	1	1	0	0	0	6.0
2455	We should ban cosmetic surgery	in favor of	cosmetic surgery is dangerous to start with, why should people make such risky moves for vanitys sake?	0	0	1	0	0	1	0	0	0	0	6.0
6986	Adultery should be criminalized	against	Law should not interfere in the personal lives.	0	0	0	0	0	0	1	0	0	0	6.0
292	We should ban cosmetic surgery for minors	against	minors should be allowed to have cosmetic surgery as long as their parents help make the decision. some cosmetic surgery would make a child with a deformity have better self esteem.	0	0	0	0	0	1	1	0	0	0	6.0
3448	We should ban telemarketing	in favor of	telemarketers are annoying and relentless.	0	0	1	1	0	1	0	0	0	0	6.0
7051	We should promote a culture of exchange and sharing of goods and services	in favor of	In this case, the service generates profit, not the product.	1	0	1	0	1	0	0	0	0	0	6.0
6985	Adultery should be criminalized	in favor of	Fear of law can deter people from committing adultery.	0	0	1	0	0	0	0	0	0	0	6.0
3056	We should ban targeted killing	in favor of	targeted killing is the same thing as murder and should be banned	0	0	1	0	0	1	0	0	0	0	6.0
2067	We should ban telemarketing	in favor of	telemarketing intrudes on the personal lives of people through unwanted calls and unsolicited mail, therefore it should be banned.	0	0	1	0	0	1	1	0	0	0	6.0
4984	We don't need immigration from non-European or non-first-world countries. 	in favor of	 It is time, to be honest about this! Europeans have the right to self-determination like every other country out there! This is OUR home and a home for everyone is a home for no one.	0	0	0	0	0	1	1	0	1	0	6.0
30	We should legalize prostitution	against	legalizing prostitution will further demean a woman or man and result in unnecessary violence.	0	0	1	0	0	0	0	0	0	0	6.0
1598	We should adopt a multi-party system	in favor of	in a multi party system the general population have more of a choice in who their leaders are	0	0	0	0	1	0	1	0	0	0	6.0
1069	We should end mandatory retirement	in favor of	Mandatory retirement forces people who are still excellent at their jobs to quit working long before they are ready.	1	0	1	0	0	0	1	0	0	0	6.0
4200	We should end mandatory retirement	against	mandatory retirement is necessary in some fields to let go of the older, more error-prone workers.	1	0	0	0	0	0	0	0	0	0	6.0
4626	We should adapt the viable pay incentive scheme	in favor of	In variable pay schemes, the employees feel content and motivated with their work. They feel that they are an active part of the organization, the organization recognizes them as a part of its growth and values their efforts.	1	0	0	0	1	1	1	0	0	0	6.0
2812	We should subsidize embryonic stem cell research	against	embryonic stem cell research is against god's will and should be stopped.	0	0	1	0	0	0	0	0	1	0	6.0
6007	We should abandon television	against	people are entitled to leisure time	0	0	0	1	0	0	1	1	0	0	6.0
6857	Holocaust denial should be a criminal offence	against	free thinking for all should never be a crime.	0	0	0	0	0	0	1	0	0	0	6.0
2804	We should adopt libertarianism	against	libertarianism should not be adopted as rules are needed to ensure law and order and the continued status quo.	0	0	1	0	1	1	0	0	1	0	6.0
3455	We should introduce compulsory voting	against	being forced to do anything inhibits freedom.	0	0	0	0	0	0	1	0	0	0	6.0
538	We should adopt a multi-party system	against	a multiparty system blurs the citizenship of a vision and model of country. we should not adopt a multiparty system because it would waste valuable time to agree	1	0	1	0	0	1	0	0	0	0	6.0
3667	We should legalize sex selection	in favor of	people can have strong feelings about which sex child they have. they should be able to choose for themselves and not have to rely on chance.	0	0	0	0	0	0	1	0	0	0	6.0
6091	Holocaust denial should be a criminal offence	in favor of	holocaust denial should be a criminal offence when a group or a person cause chaos where it cant lead up to murder so what better way is to make it as a criminal offence so no one dare to promote it	0	0	1	0	0	1	0	0	0	0	6.0
945	We should ban the Church of Scientology	in favor of	scientology is in fact a cult, cults need to be stopped.	0	0	0	0	1	1	1	0	0	0	6.0
1363	We should oppose collectivism	against	collectivism gives people something to work on as a team and builds relationships.	1	0	0	0	0	1	0	0	0	0	6.0
6861	Entrapment should be legalized	in favor of	entrapment will allow the authorities to arrest those with inclination towards crime and wrongdoing making society safer as a whole	0	0	1	0	0	1	0	0	0	0	6.0
4086	We should legalize cannabis	against	cannabis has many dangerous side effects, including hallucinations and respiratory issues.	0	0	1	0	0	1	0	0	0	0	6.0
2162	We should legalize cannabis	in favor of	we should legalize cannabis because it is harmless.	0	0	0	1	0	0	1	0	0	0	6.0
3996	We should legalize prostitution	in favor of	legalizing prostitution prevents the spread of disease. when it is legal and regulated, health check ups are common place, thus preventing dangerous diseases to be spread throughout the population.	0	0	0	0	0	1	0	0	0	0	6.0
3098	We should adopt atheism	against	atheism should not be adopted as it would be offensive to various religious groups.	0	0	1	0	0	0	0	0	1	0	6.0
6418	Blockade of the Gaza Strip should be ended	in favor of	blockade of the gaza strip should be ended because it's causing a humanitarian crisis.  basic needs of the people are not being met because of it.	0	0	0	0	0	1	0	0	0	0	6.0
3081	We should ban missionary work	against	Through faith, missionaries are able to develop deep relationships with the communities they serve and help bring much-needed social change to third-world countries.	0	0	0	0	0	1	0	0	1	0	6.0
4862	The EU needs strong advertising and recruitment strategies for students and qualified employees	in favor of	Compared to most anglophone countries, Europe has been quite timid in attracting talent across the globe. Too few people know of and make use of the EU Blue Card. The EU is a destination of choice for migration and refugees from developing and some neighboring countries.	1	0	0	0	0	0	0	0	0	0	6.0
4694	College education should be free for everyone	against	At present, private investments in education led to improvement in the quality of education. Without the commercialization of education, the quality of education may not improve much.	1	0	0	0	1	0	1	0	0	0	6.0
5280	The 19 June plenary meeting of the European Conference should mark a first step in the direction of a stronger and more united EU in the world	in favor of	We need the United States of Europe. A European army, strategic autonomy, and acting as one. To the future of Europe must belong its capacity to act as a global player.  	1	0	0	0	1	1	1	0	0	0	6.0
7315	We should restrict minors from playing online games.	against	Ban them from playing games and they may indulge in short videos on Douyin.	0	0	0	0	0	0	1	0	0	0	6.0
2178	We should abolish safe spaces	in favor of	they prevent people from being able to express their opinions that might bother someone	0	0	0	0	0	0	1	0	0	0	6.0
50	We should prohibit school prayer	against	allowing children to pray and take some quiet time in school can be beneficial for their mental health.	0	0	0	0	0	1	0	0	1	0	6.0
1436	We should ban cosmetic surgery for minors	in favor of	Cosmetic surgery as a minor makes it more likely that you will have to go in for follow up procedures as an adult to touch up or fix problems with this past surgery.	0	0	0	0	0	1	0	0	0	0	6.0
4988	We need an inclusive and pluralistic European society	against	Europe is full and cannot accept more illegal migrants. Those persons must be sent back and have to ask for approval from their state of origin.	0	0	1	0	1	1	0	0	0	0	6.0
6212	Foster care brings more harm than good	in favor of	foster care can be very traumatizing to kids if they get into a bad foster care facility.	0	0	0	0	0	1	0	0	0	0	6.0
1382	We should adopt libertarianism	in favor of	government today has way too much influence in our daily lives; libertarianism seeks to reduce said interference, while possibly also reducing the amount of money the government spends.	0	0	0	0	1	1	1	0	0	0	6.0
1775	We should adopt an austerity regime	in favor of	the national debt is out of control and only by implementing austerity measures will we be able to reduce the budget deficit and guarantee the country's future.	1	0	0	0	1	1	0	0	0	0	6.0
1949	We should ban telemarketing	against	telemarketing is a useful source of sales for many businesses	1	0	0	0	1	0	0	0	0	0	6.0
727	We should subsidize embryonic stem cell research	in favor of	the investigations with mother cells could mean the definitive advance for the human race	1	0	0	0	0	1	1	1	0	0	6.0
3717	We should legalize sex selection	in favor of	people should be able to utilize new sciences as they please.	0	0	0	0	0	0	1	0	0	0	6.0
4767	Stray animals should be killed	in favor of	Stray dogs are often carriers of diseases because of the lack of care.	0	0	0	0	0	1	0	0	0	0	6.0
6353	Surrogacy should be banned	against	A woman can and should decide on her own what to do with her body, and how she would like to use it. It's not the business of the government.	0	0	1	0	0	0	1	0	0	0	6.0
3979	We should legalize prostitution	in favor of	a man or woman has the right to do what they wish with their body, and if they choose to sell it for sex, the government should not interfere.	0	0	0	0	0	0	1	0	0	0	6.0
7208	We should prevent the surveillance state	in favor of	I am not prepared to continue to restrict my freedom on a permanent basis due to the actions of a minority of offenders, as a citizen who is not a victim. The policy has to find a better balance here. 	0	0	0	0	0	0	1	0	0	0	6.0
302	We should abolish capital punishment	against	capital punishment is a real deterant to crime and should not be abolished.	0	0	0	0	0	1	0	0	0	0	6.0
3974	We should stop the development of autonomous cars	against	autonomous cars are the future. much safer than driving home drunk.	0	0	0	0	0	1	0	0	0	0	6.0
4211	We should adopt an austerity regime	in favor of	The governments has a duty to make sure the economy doesn't collapse in times of recession	0	0	0	0	0	1	0	0	0	0	6.0
4281	We should ban whaling	against	whaling provides a lot of income for people that would then become unemployed if they couldn't do it anymore.	0	0	0	0	0	1	0	0	0	0	6.0
5805	Payday loans should be banned	in favor of	yes, you need to make workers aware of what they can really spend, no borrowing	0	0	1	0	0	1	0	0	0	0	6.0
5138	The European Union, as a Union of values, should limit its support to countries that do not want to adhere to European values and violate the rights of their citizens	against	This is an attempt to combine the 'Multi-speed Europe' concept with the idea that European principles and values can be used as ideological clubs to beat those who engage in wrongthinking over the head with. If you insist on a set of shared EU principles and values that go beyond a mere symbolic declaration, these principles and values must include our real heritage: the Judeo-Christian values that have made Europe great. Traditional family values are first and foremost. All these values must be clearly defined in a legal sense.	0	0	1	0	0	0	0	0	1	0	6.0
2842	We should ban fast food	against	people are free to eat whatever they choose. it's a cheap and fast way for people to get a meal when they are in a hurry or can't afford the expensive organic and natural foods.	0	0	0	0	0	1	1	0	0	0	6.0
6600	Social media brings more harm than good	in favor of	children lack social skills when face to face with their peers because they haven't developed skills away from social media.	1	0	1	0	0	1	0	0	0	0	6.0
3946	We should legalize organ trade	in favor of	organ trade facilitates better health for those who can afford it and better financial outcomes for thouse who provide the organs, hence it should be legalized.	0	0	0	0	0	1	0	0	0	0	6.0
522	We should adopt an austerity regime	against	austerity regimes hurt the common man by reducing support for schools and health care.	1	0	0	0	1	1	0	0	0	0	6.0
4324	We should adopt gender-neutral language	in favor of	over sensitive people will be offended if we don't.	0	0	1	0	0	0	0	0	0	0	6.0
6657	We should abandon television	against	good television is an art form that can enrich our lives.	0	0	0	1	0	0	0	0	0	0	6.0
7365	Carbon emissions trading should be limited.	against	Since China's reform and opening up, its economy has developed rapidly, and Western countries have taken advantage of the warming climate to limit the issue of carbon emission rights in order to delay China's development.	1	0	0	0	1	0	0	0	0	0	6.0
3189	We should ban telemarketing	against	we should not ban telemarketing  since it would eliminate many jobs. it also is an effective way for a company to get much needed leads for their products or services if done correctly.	1	0	0	0	1	1	0	0	0	0	6.0
2393	We should ban algorithmic trading	against	the digitization of the sector raises the field of action of information. as computer models and algorithmic programs	1	0	0	0	1	0	0	0	0	0	6.0
2890	We should subsidize space exploration	against	we should not subsidize space exploration since that is a waste of money.	0	0	1	0	1	1	0	0	0	0	6.0
4729	The Sabarimala verdict is progressive and not a threat to traditions	in favor of	Sabarimala temple is taking funds from government and hence state government has the right to make changes in law for the temple.	0	0	1	0	0	0	0	0	0	0	6.0
5056	The European Union needs to equip itself with the institutional and legal tools to resolve democratic conflicts on sovereignty within its own borders.	in favor of	According to the International Covenant on Civil and Political Rights (the ICCPR), ‘[a]ll peoples have the right of self-determination. By virtue of that right, they freely determine their political status and freely pursue their economic, social and cultural development. The right to self-determination also has its economic content which gives the people the right to freely ‘dispose of their natural wealth and resources without prejudice to any obligations arising out of international economic cooperation, based upon the principle of mutual benefit, and international law.'	0	0	1	0	0	0	1	0	0	0	6.0
7175	We should protect the European border.	in favor of	Frontex is the way to protect the European border. It should completely take over every border, land, sea, and air. Otherwise, it will just take over all the good personnel of a member state, causing even more problems at the border.	1	0	0	0	0	0	0	0	0	0	6.0
4937	We need legal ways of migration.	against	Migrants willingly risk their lives.	0	0	0	0	0	0	1	0	0	0	6.0
1999	We should legalize cannabis	in favor of	people have the right to be free and cannabis is a safe drug to be used as recreational	0	0	0	1	0	0	1	0	0	0	6.0
2326	We should adopt libertarianism	in favor of	we should adopt libertarianism because it gives citizens more freedom to live their live how they want	0	0	0	0	0	1	1	1	0	0	6.0
4466	We should abolish intellectual property rights	against	for multiple reasons the right of intellectual property should not be abolished since it gives others the participation of making their intellect known and putting it into practice in various activities	1	0	0	0	0	0	1	1	0	0	6.0
4385	We should subsidize embryonic stem cell research	against	stem cell research may offend religious individuals	0	0	1	0	0	0	0	0	1	0	6.0
3252	We should adopt a multi-party system	against	a multi party system creates chaos by giving too many choices to the people	0	0	0	0	0	1	0	0	0	0	6.0
2157	We should ban the Church of Scientology	against	people should be free to worship and pray in any way that they choose, it is a fundamental right.	0	0	1	0	0	0	1	0	1	0	6.0
2569	We should subsidize student loans	in favor of	student loan debt is an enormous pressure on working people, and should be subsidized.	1	0	0	0	1	1	0	0	0	0	6.0
5320	The EU should change its internal structure.	in favor of	Without change, the EU will be following the route of the USSR and other communist countries, who after 70 years of trying to build a social paradise ended in poverty and suppression.	0	0	0	0	0	1	1	0	0	0	6.0
6580	Holocaust denial should be a criminal offence	against	free speech is the right of any person who lives in a democracy, to dictate what one can believe or deny such as the holocaust is an infringement of civil liberties.	0	0	1	0	0	0	1	0	0	0	6.0
4494	We should ban human cloning	in favor of	human cloning lets people play god.	0	0	1	0	0	0	0	0	1	0	6.0
3192	We should ban cosmetic surgery	against	the government should not outlaw safe procedures that can be done to the body.	0	0	0	0	0	0	1	0	0	0	6.0
382	We should adopt an austerity regime	in favor of	It would help people spend less money, which would be good for the economy.	0	0	0	0	1	1	0	0	0	0	6.0
3024	We should ban whaling	against	there are people who live from this activity and you have to get a better job	0	0	0	0	0	1	1	0	0	0	6.0
4249	We should introduce compulsory voting	against	the democratic process is all about freedom of choice, and voting should be a voluntary process too.	0	0	0	0	0	0	1	0	0	0	6.0
3397	We should fight for the abolition of nuclear weapons	in favor of	The cost of developing nuclear weapons in developing states drains cash from infrastructure, education, and welfare funds which hurts the population as a whole.	0	0	0	0	1	1	0	0	0	0	6.0
397	We should subsidize student loans	in favor of	too many students have defaulted on loans or are paying them for many years.  by subsidizing these students we can assist in stopping this.	0	0	0	0	0	1	0	0	0	0	6.0
2668	We should prohibit school prayer	against	we shouldn't prohibit school prayer as it's a human right to be able to pray	0	0	0	0	0	0	1	0	0	0	6.0
6966	Human Gene editing is a good thing	in favor of	Some people who believe in modifying the genes believe that it not only increases the span of life but also increases the quality of life.	0	0	0	0	0	1	0	0	0	0	6.0
2578	We should limit executive compensation	against	by providing a high compensation to the executives of a company you can get a higher quality employee and the business will make more money. therefore we should not limit their pay.	1	0	0	0	1	0	0	0	0	0	6.0
1490	We should cancel pride parades	in favor of	being lgbt is against many large religions, people should not be forced to witness such parades because of such.	0	0	1	0	0	0	0	0	1	0	6.0
988	We should abandon the use of school uniform	against	school uniforms will stop children from wearing and showing offense logos, words, etc., to their peers.	0	0	1	0	0	1	0	0	0	0	6.0
2663	We should adopt libertarianism	against	Libertarianism would lead to crumbling infrastructure without taxes to fund the government.	0	0	0	0	1	1	0	0	0	0	6.0
3774	We should ban cosmetic surgery for minors	against	More investment into cosmetic surgery has overflow benefits for reconstructive and general surgery to due innovative technology and techniques.	1	0	0	0	0	1	1	0	0	0	6.0
3361	We should ban whaling	against	banning whaling would take away a tradition from some cultures they've had for hundreds of years.	0	0	0	0	0	0	0	0	1	0	6.0
3544	We should limit executive compensation	in favor of	executive compensation can be come out of control.	0	0	1	0	1	1	0	0	0	0	6.0
117	We should abandon the use of school uniform	in favor of	forcing children into wearing school uniforms shows our children that they cannot think as individuals and must conform to societies way of thinking.	0	0	0	0	0	0	1	1	0	0	6.0
6322	Entrapment should be legalized	in favor of	it is a viable option to catch some criminals	1	0	0	0	0	1	0	0	0	0	6.0
3932	We should end mandatory retirement	against	Older people should be forced to retire at a certain age because the world is steadily changed and their knowledge becomes outdated	1	0	0	0	0	0	0	0	0	0	6.0
3591	We should ban fast food	in favor of	we should ban fast food as its unhealthy and can cause sedentary lifestyles and cardiovascular disease	0	0	1	0	0	1	0	0	0	0	6.0
3116	We should ban algorithmic trading	against	algorithmic trading enables trades to be made without spikes of emotion or rage on the part of the trader, therefore it can only be seen as positive.	1	0	0	0	1	0	0	0	0	0	6.0
4756	Technology is rising Unemployment rates	in favor of	Several kinds of jobs are increasingly getting replaced by technology. As per the reports, there is a significant drop in the typists, weavers, construction workers etc.	0	0	0	0	0	1	0	0	0	0	6.0
7373	Carbon emissions trading should be limited.	in favor of	Promoting global energy conservation and emission reduction can slow down the trend of China's low-end industries moving to third world countries, thus strengthening its position as a major manufacturing country.	0	0	0	0	1	1	0	0	0	0	6.0
12	We should ban factory farming	in favor of	factory farming cuts too many health and safety corners as opposed to smaller family farms, this leads to potentially unsafe and unhealthy products.	0	0	1	0	0	1	0	0	0	0	6.0
3967	We should legalize sex selection	against	most people believe that sex selection is immoral and unethical and leads to serious societal issues.	0	0	1	0	0	1	0	0	0	0	6.0
6367	The vow of celibacy should be abandoned	in favor of	the catholic church is suffering and churches closing due to the lack of priests.  many men choose to leave the priesthood because they want to marry.  ending the vow of celibacy would help end this problem	0	0	0	0	1	0	0	0	1	0	6.0
970	We should subsidize space exploration	against	we have too many problems here on our own planet to worry about putting money into searching space.	0	0	0	0	1	1	0	0	0	0	6.0
7302	We should ban the trading of virtual currencies.	against	The trading of virtual currency is secretly named, so as to ensure the privacy protection of his own information content and data information, prevent the leakage of his own data, and improve the safety factor of the system software.	0	0	0	0	0	0	1	0	0	0	6.0
6715	We should subsidize vocational education	against	many trade skills are overcrowded as it is, and this would overload the market	1	0	0	0	0	1	0	0	0	0	6.0
1821	We should ban cosmetic surgery	against	As long as they use an accredited plastic surgeon, people should be able to do whatever they want with their bodies.	0	0	0	0	0	0	1	0	0	0	6.0
3965	We should prohibit school prayer	in favor of	we should prohibit school prayer because religion has no business in school it should be at home and church only	1	0	1	0	0	0	1	0	0	0	6.0
4238	We should ban cosmetic surgery	against	banning cosmetic surgery is like banning freedom of speech.	0	0	0	0	0	0	1	0	0	0	6.0
3422	We should ban fast food	against	fast food restaurants sell all types of food including soups and salads.  people should be able to choose what they want to eat without government interference.	0	0	0	1	0	1	1	0	0	0	6.0
6588	We should subsidize vocational education	against	taxes are already too high, and vocational education grants would be too onerous.	0	0	0	0	0	1	0	0	0	0	6.0
1209	We should ban cosmetic surgery	against	cosmetic surgery helps many people with their self esteem.	0	0	0	0	0	1	0	0	0	0	6.0
5387	Entrapment should be legalized	in favor of	anyone who commits a crime should be prosecuted	0	0	1	0	0	1	0	0	0	0	6.0
5617	We should abandon television	in favor of	television should be abandoned because of all the violence, crime, and sex that's on them now	0	0	0	0	0	0	1	0	0	0	6.0
1260	We should adopt gender-neutral language	against	we should not adopt gender-neutral language because more people than not specify with a certain gender and want to be addressed as such.	0	0	0	0	0	0	1	0	1	0	6.0
504	We should adopt libertarianism	in favor of	libertarianism promotes political freedom of choice as its core value, and is the ultimate expression of democracy.	0	0	0	0	0	1	1	0	0	0	6.0
4488	We should abolish intellectual property rights	against	intellectual property rights ensure that people or companies can make profits from what they have spent much time and effort in creating.	1	0	0	0	1	0	0	0	0	0	6.0
4731	News channels are breaking rules to give Breaking news	in favor of	Reporters often try to make victims speak on the incident. Even in the cases of death, reporters rush to the incident and ask questions the victim's family, when they really need some space and time to grieve.	0	0	1	0	0	0	1	0	0	0	6.0
2368	We should abolish capital punishment	in favor of	Being killed by lethal injection or being electrocuted is not always smooth and painless, sometimes it causes a painful death	0	0	0	0	0	1	0	0	0	0	6.0
124	We should abolish the right to keep and bear arms	in favor of	it will decrease the number of crimes and violence on the streets	0	0	0	0	0	1	0	0	0	0	6.0
5602	Holocaust denial should be a criminal offence	against	thought crimes should not be punishable.	0	0	0	0	0	0	1	0	0	0	6.0
2988	We should stop the development of autonomous cars	in favor of	autonomous cars will take away many jobs and lead to a skills drain	1	0	0	0	0	1	0	0	0	0	6.0
3405	We should fight for the abolition of nuclear weapons	against	nuclear weapons are vital to defending ourselves against enemies who are not moral or ethical.	0	0	0	0	0	1	0	0	0	0	6.0
5429	Entrapment should be legalized	in favor of	entrapment is sometimes a necessary tool to get the needed proof of criminal activity.	0	0	1	0	0	1	0	0	0	0	6.0
4376	We should abolish the right to keep and bear arms	against	it is the right of the people to defend themselves, even with the use of deadly force.	0	0	0	0	1	1	1	0	1	0	6.0
4551	We should subsidize space exploration	in favor of	we should because we can still learn so much about space.	1	0	0	0	0	0	1	0	0	0	6.0
1938	We should adopt an austerity regime	in favor of	when everything else fails the government should be allowed to curb all superfluous spending within.	1	0	0	0	1	1	0	0	0	0	6.0
3862	We should abandon the use of school uniform	against	School uniforms can alleviate peer pressure due to clothing choices.	0	0	1	0	0	1	0	0	0	0	6.0
2657	We should ban the Church of Scientology	against	people have the right to follow whatever religion they choose, even if they worship a science fiction novel.	0	0	0	0	0	0	1	0	1	0	6.0
1607	We should adopt atheism	against	people have the freedom to religion and forcing them to chose a non religious entity is unconstitutional.	0	0	0	0	0	0	1	0	1	0	6.0
2144	We should adopt an austerity regime	in favor of	an austerity regime will help the european economy get out of a recession.	1	0	0	0	1	1	0	0	0	0	6.0
1289	We should ban the use of child actors	against	it is right and proper that talented children are able to earn money from acting	0	0	0	0	1	0	1	0	0	0	6.0
46	We should subsidize space exploration	against	there are more important things to spend public funds on such as health care, housing and education.	0	0	0	0	0	1	0	0	0	0	6.0
2778	We should ban cosmetic surgery	against	everyone has a right to make this choice	0	0	0	0	0	0	1	0	0	0	6.0
83	We should oppose collectivism	in favor of	collectivism prevents original thoughts and discourages people from looking for their own ideas	1	0	0	0	0	0	1	0	0	0	6.0
3690	We should prohibit school prayer	against	school prayer brings people together in fostering an atmosphere of peace and understanding, and should be seen as a message of universality rather than an appeal to a single religion.	0	0	0	0	0	1	0	0	1	0	6.0
3382	We should ban algorithmic trading	against	algorithmic trading makes getting orders out faster	1	0	0	0	0	0	0	0	0	0	6.0
6610	We should subsidize vocational education	in favor of	not all high school graduates complete a college degree and some of them get jobs that don't even require a degree, vocational education would really help them get better jobs than otherwise available to them.	1	0	0	0	1	1	0	0	0	0	6.0
1641	We should ban the use of child actors	in favor of	child actors are robbed of their childhood and can face much emotional turmoil as an adult from missing this important step in childhood.	0	0	0	1	0	1	1	1	0	0	6.0
3742	We should stop the development of autonomous cars	against	autonomous cars will facilitate long commute riding	1	0	0	0	0	1	0	0	0	0	6.0
2233	We should prohibit school prayer	against	thats what is wrong with the schools today, they took god out.	0	0	0	0	0	0	0	0	1	0	6.0
3069	We should cancel pride parades	against	people have the right to express themselves.	0	0	0	0	0	0	1	0	0	0	6.0
4182	We should ban cosmetic surgery	against	people have a right to bodily autonomy and should make their own decisions about their bodies	0	0	0	0	0	0	1	0	0	0	6.0
4669	Companies should fight moonlighting	against	The sudden layoffs by several companies especially during the pandemic caused fear in many employees. And hence several people took up side gigs or a second job as a safety net in case they are laid off.	0	0	0	0	0	1	0	0	0	0	6.0
873	We should legalize cannabis	in favor of	legalizing cannabis will make it easier for those who need it for medical reasons to acquire it.	0	0	0	0	0	1	1	0	0	0	6.0
4405	We should ban algorithmic trading	in favor of	we should ban algorithmic trading because trading on such a large scale across many markets can increase the financial risk and has been blamed for market crashes.	0	0	0	0	0	1	0	0	0	0	6.0
3170	We should adopt libertarianism	against	we should not adopt libertarianism because that would be forcing a way of life on people that don't want it	0	0	0	0	0	0	1	1	0	0	6.0
6412	Homeschooling should be banned	against	this is a free country, people have the right to homeschool their children	0	0	0	0	1	0	1	0	0	0	6.0
2009	We should adopt a zero-tolerance policy in schools	in favor of	We should adopt a zero-tolerance policy in schools as children of school age are in a formative state and will learn good lessons for life including what is and isn't allowed in a good society.	0	0	1	0	0	0	0	0	0	0	6.0
523	We should legalize prostitution	in favor of	We should legalize prostitution since it should be out in the open. controlled and supervised- instead of hidden. this is most efficient way to improve sex workers conditions and pave their way to independence.	0	0	0	0	0	1	1	0	0	0	6.0
3841	We should ban fast food	against	people should be able to choose what they put into their bodies.	0	0	0	0	0	0	1	0	0	0	6.0
3463	We should introduce compulsory voting	against	forcing people to vote will cause an unwanted outcome in elections. having no vote is as much speech as voting.	1	0	0	0	0	0	1	0	0	0	6.0
5175	The EU needs tougher border protection	against	Building walls is a sign of fear and weakness.	1	0	1	0	0	0	0	0	0	0	6.0
2547	We should fight for the abolition of nuclear weapons	in favor of	nuclear weapons are expensive to maintain	0	0	0	0	1	1	0	0	0	0	6.0
2780	We should stop the development of autonomous cars	in favor of	people need the freedom to drive where they want by themselves.	0	0	0	0	0	0	1	0	0	0	6.0
5644	Social media brings more harm than good	in favor of	social media does more harm as it emboldens people to be more self serving and vain as people do stuff on social media for likes and retweets.	0	0	1	0	0	0	1	0	0	0	6.0
2349	We should ban telemarketing	in favor of	telemarketing should be banned because it is just plain annoying.  if someone really wants a product they will go buy it and not wait for someone to call them about it.	0	0	1	0	0	0	0	0	0	0	6.0
6972	MBAs do not make good business leaders	against	The curriculum and the educational procedure in any MBA institutes lack hands-on practice over live projects in order to train them and give them a chance to work on their leadership skills. Instead of focussing on the technical aspects of business marketing, development of leadership along with interpersonal skills is extremely important.	1	0	0	0	0	0	0	0	0	0	6.0
40	We should subsidize journalism	in favor of	journalism and free expression of information and exchange of ideas is a basic human right, and subsidizing this would improve its quality and reach.	1	0	0	0	1	0	0	0	0	0	6.0
425	We should adopt a multi-party system	against	amulti-party system can lead to unstable coalitions in order to get into power	0	0	0	0	0	1	0	0	0	0	6.0
5295	We need a better migration policy.	in favor of	Africa is the only continent where the number of young people continues to increase.  	0	0	0	0	0	1	0	0	0	0	6.0
4994	We do not need immigration from non-European or non-first-world countries. 	against	I have no trouble with, non-western, immigrants.  I have trouble with 'mass immigration'.  What happens is when they come in large numbers they do not integrate anymore.  They stick to themselves and become a new tribe that tries to change their host country.'	0	0	1	0	0	1	0	0	1	0	6.0
7292	We should ban the trading of virtual currencies.	in favor of	Virtual currency-related business activities are illegal financial activities, and the provision of services by overseas virtual currency exchanges to Chinese residents through the Internet is also illegal financial activities.	0	0	1	0	0	0	0	0	0	0	6.0
3756	We should legalize cannabis	against	"we should not legalize cannabis because it can be a ""gateway"" drug."	0	0	1	0	0	1	0	0	0	0	6.0
3886	We should legalize prostitution	against	the vast majority do not want to legalize prostitution and do not agree with the message that sends and the behavior that encourages, as  democracy we ought keep it illegal therefore	0	0	1	0	1	0	0	0	1	0	6.0
7282	We should give up developing electric vehicles	against	Electric cars are much cheaper to use than fuel cars over the life cycle of a car.	1	0	0	0	1	1	0	0	0	0	6.0
653	We should oppose collectivism	in favor of	people should be encouraged to individuals	0	0	1	0	0	0	0	0	0	0	6.0
4463	We should ban fast food	against	Fast food provides a cheap and consistent meal for many people who see it as an occasional meal or treat and this should not be restricted because others cannot make good dietary choices.	0	0	0	1	0	1	1	0	0	0	6.0
3933	We should adopt atheism	against	people are guided by religion on how to conduct their live and its been around for thousands of years	0	0	0	0	0	0	0	0	1	0	6.0
7228	We should protect the European border	in favor of	Only together and with  Frontex we ensure the management of EU borders. Migrants from Africa and Asia will arrive in increasing numbers in the coming years.	0	0	0	0	1	1	0	0	0	0	6.0
6130	The vow of celibacy should be abandoned	against	the vow of celibacy shouldn't be abandoned for the divinity and holy spirit	0	0	1	0	0	0	0	0	1	0	6.0
2462	We should abandon the use of school uniform	in favor of	school uniforms place an unneeded financial burden on parents that are already paying large sums for private schools besides the fact that dress clothes are uncomfortable and add distraction to learning.	0	0	0	0	0	1	1	1	0	0	6.0
622	We should ban cosmetic surgery for minors	against	The government must use least restrictive means to avoid encroaching on people's freedoms. As such they should educate and regulate cosmetic surgery for minors instead of banning it.	0	0	0	0	0	0	1	0	0	0	6.0
1192	We should ban human cloning	against	human cloning opens up a path never before filled with benefits for human beings, allowing in the future the eradication of many diseases.	1	0	0	0	0	1	1	0	0	0	6.0
2038	We should adopt gender-neutral language	against	our society needs to be able to label and identify a person as a male or female for many reasons such as taxes, employment, health care, etc, so we should not adopt a gender neutral language.	1	0	1	0	0	0	0	0	1	0	6.0
6279	The vow of celibacy should be abandoned	against	the vow of celibacy symbolizes a priest or nun's commitment to their calling, and is an important show of faith.	0	0	1	0	0	0	1	0	1	0	6.0
6323	The vow of celibacy should be abandoned	against	celibacy is a test of faith and an opportunity through denial to express the importance of that faith. if you make a vow its important to keep to it otherwise it becomes worthless	0	0	1	0	0	0	1	0	1	0	6.0
6145	We should abandon television	against	it can be very educational and full of facts	1	0	0	0	0	0	1	0	0	0	6.0
6046	Entrapment should be legalized	in favor of	It is preferable to legalize entrapment and allow for random tests of civilians obeying the law than to have over-policing and community monitoring which uses more resources and causes more tension with the community.	0	0	1	0	1	1	0	0	0	0	6.0
2173	We should abandon the use of school uniform	in favor of	school uniform requirements curtail any individual creativity and self-expression at an important age of self-discovery and should be abandoned.	0	0	0	0	0	0	1	0	0	0	6.0
7317	We should restrict minors from playing online games.	in favor of	Students who do not learn well are more likely to indulge in games. They cannot find a sense of accomplishment in real life.	1	0	1	0	0	1	0	0	0	0	6.0
4209	We should abolish the right to keep and bear arms	in favor of	Gun violence is a huge problem and there are too many mass shootings.   If people didn't have guns many lives would be saved.  Less suicides would happen too as guns are just too easy to use.	0	0	1	0	0	1	0	0	0	0	6.0
1962	We should ban cosmetic surgery	against	cosmetic surgery helps people feel better about their appearance, which can help them create positive changes in other areas of their life.	0	0	0	0	0	1	0	1	0	0	6.0
533	We should abolish intellectual property rights	against	if we abolish the rights, then companies will stop developing products and ideas as they will know that there is no way they can make back the cost of r&d and so will run at losses	1	0	0	0	0	1	1	0	0	0	6.0
4836	Frontex should regularly publish transparency reports	against	Frontex interfering with the national border guards doing their sacred duty to protect the border, and then sending anonymous reports to criticize these brave men and women is quite abhorrent. 	0	0	1	0	0	0	0	0	0	0	6.0
4658	Social media is making us less social	in favor of	A few people now have social anxiety due to not having enough face-to-face interactions. When we avoid talking to people for a long time, automatically we develop a fear to involve in small talk.	1	0	0	0	0	1	0	0	0	0	6.0
38	We should ban fast food	in favor of	fast food is bad for our health and we really should ban any of it	0	0	0	0	0	1	0	0	0	0	6.0
4220	We should ban missionary work	against	missionaries are just trying to spread positivity into the world.	0	0	0	1	0	0	0	0	0	0	6.0
7298	We should ban the trading of virtual currencies.	against	The total production is controllable and the virtual currency prevents hyperinflation.	0	0	0	0	1	1	0	0	0	0	6.0
2258	We should abolish the right to keep and bear arms	against	the right to bear arms is enshrined in the second amendment and must not be violated	0	0	1	0	0	0	1	0	1	0	6.0
2679	We should adopt a multi-party system	in favor of	a key advantage of a multi-party system is that voters have a choice of which political party they can choose to elect.	0	0	0	0	1	0	1	0	0	0	6.0
