	Conclusion	Stance	Premise	Achievement	Benevolence	Conformity	Hedonism	Power	Security	Self-direction	Stimulation	Tradition	Universalism	Score
4061	We should ban telemarketing	in favor of	we should ban telemarketing there are a lot of telemarketers that are running scams just to steal peoples money	0	1	1	0	0	1	0	0	0	0	6.0
5751	Surrogacy should be banned	in favor of	surrogacy has led to numerous problems in recent times. there's been cases of forced surrogacy. there's been surrogate mothers who refuse to give the child to the parents. it's safer to do away with it.	0	1	0	0	0	1	1	0	0	0	6.0
6086	Payday loans should be banned	against	given proper regulation, payday loans can offer a useful way for people to ease financial strain.	1	1	0	0	1	1	1	0	0	0	6.0
5668	Assisted suicide should be a criminal offence	against	Assisted suicide helps those who are in pain due to a devastating disease end their own lives on their own terms.	0	0	0	0	0	0	1	0	0	0	6.0
5947	We should abandon television	against	television is entertaining and relaxes the population	0	1	0	1	0	0	1	0	0	0	6.0
6451	Social media brings more harm than good	against	social media allows people to stay connected to each other despite physical distance	0	1	0	1	0	1	0	0	0	0	6.0
6267	We should subsidize vocational education	against	we should not subsidize vocational education because the responsibility should only fall on those who are wanting to go to school.	1	1	0	0	0	0	1	0	0	0	6.0
5005	We need a better EU migration policy.	in favor of	The EU is driving in the dark with the lights switch off. 	1	1	0	0	0	0	0	0	0	0	6.0
1025	We should ban the Church of Scientology	in favor of	the church of scientology should be banned simply because it's wrong for a belief system to dictate how your medical care can and cannot happen - like psychiatry.	0	0	0	0	0	1	1	1	0	0	6.0
5683	Homeopathy brings more harm than good	in favor of	Problems can arise if homeopathy is used to treat serious illnesses, rather than seeking treatment by traditional, western medicine.	0	1	0	0	0	1	0	0	0	0	6.0
2565	We should ban cosmetic surgery	in favor of	a lot of times the physical and emotional after effects of cosmetic surgery defeat the main purpose of getting the surgery.	0	1	0	0	0	1	0	0	0	0	6.0
407	We should abandon the use of school uniform	against	school uniforms allow children to attend school without peer pressure on clothing.	0	0	0	0	0	1	0	0	0	0	6.0
2050	We should ban missionary work	in favor of	missionary work is very dangerous for the people involved and provides little benefit to those being ministered to	0	1	0	0	0	1	0	0	0	0	6.0
6363	Blockade of the Gaza Strip should be ended	against	the blockade helps to keep more weapons from entering the area by ship and lessen the ability for violence.	0	1	0	0	0	1	0	0	0	0	6.0
198	We should ban human cloning	against	though it may sound awful, human cloning can provide perfect matches for organ transplants and prolong the lives of people.	0	1	0	0	0	1	0	0	0	0	6.0
6106	We should subsidize vocational education	in favor of	vocational education is essential to fill gaps in society for example where there is a lack of builders, plumbers and other tradesmen.	1	1	0	0	0	1	0	1	0	0	6.0
5929	Homeopathy brings more harm than good	against	homeopathy brings more good than harm when it is used alongside traditional medical treatments for further alleviation of pain.	0	0	0	1	0	1	1	0	1	0	6.0
6033	Surrogacy should be banned	against	surrogacy is the only way some people can have children	0	1	0	0	0	0	0	0	0	0	6.0
1802	We should end mandatory retirement	in favor of	we should end mandatory retirement these days people need to work longer to afford to live because of inflation.	0	0	0	0	1	1	0	0	0	0	6.0
2213	We should legalize cannabis	against	cannabis creates a stoner subculture which is a blight on our society.	0	0	1	0	0	1	0	0	0	0	6.0
3842	We should subsidize embryonic stem cell research	against	embryonic sten cell research goes against a variety of christian religious beliefs and should not be subsidized.	0	0	0	0	0	0	0	0	1	0	6.0
1499	We should ban fast food	in favor of	fast food is bad for children and is extremely poor quality	0	1	1	0	0	1	0	0	0	0	6.0
212	We should abolish the right to keep and bear arms	in favor of	Firearms are typically far more dangerous to the owner and his/her family than any intruder, due to misuse, murder, and suicide.	0	1	0	0	0	1	0	0	0	0	6.0
3586	We should subsidize student loans	against	we should not because it would cost the country millions of pounds and raise everyone's taxes, so the cost of living would go up.	0	1	0	0	1	1	0	0	0	0	6.0
1795	We should legalize cannabis	against	the use of cannabis does not stop there.  many go for the next high of hashish.  then on to other drugs.  cannabis should not be allowed to stop this progressions.	0	1	1	0	0	0	0	0	0	0	6.0
3774	We should ban cosmetic surgery for minors	against	More investment into cosmetic surgery has overflow benefits for reconstructive and general surgery to due innovative technology and techniques.	1	0	0	0	0	1	1	0	0	0	6.0
757	We should ban telemarketing	in favor of	telemarketing should be banned because it is disruptive to the course of the day for many people.	0	0	1	1	0	0	1	0	0	0	6.0
1977	We should stop the development of autonomous cars	in favor of	they will lead to more deaths on the roads	0	0	0	0	0	1	0	0	0	0	6.0
1579	We should subsidize journalism	in favor of	Subsidizing journalism will enable higher salaries be paid to journalists and ensure we keep good, talented newspeople reporting the news.	1	0	0	0	1	1	1	0	0	0	6.0
3346	We should ban human cloning	against	human cloning helps to eradicate diseases and should not be banned	0	0	0	0	0	1	0	0	0	0	6.0
2319	We should abolish the Olympic Games	against	the olympic games should not be abolished as they bring the world together to see outstanding sport and encouges young people to take up sport andd strive for success	1	0	0	1	0	1	0	1	0	0	6.0
5411	Homeschooling should be banned	in favor of	homeschooling means that the children involved are deprived of regular social contact with others of their own age	0	0	1	1	0	1	0	0	0	0	6.0
4465	We should ban private military companies	against	Without private military companies, the military would be ill equipped and not able to get the tools they need,	1	0	0	0	0	1	0	0	0	0	6.0
2419	We should adopt libertarianism	in favor of	the government interferes in citizen's lives too much already	0	0	0	0	0	0	1	0	0	0	6.0
4670	Companies should fight moonlighting	against	Moonlighting can help in upskilling. A few people want to learn new skills apart from what they are working on in their primary job. This can help them in developing expertise in their field. Some might get bored with monotonous jobs and hence take up second jobs to learn new skills and thereby make their days exciting.	1	0	0	0	0	0	1	1	0	0	6.0
2017	We should oppose collectivism	against	In a collectivist society, everyone is considerate of each another and provides support to one another.	0	1	0	0	1	1	0	0	0	0	6.0
4396	We should ban cosmetic surgery for minors	in favor of	we should ban cosmetic surgery for minors because they don't have the mental capacity to make a life changing decision.	1	1	0	0	0	0	0	0	0	0	6.0
4724	We can rely on Cryptocurrencies like Bitcoins	against	Ransomware hackers demanded their payment through bitcoins, because it protects identity of the person in financial transactions.	0	1	0	0	0	1	0	0	0	0	6.0
6572	Foster care brings more harm than good	against	there are many capable families who look after foster children and provide a better home than where they were before	1	1	0	0	0	1	0	0	0	0	6.0
6991	Reservations in India should be based on economic status	against	In India, it's easy to hide some income resources and to get a false income certificate. Though the situations are changing for the better, it is not that difficult.	0	1	0	0	1	0	0	0	0	0	6.0
1961	We should abolish intellectual property rights	in favor of	intellectual property rights should be abolished as an individual's thoughts or creative abilities are their own and should not be controlled or owned by a company.	0	0	0	0	0	0	1	0	0	0	6.0
6707	We should abandon television	in favor of	television is full of bad influences for our children.	0	1	1	0	1	0	0	0	0	0	6.0
4330	We should stop the development of autonomous cars	in favor of	they are not yet ready to be on the roads, they could be very dangerous.	1	0	0	0	0	1	0	0	0	0	6.0
6866	We should subsidize vocational education	against	vocational education is unhelpful traditional learning should be encouraged	1	1	0	0	0	0	1	0	1	0	6.0
3343	We should legalize cannabis	against	cannabis has been proven to cause psychiatric problems in users thus it would be to our detriment to legalise it.	0	0	0	0	0	1	0	0	0	0	6.0
6228	The vow of celibacy should be abandoned	against	celibacy is a time honored tradition that allows priests to focus solely on their commitment to the church	0	1	1	0	0	0	0	0	1	0	6.0
4875	We need a common migration and asylum policy, based on respect for rights and equal treatment	against	More illegal and legal migration will lead to more unemployment, lower wages, more insecurity, and less sustainable social systems.	0	0	0	0	1	1	0	0	0	0	6.0
1401	We should ban algorithmic trading	in favor of	algorithmic trading should be banned as the software can be hacked by criminals.	1	0	0	0	1	1	1	0	0	0	6.0
4610	Political parties should be brought under RTI (Right to Information) Act	against	If political parties come under the RTI, it will affect their smooth internal functioning. Rivals may use RTI to malign each other. Also, since the political parties are not connected to the public directly, an RTI would be invalid.	1	1	1	0	0	1	1	0	0	0	6.0
6017	Payday loans should be banned	against	payday loans can help those in dire situations such as helping with car repairs, bills and groceries.	0	1	0	0	1	1	1	0	0	0	6.0
4348	We should legalize organ trade	in favor of	organ trade should be legalized to help meet the demand of patients waiting for a life saving transplant	0	1	0	0	0	1	1	0	0	0	6.0
1001	We should ban whaling	against	many peoples make there livelihoods on whaling	0	0	0	0	1	1	0	0	1	0	6.0
2062	We should subsidize embryonic stem cell research	in favor of	embryonic stem cell research should be subsidized to speed up the rate that cures for serious illness are identified speedily.	1	1	0	0	0	1	1	0	0	0	6.0
3721	We should adopt a multi-party system	against	multi-party systems fragments power so much that nothing ever gets done and government is rendered ineffectual.	1	0	0	0	0	1	0	0	0	0	6.0
6522	Foster care brings more harm than good	against	foster care is much more personalized than institutions and can provide much better cate	1	1	0	0	0	1	0	0	0	0	6.0
461	We should ban missionary work	against	Missionary work has helped to civilize entire socities.	0	1	1	0	0	1	0	0	1	0	6.0
6178	Foster care brings more harm than good	against	foster care is a great thing that enables children to have a family when theirs is not able to take care of them.	0	1	0	0	0	1	0	0	0	0	6.0
6064	The vow of celibacy should be abandoned	against	Remaining celibate has a long history and a major tenet of some religions	0	0	1	0	0	0	0	0	1	0	6.0
3046	We should stop the development of autonomous cars	against	autonomous cars will help prevent wrecks in the future.	0	1	0	0	0	1	0	0	0	0	6.0
1829	We should ban the use of child actors	against	child actors are supervised constantly, are well taken care of, and have tutors on set to keep them from falling back in school.	1	1	0	0	0	1	0	0	0	0	6.0
3723	We should legalize prostitution	in favor of	We should legalize prostitution in order to avoid giving young people criminal records that will hurt their job prospects down the line.	1	0	0	0	0	1	1	0	0	0	6.0
6016	Foster care brings more harm than good	in favor of	there are not enough people to be sure that the foster homes are providing for the children	0	1	0	0	0	1	0	0	1	0	6.0
696	We should abolish intellectual property rights	in favor of	intellectual property rights should be abolished as they stifle innovation and allows the creation of monopolies and giant corporations	1	0	0	0	0	0	1	0	0	0	6.0
2476	We should legalize organ trade	in favor of	at this time many people are dying because they do not get an organ transplant. organ trade would incentivize people to be more prepared to have their relatives organs transplanted to save others	0	1	0	0	0	1	0	0	0	0	6.0
3641	We should introduce compulsory voting	in favor of	compulsory voting will increase the number of voter turnout.	1	1	1	0	1	0	0	0	0	0	6.0
6225	Surrogacy should be banned	in favor of	surrogacy  creates complicated mental situations for the mother and adoptive mother, using a child as a bargaining tool.	0	1	1	0	0	0	0	0	0	0	6.0
2442	We should stop the development of autonomous cars	in favor of	autonomous cars should not be produced as they are dangerous and risky.	0	1	0	0	0	1	0	0	0	0	6.0
2782	We should ban targeted killing	against	in a certain way, the selective assassination in politics is beneficial for countries that have this, as a means to alleviate their problems	1	1	0	0	1	1	0	0	0	0	6.0
3004	We should ban telemarketing	in favor of	telemarketing is an invasion of privacy, especially when they call at late hours, during meals and/or repetitively even after asking for the call to stop.	0	0	1	0	0	0	1	0	0	0	6.0
3427	We should adopt an austerity regime	in favor of	the current national debt is unsustainable and will lead to the collapse of our whole government unless we do something about it.  we need to adopt austerity programs immediately to save our country.	1	0	0	0	1	1	0	0	0	0	6.0
1798	We should end mandatory retirement	in favor of	this measure allows to move pieces in the companies and refresh the work schemes and to adapt to the new times	1	0	0	0	0	0	1	0	0	0	6.0
5807	Intelligence tests bring more harm than good	against	intelligence tests give confidence to those placed behind their level	1	0	0	0	0	1	1	0	0	0	6.0
3028	We should legalize organ trade	in favor of	Organ sales creates an incentive for people to remain healthy so they can sell their organs.	0	0	1	0	1	1	0	0	0	0	6.0
4657	Social media is making us less social	in favor of	By following friends on social media and not communicating with them privately, we can only know the things they post on their accounts. We may not know much about what is really happening in their lives. That means we will have no meaningful connections with friends. The convenience of contacting people online made us prefer it over meeting them outside.	0	1	0	0	0	1	0	0	0	0	6.0
773	We should legalize organ trade	in favor of	people are more likely to share their organs if there is financial benefit to them, increasing supply.	0	0	0	0	1	1	1	0	0	0	6.0
1143	We should legalize organ trade	in favor of	there is never going to be enough voluntary donation to meet demand, opening up an organ trade could remedy this drastic gap in supply to help save lives	0	1	0	0	1	1	1	0	0	0	6.0
1352	We should ban the use of child actors	against	providing child actors are still taught school subjects and that they are given time to be children then it is good for them and the money earned will give them freedom as adults to do whatever they want	1	0	0	0	1	0	1	1	0	0	6.0
7241	We should stop immigration.	in favor of	The organization of mass migration is a heinous crime. No more immigration from non-European or non-first-world countries.	0	1	1	0	0	1	1	0	0	0	6.0
6071	We should subsidize vocational education	against	education of all types is already being paid for by the cities where the schools are located	1	0	0	0	1	1	0	0	0	0	6.0
6156	Assisted suicide should be a criminal offence	in favor of	someone who would assist another person attempt suicide should be locked up.  these people need help to be convinced that suicide is not the answer rather than assisted in their task.	1	1	1	0	0	1	0	0	0	0	6.0
1851	We should oppose collectivism	in favor of	this practice does not allow an individual their own thoughts and actions.	0	0	0	0	0	0	1	0	0	0	6.0
6126	We should abandon television	in favor of	we should abandon television because it is a waste of time. people could get so much more done without it.	1	1	1	0	0	0	1	1	0	0	6.0
5541	Surrogacy should be banned	against	surrogacy can help lgbt couple have children.	0	1	0	0	0	0	0	0	0	0	6.0
114	We should end mandatory retirement	in favor of	We should end mandatory retirement because it removes people who are knowledgeable and skilled from jobs that they are good at.	1	0	0	0	1	1	1	0	0	0	6.0
6877	We should abandon television	in favor of	too many people sit in front of the television instead of doing physical activity, which is a factor in the increase of obesity	0	0	0	0	0	1	0	0	0	0	6.0
5529	Blockade of the Gaza Strip should be ended	against	international bodies demanding an end to the blockade are dismissing israel's sovereignty.	0	0	0	0	1	0	1	0	0	0	6.0
4532	We should ban cosmetic surgery for minors	in favor of	Minors with cosmetic surgery are less likely to be able to properly take care of the surgical sites, making them more prone to infection afterward.	1	0	0	0	0	1	0	0	0	0	6.0
465	We should abandon the use of school uniform	in favor of	Adolescents can be very self-conscious about their appearance. If a student thinks their uniform is unflattering, it may cause them discomfort and embarrassment.	0	0	0	0	0	1	0	0	0	0	6.0
7245	We should remove unauthorized asylum seekers or migrants.	in favor of	Unauthorized asylum seekers or migrants have no right to be in the country where they are unauthorized.	0	0	1	0	0	0	0	0	0	0	6.0
6540	Surrogacy should be banned	in favor of	many people have been let down by surrogates that change their minds about handing over the baby and pocketing the money paid for expenses that it is obvious that lack of regulation means it should be banned.	0	1	1	0	0	0	0	0	0	0	6.0
6354	Holocaust denial should be a criminal offence	against	holocaust denial should not be a criminal offence because it would be an infringement of the right to free speech	0	0	1	0	0	0	1	0	0	0	6.0
5416	Surrogacy should be banned	in favor of	a surrogate carrying a baby could try to keep it since they gave birth to it.	0	1	1	0	0	0	0	0	0	0	6.0
2409	We should subsidize Wikipedia	in favor of	wikipedia is an invaluable space for knowledge and should be preserved	1	1	0	0	0	0	0	0	0	0	6.0
4162	We should abandon the use of school uniform	in favor of	we should not force parents with limited funds to buy a whole separate wardrobe for their children to go to school	0	0	0	0	0	1	0	0	0	0	6.0
2440	We should ban factory farming	against	factory farming provides a faster mass production of food and gives us a way to feed more people than we would if we banned it. there will be less hunger in the world so we shouldn't ban it.	1	0	0	0	1	1	0	0	0	0	6.0
1188	We should subsidize student loans	against	we should not subsidize student loans because students should have worked to pay for college instead of going into debt.	1	1	1	0	1	1	1	0	0	0	6.0
6724	Foster care brings more harm than good	in favor of	foster care damages a child growing up.   not having the love from the birth mother and father will cause a child to grow up depressed.	0	1	0	0	0	1	0	0	0	0	6.0
4214	We should ban missionary work	against	if we don't ban missionary work, then more people will have jobs.	1	0	0	0	0	1	0	0	0	0	6.0
5626	Homeopathy brings more harm than good	in favor of	homeopathy isn't fda approved and can cause all sorts of problems and side effects.	0	0	1	0	0	1	0	0	0	0	6.0
4383	We should ban human cloning	against	cloning could prevent defective genes from being passed	0	0	0	0	0	1	0	0	0	0	6.0
3385	We should ban cosmetic surgery for minors	against	minors still have the ability to make choices, as long as there is informed consent.	0	0	0	0	0	0	1	0	0	0	6.0
1363	We should oppose collectivism	against	collectivism gives people something to work on as a team and builds relationships.	1	0	0	0	0	1	0	0	0	0	6.0
3247	We should ban algorithmic trading	against	algorithmic trading is the future of investing and can lead to a more prosperous economy in the long run.	1	0	0	0	1	0	0	0	0	0	6.0
3414	We should legalize prostitution	in favor of	people have the right to use their bodies in any way they choose.	0	0	0	0	0	0	1	0	0	0	6.0
5004	We need a better EU migration policy.	in favor of	It is absurd that such an EU policy about migration is lacking.  	0	0	1	0	0	0	0	0	0	0	6.0
2126	We should abolish capital punishment	against	Without capital punishment we would have more problems with over-crowding in prisons.	0	0	1	0	0	1	0	0	0	0	6.0
137	We should ban missionary work	in favor of	people should keep their religion to themselves	0	0	1	0	0	1	1	0	0	0	6.0
3694	We should adopt an austerity regime	in favor of	An austerity regime is very important during economically stressful times.	0	0	0	0	1	1	0	0	0	0	6.0
741	We should abolish the right to keep and bear arms	against	guns are already ubiquitous and outlawing them will only keep them out of the hands of lawful owners.	0	0	0	0	0	1	0	0	0	0	6.0
5320	The EU should change its internal structure.	in favor of	Without change, the EU will be following the route of the USSR and other communist countries, who after 70 years of trying to build a social paradise ended in poverty and suppression.	0	0	0	0	0	1	1	0	0	0	6.0
948	We should adopt atheism	against	we should not adopt atheism because everyone should have something to believe in.	0	0	0	1	0	0	1	0	1	0	6.0
3250	We should ban private military companies	in favor of	private military companies are mercenaries who can harm our society for greed and we don't need them	0	0	0	0	0	1	1	0	0	0	6.0
3871	We should stop the development of autonomous cars	in favor of	autonomous cars are too risky on the road, hackers can find a way to take control and cause accidents	0	0	1	0	1	1	1	0	0	0	6.0
6912	We should promote Zero Budget Natural Farming all over India	in favor of	We are witnessing farmer suicides in the past few years in several parts of the country. This is mainly because of the high input costs involved in farming. To raise capital, they are forced to take loans and if the crop fails due to various reasons, they are opting for suicide. Zero Budget Natural Farming will prevent farmers from getting trapped in a vicious cycle of debts.	0	1	0	0	1	1	0	0	0	0	6.0
2733	We should adopt libertarianism	against	libertarianism is a form of selfishness which promotes the rights of the individual over the rights of everyone.	1	0	0	0	0	1	0	0	0	0	6.0
3553	We should abolish the right to keep and bear arms	against	the right to keep and bear arms is fundamental to our freedom.  we give that right up and we are prisoners to the government.	0	1	0	0	1	1	1	0	0	0	6.0
3305	We should ban the use of child actors	against	if parents agree for their children to acting in movies, can't see any problem with it.	1	1	0	0	0	0	1	0	0	0	6.0
2444	We should ban fast food	in favor of	fast food contributed to the obesity problem in the us	0	0	0	0	0	1	0	0	0	0	6.0
3829	We should adopt a zero-tolerance policy in schools	against	kids needs their freedom and to learn from mistakes	1	1	1	0	0	0	1	0	0	0	6.0
4329	We should adopt libertarianism	in favor of	libertarianism focuses on the individual and personal responsibility in making their own decisions	0	1	0	0	0	0	1	0	0	0	6.0
4774	We should ban kids' reality shows	against	Reality shows give opportunity for children to bring out their hidden talents and to finess their skills.	1	0	0	1	0	1	1	1	0	0	6.0
749	We should abolish the right to keep and bear arms	against	the right to keep and bear arms is important in keeping people safe in a dangerous and uncertain world	0	1	0	0	1	1	0	0	0	0	6.0
3483	We should adopt a zero-tolerance policy in schools	in favor of	a zero tolerance policy in schools would cut down on bullying and fighting.	0	1	1	0	0	1	0	0	0	0	6.0
776	We should ban factory farming	against	it is the most efficient way to produce food	1	0	0	0	0	1	0	0	0	0	6.0
5410	The vow of celibacy should be abandoned	in favor of	we should abandon the vow of celibacy because if people dont have sex they can get frustrated and might take it out on other people	0	0	0	1	0	1	1	1	0	0	6.0
4053	We should ban factory farming	against	factory farming should not be banned as it allows for cost effective production of valuable and necessary food	1	1	0	0	0	1	0	0	0	0	6.0
4323	We should limit judicial activism	against	we should not limit judicial activism because judges have better knowledge of the laws than juries do	1	0	0	0	1	0	0	0	0	0	6.0
1701	We should subsidize space exploration	against	space exploration should be privatized and maybe we'd get somewhere.	1	0	0	0	1	0	1	0	0	0	6.0
272	We should ban cosmetic surgery	against	Cosmetic surgery is important to repair damaged skin or member of people involved in an accident. This will help them regain confidence and live their life fully	0	1	0	1	0	1	0	0	0	0	6.0
3566	We should oppose collectivism	against	We should support collectivism because people have more freedom when they are supported in their choices than when they have to scramble for everything on their own.	0	1	0	0	1	1	1	1	0	0	6.0
5106	Coronavirus protection should be advertised on TV and social media	against	That's a terrible idea. The government propaganda machine is already going at full steam. Do you have any idea what the psychological impact of these kinds of messages is when you blast them at people all day every day for over a year?  Depression, suicides, and domestic violence are all the consequences of living in a hopeless and high-stress environment for a protracted period of time and are at record levels throughout Europe. In this entire covid crisis the so-called 'health experts' have consequently ignored the fact that your mental state has a direct influence on your health. i.e.: If you're stressed out, you're more likely to get sick. Instead, they have willfully created panic. Just like your ad would.	1	0	0	0	0	1	1	0	0	0	6.0
7164	We should protect the European border	in favor of	Frontex deserves much more political support, especially from the European Commission. It is already playing an important role to manage the border and is called to play a crucial one in the coming years. 	0	1	0	0	0	1	0	0	0	0	6.0
859	We should cancel pride parades	in favor of	pride parades have now grown to the point where they are increasingly difficult to police and the scale of the events now need to be looked at to ensure the safety of all participants.	0	0	0	0	0	1	0	0	0	0	6.0
4836	Frontex should regularly publish transparency reports	against	Frontex interfering with the national border guards doing their sacred duty to protect the border, and then sending anonymous reports to criticize these brave men and women is quite abhorrent. 	0	0	1	0	0	0	0	0	0	0	6.0
1425	We should prohibit school prayer	against	we should not prohibit school prayer because the constitution gives us freedom of religion and prayer does not infringe on others.	0	0	0	0	0	0	1	0	1	0	6.0
1083	We should legalize organ trade	against	organ trade must remain illegal. there is far too much potential for corruption and human trafficking/murder if organs can be sold.	0	1	1	0	0	1	0	0	0	0	6.0
4956	We need an inclusive and pluralistic European society.	in favor of	There need to be some rules for integration:Integration does not mean giving up European values and culture.	0	0	0	0	0	0	0	0	1	0	6.0
2251	We should adopt a zero-tolerance policy in schools	in favor of	adopting a zero tolerance rule in schools is good for safety.	0	0	1	0	0	1	0	0	0	0	6.0
5904	The vow of celibacy should be abandoned	against	the vow of celibacy should not be abandoned because it is a centuries old practice that is considered sacred and holy.	0	0	0	0	0	0	0	0	1	0	6.0
6840	Holocaust denial should be a criminal offence	against	holocaust denial cannot be made a criminal offence in a country founded on free speech.	0	0	0	0	0	0	1	0	1	0	6.0
1460	We should abolish the Olympic Games	in favor of	we should abolish the olympic games because the pressure placed on athletes can cause mental health issues	0	1	0	0	0	1	0	0	0	0	6.0
419	We should abolish intellectual property rights	against	having intellectual property rights is a deterrent for those that would steal another persons ideas and creations so we must not abolish that.	1	0	1	0	0	0	1	0	0	0	6.0
5301	The EU should be a permanent member of the UN Security Council	in favor of	The idea that France should coordinate its positions on the UN Security Council with the EU is good because it does not request any specific UN decision (i.e recognizing the EU as a 'State'). It is enough that an internal EU-France agreement determines that the representative of France (appointed by agreement between France and EU) will now represent the EU (with veto right), and at the same time all other EU Member States will reinforce this representation by delegating their best specialists and put their own representation in vacancy. 	1	1	0	0	1	1	1	0	0	0	6.0
3818	We should adopt a zero-tolerance policy in schools	in favor of	there is an increase in anti-social behaviour and lack of respect among schoolchildren these days so a zero-tolerance policy will quickly teach them to respect the rule and people in general	0	0	1	0	0	0	0	0	0	0	6.0
4562	We should ban cosmetic surgery for minors	against	Small, harmless cosmetic surgeries can do a lot for increasing a child's confidence and productivity.	1	0	0	1	0	1	0	0	0	0	6.0
1331	We should ban factory farming	against	this method increases meat products to meet the high demand.	1	0	0	0	0	0	0	0	0	0	6.0
6108	Assisted suicide should be a criminal offence	against	everyone is entitled to chose how to not just live but also end their life.	0	1	0	0	0	1	1	0	0	0	6.0
4887	We need a common migration and asylum policy, based on respect for rights and equal treatment	against	Before we focus on ensuring that immigrants have nice conditions in the EU, we should first focus on ensuring that our own people can live respected lives in their own countries. Countries where they paid taxes and supported with their own labor. So that they are supported when they get ill, when they need help taking care of their kids and when they one day retire. EU still hasn't properly managed to achieve this in all member states. As such those member states should focus on repairing and improving the situation for their own people first and once those countries are up to standard and have free resources left, then we can speak of improving the situation for immigrants.	0	1	0	0	0	1	0	0	0	0	6.0
3649	We should ban fast food	in favor of	fast food is no good for anyone because it makes people fat and unhealthy.	0	0	0	0	0	1	0	0	0	0	6.0
2430	We should ban algorithmic trading	against	Algorithmic trading makes it easier to stay ahead in the market and not get blindsided by a sudden crash.	1	0	0	0	0	0	0	0	0	0	6.0
168	We should legalize cannabis	in favor of	cannabis should be legalized because it is no worse than alchohol.	0	0	0	1	0	1	1	0	0	0	6.0
66	We should ban private military companies	in favor of	private military companies could be a danger to our national security because their motives are financial in nature which means they could act in ways that are not in our country's best interest politcally.	0	0	0	0	0	1	0	0	0	0	6.0
4940	Migration should not be the solution.	in favor of	The EU should acknowledge the fact that increasing birth rates in Europe, and supporting European families to have (more) children is the most appropriate long-term solution.	0	1	0	0	0	1	0	0	0	0	6.0
3420	We should ban telemarketing	in favor of	we should ban telemarketing because it has gotten way out of hand. the phone was once a convience now its a hassle.	0	1	1	0	0	0	1	0	0	0	6.0
7159	We should protect the European border	in favor of	Only together and with  Frontex we ensure the management of EU borders. Migrants from Africa and Asia will arrive in increasing numbers in the coming years.	0	0	0	0	1	1	0	0	0	0	6.0
6717	Surrogacy should be banned	in favor of	Surrogacy can create long term emotional harms when women are separated from their children.	0	0	0	0	0	1	0	0	0	0	6.0
6699	Payday loans should be banned	in favor of	payday loans should be banned because it causes people to go into debt	0	0	0	0	1	1	0	0	0	0	6.0
4469	We should abolish the right to keep and bear arms	against	the freedom to bear arms has always been a basic right in this country.  people have the right to protect themselves.	1	0	0	0	0	1	1	0	1	0	6.0
2842	We should ban fast food	against	people are free to eat whatever they choose. it's a cheap and fast way for people to get a meal when they are in a hurry or can't afford the expensive organic and natural foods.	0	0	0	0	0	1	1	0	0	0	6.0
3262	We should ban telemarketing	in favor of	we should ban telemarketing since it is a nuisance to the people who they berate with phone calls.  very few of the people called are interested.  wasting peoples time needs to be stopped.	0	1	1	0	0	0	1	0	0	0	6.0
3759	We should adopt atheism	against	we should not adopt atheism because in this country it's a right to practice religion and to believe in god if you so choose.	0	0	0	0	0	0	1	0	1	0	6.0
5379	The EU should integrate the armed forces of its member states	in favor of	The EU cannot endlessly lean on America or NATO. America has proven to be fickle and NATO has its own problems, such as Turkey, which is outside the EU and has threatened Greece. The EU needs its own independent solution.	0	1	0	0	1	1	1	0	0	0	6.0
609	We should subsidize journalism	in favor of	we should  fund journalism to serve the public interest.	0	0	0	1	0	1	0	0	0	0	6.0
2690	We should subsidize student loans	against	graduates earn more over a lifetime than their peers, this gives them plenty of opportunity to repay their debts.	1	1	0	0	0	1	1	0	0	0	6.0
6628	Assisted suicide should be a criminal offence	against	people have a basic right to bodily autonomy, deciding whether or not to die with minimal suffering and dignity is integral to that right.	0	0	1	0	0	0	1	0	0	0	6.0
3932	We should end mandatory retirement	against	Older people should be forced to retire at a certain age because the world is steadily changed and their knowledge becomes outdated	1	0	0	0	0	0	0	0	0	0	6.0
2649	We should subsidize space exploration	against	we should not subsidize something like space exploration because it would put lives at risk.	0	1	0	0	0	1	0	0	0	0	6.0
3422	We should ban fast food	against	fast food restaurants sell all types of food including soups and salads.  people should be able to choose what they want to eat without government interference.	0	0	0	1	0	1	1	0	0	0	6.0
1949	We should ban telemarketing	against	telemarketing is a useful source of sales for many businesses	1	0	0	0	1	0	0	0	0	0	6.0
590	We should introduce compulsory voting	in favor of	more voters would boost voter turnout.	0	0	1	0	1	1	0	0	0	0	6.0
3118	We should legalize prostitution	against	we should not legalize prostitution because people should only be with one other person in a marriage relationship.	0	1	0	0	0	1	0	0	1	0	6.0
315	We should abolish the Olympic Games	against	the olympics have long been the goal for athletes to aim for to be the very best so abolishing the games would take away their dreams and ambitions.	1	0	0	0	0	0	1	1	0	0	6.0
3954	We should legalize cannabis	against	Cannabis use is too often a gateway  to other harder drugs such as cocaine and heroin so should remain illegal.	0	0	1	0	0	1	0	0	0	0	6.0
484	We should limit executive compensation	in favor of	we should limit executive compensation for national ecomics	0	0	0	0	1	1	0	0	0	0	6.0
598	We should legalize prostitution	against	legalizing prostitution can many women as well as children vulnerable to the dangerous and immoral legal acceptance of prostitution.	0	1	1	0	0	1	0	0	0	0	6.0
6192	Homeopathy brings more harm than good	against	when no effective alternatives exist the placebo effects of homeopathy are to be supported.	1	1	0	0	0	1	0	0	0	0	6.0
3906	We should limit executive compensation	against	Incentive to perform at the highest levels and attractiveness of position are important factors in maintaining a competitive and successful company in a fast moving and aggressive marketplace.	1	0	0	0	1	0	0	1	0	0	6.0
408	We should ban factory farming	against	factory farming has allowed the prices of food to drop drastically.	0	0	0	0	1	1	0	0	0	0	6.0
6416	The use of public defenders should be mandatory	against	Making the use of public defenders mandatory is an unfair obligation placed on a state.	0	0	0	0	0	1	1	0	0	0	6.0
6539	Homeopathy brings more harm than good	in favor of	people that could have survived with proper medical attention but instead take the path of homeopathy to their detriment is a tragedy.	1	1	0	0	0	1	0	0	0	0	6.0
6791	We should abandon television	in favor of	television causes obesity in children as it prevents them from being active.	0	0	0	0	0	1	0	0	0	0	6.0
5739	Entrapment should be legalized	in favor of	when it is known that someone has committed a crime but it cannot be proven then entrapment provides an effective way of proving what they are capable of.	1	0	1	0	1	1	0	0	0	0	6.0
4861	The EU needs strong advertising and recruitment strategies for students and qualified employees	in favor of	The EU has, for too long, seen a net exodus or brain drain of highly qualified people.	1	0	0	0	0	1	0	0	0	0	6.0
3103	We should stop the development of autonomous cars	against	autonomous cars eliminate the hazards of driving distracted and drunk driving.  removing these hazards from our roadways will make us all safer.	0	0	1	0	0	1	0	0	0	0	6.0
6124	Homeschooling should be banned	in favor of	home-schooled children aren't socialized properly and may have difficulty adapting to the general populace	0	0	0	0	0	1	0	0	0	0	6.0
6308	Holocaust denial should be a criminal offence	against	you can not tell a person how they should or should not believe and making holocaust denial a criminal offense is an unnecessary intrusion.	0	0	0	0	0	0	1	0	0	0	6.0
418	We should abolish safe spaces	against	safe spaces are essential to people struggling its mental health problems and getting rid of them would increase their likelihood of abusing drugs to cope.	0	0	0	0	0	1	0	0	0	0	6.0
1835	We should abandon the use of school uniform	in favor of	school uniforms stifle the ability of kids to be creative in how they dress and express themselves.	0	0	0	1	0	0	1	1	0	0	6.0
433	We should ban whaling	against	whaling is part of a great number of cultures	0	0	1	0	0	0	0	0	1	0	6.0
457	We should ban algorithmic trading	against	programmes will always evolve to make better use of trading practices, so holding people back from using algorithmic trading will only serve to slow down progress.	1	0	0	0	1	0	0	0	0	0	6.0
1998	We should abolish capital punishment	against	i think capital punishment is useful for some people because it turns them into better people	0	1	1	0	1	0	0	0	0	0	6.0
6410	Social media brings more harm than good	in favor of	social media can be addicting and take people out of the moment and harm relationships with those that they are around in person. it can keep people from developing relationships in person.	0	1	1	0	0	1	0	1	0	0	6.0
1559	We should adopt an austerity regime	in favor of	We should adopt an austerity regime because the debt to gdp ratio threatens the future stability of the country	0	0	0	0	1	1	0	0	0	0	6.0
3678	We should adopt gender-neutral language	against	gender neutral language causes confusion and is taking political correctness too far, by all means allow people to be referred to by their preferred gender but people are not 'neutral.'	1	0	1	0	0	0	0	0	0	0	6.0
93	We should adopt libertarianism	against	there are so many people in the world we all have to appreciate that we need to adopt certain rules and etiquette which everyone follows, if everyone pleased themselves no one would help each other.	0	1	1	0	0	1	0	0	0	0	6.0
2784	We should limit executive compensation	against	High executive compensation is necessary to get the best executives for your company	1	0	0	0	1	0	0	0	0	0	6.0
1286	We should abolish safe spaces	against	young people aren't conscious of what effect what they say has on someone else and a safe space prevents them from doing anything to anyone else	0	0	1	0	0	1	1	0	0	0	6.0
681	We should ban telemarketing	in favor of	unwanted telemarketing is a form of harassment, it's extremely annoying and it's got so out of hand that people are unable to avoid or opt out of it.	0	1	0	0	0	1	1	0	0	0	6.0
698	We should abolish intellectual property rights	in favor of	also called intellectual plagiarism none of this makes sense there may be people who think the same and that is not a crime	1	0	0	0	0	0	1	0	0	0	6.0
4175	We should adopt a multi-party system	in favor of	a multi-party system would bring more choices for people to speak up and vote.	1	0	0	0	1	0	1	0	0	0	6.0
897	We should prohibit school prayer	against	we should not prohibit school prayer because it would violate rights some religions	0	0	0	0	0	0	1	0	1	0	6.0
5051	The EU should synchronize national elections 	in favor of	Synchronizing national elections would allow European citizens to engage in major pan-European campaigns.	0	0	0	0	1	0	0	0	0	0	6.0
6512	Foster care brings more harm than good	in favor of	many children get stuck in the foster care system, having neither their biological family nor a permanent adoptive family	0	1	0	0	0	1	1	0	0	0	6.0
1402	We should adopt gender-neutral language	against	many philologist said that gender-neutral language is hard to use, takes times to learn and will cost a lot of money.	1	0	0	0	1	1	0	0	1	0	6.0
6601	The use of public defenders should be mandatory	against	the use of public defenders should not be mandatory because a lot of them are not well versed in law.	1	0	0	0	0	0	1	0	0	0	6.0
3875	We should subsidize embryonic stem cell research	in favor of	embryonic stem cell research should be subsidized because it could lead to massive changes in human beings. this type of research could reverse aging, change genes, and learn how to cure diseases.	1	0	0	0	0	1	1	0	0	0	6.0
6260	The vow of celibacy should be abandoned	in favor of	the vow of celibacy should be abandoned because it is outdated and usually causes more harm than good because the celibate person looks for release in the wrong places.	0	1	1	1	0	0	0	1	0	0	6.0
1002	We should legalize organ trade	in favor of	legalising organ trade would put an end to the black market trading.	0	1	1	0	0	1	0	0	0	0	6.0
4432	We should adopt a zero-tolerance policy in schools	in favor of	zero-tolerance policy should be adopted to teach children disciplined and to help prepare them for a life where rules apply.	1	0	1	0	0	0	0	0	0	0	6.0
3065	We should ban human cloning	in favor of	without knowing the long term effects of cloning, it shouldn't be attempted on humans because it could be medically problematic.	0	0	0	0	0	1	0	0	0	0	6.0
4705	India should accept Rohingya refugees	against	Accommodating refugees will cause resettling of some Indians. The Indian government tried to give shelter to Rohingyas by resettling some in the Jammu region. This may not be the right step and will cause distress to the resettled Indians.	0	0	1	0	0	1	1	0	0	0	6.0
3756	We should legalize cannabis	against	"we should not legalize cannabis because it can be a ""gateway"" drug."	0	0	1	0	0	1	0	0	0	0	6.0
2999	We should adopt an austerity regime	in favor of	for longer term economic benefits, short term sacrifices are necessary to dig the country out of debt, and an austerity regime is the only way to achieve this.	1	0	0	0	1	1	0	0	0	0	6.0
2653	We should cancel pride parades	against	pride prides are an expression of free speech and therefore, constitutionally protected.	0	0	1	0	0	1	1	0	0	0	6.0
4378	We should abolish the three-strikes laws	against	the three-strikes laws helps deter people from committing further crimes	0	0	1	0	1	1	0	0	0	0	6.0
2000	We should ban missionary work	in favor of	missionary work puts people into dangerous places where they can be harmed or killed.	0	1	0	0	0	1	0	0	0	0	6.0
4787	There should be a ban on Bandhs	in favor of	Most of the bandhs results in violence. Some political parties and organizations intentionally causes violence by setting public properties on fire, by destroying vehicles and by injuring the common people.	0	0	1	0	0	1	0	0	0	0	6.0
6759	Holocaust denial should be a criminal offence	against	everyone is entitled to the right to believe or disbelieve the  holocaust.	0	0	0	0	0	0	1	0	0	0	6.0
7327	We should open up three-child policy to encourage childbirth.	against	The people at the Health Planning Commission thought there would be a population explosion after opening up childbirth, but in reality people don't want to have children, whether you restrain them or not.	0	1	0	0	0	0	1	0	0	0	6.0
59	We should abandon the use of school uniform	in favor of	School uniforms are too expensive and many parents can not afford the extra expense.	0	0	0	0	0	1	0	0	0	0	6.0
2390	We should legalize sex selection	in favor of	we should legalize sex selection as it is a parents right to choose and many families may want a girl after many boys and so sex selection will help ensure a wanted pregnancy.	0	1	0	0	1	0	1	0	0	0	6.0
5564	Foster care brings more harm than good	against	foster care provides temporary shelter for children who would otherwise be on the streets.	0	1	0	0	0	1	0	0	0	0	6.0
2338	We should limit executive compensation	in favor of	workers would be more motivated to do a good job if they were compensated more instead of giving the executives so much	1	0	0	0	1	0	0	0	0	0	6.0
3735	We should ban fast food	in favor of	we should ban fast food because obesity the biggest health crisis in the country	0	0	0	0	0	1	0	0	0	0	6.0
4868	The European Union should support and integrate immigrant people to ensure that they live with dignity and equality with all European citizens	against	Either the EU will be a fortress against illegal migration or it will not exist anymore in the future.	0	0	0	0	0	1	0	0	0	0	6.0
4438	We should introduce compulsory voting	against	some people don't care about voting and if required would just pick random choices, which could have disastrous consequences.	1	1	0	0	0	1	0	0	0	0	6.0
4249	We should introduce compulsory voting	against	the democratic process is all about freedom of choice, and voting should be a voluntary process too.	0	0	0	0	0	0	1	0	0	0	6.0
5593	We should abandon television	in favor of	we should abandon television it projects dangerous norms of beauty and success, and time can be better spent not looking at a screen	0	1	1	0	0	1	1	1	0	0	6.0
2693	We should subsidize space exploration	in favor of	space exploration should be subsidized as it will benefit us in the future with technology advancements.	1	1	0	0	0	0	1	0	0	0	6.0
1816	We should ban whaling	against	there are still people that live off of whaling and banning it would take away their food and income.	0	0	0	0	1	1	0	0	1	0	6.0
3286	We should oppose collectivism	against	collectivism is society working for the benefit of the masses and not for individual gain	0	1	0	0	0	1	0	0	0	0	6.0
3766	We should ban missionary work	in favor of	missionary work disrupts indiginous culture and interferes with natural progression of foreign populations.	0	0	0	0	0	1	1	0	1	0	6.0
371	We should ban cosmetic surgery	in favor of	cosmetic surgery has too many risks of something going wrong compared to the benefit of looking more aesthetically pleasing.	0	1	0	0	0	1	0	0	0	0	6.0
3370	We should ban fast food	in favor of	obesity is rising at an alarming rate and fatty foods and sugar filled drinks are shown to be one of the biggest contributors so fast food should be banned because those foods are sold there.	0	1	0	0	0	1	0	0	0	0	6.0
6248	Homeschooling should be banned	against	children who homeschool have surpassed their public school peers in standardized testing by an overall 10% better performance.	1	0	0	0	0	0	0	0	0	0	6.0
5976	Social media brings more harm than good	against	social media provides ways for people to connect where they might not be able to otherwise. reconnecting with old friends, new colleagues, etc. is great via social media.	0	1	0	0	0	1	0	1	0	0	6.0
3158	We should legalize cannabis	against	cannabis is known to lead to dependency as well as further drug seeking behaviors and should not be legalized.	0	1	1	0	0	1	0	0	0	0	6.0
3170	We should adopt libertarianism	against	we should not adopt libertarianism because that would be forcing a way of life on people that don't want it	0	0	0	0	0	0	1	1	0	0	6.0
3973	We should prohibit school prayer	against	prayer can bring students a moment of peace and tranquility to an otherwise hectic school day.	0	0	0	1	0	1	0	0	1	0	6.0
2824	We should ban telemarketing	in favor of	telemarketers selling scams interrupt precious family time with incessant phone calls.	0	1	1	0	0	1	0	0	0	0	6.0
7226	We should remove unauthorized asylum seekers and migrants	against	Everyone has the right to be wrong sometimes. Everyone (immigrants and Europeans) should behave well, but I think it depends a lot on the level of inclusion of these people.  If we manage to be a welcoming continent, the people who come will thank us by being part of society.	0	0	1	0	0	1	0	0	0	0	6.0
4617	IT recruiters should consider skills instead of a degree in programming	in favor of	Any skill can be learned and mastered even if we do not have a degree in that. And programming is no exception.	1	0	0	0	0	0	1	0	0	0	6.0
154	We should abolish intellectual property rights	against	we cannot abolish intellectual property rights because artists and scientists need to have their ideas and innovations protected so that they can earn a living in their fields	1	0	0	0	1	1	1	0	0	0	6.0
4723	We can rely on Cryptocurrencies like Bitcoins	against	If value of standard currency falls, we can still afford to live in our country, because the fall of currency value impacts all fields. For example, if the prices of groceries rise, so does our salaries. But if the value of cryptocurrencies like bitcoin falls, we will loose our hard earned money.	0	0	0	0	1	1	0	0	0	0	6.0
5513	The vow of celibacy should be abandoned	in favor of	with the sexual revolution, the vow of celibacy is outdated and has little value in today's society.	0	0	0	1	0	0	1	1	0	0	6.0
503	We should legalize cannabis	against	sale of cannabis should not be legalized because it is a dangerous drug and as such is a public health concern	0	0	1	0	0	1	0	0	0	0	6.0
4754	We should ban alcohol in India	in favor of	Alcohol addiction is not just a threat to the person that drinks, but also to his/her entire family.	0	1	0	0	0	1	0	0	0	0	6.0
130	We should abolish safe spaces	in favor of	Safe spaces stifle dialogue about controversial topics, such as race, gender and religion.	0	0	0	0	0	0	1	0	0	0	6.0
2890	We should subsidize space exploration	against	we should not subsidize space exploration since that is a waste of money.	0	0	1	0	1	1	0	0	0	0	6.0
5072	The President of the European Commission should be directly elected by direct universal suffrage	against	I don't think the EU needs the same problem as France where the elections are just about which guy people should select and which candidate looks the best to handle the position. 	1	1	0	0	0	0	0	0	0	0	6.0
2221	We should cancel pride parades	in favor of	pride parades have become dangerous because right-wing opponents have tried to disrupt them with violence	0	0	1	0	0	1	0	0	0	0	6.0
2418	We should abolish safe spaces	against	if people need somewhere safe they should be able to have it	0	0	0	0	0	1	1	0	0	0	6.0
101	We should adopt a multi-party system	against	the two-party system is cheaper and easier to operate that any multi-party system	0	0	0	0	0	1	0	0	1	0	6.0
2893	We should abolish safe spaces	against	Safe spaces give people the ability to process issues at their own pace without the added stress of judgement from others.	0	1	0	0	0	1	1	0	0	0	6.0
4384	We should limit executive compensation	in favor of	executive compensation has to be limited to permit the company to show a profit	1	0	0	0	1	0	0	0	0	0	6.0
4862	The EU needs strong advertising and recruitment strategies for students and qualified employees	in favor of	Compared to most anglophone countries, Europe has been quite timid in attracting talent across the globe. Too few people know of and make use of the EU Blue Card. The EU is a destination of choice for migration and refugees from developing and some neighboring countries.	1	0	0	0	0	0	0	0	0	0	6.0
3781	We should ban whaling	against	Whaling is an important cultural practice for the Japanese. Rather than banning it, it should be regulated.	0	0	0	0	0	0	0	0	1	0	6.0
2776	We should introduce compulsory voting	against	compulsory voting shouldn't be introduced because it violates freedom of choice.	0	0	0	0	0	0	1	0	0	0	6.0
3079	We should ban cosmetic surgery for minors	in favor of	surgery can be dangerous and must never be undertaken without a medical need, minors also do not need to be told there is something wrong about them that needs fixing.	0	1	0	0	0	1	0	0	0	0	6.0
3143	We should abolish safe spaces	against	everyone deserves to be safe and has the right to safety.	0	1	1	0	0	1	0	0	0	0	6.0
5565	The use of public defenders should be mandatory	against	Public defenders cost the state too much money.	0	0	0	0	1	0	0	0	0	0	6.0
3671	We should adopt a zero-tolerance policy in schools	in favor of	we should adopt a zero-tolerance policy because it will keep kids disciplined and the schools will be safer	0	0	1	0	0	1	0	0	0	0	6.0
5561	Foster care brings more harm than good	in favor of	foster care tends to move children from home to home and lacks stability.	0	1	0	0	0	1	0	0	0	0	6.0
6973	MBAs do not make good business leaders	in favor of	MBA programs are the best in shaping personality and behavioural skills, which are the most essential qualities of leaders.	1	1	0	0	1	0	0	0	0	0	6.0
959	We should adopt libertarianism	in favor of	Libertarianism increases individual liberties by preventing the government from controlling every aspect of our lives.	0	0	0	0	0	0	1	1	0	0	6.0
5126	The EU should ensure a free, independent, and functioning judiciary in its Member States	against	The administration of justice is a member state competence. Shadowy attempts by federalist institutions to enhance their influence at the expense of the sovereign member states are contrary to the letter of the EU Treaties, counter-productive, and have contributed greatly to the crisis of the EU by alienating national institutions. This is especially the case for courts. Several member states' high courts have declared the ECJ ultra vires (acting beyond its powers). This lawlessness on the part of federalist institutions must stop with immediate effect, and we must reaffirm the principles of subsidiarity and conferral. 	1	0	1	0	0	1	0	0	1	0	6.0
5043	The president of the European Commission should be elected by the people of the EU	against	In Germany, the President of the Executive is not elected by the people directly either. The reason for this is the horrible experience during the Third Reich. The Parliament - as the only constitutional institution being directly elected - has a stronger stand if the President is not elected directly. However I definitely support, that the Parliament becomes stronger and more influential. 	1	0	0	0	1	0	0	0	0	0	6.0
4466	We should abolish intellectual property rights	against	for multiple reasons the right of intellectual property should not be abolished since it gives others the participation of making their intellect known and putting it into practice in various activities	1	0	0	0	0	0	1	1	0	0	6.0
3916	We should abolish the right to keep and bear arms	against	It should not be abolished, it is a tradition, it should be controlled but not removed	0	1	0	0	0	0	1	0	1	0	6.0
6003	The vow of celibacy should be abandoned	in favor of	to move with the modern times the vow of celibacy should be abandoned.	0	0	0	1	0	1	0	0	0	0	6.0
2829	We should ban factory farming	against	factory farming is necessary  and cannot be abandoned, because it's the way we will always produce things in agricolture	0	0	0	0	0	1	0	0	0	0	6.0
6165	Homeopathy brings more harm than good	in favor of	homeopathy can lead people to use herbal remedies and not seek help for bigger issues which can have devestating consequences.	0	0	0	0	0	1	0	0	0	0	6.0
4000	We should adopt atheism	against	religion gives people a belief if a better life	0	0	0	0	0	1	1	0	1	0	6.0
5066	The president of the European Commission should be elected by the people of the EU	against	The European Commission has to be independent. It is not allowed to take instructions from any country, lobby group, or anyone else. An elected head of the Commission would make nonsense of the principle of independence that is vital to the trust in the Commission's job. He or she would be beholden to the group that elected him or her and make the job impossible.	1	0	0	0	0	0	1	0	0	0	6.0
3947	We should adopt an austerity regime	in favor of	an austerity regime would make for a more powerful and united country	1	0	0	0	1	1	0	0	0	0	6.0
568	We should ban telemarketing	against	telemarketing is a job for some and banning it would take jobs away.	1	0	0	0	0	1	1	0	0	0	6.0
2865	We should legalize sex selection	in favor of	parents should be able to chose the sex of their children.	0	1	0	0	1	0	1	0	0	0	6.0
746	We should limit executive compensation	in favor of	executive compensation should be limited to make companies more profitable.	1	1	0	0	1	0	0	0	0	0	6.0
3353	We should limit executive compensation	against	executive compensation provides incentive for people to take on high responsibliity positions that drive the economy to new heights creating even more wealth.	1	0	0	0	1	0	0	0	0	0	6.0
1839	We should ban telemarketing	against	telemarketing gives us new opportunities and we can often save money on our services.	1	0	0	0	1	1	0	1	0	0	6.0
3463	We should introduce compulsory voting	against	forcing people to vote will cause an unwanted outcome in elections. having no vote is as much speech as voting.	1	0	0	0	0	0	1	0	0	0	6.0
1429	We should ban human cloning	in favor of	human cloning should be banned as the long term effects on the cloned is still uncertain and could lead to long term health complications	0	1	0	0	0	1	0	0	0	0	6.0
4081	We should subsidize embryonic stem cell research	against	we should not subsidize embryonic stem cell research. we should not play god.	0	0	0	0	0	0	0	0	1	0	6.0
1051	We should abolish safe spaces	in favor of	abolishing safe spaces has to be recognized because people who has such a problems already have support from institutions and doctors.	1	1	1	0	0	0	0	0	0	0	6.0
4431	We should adopt an austerity regime	in favor of	it is important to reduce government spending so that money is available for other vital amenities such as the police force etc.	0	1	0	0	0	1	0	0	0	0	6.0
5874	Foster care brings more harm than good	in favor of	most are into doing foster care for the paycheck, which leaves the children neglected.	0	1	0	0	0	1	0	0	1	0	6.0
1670	We should limit executive compensation	against	if someone has worked hard  to climb the career ladder then they should receive a reward in the form of executive compensation.	1	0	0	0	1	0	0	0	0	0	6.0
1043	We should ban the use of child actors	in favor of	we should ban the use of child actors because it causes the child to be in a dangerous environment	0	1	0	0	0	1	0	0	0	0	6.0
4493	We should ban fast food	against	people have the free will to choose what they want to eat regardless of how unhealthy it is	0	0	0	0	0	0	1	1	0	0	6.0
1296	We should legalize organ trade	against	we shouldn't legalize organ trade because is horror for familiys	0	1	1	0	0	0	0	0	0	0	6.0
4105	We should ban the Church of Scientology	against	banning organisations that happen to hold unorthodox views is a complete violation of free speech, and shouldn't be tolerated in a democracy.	0	0	0	0	0	0	1	0	1	0	6.0
4627	We should adapt the viable pay incentive scheme	in favor of	Variable pay helps in retaining valuable employees. This helps in retaining good talent for long periods of time and thereby, less spending on hiring new talents. This provides stability to the organization.	1	1	0	0	0	1	0	0	0	0	6.0
6521	Social media brings more harm than good	against	social media has allowed us to connect to likeminded individuals around the world whom we wouldn't be able to communicate with otherwise.	0	0	0	0	0	1	0	0	0	0	6.0
4999	There should be no illegal migration.	against	What does legal migration look like? People can only ask for asylum from within the EU and must officially do so at the Point of Entry. This has caused inhumane circumstances as we see at Camp Moria in Greece. 	0	1	0	0	0	1	0	0	0	0	6.0
1205	We should abolish intellectual property rights	in favor of	it gives more people an opportunity to improve a product already on that market without worrying about copyright infringement.	1	1	0	0	1	1	1	0	0	0	6.0
3596	We should abolish intellectual property rights	against	intellectual property rights protects the ideas that will lead to a solid invention/investment and therefore need to be protected, not abolished.	1	0	0	1	1	0	1	0	0	0	6.0
225	We should ban algorithmic trading	against	if people want to use it then it is their choice	1	0	0	0	0	1	1	1	0	0	6.0
6009	Surrogacy should be banned	against	when a couple are not blessed with the ability to have their own children surrogacy provides this joy therefore it should not be banned.	0	1	0	1	0	0	1	1	0	0	6.0
2609	We should adopt an austerity regime	in favor of	an austerity regime helps to balance the nation's budget and reduce national debt.	0	1	0	0	1	1	0	0	0	0	6.0
6185	Social media brings more harm than good	against	Social media makes communication easier, especially for long distance situations, like moving somewhere after finishing school.	0	1	0	0	0	1	0	0	0	0	6.0
7199	We should stop the mass migration from Africa and the Middle East	in favor of	Those coming from there pretend to be refugees but are actually economic migrants. Slowly but surely these people are destroying Europe because they do not bring anything related to European values. Furthermore, they do not respect or accept European values. They bring crime, terror, and chaos. And after all, if there are no more Europeans in Europe, then what will happen to our beloved continent?	0	0	0	0	0	1	0	0	1	0	6.0
2254	We should ban cosmetic surgery	in favor of	it can do more harm than good. it has ruined people's looks for life and thus ruined people's lives.	0	0	1	0	0	1	0	0	0	0	6.0
3412	We should legalize prostitution	in favor of	It has been shown that easily accessible prostitution decreases violence against women more broadly by allowing men safe and consensual outlets.	0	0	1	0	0	1	1	0	0	0	6.0
6099	Entrapment should be legalized	in favor of	entrapment should be legal because it catches criminals that were already looking to commit the crime anyway.	1	0	1	0	0	1	1	1	0	0	6.0
4517	We should ban the use of child actors	in favor of	Using child actors only makes them more susceptible to drug use later on.	0	1	1	0	1	1	0	0	0	0	6.0
3984	We should oppose collectivism	in favor of	individuals needs are more important than the group	0	0	0	0	0	1	1	0	0	0	6.0
2373	We should abandon the use of school uniform	against	school uniforms show pride and community and provide fewer distractions from learning.	1	0	1	0	0	1	0	0	0	0	6.0
6317	Entrapment should be legalized	in favor of	entrapment should be considered as legal as giving huge benefit for safe and secure society.	0	0	1	0	0	1	0	0	0	0	6.0
2845	We should abolish the Olympic Games	in favor of	they are expensive to whoever hosts them	0	0	0	0	1	1	0	0	0	0	6.0
6983	Military training should be made compulsory for all in India	against	Most of the reserve force will not be utilized, which means huge amounts of expenditure on trainings will go in vain.	0	0	0	0	0	1	0	0	0	0	6.0
6309	Assisted suicide should be a criminal offence	against	people suffering with no chance for recovery deserve to choose this type of death to end suffering and loss of dignity.	0	0	0	0	0	0	1	0	0	0	6.0
2718	We should abolish intellectual property rights	in favor of	we need to do away with intellectual property rights so it doesn't slow down innovation	1	0	0	0	1	0	1	0	0	0	6.0
981	We should subsidize student loans	in favor of	student loans should be subsidized so that more kids can go to school, get a better education and contribute to the advancement of society.	1	0	0	0	1	1	1	0	0	0	6.0
5204	There should be no illegal migration	in favor of	Entering the EU without a permit automatically excludes a person from any right to receive asylum. 	0	0	1	0	0	1	0	0	0	0	6.0
4552	We should ban cosmetic surgery	against	cosmetic surgery is important for health issues such as people who have been born with a cleft palate.	0	0	0	0	0	1	0	0	0	0	6.0
147	We should end mandatory retirement	against	Setting a mandatory retirement age allows for the younger generations to move up the ladder and to better support their own families.	1	1	1	0	1	1	0	0	0	0	6.0
6635	Foster care brings more harm than good	in favor of	foster care is simply a band-aid over the real issues and doesn't provide a remedy to the problem that is obviously in need.	1	0	0	0	0	0	0	0	0	0	6.0
6658	Assisted suicide should be a criminal offence	against	assisted suicide is sometimes the only solution for some people, we should not take it off.	1	0	0	0	0	0	1	0	0	0	6.0
6957	Cattle slaughter should be banned	against	It is not ethical to interfere with the food habits of others.	0	0	1	1	0	0	1	0	0	0	6.0
120	We should abolish the three-strikes laws	against	we need the three strikes as a deterrent	0	0	1	0	1	1	0	0	0	0	6.0
3865	We should stop the development of autonomous cars	against	autonomous cars can help people to do more long distance traveling that will allow them to arrive refreshed and less anxious.	1	0	0	0	0	1	0	1	0	0	6.0
6145	We should abandon television	against	it can be very educational and full of facts	1	0	0	0	0	0	1	0	0	0	6.0
1560	We should stop the development of autonomous cars	against	autonomous cars are the future and some cities already have them.	0	0	0	0	0	0	1	0	0	0	6.0
5138	The European Union, as a Union of values, should limit its support to countries that do not want to adhere to European values and violate the rights of their citizens	against	This is an attempt to combine the 'Multi-speed Europe' concept with the idea that European principles and values can be used as ideological clubs to beat those who engage in wrongthinking over the head with. If you insist on a set of shared EU principles and values that go beyond a mere symbolic declaration, these principles and values must include our real heritage: the Judeo-Christian values that have made Europe great. Traditional family values are first and foremost. All these values must be clearly defined in a legal sense.	0	0	1	0	0	0	0	0	1	0	6.0
722	We should stop the development of autonomous cars	against	autonomous cars could help people make better use of their time	1	1	0	1	0	1	1	1	0	0	6.0
2934	We should abolish the Olympic Games	against	the olympic games are a way for nations to compete in a friendly way and to encourage people of all ages to take up sport.	1	0	0	0	0	1	1	1	0	0	6.0
6067	Social media brings more harm than good	in favor of	people spend so much time on social media that they neglect real life obligations and relationships.	1	1	1	0	0	0	0	1	0	0	6.0
3426	We should abandon the use of school uniform	in favor of	school uniforms are often used as a money making exercise by schools, where they inflate the price and parents have no choice but to pay.	0	0	1	0	1	1	1	0	0	0	6.0
6287	We should abandon television	in favor of	too much of peoples time is spent watching television	0	0	0	0	0	1	1	0	0	0	6.0
2876	We should ban the Church of Scientology	in favor of	"we should ban the church of scientology because any church that has ""cult like"" teachings should never be allowed to exist."	0	1	0	0	0	1	1	0	1	0	6.0
2391	We should ban human cloning	against	we should not ban human cloning because this will lessen our chances for finding cures to the some of the most deadly diseases such as cancer and dementia	0	1	0	0	0	1	1	0	0	0	6.0
1073	We should ban algorithmic trading	in favor of	algorithmic trading can cause rapid fluctuations in the stock market that are far beyond human control and no safeguards are implemented to stop them as well as giving unfair advantage to large-scale traders.	0	1	0	0	1	1	0	0	0	0	6.0
5226	There should be a stronger EU on the world scene	in favor of	EU should show more strength when dealing with foreign powers. In addition, there should be a vision about where we want to go in the long term with the EU, and this is in an increasingly complex (and sometimes hostile) world. 	1	0	0	0	0	1	0	1	0	0	6.0
5249	There should be a European Common Defence and Security Alliance	in favor of	We need to revisit the idea of a defense union that is independent of NATO. National armies of EU states should be able to cooperate. This includes the same equipment, the same training and the same battle language.  	1	0	0	0	0	1	1	0	0	0	6.0
3532	We should introduce compulsory voting	against	why should anyone be forced to vote?it is their right to vote or not to vote as they see fit.it is not a democratic system to force people to do this.	0	0	1	0	0	0	1	0	0	0	6.0
6100	Homeopathy brings more harm than good	in favor of	as homeopathy is unregulated, it can be dangerous because nobody really knows the quality, safety or efficacy of the products that are on sale.	0	0	0	0	0	1	0	0	0	0	6.0
1288	We should ban cosmetic surgery for minors	against	minors should be able to make decisions to have cosmetic surgery if it will help their self-confidence.	1	1	0	0	0	1	1	0	0	0	6.0
2252	We should abolish safe spaces	against	safe spaces allow for those who are triggered to go somewhere to seek a space free of triggers	0	1	1	0	0	1	1	0	0	0	6.0
1983	We should ban cosmetic surgery	in favor of	cosmetic surgery causes unnecessary risks to the patient for a purely narcissistic procedure.	0	1	1	0	0	1	0	0	0	0	6.0
5755	Assisted suicide should be a criminal offence	against	Assisted suicide should not be a criminal offence as people should not be expected to live in vegetative states and need help to make their own decisions to die a reality.	0	0	0	0	0	1	1	0	0	0	6.0
5425	Social media brings more harm than good	against	social media connects family members from around the world.	0	1	0	1	0	1	1	0	0	0	6.0
4260	We should stop the development of autonomous cars	against	autonomous cars are a thing of the future	1	0	0	0	0	0	0	0	0	0	6.0
6412	Homeschooling should be banned	against	this is a free country, people have the right to homeschool their children	0	0	0	0	1	0	1	0	0	0	6.0
259	We should stop the development of autonomous cars	against	autonomous cars can make trips more relaxing and help the traveler arrive refreshed and happy.  it can also eliminate road rage.	0	1	0	1	0	1	0	1	0	0	6.0
2778	We should ban cosmetic surgery	against	everyone has a right to make this choice	0	0	0	0	0	0	1	0	0	0	6.0
6810	Foster care brings more harm than good	against	foster care can provide a child with a family dynamic	0	1	0	0	0	1	0	0	0	0	6.0
6615	Foster care brings more harm than good	in favor of	once a child is placed in foster care there is a danger that he or she gets stuck in the system and is subjected to multiple changes in placements with consequent damage to the child's wellbeing	0	0	0	0	0	1	1	0	0	0	6.0
6528	Social media brings more harm than good	against	users acan keep in contact easily with distant friends and share information, such as photographs.	0	1	0	1	0	1	0	1	0	0	6.0
730	We should ban private military companies	against	Private military companies can provide more advanced technology because they are not restricted by governmental red tape.	1	0	0	0	0	1	1	0	0	0	6.0
3172	We should ban the Church of Scientology	in favor of	it is necessary to eliminate the church of scientology for the safety of people	0	1	0	0	0	1	0	0	0	0	6.0
553	We should subsidize journalism	against	it could become partial to whoever pays	0	0	1	0	1	0	1	0	0	0	6.0
7083	We should make pushbacks legal 	in favor of	Pushbacks may not be a nice way of operating. However, Brussels is causing problems by telling the whole World that everyone (7 billion people) has the right to apply for asylum in the EU.  It would be much better by refusing admission to anyone appearing at the border without papers.  The experience is that over 80% of the immigrants are not refugees in danger.	0	1	1	0	1	1	1	0	0	0	6.0
1458	We should ban the Church of Scientology	in favor of	the church of scientology is known for trying to completely control the thoughts and actions of others	0	0	1	0	1	0	1	0	0	0	6.0
238	We should ban whaling	against	if people can get food and other products from whaling that helps sustain them, then it shouldn't be banned.	1	0	0	0	0	1	0	0	0	0	6.0
4324	We should adopt gender-neutral language	in favor of	over sensitive people will be offended if we don't.	0	0	1	0	0	0	0	0	0	0	6.0
521	We should stop the development of autonomous cars	in favor of	autonomous cars can be hacked and become a dangerous weapon for evil persons	0	1	0	0	0	1	0	0	0	0	6.0
6614	Intelligence tests bring more harm than good	in favor of	intelligence tests bring more harm than good because it will make people feel dumb if they get a low score	0	0	1	0	0	1	0	0	0	0	6.0
1015	We should adopt gender-neutral language	against	adopting gender neutral language would be expensive and a waste of resources which could be better used elsewhere	1	1	0	0	1	0	0	0	0	0	6.0
6242	Assisted suicide should be a criminal offence	in favor of	assisting suicide is the same of assisting murder.  both are crimes.	0	0	1	0	0	1	0	0	0	0	6.0
1926	We should ban telemarketing	against	telemarketing provides jobs, and people should be allowed to use telemarketing to earn a living.	1	0	0	0	0	1	1	0	0	0	6.0
1264	We should ban whaling	against	whaling provides jobs for many people	1	1	0	0	1	1	0	0	0	0	6.0
3323	We should ban cosmetic surgery for minors	in favor of	"minors should not be able to get cosmetic surgery until they are 18.  if there is no medical necessity all it does is send the wrong message that you can ""fix"" what god gave you."	0	0	0	0	0	1	0	0	0	0	6.0
6130	The vow of celibacy should be abandoned	against	the vow of celibacy shouldn't be abandoned for the divinity and holy spirit	0	0	1	0	0	0	0	0	1	0	6.0
2679	We should adopt a multi-party system	in favor of	a key advantage of a multi-party system is that voters have a choice of which political party they can choose to elect.	0	0	0	0	1	0	1	0	0	0	6.0
4580	Technology is making us feel less human	against	Using technology, people are maintaining and improving relationships with their friends, family, and relatives. Many people are also connecting with each other to help the needy and inspire each other. So, now we have better tools to build human connections.	0	1	0	1	0	1	0	1	0	0	6.0
2552	We should legalize cannabis	against	to legalize cannabis would be to tell people that it is safe to use, which is untrue, which would result in many more using it and an epidemic in psychological problems	0	1	1	0	0	1	0	0	0	0	6.0
4054	We should end mandatory retirement	against	mandatory retirement encourages renewal and revitalization in the workforce and so should be maintained.	1	0	0	0	1	0	0	0	0	0	6.0
3081	We should ban missionary work	against	Through faith, missionaries are able to develop deep relationships with the communities they serve and help bring much-needed social change to third-world countries.	0	0	0	0	0	1	0	0	1	0	6.0
5449	Homeopathy brings more harm than good	against	homeopathy often gives people hope to cure some illnesses that will never be cured without modern medicine.	0	1	0	0	0	1	1	0	1	0	6.0
2833	We should legalize sex selection	in favor of	parents should be able to utilize any technological advances they wish in order to build their ideal family.	1	1	0	0	1	0	1	0	0	0	6.0
2217	We should abolish the right to keep and bear arms	in favor of	the right to keep and bear arms is putting everyone in danger and making mass-shootings more easily done.	0	0	0	0	0	1	0	0	0	0	6.0
1239	We should ban the use of child actors	against	children provide unique storytelling opportunities for movies and should not be banned as long as they are properly raised and cared for.	1	1	0	1	1	0	1	0	0	0	6.0
1451	We should introduce compulsory voting	in favor of	looking at the current state of politics around the world it is evident that democracy only exists through vigilance. compulsory voting would help to keep democracy alive when under threat.	1	0	1	0	1	1	0	0	0	0	6.0
5654	We should abandon television	against	Television should not be banned as for elderly and isolated people television is a window into the world whether it's just for entertainment or to gain knowledge.	1	0	1	1	0	1	1	1	0	0	6.0
4393	We should legalize organ trade	against	legalizing the organ trade would encourage illegal ways of procuring organs for the profit	0	0	1	0	0	1	0	0	0	0	6.0
6036	Social media brings more harm than good	against	social media brings long distance family together and keeps them in contact for years to come rather than only through family reunions	0	1	0	0	0	1	0	0	0	0	6.0
887	We should ban cosmetic surgery for minors	against	a person should be allowed to choose what happens to their bodies	0	0	0	1	0	0	1	0	0	0	6.0
2107	We should abolish safe spaces	against	some people need a safe space to be safe from those out to hurt them and they should be available.	0	1	0	0	0	1	1	0	0	0	6.0
3611	We should legalize prostitution	against	we should not legalize prostitution. it is not right for women or men to make a living by having sex. it will lead to a society in which marriages fall apart and children are harmed in the process.	0	1	1	0	0	1	0	0	0	0	6.0
57	We should limit executive compensation	against	executives deserve the money as they do a stressful and demanding job leading large organizations that hire large number of people.	1	0	0	0	0	0	0	0	0	0	6.0
6673	Social media brings more harm than good	in favor of	social media contributes to the fomo culture.	0	0	1	0	0	1	1	0	0	0	6.0
2695	We should legalize cannabis	in favor of	we should legalize cannabis because it can help people with certain health problems be relieved of their symptoms	0	1	0	0	0	1	0	0	0	0	6.0
6161	Intelligence tests bring more harm than good	against	they help to identify gifted children and help parents to develop their children talents	1	1	0	0	0	0	1	0	0	0	6.0
3442	We should adopt a multi-party system	against	Multiple-party systems often have candidates with radical views whereas two-party systems tend to be more moderate.	0	1	1	0	1	1	0	0	1	0	6.0
2421	We should introduce compulsory voting	in favor of	voting is so important. voter turnout would be much higher if compulsory voting was introduced.	0	1	1	0	0	1	1	1	0	0	6.0
431	We should adopt atheism	against	people are entitled to believe in any god that they choose to believe in. as religion offers comfort, aatheism should not be adopted.	0	0	0	1	0	0	1	0	1	0	6.0
3578	We should ban algorithmic trading	against	we should not put up barriers to what is essentially the application of technology and intelligent application of maths to trading. this prevents progression	1	0	0	0	0	0	1	0	0	0	6.0
444	We should adopt gender-neutral language	against	we should not adopt gender-neutral language because no reason to change the way people have been speaking for hundreds of years	0	0	0	0	0	0	0	0	1	0	6.0
399	We should ban the Church of Scientology	in favor of	we should ban the church of scientology because they brainwash their members into giving them huge sums of money.	0	1	1	0	0	1	1	0	0	0	6.0
1064	We should ban missionary work	against	it is important that we help the less fortunate.	0	1	0	0	0	1	0	0	1	0	6.0
90	We should introduce compulsory voting	against	compulsory voting goes against people's liberties and freedoms.	0	0	0	0	0	0	1	0	0	0	6.0
182	We should limit executive compensation	against	executives provide profits to shareholders and should be compensated accordingly	1	0	0	0	1	1	0	0	0	0	6.0
1667	We should legalize prostitution	against	we should not legalize prostitution because they spread too many deceases so we need to get rid of prostitution	0	0	1	0	0	1	0	0	0	0	6.0
4429	We should ban targeted killing	against	targeted killing is a tool that allows the military to accomplish their objectives.	1	0	0	0	1	1	0	0	0	0	6.0
669	We should stop the development of autonomous cars	against	autonomous cars reduce the risk of human error, thus leading to safer roads.	0	0	0	0	0	1	0	0	0	0	6.0
4408	We should stop the development of autonomous cars	against	too many people drive dangerously. an autonomous car would prevent someone from driving drunk or texting and driving.	0	1	1	0	0	1	0	0	0	0	6.0
5884	Entrapment should be legalized	in favor of	Entrapment can be a useful tool in bringing down crime syndicates, for example it can be used to bring charges when otherwise there would be no evidence in order to get information.	0	1	1	0	0	1	1	0	0	0	6.0
2921	We should limit judicial activism	in favor of	we should not support judicial activism because laws are laws and should be strictly followed as written and if they are wrong, then the people need to vote to rewrite them.	0	1	1	0	0	0	0	0	0	0	6.0
1128	We should adopt an austerity regime	in favor of	an austerity regime would help to get our country back on a solid financial footing.	1	1	1	0	1	1	0	0	0	0	6.0
3274	We should oppose collectivism	in favor of	opposing collectivism is the right thing to do to stay free.	0	0	0	0	0	1	1	0	0	0	6.0
5458	Holocaust denial should be a criminal offence	against	people have the right to think what they'd like.	0	0	0	0	0	0	1	1	0	0	6.0
3809	We should ban the Church of Scientology	against	we shouldn't ban the church of scientology as people have the right to believe in what they want	0	0	0	0	0	0	1	0	1	0	6.0
2144	We should adopt an austerity regime	in favor of	an austerity regime will help the european economy get out of a recession.	1	0	0	0	1	1	0	0	0	0	6.0
6098	We should abandon television	against	television isn't something that needs to be abused. we can watch it and still find time for exercising and a social life.	0	0	0	1	0	1	1	1	0	0	6.0
333	We should limit executive compensation	against	we should not limit executive compensation because it is their company that they started, they have a right to the profits.	1	0	0	0	1	1	0	0	0	0	6.0
2633	We should ban missionary work	against	missionary work is very helpful to many	0	1	0	0	0	0	0	0	1	0	6.0
1232	We should cancel pride parades	in favor of	religious individuals may object to pride parades	0	0	1	0	0	0	1	0	1	0	6.0
5957	Holocaust denial should be a criminal offence	against	free speech should not be a criminal offense.	1	0	0	0	0	0	1	0	0	0	6.0
3506	We should subsidize Wikipedia	in favor of	wikipedia is an important resource for people looking for information	1	0	0	0	0	0	1	0	0	0	6.0
7073	We should improve migration policies 	in favor of	The only meaningful immigration is when there is a member country with a specific vacancy. That member will also be responsible for the integration (at a cost of Euro 167,000). The EU has only to administer the paperwork and supervise if matters spin out of control. 	0	1	0	0	1	0	0	1	0	0	6.0
3185	We should adopt atheism	against	we are a nation founded on christianity so atheism goes against our natural beginnings.	0	0	0	0	0	1	0	0	1	0	6.0
301	We should end mandatory retirement	in favor of	some older workers love their job and would be devastated to be forced to stop working	0	0	1	0	0	1	0	0	0	0	6.0
4716	Kids' reality shows should be banned	against	Reality shows give opportunity for children to bring out their hidden talents and to train their skills. It gives them a sense of purpose and direction from a very young age. The present education system doesn’t include other career options such as singing, acting, dancing, games, etc. Reality shows closes this loophole in the education system.	1	0	0	0	0	0	1	1	0	0	6.0
7172	We should support Frontex.	in favor of	 The EU needs a robust Frontex Agency with the caveat that Frontex missions must report to the member states on whose territories they operate.	1	1	0	0	0	0	0	0	0	0	6.0
3168	We should abolish the three-strikes laws	against	three-strike offenders are habitual criminals and should be treated as such	0	0	1	0	0	1	0	0	0	0	6.0
6672	Holocaust denial should be a criminal offence	in favor of	The consequences of denying the horrors of the Holocaust are too dangerous to allow.	0	1	0	0	0	1	0	0	0	0	6.0
3477	We should end the use of economic sanctions	against	economic sanctions are a good way to get things to happen in a target area	1	1	1	0	1	1	0	0	0	0	6.0
2074	We should legalize sex selection	in favor of	sex selection allows families to be balanced.	0	1	0	0	0	1	0	0	0	0	6.0
5331	Migration should not be the solution.	in favor of	For increasing the birthrate and supporting young families, Hungary should be an example. We should not rely on migration for this.	0	1	0	0	0	1	1	0	1	0	6.0
1152	We should cancel pride parades	in favor of	possibly they cause disruption due to city centre's needing to be shut down for regular traffic.	0	0	1	0	0	1	1	0	1	0	6.0
5840	We should abandon television	in favor of	television giving most lies to the people and knowing that people will be distracted from truth.	0	1	0	0	0	0	1	0	0	0	6.0
5691	Foster care brings more harm than good	against	most foster families are good and provide a safe environment.	0	1	0	0	0	0	0	0	0	0	6.0
5200	There should be no immigration from non-European or non-first-world countries 	in favor of	The migrants that are already (legally) here should be taught western values so they and their families can integrate/assimilate, as the age-old saying goes 'when in Rome, do as the Romans do'.	0	0	1	0	0	1	0	0	1	0	6.0
7373	Carbon emissions trading should be limited.	in favor of	Promoting global energy conservation and emission reduction can slow down the trend of China's low-end industries moving to third world countries, thus strengthening its position as a major manufacturing country.	0	0	0	0	1	1	0	0	0	0	6.0
4436	We should legalize sex selection	in favor of	legalized sex selection would help couples prepare for the birth of their baby	0	1	0	0	1	0	1	0	0	0	6.0
526	We should oppose collectivism	against	collectivism enables communities to work together for the greater good.	1	0	0	0	0	1	0	0	0	0	6.0
5180	We need a better distribution of refugees	against	The dividing of refugees is a long-discussed plan. But in the end, no involved group agreed with these plans. Some countries do not like these people at all. 	0	0	0	0	0	0	1	0	0	0	6.0
7298	We should ban the trading of virtual currencies.	against	The total production is controllable and the virtual currency prevents hyperinflation.	0	0	0	0	1	1	0	0	0	0	6.0
1466	We should introduce compulsory voting	against	people should be allowed to not vote as a way to protest the government	1	0	0	0	1	0	1	0	0	0	6.0
5391	Social media brings more harm than good	in favor of	social media results in the fomo culture which is unhealthy for individuals.	0	0	0	0	0	1	1	0	0	0	6.0
5369	The EU should integrate the armed forces of its member states	in favor of	I am all for the creation of a European army, but for that, the question of the command of this army must also be resolved. And this is where the idea of a European Security Council is very interesting and deserves to be pushed.	0	0	0	0	1	0	0	0	0	0	6.0
405	We should ban the use of child actors	in favor of	child actors miss out on socialization with kids their own age and fall behind in school	0	1	0	0	0	1	0	0	0	0	6.0
6221	We should abandon television	against	television is part of the entertainment of people and should not be prohibited	0	0	0	1	0	0	1	1	0	0	6.0
3108	We should prohibit school prayer	against	School prayer provides a quiet moment of contemplation for students in a busy world and teaches them the power of prayer and trust.	0	1	1	0	0	1	0	0	1	0	6.0
3680	We should prohibit school prayer	against	we should not prohibit school prayer because this country was founded on christian principals.	0	0	0	0	0	0	1	0	1	0	6.0
5804	Social media brings more harm than good	in favor of	social media can be detrimental to mental health as it can lead to inaccurate ideas about other people's lives. this is because people will often post the best parts of their lives.	0	0	0	0	0	1	0	0	0	0	6.0
6180	Homeopathy brings more harm than good	against	many people who believe that homeopathic remedies have worked for them and feel better for using them surely are better using them than prescription medication that may have unwanted side effects.	0	0	0	0	0	1	1	0	0	0	6.0
5079	The EU should develop a European Youth Platform for mental health	in favor of	Such a platform if it provides youngsters with free or at least affordable mental-health assistance, will help them finally able to overcome our society’s barriers to taking care of our mental health and emotional well-being. 	0	0	0	0	0	1	0	0	0	0	6.0
3024	We should ban whaling	against	there are people who live from this activity and you have to get a better job	0	0	0	0	0	1	1	0	0	0	6.0
6641	Surrogacy should be banned	against	surrogacy is the only way some couples can have a child of their own.	0	1	0	0	0	0	1	0	0	0	6.0
733	We should legalize cannabis	against	allowing people to use a gateway drug like cannabis is steering them towards a life of addiction.	0	0	1	0	0	1	0	0	0	0	6.0
342	We should adopt an austerity regime	in favor of	austerity regimes provide an avenue for the government to balance up financial deficits and save the country from economic collapse	0	0	0	0	1	1	0	0	0	0	6.0
1427	We should subsidize student loans	in favor of	providing help in paying student loans will lift a financial burden off of students and allow them to become more indepedent.	1	0	0	0	1	1	1	0	0	0	6.0
4391	We should legalize organ trade	in favor of	legalizing organ trade will help people looking for a specific organ to find it easier.	1	1	0	0	0	1	1	0	0	0	6.0
1029	We should adopt a zero-tolerance policy in schools	in favor of	i agree that a zero-tolerance policy in schools is a good idea since it would mean that our children are safer when they go to school.	1	0	1	0	0	1	0	0	1	0	6.0
650	We should abandon the use of school uniform	in favor of	school uniforms are a way of stifling the creativity and individuality of students.	1	1	0	0	0	0	0	0	0	0	6.0
647	We should ban missionary work	against	missionary work allows people in developing countries access to new ways of thinking and possibilities for how they live their life.	1	1	0	0	0	0	0	0	0	0	6.0
5841	Foster care brings more harm than good	in favor of	moving from foster carer to carer provides an unstable life which damages esteem	0	1	0	0	0	1	0	0	1	0	6.0
3072	We should ban the Church of Scientology	against	everyone has a right to chose a religion to follow, no matter what their beliefs & practices are, it is wrong to ban a religion	0	0	0	0	0	0	1	0	1	0	6.0
3713	We should abolish the three-strikes laws	against	if people do not learn from their mistakes and corrections then they are unfit to live among society.	0	1	1	0	0	0	0	0	0	0	6.0
2742	We should oppose collectivism	against	collectivism is necessary for people to help one another and endure.	0	1	0	0	0	0	0	0	0	0	6.0
1912	We should abolish safe spaces	against	We should not abolish safe spaces because people with PTSD need these spaces to overcome their trauma.	0	1	0	0	0	1	0	0	0	0	6.0
5732	The use of public defenders should be mandatory	against	this would cause a decrease in pay for the public defender and lower the quality of representation as too many people will rush to the new employment opportunities regardless of their record..	1	0	0	0	1	1	0	0	0	0	6.0
3057	We should oppose collectivism	against	We should support collectivism because it encourages people to take responsibility for their community, which eases the burden on the state.	0	1	0	0	0	1	0	0	0	0	6.0
6898	Blockade of the Gaza Strip should be ended	in favor of	ending the gaza strip blockade would allow more freedom of movement of people and goods which may allow a better standard of living for the gazan people.	0	0	0	0	0	1	1	0	0	0	6.0
2818	We should legalize cannabis	in favor of	legal marijuana can add millions of dollars in federal taxes paid by cannabis businesses	0	0	0	0	1	1	0	0	0	0	6.0
6487	The vow of celibacy should be abandoned	against	The vow of celibacy is a long standing tradition of many clergy and should be upheld.	0	0	1	0	0	0	0	0	1	0	6.0
6358	Holocaust denial should be a criminal offence	against	holocaust denial, although hurtful, is protected free speech.	0	0	1	0	0	0	1	0	0	0	6.0
2038	We should adopt gender-neutral language	against	our society needs to be able to label and identify a person as a male or female for many reasons such as taxes, employment, health care, etc, so we should not adopt a gender neutral language.	1	0	1	0	0	0	0	0	1	0	6.0
610	We should abolish intellectual property rights	against	without intellection property rights there is no incentive to research and develop new products	1	0	0	0	0	0	1	0	0	0	6.0
6028	Social media brings more harm than good	against	social media connects people together	0	0	0	0	0	1	0	1	0	0	6.0
312	We should introduce compulsory voting	against	not everyone has a strong opinion on every topic.  those who choose not to participate should have the freedom not to.	0	0	0	0	0	1	1	0	0	0	6.0
5512	We should subsidize vocational education	in favor of	subsidies for vocational education would help solve the problem of skills shortages in many trades	1	1	0	0	0	1	0	0	0	0	6.0
6711	Foster care brings more harm than good	in favor of	The meager amount of compensation has been the prime reason why foster children receive inadequate care from their foster parents	0	1	0	0	1	1	0	0	0	0	6.0
2994	We should oppose collectivism	in favor of	as individuals we have a right to not be grouped into one thought process.	0	0	0	0	0	0	1	0	0	0	6.0
6355	We should subsidize vocational education	in favor of	vocational education has merits. it provides skill to youth who have left school and reintroduced them in the economic field	1	1	0	0	0	1	1	1	0	0	6.0
604	We should subsidize embryonic stem cell research	in favor of	embryonic stem cell research is an advanced medicine progress that should not be stopped	1	0	0	0	0	1	0	1	0	0	6.0
3864	We should stop the development of autonomous cars	in favor of	autonomous cars have not been proven to be safe.	1	0	0	0	0	1	0	0	0	0	6.0
2630	We should legalize cannabis	against	we shouldn't legalize cannabis as it could introduce more drugs to the user	0	0	1	0	0	1	0	0	0	0	6.0
6398	Surrogacy should be banned	against	surrogacy shouldn't be banned because it decent payment for the surrogates	1	0	0	0	1	0	1	0	0	0	6.0
3943	We should legalize cannabis	against	more industrial accidents, more injuries, and truancy rates as a result of  marijuana use will hurt businesses by causing loss of productivity	1	1	0	0	1	1	0	0	0	0	6.0
392	We should ban factory farming	against	factory farming reduces the cost of food	0	0	0	0	1	1	0	0	0	0	6.0
7252	We should strengthen Frontex and control immigration.	in favor of	Frontex must be given powers and resources to shut down the migratory routes entirely.	0	0	0	0	1	1	0	0	0	0	6.0
5251	The EU should conclude an agreement with the United Kingdom and create together a European pillar of NATO	against	Forty years of UK membership in the European Union have clearly proven that it is not a good idea to conclude agreements with England.	1	0	0	0	0	0	0	0	0	0	6.0
3614	We should legalize cannabis	in favor of	people should be able to decide themselves if they want to use it	0	0	0	0	0	0	1	0	0	0	6.0
1588	We should legalize organ trade	against	people will sell their organs risking their lives	0	0	1	0	0	1	0	0	0	0	6.0
684	We should introduce compulsory voting	against	voting should be a choice for every person	0	0	0	0	1	0	1	0	0	0	6.0
4376	We should abolish the right to keep and bear arms	against	it is the right of the people to defend themselves, even with the use of deadly force.	0	0	0	0	1	1	1	0	1	0	6.0
1113	We should ban telemarketing	against	telemarketing is a perfectly valid marketing approach, and is a primary driver of economic activity.	1	0	0	0	1	0	1	0	0	0	6.0
1052	We should subsidize embryonic stem cell research	against	like many other advances in science the government should not have to subsidize the research.  if the benefits are there the private sector will find a way to get results.	0	0	1	0	1	1	1	0	1	0	6.0
6452	The vow of celibacy should be abandoned	against	The vow of celibacy should not be abandoned as religious people have lived this way for a long time and their traditions should be respected.	0	0	0	0	0	0	0	0	1	0	6.0
2413	We should ban factory farming	against	factory farming is an efficient way to produce cheap food for the masses.	1	1	0	0	0	1	0	0	0	0	6.0
1567	We should ban fast food	in favor of	we should ban fast food as it is very unhealthy and is creating a lazy culture in which people do not cook or eat fresh food.	0	0	1	0	0	1	0	0	0	0	6.0
995	We should ban telemarketing	against	Telemarketing involves lower overhead costs and thus saves companies money.	1	0	0	0	1	1	1	0	0	0	6.0
3536	We should stop the development of autonomous cars	in favor of	we should stop the development of autonomous cars because they don't have reflexes like people and therefore would probably not be able to prevent accidents like people can	1	1	0	0	0	1	0	0	0	0	6.0
5857	Foster care brings more harm than good	against	Foster care provides a safe, secure environment for neglected and abused children.	0	1	0	0	0	1	0	0	0	0	6.0
302	We should abolish capital punishment	against	capital punishment is a real deterant to crime and should not be abolished.	0	0	0	0	0	1	0	0	0	0	6.0
3104	We should ban algorithmic trading	in favor of	since algorithmic trading is all computer based, it opens a door for hackers to infiltrate and corrupt trading platforms.	0	1	1	0	0	1	0	0	0	0	6.0
5558	Payday loans should be banned	in favor of	payday loans do more harm than good because pushing people to their bandories which usually result in family disaster.	0	1	0	0	0	1	0	0	0	0	6.0
2191	We should cancel pride parades	in favor of	we should cancel pride parades because they put unsavory ideas into our children's heads.	0	1	1	0	0	0	0	0	0	0	6.0
890	We should subsidize journalism	in favor of	keeping journalist in work helps the nation keep up with the news	0	0	0	0	0	1	1	0	0	0	6.0
1209	We should ban cosmetic surgery	against	cosmetic surgery helps many people with their self esteem.	0	0	0	0	0	1	0	0	0	0	6.0
6381	The vow of celibacy should be abandoned	in favor of	this would allow religious people to have families and relationships.	0	1	0	0	0	0	0	0	0	0	6.0
7183	We should increase the role of national parliaments in EU decision-making	in favor of	The European Parliament is in dire need of reform. It has become a circus, where the MEPs engage in wild ideological posturing without substance. The EP's function is to address the pressing needs of EU citizens, but it hasn't done that for ages. One possible solution could be to replace it with a legislative body that is made up of delegates from member state parliaments.	1	1	1	0	1	0	0	0	0	0	6.0
5650	Foster care brings more harm than good	in favor of	Children get moved from foster home to foster home and end up troubled because they feel so unwanted.	0	1	0	0	0	1	0	0	0	0	6.0
4500	We should stop the development of autonomous cars	in favor of	the technology in autonomous cars is unproven and still unsafe, it has already resulted in multiple deaths. automatic cars should be banned from public roads immediately to stop further casualities.	0	0	0	0	0	1	0	0	0	0	6.0
4482	We should subsidize space exploration	against	the money spent on subsidizing space exploration could be better spent on other things that help all of society	0	1	0	0	0	1	0	1	0	0	6.0
853	We should legalize prostitution	in favor of	When prostitution is illegal, prostitutes are defenseless, and are often harassed and abused.	0	0	0	0	0	1	1	1	0	0	6.0
6609	Assisted suicide should be a criminal offence	in favor of	assisted suicide is wrong and we should try to help the person heal rather than kill themselves	0	1	1	0	0	1	0	0	0	0	6.0
3091	We should legalize sex selection	in favor of	if that's what makes people happy then they should be allowed to do it	0	0	0	0	0	1	1	0	0	0	6.0
6014	Intelligence tests bring more harm than good	against	I.Q. testing  allows students to understand and focus on their intellectual strengths	1	1	0	0	0	0	1	0	0	0	6.0
2863	We should abandon the use of school uniform	against	we need school uniforms to make sure that students come to school in proper attire and to give them a sense of unity with other students.	0	0	1	0	0	1	0	0	0	0	6.0
4449	We should ban telemarketing	in favor of	i agree that we should ban telemarketing as it is a nuisance and is often unable to be differentiated from scammers	0	1	1	0	0	0	0	0	0	0	6.0
7077	We should increase the EU budget by including more direct contributions	in favor of	Having many individuals in the EU paying a voluntary tax can contribute big time to the perceived democratic legitimacy of the EU. 	0	1	1	0	0	1	0	0	0	0	6.0
5501	Homeschooling should be banned	in favor of	homeschooling does not prepare children for the real world.  the child is not getting the top notch education they need in order to succeed in life.  the children deserve better.	1	0	0	0	0	0	1	1	0	0	6.0
1267	We should abolish intellectual property rights	in favor of	intellectual property rights are absurd, we deserve to express what we think it does not matter if another already thinks so	1	0	0	0	0	0	1	0	0	0	6.0
3928	We should abolish the right to keep and bear arms	in favor of	we should abolish the right to keep and bear arms because i think we have the proper government and people to take care of and protect us.	0	0	0	0	1	1	0	0	0	0	6.0
502	We should abolish the Olympic Games	in favor of	it costs too much to build for the games and never use those buildings again	0	1	0	0	0	1	0	0	0	0	6.0
6646	We should subsidize vocational education	against	Subsidizing vocational education takes money away from other, more worthy causes that help society at large.	0	1	0	0	0	1	0	0	0	0	6.0
1549	We should limit judicial activism	in favor of	we should limit judicial activism so that we do not depart from the constitution.	0	0	1	0	0	0	0	0	1	0	6.0
6385	Foster care brings more harm than good	in favor of	foster care families don't really take care of the children and instead use them to earn extra income	0	0	1	0	0	1	0	0	0	0	6.0
5017	The EU should improve public management and anti-corruption mechanisms	in favor of	Bad governance, unreasonable spending, and corruption are damaging and unsustainable which means, we can't afford to leave them alone if we want to have a future. 	0	1	0	0	1	1	0	0	0	0	6.0
886	We should legalize organ trade	against	people would sell organs because to them money is more important than health, putting them at risk.	0	1	0	0	1	0	1	0	0	0	6.0
1377	We should abolish the Olympic Games	against	the olympic games inspire children and people of all ages to enjoy and participate in sports.	1	0	0	0	0	0	1	1	1	0	6.0
2205	We should ban algorithmic trading	against	algorithmic trading has increased trading which is good for the economy	1	0	0	0	1	0	0	1	0	0	6.0
5972	We should abandon television	in favor of	television is a waste of time; people spend hours looking at the box when they could be doing something more worthwhile with their time.	1	0	1	0	0	0	0	1	0	0	6.0
3686	We should subsidize space exploration	against	space exploration is a bottomless money pit that completely fails to justify the enornomous quantity of revenue pumped into it.	0	0	0	0	1	1	0	0	0	0	6.0
2253	We should stop the development of autonomous cars	in favor of	autonomous cars could increase accidents	0	0	0	0	0	1	0	0	0	0	6.0
992	We should introduce compulsory voting	against	some people choose not to vote for ethical reasons.	0	1	0	0	0	0	1	0	0	0	6.0
5853	Entrapment should be legalized	in favor of	sometimes the only way to catch a criminal is by entrapment.  in these cases entrapment should be legal.	1	0	1	0	0	1	0	0	0	0	6.0
3184	We should prohibit school prayer	against	we should not prohibit school prayer because this country was founded and based on the christian belief system.	0	0	0	0	0	0	1	0	1	0	6.0
6494	Payday loans should be banned	in favor of	payday loans should be banned because a lot of times it causes people to get more into debt than they already are	0	0	0	0	0	1	0	0	0	0	6.0
1349	We should ban cosmetic surgery for minors	in favor of	we should ban cosmetic surgery for minors because is nocive for health	0	1	0	0	0	1	0	0	0	0	6.0
5999	We should abandon television	in favor of	you can get all you need on the internet now	0	0	0	1	0	0	1	1	0	0	6.0
1364	We should ban telemarketing	against	let the free market determine whether telemarketing is a viable option	0	0	0	0	1	0	1	0	0	0	6.0
17	We should subsidize embryonic stem cell research	in favor of	embryonic stem cell research should be subsidized because it may lead to the development of treatments for a number of serious medical conditions.	0	0	0	0	0	1	0	0	0	0	6.0
3635	We should adopt an austerity regime	in favor of	an austerity regime allows for the restructuring of economic for a country which can provide financial benefits.	1	0	0	0	1	1	0	0	0	0	6.0
7328	We should open up three-child policy to encourage childbirth.	in favor of	China's population structure has gradually become aging and has become a burden for economic growth.	1	0	0	0	1	1	0	0	0	0	6.0
6797	Foster care brings more harm than good	against	foster care was established to help a child with a home rather than an orphanage.  it is not just a warehouse for kids but helps them develop by learning what it is to be in a loving home.	0	1	0	0	0	1	0	0	0	0	6.0
1016	We should adopt libertarianism	in favor of	libertarianism disavows government control and allows people to have liberties that have been stifled by the governing body.	0	0	0	0	0	1	1	0	0	0	6.0
1602	We should ban the use of child actors	in favor of	there is a risk of children exploitation by forcing them to act things they wouldn't normally do in life	0	1	1	0	0	0	0	0	0	0	6.0
4071	We should abolish the right to keep and bear arms	against	if people are denied the right to bear arms, they take away their right to feel protected, especially when your country shows that they are not capable of doing so.	0	1	0	0	0	1	1	0	0	0	6.0
2868	We should subsidize student loans	in favor of	students need help with the burden of college costs and shouldn't have to go into crippling debt to get an education.	0	1	0	0	0	1	0	0	0	0	6.0
474	We should legalize cannabis	in favor of	bannabis should be legalized as it has been proven to have medical benefits that outweigh any negative effects. it will also remove it from the control of criminals and gangsters	0	0	0	0	0	1	0	0	0	0	6.0
670	We should stop the development of autonomous cars	against	autonomous cars can help transport those unable to drive themselves	1	1	0	0	0	1	1	0	0	0	6.0
548	We should abolish the right to keep and bear arms	against	the right to keep and bear arms is one of the tenets of our country	0	0	0	0	0	1	0	0	1	0	6.0
1453	We should legalize organ trade	against	we should not legalize organ trade because some people would be getting bad organs	0	1	0	0	0	1	0	0	0	0	6.0
2183	We should legalize cannabis	against	cannabis is a gateway drug that can lead people to try harder drugs, so it should remain illegal.	0	1	1	0	0	1	0	0	0	0	6.0
201	We should ban telemarketing	in favor of	yes ban it, if i wanted to buy something i would know where to look for it without being bothered with constant calls	0	0	1	0	0	0	1	0	0	0	6.0
3597	We should subsidize space exploration	in favor of	we need to continue to explore space as it is part of our world.	0	0	0	0	0	0	1	0	0	0	6.0
5982	We should subsidize vocational education	in favor of	vocational education should be subsidized because all students don't necessarily need a college education and rack up lots of debt in four year colleges.	0	0	0	0	1	1	0	0	0	0	6.0
2640	We should end the use of economic sanctions	against	economic sanctions keep people from doing bad by costing them precious money	0	0	1	0	1	1	0	0	0	0	6.0
3810	We should introduce compulsory voting	against	compulsory voting violates the freedom of choice.	0	0	0	0	0	0	1	0	1	0	6.0
6915	Referendums are good for the society	against	Referendums at times can lead to ill-informed decisions. Since the general public is politically inexperienced, they may not be able to gauge the long-term implications of their decisions.	1	0	0	0	0	0	0	0	0	0	6.0
6341	Payday loans should be banned	in favor of	payday loans take advantage of people in desperate financial situations, who aren't educated on finances, and often end up in a worse position because of the loan	1	1	1	0	1	1	0	0	0	0	6.0
3393	We should stop the development of autonomous cars	in favor of	automated cars will displace a lot of people working today and a lot of people will need to be retrained for other jobs. (if they exist.)	0	0	0	0	1	1	0	0	0	0	6.0
3318	We should adopt libertarianism	against	libertarianism would never function in practice due to the ruling government having all its authority amputated - chaos and disorder would reign supreme.	0	1	1	0	1	1	0	0	0	0	6.0
218	We should ban fast food	in favor of	is leading to increased obesity and many health problems.	1	0	1	0	0	1	0	0	0	0	6.0
2488	We should abolish the right to keep and bear arms	against	we should keep the right to keep and bear arms to protect ourselves from dangerous situations and to keep our homes and our families safe.	0	1	0	0	0	1	0	0	0	0	6.0
6146	Foster care brings more harm than good	in favor of	children generally do better when kept in their family home with apropriate help and support rather being placed in foster care	0	1	0	0	0	1	0	0	0	0	6.0
2598	We should adopt an austerity regime	against	an austerity regime promotes the continuation and growth of a country's debt which allows dependence on others instead of addressing and repairing issues of a particular country preventing self-growth.	0	0	0	0	1	1	1	0	0	0	6.0
1657	We should limit executive compensation	against	executive compensation provides motivation for executives to act in ways that are beneficial to the company and shareholders.	1	0	0	0	1	0	0	0	0	0	6.0
538	We should adopt a multi-party system	against	a multiparty system blurs the citizenship of a vision and model of country. we should not adopt a multiparty system because it would waste valuable time to agree	1	0	1	0	0	1	0	0	0	0	6.0
3816	We should legalize cannabis	against	cannabis can harm brain chemistry in children.	0	0	0	0	0	1	0	0	0	0	6.0
5818	Social media brings more harm than good	in favor of	social media can be addicting, and since it is so easily accessible from a variety of devices, it can distract people from more important aspects of life	0	0	1	0	0	1	0	1	0	0	6.0
6204	Foster care brings more harm than good	in favor of	the foster care system doesn't provide a kid with a stable family life, as kids can be transferred from family to family, sometimes without a care of the well-being of the child.	1	1	0	0	0	1	0	0	0	0	6.0
4354	We should adopt an austerity regime	against	in tough economic times it is critical to increase consumer spending and demand. this cannot be done through an austerity regime.	1	0	0	0	0	1	0	0	0	0	6.0
6431	Payday loans should be banned	in favor of	payday loans amount to usury, financially strapped people become overwhelmed by their excess fees.	0	0	0	0	0	1	0	0	0	0	6.0
2438	We should prohibit school prayer	against	the period of calm reflection that occurs during school prayer helps to promote a good atmosphere for study and learning	1	0	0	0	0	0	1	0	0	0	6.0
1155	We should abolish the right to keep and bear arms	against	we should not abolish the right to keep and bear arms because people have a right to defend themselves if someone has the intention of harming you or breaking into your house.	0	1	0	0	0	0	1	0	1	0	6.0
2274	We should adopt atheism	against	we should not adopt atheism because people have a right to believe what ever they want	0	0	0	0	0	0	1	0	0	0	6.0
4535	We should ban the Church of Scientology	in favor of	we should ban the church of scientology because  scientologists become hostile toward anything that is critical toward the religion	0	0	1	0	0	1	1	0	0	0	6.0
5254	The European Parliament should have more powers, so Europe can stand against other world powers.	against	The European Parliament has developed avenues for a common foreign and defense policy and should exercise its role this way. Also, there are prerogatives of a parliament to guide and control the external policies of the EU.	0	1	1	0	1	0	0	0	0	0	6.0
5510	The use of public defenders should be mandatory	against	the government has enough obligations without having to provide court services	1	1	0	0	1	1	1	0	0	0	6.0
3830	We should legalize prostitution	against	prostitution is often associated with drug abuse and other crimes, and legalising it would send out completely the wrong message.	0	0	0	0	0	1	0	0	0	0	6.0
2127	We should abolish the Olympic Games	against	the olympic games bring vast economic benefit to local communities, both through regeneration projects and the influx of vistors spending their cash.	1	0	0	0	1	1	0	0	0	0	6.0
504	We should adopt libertarianism	in favor of	libertarianism promotes political freedom of choice as its core value, and is the ultimate expression of democracy.	0	0	0	0	0	1	1	0	0	0	6.0
29	We should introduce compulsory voting	in favor of	where compulsory voting exists, in countries like australia, participation rates are the highest in the world. this inevitably leads to more truly representative democracy.	0	0	0	0	0	1	0	0	0	0	6.0
2462	We should abandon the use of school uniform	in favor of	school uniforms place an unneeded financial burden on parents that are already paying large sums for private schools besides the fact that dress clothes are uncomfortable and add distraction to learning.	0	0	0	0	0	1	1	1	0	0	6.0
1028	We should abolish the three-strikes laws	against	you can only give someone so many chances. if they have not learnt by the third time it is unlikely they will learn at all.	0	1	1	0	1	1	1	0	1	0	6.0
2439	We should adopt an austerity regime	in favor of	an austerity regime can help lower debt throughout the country	0	0	1	0	1	1	0	0	0	0	6.0
6436	Assisted suicide should be a criminal offence	against	people should not have to suffer unduly and a person that assists them in ending it should not be a criminal.	0	0	0	0	0	0	1	0	0	0	6.0
6019	Foster care brings more harm than good	in favor of	children with behavioral problems could not adapt well to new homes	0	1	0	0	0	1	0	0	1	0	6.0
2175	We should abolish intellectual property rights	against	we shouldn't abolish intellectual property rights because people should have the right to do what they want with their ow property	0	0	0	0	0	0	1	0	0	0	6.0
3089	We should ban fast food	against	people have the right to decide for themselves what they want to eat	0	0	0	0	0	1	1	0	0	0	6.0
4065	We should ban cosmetic surgery	against	cosmetic surgery is a fundamental right of a person to be able to  do what they want to their own body and the governmental should not be able to interfere with that right.	0	0	0	0	0	1	1	0	0	0	6.0
1290	We should legalize organ trade	in favor of	a human being at death can help others to live and through organ trade help their families live	0	1	0	0	1	1	0	0	0	0	6.0
2080	We should introduce compulsory voting	against	people have a right to vote and they also have a right not to vote if they don't like any of the candidates	0	1	0	0	0	0	1	0	0	0	6.0
6989	Women can be in combat roles	against	There are no much facilities and infrastructure in Indian Army to allow women in combat roles.	0	0	0	0	0	0	0	0	1	0	6.0
5553	We should subsidize vocational education	against	we shouldn't subsidize vocational education because it should be up to each individual to support themselves for the career route they want to pursue	1	1	1	0	0	0	1	0	0	0	6.0
6669	We should abandon television	in favor of	Television is harmful to health and family relationships, so we must abandon it	0	1	0	0	0	1	0	0	0	0	6.0
1322	We should ban human cloning	against	we should not ban human cloning because it can help save lifes	1	1	0	0	0	1	1	0	0	0	6.0
6730	Social media brings more harm than good	in favor of	studies have shown that social media geared towards young people have caused suicide to go up.	0	0	0	0	0	1	0	0	0	0	6.0
1471	We should ban algorithmic trading	against	algorithmic trading allows computers to make predictions based on far more data than a human could handle. this means that more money is likely to be made for share holders.	1	0	0	0	1	0	0	0	0	0	6.0
6651	Holocaust denial should be a criminal offence	against	holocaust denial is protected under free speech so long as the people are merely denying it and not being violent about it, who are we to say they can't	0	0	1	0	0	0	1	0	0	0	6.0
4668	Companies should fight moonlighting	against	As per a study published by the Academy of Management Journal in 2021, moonlighting can provide a sense of control and motivation, which can improve the productivity of employees.	1	0	0	0	1	0	1	0	0	0	6.0
7294	We should ban the trading of virtual currencies.	against	Virtual currencies have changed the way of commercial realization. The birth of virtual currency, the token system, is designed to overturn the current business logic.	0	0	0	0	0	0	1	0	0	0	6.0
3441	We should introduce compulsory voting	against	no one should be forced to do anything in our country.	0	0	0	0	0	0	1	0	0	0	6.0
6933	We should abolish the National Register of Citizens (NRC)	against	NRC sends a strong message that illegal immigrants are not welcome here.	1	0	0	0	1	1	1	0	0	0	6.0
2293	We should cancel pride parades	in favor of	pride parades promote improper lifestyles	0	1	1	0	0	0	0	0	1	0	6.0
5582	Payday loans should be banned	in favor of	these companies take advantage of needy people with outrageous fees.	0	0	0	0	0	1	0	0	0	0	6.0
7104	We should stop destabilizing developing countries by subsidized agricultural exports	against	It will take years before the local farmers will be able to give well paid jobs to the local workers. In the meantime you'll have a famine and a genocide. And I didn't even mention the effects of a sudden huge inflation wave.	0	0	0	0	1	1	0	0	0	0	6.0
865	We should abolish the right to keep and bear arms	against	it is a fundamental right of american citizens to keep and bear arms and to remove that right would simply drive arms trading underground.	0	0	0	0	0	1	1	0	1	0	6.0
1775	We should adopt an austerity regime	in favor of	the national debt is out of control and only by implementing austerity measures will we be able to reduce the budget deficit and guarantee the country's future.	1	0	0	0	1	1	0	0	0	0	6.0
4316	We should abolish the right to keep and bear arms	against	In the Constitution, we have the right to keep and bear arms and we can't have that taken away,.	0	1	1	0	0	1	1	0	1	0	6.0
617	We should abolish the right to keep and bear arms	in favor of	the right to keep and bear arms should be abolished because countries with strict gun control are far safer because they have far fewer incidents of violent gun crime	0	0	1	0	0	1	0	0	0	0	6.0
6543	The vow of celibacy should be abandoned	against	no need to abandon the vow of celibacy because it tests the faith and devotion of the priest to god. those that are truly good and spiritual don't need have sexual relations when in a relationship with god.	1	0	1	0	0	0	0	0	1	0	6.0
5963	Foster care brings more harm than good	in favor of	children may never have somewhere to call a forever home because they're moved around so much, and therefore can't form attachments to any specific family.	0	1	0	0	0	1	0	0	0	0	6.0
2058	We should adopt gender-neutral language	in favor of	gender nuetral language fits in with the progressive agenda.	0	0	1	0	0	1	0	0	0	0	6.0
3196	We should abolish the right to keep and bear arms	against	the right to keep and bear arms should not be abolished because it allows people to defend themselves	0	0	0	0	0	1	1	0	0	0	6.0
6000	We should subsidize vocational education	in favor of	subsidizing vocational education will allow more people to pursue a vocation in a time when too few people are choosing that avenue.	1	1	0	0	0	1	1	1	0	0	6.0
2317	We should abolish zoos	against	we should not abolish zoos because it makes it so people can see animals that they may not otherwise be able to see due to their location.	0	0	0	1	0	0	0	1	0	0	6.0
3608	We should legalize prostitution	in favor of	legalizing prostitution will allow it to be carried out in a safe environment	0	1	1	0	0	1	1	1	0	0	6.0
7290	We should ban the trading of virtual currencies.	in favor of	Virtual currency is not protected by contract law and property law in China.	0	0	0	0	1	1	0	0	0	0	6.0
6599	The vow of celibacy should be abandoned	against	this is an established tenet of certain churches. abandoning it would infringe on their freedom of religion	0	0	1	0	0	0	1	0	1	0	6.0
5787	Foster care brings more harm than good	against	foster care families  provide loving homes for children who need support	0	1	0	0	0	1	0	0	0	0	6.0
1125	We should ban telemarketing	in favor of	telemarketing can cause distress for people who do not know how to get rid of the callers.	0	0	1	0	0	1	1	0	0	0	6.0
1151	We should adopt atheism	against	Atheism is godless and fundamentally lacking in a coherent moral compass, therefore it should not be adopted.	0	1	0	0	0	1	0	0	1	0	6.0
6986	Adultery should be criminalized	against	Law should not interfere in the personal lives.	0	0	0	0	0	0	1	0	0	0	6.0
4211	We should adopt an austerity regime	in favor of	The governments has a duty to make sure the economy doesn't collapse in times of recession	0	0	0	0	0	1	0	0	0	0	6.0
934	We should ban the use of child actors	against	the usage of child actors should not be banned as they are an important part of the acting field they have adults who can make rationale decisions for them.	1	1	0	0	0	0	1	0	0	0	6.0
2271	We should oppose collectivism	in favor of	we should oppose collectivism because it lessens creativity and individuality.	0	0	0	0	0	0	1	0	0	0	6.0
5220	We don't need immigration from non-European or non-first-world countries. 	in favor of	The country of origin should absolutely be the most important criterion for deciding who we let into our countries. 160 Frenchman would still be alive if we put the welfare of our own above people whose countries the Americans have bombed to shreds.	0	0	0	0	0	1	1	0	0	0	6.0
1862	We should legalize organ trade	against	Selling organs puts the seller in incredible risk of further injury and decreases their quality of life.	0	0	0	0	0	1	0	0	0	0	6.0
1903	We should subsidize space exploration	against	We should not subsidize space exploration as there are far more important and urgent issues to deal with on earth at this time.	1	1	0	0	0	1	0	0	0	0	6.0
3364	We should legalize cannabis	against	it is a gateway drug, and we don't want to encourage people to go down this dangerous path.	1	1	1	0	0	1	0	0	0	0	6.0
4158	We should end the use of economic sanctions	against	economic sanctions should remain as it gives us a leverage against countries who don't obey the rules like  iran and north korea.	0	0	1	0	1	1	0	0	0	0	6.0
1693	We should legalize cannabis	against	marijuana is damaging mentally and physically	0	0	0	0	0	1	0	0	0	0	6.0
2067	We should ban telemarketing	in favor of	telemarketing intrudes on the personal lives of people through unwanted calls and unsolicited mail, therefore it should be banned.	0	0	1	0	0	1	1	0	0	0	6.0
6747	Payday loans should be banned	against	payday loans help people make ends meet when income sources become constrained.	0	0	0	0	0	1	1	0	0	0	6.0
5859	We should subsidize vocational education	in favor of	with the rising cost of college tuition vocational education is becoming a more attractive option & should be subsidized	1	1	0	0	0	1	0	0	0	0	6.0
5675	Social media brings more harm than good	in favor of	social media is dangerous and out of control.	0	0	1	0	0	1	1	0	0	0	6.0
5555	We should abandon television	in favor of	we need to abandon tv as it is outdated and there are other venues that provide better entertainment	0	0	0	1	0	0	1	1	0	0	6.0
1399	We should ban cosmetic surgery for minors	in favor of	it causes more harm than good when the surgery in minors is not for health	0	1	0	0	0	1	0	0	0	0	6.0
5407	Assisted suicide should be a criminal offence	in favor of	Assisted suicide is a criminal offence as it centers on the intentional death of a human being.	0	1	0	0	0	1	0	0	0	0	6.0
6068	Payday loans should be banned	against	payday loans should not be banned because sometimes people need the money ahead of time for emergencies	0	1	1	0	0	1	0	0	0	0	6.0
4255	We should ban private military companies	against	private military companies can provide many security benefits within our country	0	0	0	0	0	1	0	0	0	0	6.0
5902	We should abandon television	in favor of	Television is an outdated modality that lures people into inactive passivity, it is dangerous to well-being and should be banned	0	0	0	0	0	1	1	0	0	0	6.0
6021	Social media brings more harm than good	in favor of	it has beeen widely proven that social media deteriorates mental health for users, with even the social media companies admitting this.	0	1	0	0	0	1	0	0	0	0	6.0
2484	We should subsidize embryonic stem cell research	in favor of	embryonic stem cell research is important in finding cures.	0	1	0	0	0	0	1	0	0	0	6.0
3235	We should subsidize space exploration	against	space exploration need only be done by the private sector.	0	1	0	0	0	0	0	0	0	0	6.0
7291	We should ban the trading of virtual currencies.	in favor of	Digital currency not only cannot create foreign exchange, but also causes foreign exchange outflow	0	0	0	0	1	1	0	0	0	0	6.0
7055	We should use the waste from the agri-food industry in the ruminant feed chain	in favor of	The fruit and vegetable sector is able to produce a large quantity of waste products which, if well reused, could be used for animal feed.	1	0	0	0	1	0	1	0	0	0	6.0
5050	The EU should synchronize national elections 	in favor of	National elections synchronization would finally make it possible to strengthen the effectiveness of the Council of the EU, by eliminating the blockages caused by the constant renewal of Ministers, which considerably slows down decision-making.  	1	0	0	0	0	0	0	0	0	0	6.0
2366	We should stop the development of autonomous cars	in favor of	autonomous cars could easily cause an accident or result in death if there is a system malfunction.	0	1	0	0	0	1	0	0	0	0	6.0
4028	We should subsidize embryonic stem cell research	in favor of	embryonic stem cell research could lead to the discovery of new medical treatments that would alleviate the suffering of many people	1	1	0	0	0	1	1	0	0	0	6.0
2955	We should end the use of economic sanctions	in favor of	we should end it because it puts restrictions on countries and this way we can freely trade.	1	0	0	0	1	1	1	0	0	0	6.0
1059	We should introduce compulsory voting	against	we live in a democratic society and people should not be forced to vote if they dont want to	0	0	1	0	0	1	1	0	0	0	6.0
2646	We should ban cosmetic surgery	in favor of	we should ban cosmetic surgery because the patients might get cancer when it is done over and over again	0	1	0	0	0	1	0	0	0	0	6.0
566	We should ban missionary work	against	we should not ban missionary work because if people want to help out others that is their business and no one elses	0	1	0	0	0	1	1	0	1	0	6.0
6179	We should subsidize vocational education	against	vocational education is positive but to be subsidize from the government is wrong as there is other causes which should be subsidized.	1	0	0	0	0	1	1	0	0	0	6.0
233	We should ban the Church of Scientology	in favor of	the church of scientology encourages the isolation of it's members. this may lead to some members essentially being help against their will.	0	1	0	0	0	1	1	0	0	0	6.0
5490	Surrogacy should be banned	against	surrogacy is very important in helping couples who can't procreate have children.	0	1	0	1	0	1	1	1	0	0	6.0
375	We should adopt libertarianism	in favor of	libertarianism removes the big brother tyranny of big government and allows more freedom for the people	0	0	0	0	1	1	1	0	0	0	6.0
5056	The European Union needs to equip itself with the institutional and legal tools to resolve democratic conflicts on sovereignty within its own borders.	in favor of	According to the International Covenant on Civil and Political Rights (the ICCPR), ‘[a]ll peoples have the right of self-determination. By virtue of that right, they freely determine their political status and freely pursue their economic, social and cultural development. The right to self-determination also has its economic content which gives the people the right to freely ‘dispose of their natural wealth and resources without prejudice to any obligations arising out of international economic cooperation, based upon the principle of mutual benefit, and international law.'	0	0	1	0	0	0	1	0	0	0	6.0
602	We should adopt gender-neutral language	in favor of	it would make people who are gender challenged feel better.	0	0	0	0	0	1	0	0	0	0	6.0
4749	WikiLeaks is not a bane	in favor of	WikiLeaks has won a number of awards, including The Economist's New Media Award in 2008 and Amnesty International's UK Media Award in 2009.	1	0	0	0	0	0	0	0	0	0	6.0
4471	We should ban fast food	in favor of	Fast food is detrimental to our health and spiritual wellbeing, especially to our children and it should be banned for the greater good of mankind.	0	1	0	0	0	1	0	0	0	0	6.0
3102	We should abolish intellectual property rights	against	if abolished it will stiffle creativity and advancement because there will be no incentive if intellectual property is not a right.	1	0	0	0	0	0	1	0	0	0	6.0
1801	We should ban the use of child actors	against	we should not ban the use of child actors because then movies and shows wouldn't have any children in them	0	0	0	1	0	0	1	1	0	0	6.0
1942	We should limit executive compensation	against	pay is the primary motivational factor for executive level employees, thus executive compensation should not be capped as it would affect their performance.	1	0	0	0	1	0	0	0	0	0	6.0
2124	We should abolish the three-strikes laws	against	the three strikes law teaches criminals you will no longer be able to keep committing crimes and getting away with it.	0	0	1	0	1	1	0	0	0	0	6.0
5808	Holocaust denial should be a criminal offence	against	it's just freedom of speech, you can't arrest someone for not believing something	1	0	1	0	0	0	1	0	0	0	6.0
4039	We should ban cosmetic surgery	in favor of	cosmetic surgery creates an unhealthy body image in media for children to try and conform to.	0	0	0	0	0	1	1	0	0	0	6.0
3961	We should legalize cannabis	in favor of	legalizing recreational marijuana will add billions to the economy, create hundreds of thousands of jobs, and save limited police resources	0	0	0	0	1	1	0	0	0	0	6.0
2805	We should ban telemarketing	against	telemarketing provides jobs. the economy is already unstable and lacking jobs. what are these people supposed to do if their job is banned? no one forces you to talk to them. just hang up.	0	1	0	0	1	1	0	0	0	0	6.0
5400	Intelligence tests bring more harm than good	in favor of	intelligence tests can prevent someone from pursuing their passion which they may be able to achieve with hard work	1	0	0	0	0	0	1	0	0	0	6.0
1953	We should end mandatory retirement	against	by forcing someone to retire it then means that spot is open for a younger person to fill the role, someone who could really use the money	1	0	0	0	1	0	0	0	0	0	6.0
5985	Entrapment should be legalized	in favor of	luring a criminal in a well controlled way is the best method of capturing them	1	0	0	0	1	1	0	0	0	0	6.0
1149	We should ban fast food	in favor of	there is no fast food that is healthy so banning it would improve public health immeasureably.	0	1	0	0	0	1	0	0	0	0	6.0
3464	We should introduce compulsory voting	in favor of	compulsory voting makes the population more involved in the election process, and would give results that more accurately reflected the will of the electors.	1	1	0	0	0	1	1	0	0	0	6.0
357	We should subsidize Wikipedia	in favor of	wikipedia is a wonderful source of information for students and adults alike.	1	0	0	0	0	0	1	0	0	0	6.0
4591	India should store the data within the territorial boundaries of the country	against	Storing data in India means higher operational costs for payment system operators. Because in other countries they have cheaper alternatives. And also for cross-border transactions, they have to store the data in two places, which increases costs. There is a probability that these extra costs may pass on to the consumers.	0	0	0	0	0	1	0	0	0	0	6.0
3897	We should ban algorithmic trading	against	people should be free to use a computer trading program at their own risk	0	0	0	0	0	0	1	0	0	0	6.0
4032	We should abandon the use of school uniform	in favor of	school uniforms stunt young peoples' creativity.	1	0	0	0	0	0	1	1	0	0	6.0
3935	We should ban cosmetic surgery for minors	against	minors should be allowed to have procedures with parental permission	0	1	0	0	1	0	1	0	0	0	6.0
567	We should ban the Church of Scientology	in favor of	we should ban the church of scientology as many ex-members report manipulation and bullying and it has been reported to be a cult which has seperated families.	0	1	0	0	0	1	1	0	1	0	6.0
1887	We should ban whaling	against	many economies are sustained thanks to whaling	1	0	0	0	1	1	0	0	0	0	6.0
2669	We should ban cosmetic surgery for minors	in favor of	We should ban cosmetic surgery for minors because it sends a message to young people that conventional attractiveness is more important than health.	0	1	0	0	0	1	0	0	0	0	6.0
5552	We should abandon television	in favor of	Television contributes to the obesity epidemic because people spend far too much time inside in front of  the tv being inactive.	1	1	1	0	0	1	0	0	0	0	6.0
208	We should adopt libertarianism	in favor of	libertarianism is the true path to real freedom and autonomy for all	0	0	0	0	0	0	1	0	0	0	6.0
734	We should prohibit school prayer	against	school prayer should be allowed in school because it is what our country was founded on.  those who disagree could just abstain from the prayer.	0	0	0	0	0	0	1	0	1	0	6.0
1944	We should ban the Church of Scientology	in favor of	We should ban the Church of Scientology as it does not behave in an open and transparent manner, and therefore causes issues in society.	0	1	1	0	0	1	0	0	0	0	6.0
2455	We should ban cosmetic surgery	in favor of	cosmetic surgery is dangerous to start with, why should people make such risky moves for vanitys sake?	0	0	1	0	0	1	0	0	0	0	6.0
3493	We should subsidize space exploration	against	we shouldn't subsidize space exploration because it can be very costly	0	0	0	0	1	1	0	0	0	0	6.0
4531	We should adopt gender-neutral language	against	there is no need to adopt gender-neutral language because people should be addressed with appropriate genders.	0	0	1	0	0	0	1	0	1	0	6.0
622	We should ban cosmetic surgery for minors	against	The government must use least restrictive means to avoid encroaching on people's freedoms. As such they should educate and regulate cosmetic surgery for minors instead of banning it.	0	0	0	0	0	0	1	0	0	0	6.0
2676	We should ban the Church of Scientology	against	freedom of religion should allow the church of scientology to keep operating	0	0	1	0	0	0	1	0	1	0	6.0
3960	We should subsidize embryonic stem cell research	in favor of	embryonic stem cell research could lead to massive scientific break through that could save millions of lives. funding this would mean the difference of life and death to many people.	1	0	0	0	0	1	1	0	0	0	6.0
5052	The President of the European Commission should be directly elected by direct universal suffrage	against	A direct election of a European president is a travesty of democracy. It would be only a mediatic competition among 'plastic' leaders.  Something very similar to The Simulacra (Dick's 1964 science fiction novel).  We are not a 'nation', we are a confederation of nations.	0	0	0	0	0	0	1	0	0	0	6.0
4279	We should ban telemarketing	against	if telemarketing was banned thousands of people would lose their jobs and many businesses would go bankrupt.	1	0	0	0	1	1	0	0	0	0	6.0
4364	We should introduce compulsory voting	against	we should not  introduce compulsory voting because in a democracy people should be free to choose their own actions.	0	0	0	0	0	0	1	0	0	0	6.0
421	We should ban the use of child actors	in favor of	making a child work as an actor deprives them of childhood experiences and interactions.	0	1	0	1	0	0	0	0	0	0	6.0
5758	Payday loans should be banned	against	payday loans should  not be banned because some peoples last hope is these kinds of stores.	0	1	0	0	1	0	1	0	0	0	6.0
814	We should subsidize student loans	in favor of	we should subsidize student loans to ensure all who seek a good education can obtain one. this sets up success for life which also saves the government money when people are self sufficient	1	0	0	0	1	1	0	0	0	0	6.0
7173	We should stop immigration.	in favor of	The official UN definition of the word 'genocide' includes imposing measures intended to prevent births within the group and forcibly transferring children of the group to another group. This is what the EU is doing to its own member states by allowing immigration into Europe from the Middle East and Africa.  Therefore, I can only conclude that EU bureaucrats hate native Europeans.	0	1	1	0	0	1	0	0	0	0	6.0
6399	Homeopathy brings more harm than good	against	natural medicine is safer and is proven to work as well as traditional medicine.	1	0	0	0	0	1	1	0	0	0	6.0
2611	We should adopt an austerity regime	in favor of	Austerity regime is important for maintaining only important spending from government when their is lack of economic growth in the country. It helps in cutting useless spending and revitalize the economy	1	1	0	0	1	1	0	0	0	0	6.0
1736	We should ban telemarketing	against	telemarketing is perfectly fine, when handled by telemarketers appropriately and politely with respect to potential customers	1	1	1	0	1	0	0	0	0	0	6.0
1210	We should subsidize embryonic stem cell research	in favor of	embryonic stem cell research may lead to life-saving treatments such as the growing of spare organs, which can save many lives.	1	1	0	0	0	1	0	0	0	0	6.0
2569	We should subsidize student loans	in favor of	student loan debt is an enormous pressure on working people, and should be subsidized.	1	0	0	0	1	1	0	0	0	0	6.0
2354	We should subsidize student loans	against	student loans can be expensive and put young people in debt	1	0	0	0	1	1	0	0	0	0	6.0
6052	Payday loans should be banned	against	payday loans can provide financial assistance in a crisis, when someone has nowhere else to turn.	0	1	0	0	1	1	0	0	0	0	6.0
4954	There should be no immigration from non-European or non-first-world countries. 	in favor of	Halt all immigration from non-European or non-first-world countries into the EU.	0	0	1	0	0	1	0	0	0	0	6.0
2761	We should stop the development of autonomous cars	in favor of	autonomous cars are computerized and are open to hacking. at that point they can become a dangerous weapon to not only the driver but everyone around him.	0	1	1	0	0	1	0	0	0	0	6.0
6215	Holocaust denial should be a criminal offence	in favor of	Denying that Holocaust in front of people who were affected by it can cause severe mental/emotional trauma.	0	0	1	0	0	0	0	0	0	0	6.0
6012	Social media brings more harm than good	in favor of	Social media sucks people in and causes them to waste time they could be using productively.	0	0	1	0	0	0	1	0	0	0	6.0
6655	We should abandon television	against	we should not abandon television because it is a form of entertainment for a lot of people and the only form of entertainment for many people that are in hospitals	0	0	0	1	0	0	1	1	0	0	6.0
6478	Social media brings more harm than good	against	For a company, social media platforms are a great way to keep in touch with their customer base and showcase new products.	1	0	0	0	0	0	0	0	0	0	6.0
2601	We should ban private military companies	against	private military companies offer a valuable service for instances where government military cannot do what needs to be done for fear or repercussions.	0	1	0	0	0	1	1	0	0	0	6.0
5607	The use of public defenders should be mandatory	against	people may choose to defend themselves, if they believe it to be in their best interests	0	0	0	0	0	0	1	1	0	0	6.0
3082	We should introduce compulsory voting	in favor of	compulsory voting will cause more people to take an interest in politics which, in turn, will benefit everyone	0	1	1	0	1	1	0	0	0	0	6.0
6195	We should subsidize vocational education	against	vocational education as an option in schools discourages students from pursuing higher education degrees form universities	1	0	0	0	0	0	1	0	0	0	6.0
2940	We should subsidize Wikipedia	in favor of	wikipedia provides a wealth of information on any subject you can think of. this is highly benificial to the education system and should be subsidized.	1	1	0	0	0	0	1	0	0	0	6.0
592	We should introduce compulsory voting	in favor of	being a citizen of your country requires you to have at least some duty to the nation.	0	1	1	0	0	0	0	0	0	0	6.0
3064	We should adopt libertarianism	against	libertarianism sounds brilliant as a theory, but government and societies require rules and frameworks to function, and abolishing these would only lead to chaos.	0	0	1	0	0	1	0	0	0	0	6.0
2745	We should ban algorithmic trading	in favor of	Algorithmic trading will put many stock brokers and analysts out of business.	1	0	0	0	1	1	0	0	0	0	6.0
5867	The vow of celibacy should be abandoned	against	the vow of celibacy should not be abandoned because that is part of some religions	0	0	1	0	0	0	0	0	1	0	6.0
6282	We should abandon television	in favor of	too much time is wasted looking at a screen	1	1	1	0	0	0	0	0	0	0	6.0
836	We should ban cosmetic surgery	against	everyone has the right to alter their bodies or appearances in which ever way makes them feel comfortable and at ease.	0	0	0	0	0	1	1	0	0	0	6.0
2581	We should adopt a zero-tolerance policy in schools	in favor of	zero-tolerance policies ensures pupils know exactly where they are in terms of rules and regulations leaving no room for ambiguity, thus ensuring better behaviour.	0	1	1	0	0	0	0	0	0	0	6.0
4984	We don't need immigration from non-European or non-first-world countries. 	in favor of	 It is time, to be honest about this! Europeans have the right to self-determination like every other country out there! This is OUR home and a home for everyone is a home for no one.	0	0	0	0	0	1	1	0	1	0	6.0
5660	Foster care brings more harm than good	against	sometimes foster care is the safest option for a child. it is far better to remove a child who is being looked after by parents who cannot be trusted not to harm the child.	0	1	0	0	0	1	0	0	0	0	6.0
1716	We should ban algorithmic trading	against	algorithmic trading is an easy way to keep money moving and to make a profit so there is no reason to ban it.	1	0	0	0	1	0	0	0	0	0	6.0
2961	We should prohibit school prayer	in favor of	religion should not be forced on school children. they should be free to believe their own ideals	0	0	0	0	0	0	1	0	0	0	6.0
1990	We should adopt libertarianism	in favor of	We should adopt libertarianism because taxation is theft, since it forces people to work for free.	0	0	0	0	1	0	1	0	0	0	6.0
6408	Foster care brings more harm than good	against	people who provide foster care do so because they want to provide a loving home for children	0	1	0	0	0	0	0	0	0	0	6.0
6343	We should subsidize vocational education	against	we don't need to subsidize vocational education because the cost is already lower than traditional college.	0	1	0	0	0	1	0	0	0	0	6.0
3585	We should introduce compulsory voting	in favor of	compulsory voting would ensure that everyone would vote and have a voice in what goes on.	0	0	0	0	1	0	0	0	0	0	6.0
7363	We should vigorously develop the countryside.	in favor of	In this field of food we can not be subject to others, even if imported food is cheaper, we can not rely on imports, but to vigorously develop our own level of agriculturalization.	0	0	0	0	0	1	1	0	0	0	6.0
6682	Surrogacy should be banned	in favor of	surrogacy should be banned because it doesn't give the actual mother the chance to bond with her baby.	0	1	0	0	0	1	0	0	0	0	6.0
6565	Foster care brings more harm than good	in favor of	Foster care sets kids up for failure by putting them with families who have no vested interest in their academic and professional success.	1	1	0	0	0	0	0	0	0	0	6.0
1091	We should introduce compulsory voting	against	compulsory voting will be difficult to enforce on the elderly and others who will have a difficult time voting.	0	0	0	0	0	0	1	0	0	0	6.0
1611	We should ban the use of child actors	in favor of	acting takes children away from their education and normal childhood pursuits	1	0	0	0	0	1	0	1	0	0	6.0
5922	Intelligence tests bring more harm than good	against	intelligence test help students end up in classes that help them learn the best.	1	1	1	0	0	0	1	0	0	0	6.0
4843	Immigrants should receive help from the EU through integration programs	against	No, Europe is not a colony. Immigration has been devastating. Public EU officials who support immigration should be named and the European people must be given a democratic opportunity to remove them from positions of power and influence.	0	1	0	0	1	1	0	0	1	0	6.0
6630	Homeschooling should be banned	against	homeschooling  can create  a more independent program.	1	0	1	0	1	0	1	1	1	0	6.0
2571	We should ban telemarketing	in favor of	telemarketing is an irritant, a waste of time,  and gives too many people spam calls which isn't helpful when the person is waiting for  a phone call from a potential employer, etc.	0	1	1	0	0	1	0	0	0	0	6.0
6323	The vow of celibacy should be abandoned	against	celibacy is a test of faith and an opportunity through denial to express the importance of that faith. if you make a vow its important to keep to it otherwise it becomes worthless	0	0	1	0	0	0	1	0	1	0	6.0
6274	Foster care brings more harm than good	against	foster care ensures that children have a stable home which can not be given with their parents.	0	1	0	0	0	1	0	0	0	0	6.0
1409	We should adopt libertarianism	against	we should not adopt libertarianism because total individuality would create chaos.	0	0	1	0	0	1	0	0	0	0	6.0
5950	Homeschooling should be banned	against	homeschooling has proven beneficial for many children	1	1	0	0	0	0	1	0	0	0	6.0
2087	We should cancel pride parades	in favor of	some pride parades can get overtly sexual, blurring the line of public decency.	0	0	1	0	0	0	1	0	1	0	6.0
626	We should ban the Church of Scientology	against	we should not ban the church of scientology because in this country everyone has the right to freely practice whatever religion they  want.	0	0	0	0	0	0	1	0	1	0	6.0
3859	We should abolish the right to keep and bear arms	against	People should have the right to defend themselves against the criminal elements of society.	0	0	0	0	0	1	1	0	0	0	6.0
4382	We should abandon the use of school uniform	against	the use of school uniforms can eliminate many social issues among students.	0	1	1	0	0	1	0	0	0	0	6.0
855	We should subsidize embryonic stem cell research	against	embryonic stem cell research requires the destruction of human embryos and so is considered unethical by many people	0	1	0	0	0	0	0	0	1	0	6.0
496	We should ban whaling	against	most whaling is done under controlled situations, and is done for research purposes.	1	1	1	0	0	0	0	0	0	0	6.0
5074	The President of the European Commission should be directly elected by direct universal suffrage	against	To have a chance that one candidate (with a good chance to win) comes from your own country, I think people from little countries can wait 40 years. This will definitely destroy the European belonging feeling you want to promote with this idea.	0	0	0	0	0	1	0	0	0	0	6.0
2226	We should ban cosmetic surgery	against	people should be free to choose for themselves	0	0	0	0	0	1	1	0	0	0	6.0
3651	We should limit judicial activism	against	we have to respect the view of judges so they need to have the freedom to express judicial activism.	0	0	1	0	1	0	1	0	1	0	6.0
5708	Homeschooling should be banned	in favor of	homeschooling prevents children from socializing with other children which can cause problems for them in the future.	0	0	0	0	0	1	0	0	0	0	6.0
6870	Homeschooling should be banned	against	homeschooling can lead to a better learning outcome for many children who struggle in the traditional classroom.	1	0	0	0	0	0	1	0	0	0	6.0
6208	Foster care brings more harm than good	against	foster care provides a loving atmosphere as opposed to a group home.	0	1	0	0	0	1	0	0	0	0	6.0
122	We should adopt a zero-tolerance policy in schools	in favor of	children need to learn boundaries and consequences for their actions. they learn faster if there is immediate repercussions than if you let them do it over and over again.	0	1	1	0	0	1	0	0	0	0	6.0
3189	We should ban telemarketing	against	we should not ban telemarketing  since it would eliminate many jobs. it also is an effective way for a company to get much needed leads for their products or services if done correctly.	1	0	0	0	1	1	0	0	0	0	6.0
5470	Holocaust denial should be a criminal offence	in favor of	holocaust denial should be a criminal offence because it encourages discrimination, abuse and violence against jews.	0	0	1	0	0	1	0	0	0	0	6.0
1443	We should ban cosmetic surgery	against	cosmetic surgery makes people feel better about themselves.	1	1	0	1	0	1	1	0	0	0	6.0
4949	We need Integrated migration and border policy.	against	Migration has totally gotten out of control. The EU refuses to see the magnitude of it. Hundreds of millions like to migrate. All people without the right language and fitting education. The massive numbers of immigrants threaten the existence of EU societies, through crime, poverty, and housing shortage.	0	1	1	0	1	1	0	0	1	0	6.0
545	We should adopt libertarianism	against	We should not adopt libertarianism because people's lives are better when they know they have a social safety net to fall back on, and that they won't starve if they lose their job.	0	1	0	0	0	1	0	0	0	0	6.0
4143	We should abolish the right to keep and bear arms	in favor of	Gun ownership only breeds more violence. Guns sold on the consumer market today are inexcusably far too powerful for mere self-defense purposes.	0	1	0	0	0	1	0	0	0	0	6.0
7308	We should protect our privacy in the Internet age.	against	Recording precise data of individuals can improve individual lives; recording huge data of groups can optimize resource allocation.	1	0	0	0	0	1	0	0	0	0	6.0
3914	We should stop the development of autonomous cars	against	many people who are not capable to drive, would be able to commute easily with autonomous cars	1	0	0	0	0	1	1	0	0	0	6.0
5455	The vow of celibacy should be abandoned	in favor of	clergy should have the option to marry and have a family like everyone else	0	1	0	1	0	0	1	1	0	0	6.0
5519	Assisted suicide should be a criminal offence	against	people should be allowed to die with dignity if they choose to.	1	0	0	0	0	0	1	0	0	0	6.0
6767	Homeschooling should be banned	against	parents should have the right to choose how to educate their children	1	1	0	0	1	0	1	0	0	0	6.0
2116	We should adopt atheism	against	atheism will destroy the world by unleashing godless people running the government with no morals or ethics and should not be adopted.	0	1	1	0	0	1	0	0	0	0	6.0
1869	We should ban missionary work	against	missionary work helps many people who are in distress	0	1	0	0	0	0	1	0	0	0	6.0
1031	We should introduce compulsory voting	against	compulsory voting should not be necessary because people will vote for anyone without researching which could skew outcomes.	1	0	1	0	0	1	1	0	0	0	6.0
141	We should legalize prostitution	against	it sets a bad example for younger generation and takes them away from the ethics of the society	0	1	1	0	0	1	0	0	1	0	6.0
1997	We should adopt a zero-tolerance policy in schools	in favor of	we should adopt a zero tolerance because it will keep the children in check.	0	1	1	0	0	1	0	0	0	0	6.0
6586	Assisted suicide should be a criminal offence	in favor of	helping a human being to commit suicide devalues human life and can lead to deaths of unstable people who are not mentally competent to make the decision. it should be criminalized.	0	1	1	0	0	0	0	0	0	0	6.0
4055	We should end mandatory retirement	in favor of	ending mandatory retirement is the right thing to help older people.	0	1	1	0	0	0	1	0	0	0	6.0
5337	Serbia should join the EU.	in favor of	The EU should continue its enlargement to the Western Balkans to further its own interests, and to bring stability and prosperity to the region. Serbia should have joined long ago. 	0	0	0	0	1	1	0	0	0	0	6.0
4269	We should limit executive compensation	against	executive compensation is one of the mechanisms of governments to cover salaries and benefits	1	0	0	0	1	1	0	0	0	0	6.0
6335	Surrogacy should be banned	against	parents who want a biological child but can't need surrogates in order to have their own genetic children.	0	1	0	0	0	0	1	0	0	0	6.0
6325	We should abandon television	against	we should not abandon television because television is the only form of entertainment for some people	0	0	0	1	0	0	0	1	0	0	6.0
4625	We should adapt the viable pay incentive scheme	in favor of	Variable pay definitely increases the productivity of employees. High-performing individuals feel well-compensated and rewarded for their efforts, while the under-performing ones also feel motivated to improve.	1	0	0	0	1	1	1	0	0	0	6.0
1619	We should ban the use of child actors	against	many great actors of today started as children and had no problem in their growth	0	0	0	0	0	1	1	1	0	0	6.0
2033	We should ban the use of child actors	against	these days, child actors are provided with tutors while on set to ensure their education is minimally disrupted and there is more support than there used to be	1	1	0	1	0	0	1	0	0	0	6.0
6533	Homeopathy brings more harm than good	in favor of	someone with a serious life-threatening disease might put all their trust in homeopathy rather than using more proven medicine.	1	1	0	0	0	1	1	0	0	0	6.0
6437	Homeopathy brings more harm than good	in favor of	when people use homeopathy instead of traditional medicines their health can suffer.	0	0	0	0	0	1	0	0	0	0	6.0
3717	We should legalize sex selection	in favor of	people should be able to utilize new sciences as they please.	0	0	0	0	0	0	1	0	0	0	6.0
4385	We should subsidize embryonic stem cell research	against	stem cell research may offend religious individuals	0	0	1	0	0	0	0	0	1	0	6.0
5995	Foster care brings more harm than good	in favor of	Foster care brings more harm than good because you do not know who the foster parents really are. They may be nice people in front of you but behind close door no one knows.	0	1	1	0	0	1	0	0	0	0	6.0
4199	We should ban cosmetic surgery	in favor of	cosmetic surgery can involve complex, dangerous medical procedures which shouldn't be carried out for non-medical reasons.	0	0	0	0	0	1	0	0	0	0	6.0
4939	We need legal ways of migration.	against	Migrants sell drugs.	0	0	1	0	0	1	0	0	0	0	6.0
3374	We should stop the development of autonomous cars	in favor of	autonomous vehicles will lead to an increase in road accidents	0	0	0	0	0	1	0	0	0	0	6.0
663	We should abolish intellectual property rights	against	intellectual property rights mean that the people who come up with ideas or products get the financial gains from said product and so makes people more likely to innovate	1	0	0	0	0	0	0	0	0	0	6.0
2850	We should introduce compulsory voting	in favor of	all citizens should be compelled to vote to voice their opinion on who should be our elected leaders. apathy in selecting our political leaders is detrimental to our society.	1	1	1	0	1	1	0	0	0	0	6.0
3661	We should subsidize embryonic stem cell research	in favor of	embryonic stem call research can lead to the future of medical developments	1	0	0	0	0	1	1	0	0	0	6.0
2141	We should adopt atheism	against	one of the most basic human rights is the freedom of religion, and asking anyone to give up that right to believe in whatever they choose is wrong.	0	0	0	0	0	0	1	0	1	0	6.0
2178	We should abolish safe spaces	in favor of	they prevent people from being able to express their opinions that might bother someone	0	0	0	0	0	0	1	0	0	0	6.0
3968	We should ban missionary work	in favor of	Missionary workers often travel to foreign countries on false premises, such as to teach or provide aid. But they are really there to spread Christianity.	0	1	0	0	0	0	1	0	1	0	6.0
5345	Foreign Policy at the EU level should be based on an absolute majority, not unanimity.	in favor of	Giving small countries 'veto rights' is a recipe for disaster that will keep the European Union separated and weak instead of united and reliable in policy making. 	1	1	0	0	1	1	0	0	0	0	6.0
7208	We should prevent the surveillance state	in favor of	I am not prepared to continue to restrict my freedom on a permanent basis due to the actions of a minority of offenders, as a citizen who is not a victim. The policy has to find a better balance here. 	0	0	0	0	0	0	1	0	0	0	6.0
1552	We should legalize sex selection	against	we shouldn't legalize sex selection because is moral action in society	0	0	1	0	0	1	0	0	1	0	6.0
6794	Entrapment should be legalized	in favor of	legalize entrapment so we can stop crimes before they happen	0	0	1	0	1	1	0	0	0	0	6.0
5357	There should be a new EU foreign policy.	in favor of	The stated proposal for a new EU foreign policy is very well thought through.	1	0	0	0	0	0	1	0	0	0	6.0
7336	We should prohibit capital monopoly.	against	Monopoly profits are the driving force behind technological progress in areas that require significant investment in research and development.	1	0	0	0	1	0	0	0	0	0	6.0
6604	Assisted suicide should be a criminal offence	in favor of	i think that an assisted suicide should be a criminal offence because is not legal	0	0	1	0	0	0	0	0	0	0	6.0
1075	We should legalize prostitution	in favor of	we should legalize prostitution so that women as a whole are taught that their place in society is simply as a commodity to be used by someone with more money	0	1	1	0	1	0	0	0	0	0	6.0
1289	We should ban the use of child actors	against	it is right and proper that talented children are able to earn money from acting	0	0	0	0	1	0	1	0	0	0	6.0
163	We should ban the Church of Scientology	in favor of	the church of scientology is a cult that is harming society.	0	0	1	0	0	1	0	0	0	0	6.0
4850	Immigrants should receive help from the EU through integration programs	against	Europe needs more women to have children and raise them in a good manner, which helps transmit our culture: our culture is a praise to the world and must be saved from globalization invasion and destruction.	0	1	0	0	0	0	0	0	1	0	6.0
1689	We should ban human cloning	in favor of	human cloning could be dangerous in the wrong hands, for example dictators who could use it for unethical reasons.	0	1	0	0	0	1	0	0	1	0	6.0
1333	We should ban the Church of Scientology	against	people are free to follow the religion they choose, no matter how out there the beliefs are.	0	0	0	0	0	0	1	0	1	0	6.0
3620	We should end the use of economic sanctions	in favor of	ending these sanctions will boost the target country's economy	0	0	0	0	1	1	0	0	0	0	6.0
6864	Social media brings more harm than good	against	it helps to connect people and create relationships	0	0	0	1	0	1	0	0	0	0	6.0
5383	Surrogacy should be banned	against	Surrogacy should not be banned as it is the woman's right to choose if she wishes to do this for another couple and be compensated.	0	0	0	0	0	0	1	0	0	0	6.0
6093	We should subsidize vocational education	in favor of	We should subsidize vocational education because there is a compelling state interest in a more skilled workforce.	1	1	0	0	0	1	0	0	0	0	6.0
3741	We should abandon the use of school uniform	in favor of	school uniforms should not be required to wear in schools because it takes away a kids freedom of expression	0	0	0	0	0	0	1	0	0	0	6.0
4380	We should ban cosmetic surgery for minors	in favor of	minors should not get plastic surgery because they are not old enough to make the decision nor have their bodies fully developed.	1	1	1	0	0	1	0	0	0	0	6.0
7213	We should limit population growth in overcrowded regions	against	Limiting freedom of movement does not seem like a good idea to me. I think what you are experiencing is bad local management, with urban planning laws fast growth and traffic issues can be fixed and avoided altogether.	1	0	0	0	1	0	1	1	0	0	6.0
1639	We should adopt atheism	against	we should not because everyone needs something to believe in and if there was no religion then people may not follow laws because there is no consequences of bad actions (hell)	0	0	1	0	0	0	1	0	1	0	6.0
4700	Firecrackers should be banned during Diwali, other festivals, and weddings	against	Bursting crackers on Diwali has always been on the to-do list in every family. A Deepavali without firecrackers will definitely be a cut-down in entertainment and recreation for the kids, as well as the elders.	0	0	0	1	0	0	1	1	1	0	6.0
3668	We should legalize cannabis	against	it send the wrong message to society that drug use is acceptable	0	1	1	0	0	1	0	0	0	0	6.0
2258	We should abolish the right to keep and bear arms	against	the right to bear arms is enshrined in the second amendment and must not be violated	0	0	1	0	0	0	1	0	1	0	6.0
1216	We should ban cosmetic surgery	against	people have the right to fix their perceived flaws and raise their self esteem.	0	0	0	1	0	1	1	0	0	0	6.0
4621	IT recruiters should consider skills instead of a degree in programming	in favor of	In many of India’s engineering colleges, we can easily pass the subjects even if do not have much knowledge in those subjects. That is the reason many companies are not able to find suitable talent even if there are so many eligible graduates. So, the willingness to become an expert in the field is more important than a degree. 	1	1	1	0	0	0	1	0	0	0	6.0
2711	We should oppose collectivism	in favor of	collectivism does not allow one person to stand out from the others, which can be negative	1	0	0	0	1	0	1	1	0	0	6.0
6404	Homeschooling should be banned	in favor of	homeschooling is not regulated enough.	1	0	1	0	0	1	0	0	0	0	6.0
2663	We should adopt libertarianism	against	Libertarianism would lead to crumbling infrastructure without taxes to fund the government.	0	0	0	0	1	1	0	0	0	0	6.0
1069	We should end mandatory retirement	in favor of	Mandatory retirement forces people who are still excellent at their jobs to quit working long before they are ready.	1	0	1	0	0	0	1	0	0	0	6.0
7319	We should restrict minors from playing online games.	in favor of	Long-term addiction to online games can change the structure of a child's brain. Imagination, thinking and integration skills are not trained.	1	0	0	0	0	0	1	0	0	0	6.0
7227	We should remove illegal immigrants.	in favor of	EU must take action. Help those in need, but only those who respect legal boundaries. Mutual respect is a cornerstone in this subject where we must set limits to protect Europe. 	0	1	1	0	1	0	0	0	1	0	6.0
4758	Chinese products should be banned in India	in favor of	India has a huge trade deficit with China. For the year 2017-18, India's imports from China are worth $76.2 billion dollars, whereas India's exports to China are worth $33 billion dollars. So, there is a need to reduce this trade deficit. 	1	0	0	0	0	1	0	0	0	0	6.0
382	We should adopt an austerity regime	in favor of	It would help people spend less money, which would be good for the economy.	0	0	0	0	1	1	0	0	0	0	6.0
126	We should stop the development of autonomous cars	in favor of	autonomous cars are prohibitively expensive	0	0	0	0	0	1	0	0	0	0	6.0
1598	We should adopt a multi-party system	in favor of	in a multi party system the general population have more of a choice in who their leaders are	0	0	0	0	1	0	1	0	0	0	6.0
1359	We should limit executive compensation	against	limiting executive compensation would deter executives from doing their job correctly.	1	0	0	0	1	0	1	0	0	0	6.0
4789	Nepotism exists in Bollywood	against	Star kids also have an upbringing which is surrounded by the Bollywood industry. This gives them an advantage of getting adjusted and having a clearer overview of the industry. This might help them learn faster and do better which an outsider might not be able to.	1	0	0	0	0	0	1	0	0	0	6.0
109	We should ban telemarketing	against	We should not ban telemarketing as it it allows people to learn about new products or services from the comfort of their own homes.	1	0	0	1	0	1	1	1	0	0	6.0
7074	We should improve migration policies 	against	It may be great to admit a few talented immigrants, but the EU is now following its steep nose dive leading to the rapid disappearance of Europe.	1	0	0	0	0	1	0	0	1	0	6.0
3444	We should subsidize embryonic stem cell research	in favor of	embryonic stem cell research helps save and improve lives.	0	0	0	0	0	1	0	0	0	0	6.0
5674	We should subsidize vocational education	against	vocational education doesn't need to be subsidized.  it's an option and is up to the person to choose it and subsequently pay for it as well.	1	1	1	0	1	0	1	0	0	0	6.0
108	We should subsidize journalism	against	We should not subsidize journalism because there is already sufficient coverage of major issues from different viewpoints without government action.	0	0	0	0	0	1	1	0	0	0	6.0
1890	We should introduce compulsory voting	in favor of	voting is what drives our country and not voting means that the most preferred people do not get elected.	0	0	1	0	1	1	0	0	0	0	6.0
5076	There is a necessity for a European framework for the free movement of intensivists 	in favor of	The pandemic has put European Intensive Care Units (ICUs) under extreme pressure. The most important lesson learned early on in the chaos of the pandemic was that equipment and medicines are necessary to save lives, but without adequately trained human resources, these elements are irrelevant. Ventilators don’t operate themselves.   We saw patients in very critical condition being moved away from their families from one Member State to another to receive treatment while allowing the doctors to move would be much more efficient and less life-threatening for the patients. 	1	0	0	0	0	1	1	0	0	0	6.0
3087	We should subsidize student loans	against	if people want to go to college, they need to work hard and earn enough to go	0	1	0	0	0	0	1	0	0	0	6.0
5578	Social media brings more harm than good	against	it provides people with connection. you can stay in touch with family or friends frequently and easily that without this platform might not be possible.	1	1	0	1	0	1	0	0	0	0	6.0
3054	We should subsidize embryonic stem cell research	against	subsidizing embryonic stem cell research can lead to forced gathering of the stem cells and may even cause worse reactions.	0	0	1	0	0	1	0	0	0	0	6.0
1645	We should stop the development of autonomous cars	against	we should not because it will cause much less accidents on the road.	1	1	1	0	0	1	0	0	0	0	6.0
3111	We should adopt a zero-tolerance policy in schools	in favor of	this would ensure everyone got punished if they broke a rule	0	1	1	0	0	0	0	0	0	0	6.0
5330	Migration should not be the solution.	in favor of	The EU should acknowledge the fact that increasing birth rates in Europe, and supporting European families to have (more) children is the most appropriate long-term solution. 	0	1	0	0	0	1	0	0	1	0	6.0
7330	We should prohibit capital monopoly.	in favor of	Capital monopoly hinders the efficient allocation of resources and causes waste of resources.	1	0	0	0	1	1	0	0	0	0	6.0
6588	We should subsidize vocational education	against	taxes are already too high, and vocational education grants would be too onerous.	0	0	0	0	0	1	0	0	0	0	6.0
50	We should prohibit school prayer	against	allowing children to pray and take some quiet time in school can be beneficial for their mental health.	0	0	0	0	0	1	0	0	1	0	6.0
4900	The European Union's asylum system needs to implement its humanitarian principles	in favor of	We already have successful programs for students from refugee camps. Enhance that.	1	1	0	0	0	0	0	0	0	0	6.0
3093	We should ban cosmetic surgery for minors	in favor of	yes i think that we should ban cosmetic surgery for minors because in not fot them	0	1	1	0	0	0	0	0	0	0	6.0
658	We should ban telemarketing	against	telemarketing is very economical and it provides an easy way for companies to offer their products and services to people.  telemarketers are merely asking whether someone wants something or not.	0	0	1	0	0	0	0	0	0	0	6.0
5402	Homeschooling should be banned	against	homeschooling is a good option for children who are bullied, giving them a safe place to learn	1	0	0	0	0	1	1	0	0	0	6.0
2382	We should abandon the use of school uniform	in favor of	school unifoorm creates a sense of community and takes away some aspects that can lead to bullying	0	0	1	0	0	1	0	0	0	0	6.0
6626	Surrogacy should be banned	in favor of	Surrogacy can put women in danger because pregnancy is unpredictable.	0	0	0	0	0	1	0	0	0	0	6.0
871	We should abolish the right to keep and bear arms	against	people should be able to keep weapons as a form self defence to defend their property and themselves	0	1	0	0	1	1	1	0	0	0	6.0
6386	Social media brings more harm than good	in favor of	social media has created an environment of monsters who hide behind computer screens.	0	1	1	0	0	0	0	0	0	0	6.0
3748	We should ban fast food	in favor of	fast food is one of the leading causes of obesity.	0	0	0	0	0	1	0	0	0	0	6.0
4014	We should legalize organ trade	in favor of	Anyone who wants to sell an organ would be made fully aware of the risks involved, in which case they should be allowed to make that choice.	0	1	0	0	0	1	1	0	0	0	6.0
5813	Homeschooling should be banned	against	we have already proven that home-schooled kids attend more extra-curricular activities than public-school kids	1	0	0	0	0	0	0	1	0	0	6.0
3167	We should abolish the Olympic Games	in favor of	the olympic games are no longer relevant.  they focus on the athletic and competitive nature of humanity.  we must instead focus on the intellectual and collaborative aspects to solve humanity's problems.	1	1	0	0	0	1	0	0	0	0	6.0
6854	Homeopathy brings more harm than good	against	many people find symptomatic relief by using homeopathic remedies	0	0	0	0	0	1	1	0	0	0	6.0
4446	We should ban factory farming	against	we shouldn't ban factory farming because it can help improve the economy	1	1	0	0	1	1	0	0	0	0	6.0
4658	Social media is making us less social	in favor of	A few people now have social anxiety due to not having enough face-to-face interactions. When we avoid talking to people for a long time, automatically we develop a fear to involve in small talk.	1	0	0	0	0	1	0	0	0	0	6.0
6414	Holocaust denial should be a criminal offence	against	a person's opinions are the beliefs of that individual and the freedom of one's thoughts should not be infringed upon.	0	0	1	0	0	0	1	0	0	0	6.0
697	We should cancel pride parades	in favor of	we should cancel pride parades because it is forcing views some people don't agree with in their face	0	0	0	0	0	0	1	0	1	0	6.0
2891	We should ban telemarketing	against	telemarketing helps introduce customers to new things and services they may not have heard of had they not been prompted into the subject.	1	1	0	0	1	1	1	0	0	0	6.0
569	We should subsidize space exploration	in favor of	we should subsidize space exploration because someday we may have to leave earth behind once we deplete all our resources or because of a nuclear war.	0	1	0	0	0	1	1	0	0	0	6.0
5992	Surrogacy should be banned	against	surrogacy enables infertile couples to raise their own family.	0	1	0	0	0	0	0	0	0	0	6.0
1500	We should legalize organ trade	in favor of	legalizing organ trade would alleviate the shortage of organ donations that the medical system constantly faces.	0	1	0	0	0	1	0	0	0	0	6.0
2528	We should adopt a multi-party system	against	multi-party systems lead to more corruption and wasted campaign dollars.	1	1	1	0	1	1	0	0	1	0	6.0
3205	We should legalize organ trade	in favor of	it would bring easier access to those in need of organs & better regulation & oversight	0	1	1	0	0	1	0	0	0	0	6.0
4592	India should store the data within the territorial boundaries of the country	in favor of	Data localization laws result in the setting up of multiple data centers locally. This will create many jobs and will help the country’s economy immensely. It will also drive innovation in the field resulting in low-cost solutions.	0	0	0	0	1	1	1	0	0	0	6.0
6301	We should subsidize vocational education	in favor of	we should subsidize vocational education because it would improve student life outcomes and improve the economy by filling more jobs	1	0	0	0	1	1	0	0	0	0	6.0
846	We should subsidize student loans	in favor of	Students are and will always be the backbone of the society. It's compulsory to support these growing students in becoming true, well educated citizens to support the economy.	1	0	0	0	1	1	0	0	0	0	6.0
6654	Entrapment should be legalized	in favor of	entrapment helps catch many criminals.	0	0	0	0	0	1	0	0	0	0	6.0
3628	We should ban telemarketing	against	telemarketing allows people that cannot find other jobs to be contributer to the economy and tax base along with the fact that these calls can be ignored with an answering machine or simply join a no-call list.	0	0	0	0	1	1	0	0	0	0	6.0
843	We should ban algorithmic trading	in favor of	Algorithmic trading allows computers to buy and sell assets suddenly and in massive quantities, creating shifts in the market and making human trading difficult.	1	1	1	0	1	1	0	0	0	0	6.0
5671	Payday loans should be banned	in favor of	payday loans only serve to get people into more money troubles.	1	1	1	0	1	1	0	0	0	0	6.0
3022	We should legalize prostitution	against	legalising prostitution would destigmatise an illegal act that is heavily connected to drug-abuse and extortion.	0	0	1	0	0	1	0	0	0	0	6.0
2520	We should ban private military companies	in favor of	the military is the last thing that should be profit driven, reliance on such companies can invoke catastrophe.	1	1	0	0	0	1	1	0	0	0	6.0
2530	We should ban human cloning	in favor of	there has to be a limit on what science can ethically do and human cloning is a step too far and should be banned for fear of this science being missued.	0	1	1	0	0	0	0	0	0	0	6.0
2801	We should introduce compulsory voting	against	we should not introduce compulsory voting because some people that are unable to read and or write will be voting	1	0	1	0	0	0	0	0	0	0	6.0
1720	We should abolish the Olympic Games	in favor of	the olympic games cost vast sums of money to the host country that would be better spent on essential services such as healthcare and education	1	1	0	0	0	1	0	0	0	0	6.0
4594	India should store the data within the territorial boundaries of the country	in favor of	India is a big consumer market for many foreign companies. So, India and other developing countries are realizing the economic value of the data and the importance of data localization. With data localization, domestic companies and the country’s economy will be benefited. And we can also ensure the security of the data.	0	0	0	0	1	1	1	0	0	0	6.0
2851	We should adopt a zero-tolerance policy in schools	in favor of	it is a good measure, since our youth currently lack responsibility and discipline, and with this we favor more that ability	0	1	1	0	0	1	0	0	1	0	6.0
3979	We should legalize prostitution	in favor of	a man or woman has the right to do what they wish with their body, and if they choose to sell it for sex, the government should not interfere.	0	0	0	0	0	0	1	0	0	0	6.0
6120	The vow of celibacy should be abandoned	against	When someone becomes a nun or priest they should wholly devote themselves to God only.	0	0	1	0	0	0	0	0	1	0	6.0
6222	Intelligence tests bring more harm than good	in favor of	they can lead to a feeling of insecurity	0	0	0	0	0	1	0	0	0	0	6.0
2807	We should ban cosmetic surgery	in favor of	cosmetic surgery is risky in that it can cause adverse affects.	0	1	0	0	0	1	0	0	0	0	6.0
2707	We should ban private military companies	against	private military companies are a business like any other and are subject to national and international regulations	0	0	1	0	0	0	0	0	0	0	6.0
5401	Assisted suicide should be a criminal offence	against	if someone is in extreme pain why make them suffer? this is not criminal	0	0	0	0	0	0	1	0	0	0	6.0
2636	We should abolish the Olympic Games	against	we should not abolish the olympic games because it is a form of entertainment for many people	0	0	0	1	0	0	0	1	0	0	6.0
1382	We should adopt libertarianism	in favor of	government today has way too much influence in our daily lives; libertarianism seeks to reduce said interference, while possibly also reducing the amount of money the government spends.	0	0	0	0	1	1	1	0	0	0	6.0
3056	We should ban targeted killing	in favor of	targeted killing is the same thing as murder and should be banned	0	0	1	0	0	1	0	0	0	0	6.0
4765	Uniforms should be mandatory in schools	in favor of	If the children are used to uniforms, they will no issues in the future if their profession demands uniform.	0	0	1	0	0	0	0	0	0	0	6.0
5899	Surrogacy should be banned	against	surrogacy is a way to bring the happiness of parenthood to a couple who would otherwise not have been able to enjoy it	0	1	0	0	0	1	1	0	0	0	6.0
2699	We should ban factory farming	in favor of	factory farming provides negative outcomes across several areas, the most important of which is personal livelihood, so it should be banned.	0	0	0	0	0	1	0	0	0	0	6.0
2086	We should ban cosmetic surgery	against	everyone should have a right to be happy.	0	0	0	1	0	1	1	1	0	0	6.0
2052	We should adopt an austerity regime	in favor of	we should adopt an austerity regime because it would help to reduce unnecessary spending	0	1	0	0	1	1	0	0	0	0	6.0
6554	Foster care brings more harm than good	in favor of	foster kids frequently suffer from depression and turn to drugs later on in life	1	0	1	0	0	1	0	0	0	0	6.0
4933	Permanent non-EU nationals who are living in the European Union should have more rights.	against	Paying taxes is not enough, if you want to become a citizen with full rights you need to fully embrace the country you live in.	0	0	0	0	0	1	0	0	1	0	6.0
2059	We should legalize sex selection	in favor of	Knowing the gender of your baby makes it easier to purchase items for the baby before its birth.	1	1	0	0	0	1	1	0	0	0	6.0
2570	We should abolish the three-strikes laws	in favor of	they laws don't stop crime, they just punish people harder.	0	1	0	0	0	1	0	0	0	0	6.0
7372	Carbon emissions trading should be limited.	against	Setting tough standards on carbon emissions can suppress industrial upgrading in developing countries and prevent them from challenging the monopoly advantage of EU countries in high-end industries.	1	0	0	0	1	0	0	0	0	0	6.0
4846	Immigrants should receive help from the EU through integration programs	in favor of	Knowledge of the host country's language is essential for integration. When migrants understand the local language, studies show that their values tend towards those of the host countries over time. 	1	1	0	0	0	1	0	0	0	0	6.0
1880	We should prohibit school prayer	in favor of	school prayers are outdated in a modern society, religion is a private matter someone should practice at home	0	0	1	0	0	1	1	0	1	0	6.0
2089	We should legalize sex selection	in favor of	families should have the right to choose the sex of their babies.	0	1	0	0	1	0	1	0	0	0	6.0
6645	Foster care brings more harm than good	in favor of	Foster care children may have many adverse outcomes that persist throughout childhood, such as poor peer relationships, behavioral problems, or other mental health difficulties	1	1	1	0	0	1	0	0	0	0	6.0
3732	We should ban private military companies	in favor of	private military companies only purpose is to make money and as a result they don't focus on protection as much as they should be.	1	1	0	0	0	1	0	0	0	0	6.0
265	We should abolish the three-strikes laws	in favor of	abolishing the three strikes law would save money	0	0	0	0	1	1	0	0	0	0	6.0
6271	Assisted suicide should be a criminal offence	against	when people are in unbearable pain and suffering and have no chance of getting better it is cruel to keep them alive without their consent	0	1	0	0	0	1	1	0	0	0	6.0
4395	We should ban the Church of Scientology	against	everyone has the right to follow whatever religion they want regardless of how strange it may seem to outsiders.	0	0	0	0	0	0	1	0	1	0	6.0
3460	We should ban fast food	in favor of	we should ban fast food because it is not good for people's health and they are very unhealthy in terms of calories	0	0	0	0	0	1	0	0	0	0	6.0
1613	We should ban the Church of Scientology	in favor of	we should ban them because it is a cult that expects members to pay lots of money to join, and if anyone tries to leave they make their life hell.	0	1	0	0	0	1	0	0	0	0	6.0
988	We should abandon the use of school uniform	against	school uniforms will stop children from wearing and showing offense logos, words, etc., to their peers.	0	0	1	0	0	1	0	0	0	0	6.0
6065	Payday loans should be banned	in favor of	they should not be used as sometimes the money is never repaid	0	1	1	0	1	1	0	0	0	0	6.0
7209	We should reform Europol towards a European FBI	in favor of	In order to be able to fight cross-border crime, Europol should have the same jurisdiction as the FBI in the US. It should focus on domestic EU cross-border crime fighting. It should have the autonomy to act without the intervention of local or national political influence.	1	0	0	0	1	1	1	0	0	0	6.0
2769	We should adopt gender-neutral language	against	gender-neutral language should not be adopted as it will cause resentment among those who strongly identify with either their birth or adopted sex	0	1	1	0	0	0	0	0	0	0	6.0
7292	We should ban the trading of virtual currencies.	in favor of	Virtual currency-related business activities are illegal financial activities, and the provision of services by overseas virtual currency exchanges to Chinese residents through the Internet is also illegal financial activities.	0	0	1	0	0	0	0	0	0	0	6.0
1266	We should oppose collectivism	in favor of	collectivism do more harm than good because isolating individuals is not appropriate and they should be important as individuals and not part of the group.	1	0	0	0	0	0	1	0	1	0	6.0
4470	We should ban algorithmic trading	against	this should not be banned as it makes trading easier and simpler.	1	0	0	0	0	0	0	1	0	0	6.0
758	We should subsidize Wikipedia	in favor of	wikipedia would be more accurate if it was subsidized.	1	1	0	0	0	0	0	0	0	0	6.0
819	We should ban fast food	against	people should be able to choose what they want to eat	0	0	0	1	0	0	1	0	0	0	6.0
5831	Payday loans should be banned	against	payday loans provide a valuable service to those in need of emergency money	0	1	0	0	1	1	1	0	0	0	6.0
2035	We should adopt libertarianism	against	libertarianism should not be adopted as it will give too much power to businesses and rich people to do whatever they want.	0	1	0	0	0	1	1	0	0	0	6.0
5879	The vow of celibacy should be abandoned	against	celibate people aren't at risk of sexually transmitted infections or diseases and therefore are healthier, so it shouldn't be abandoned.	0	0	0	0	0	1	0	0	1	0	6.0
699	We should ban human cloning	in favor of	a child who is the result of human cloning will have psychological problems because they are not allowed to be their own person	0	1	0	0	0	1	0	0	0	0	6.0
7364	We should vigorously develop the countryside.	in favor of	There is a lack of employment opportunities in rural areas, as well as inadequate education, medical care and infrastructure. Therefore, we must vigorously develop the rural revitalization strategy and related industries, so that young people can return to rural areas.	1	0	0	0	0	1	0	0	0	0	6.0
4960	There should be no immigration from non-European or non-first-world countries 	in favor of	European citizens are the future of Europe! 	0	0	0	0	0	1	0	0	0	0	6.0
6657	We should abandon television	against	good television is an art form that can enrich our lives.	0	0	0	1	0	0	0	0	0	0	6.0
7343	We should crack down on unreasonably high incomes.	in favor of	Strengthen the regulation and adjustment of high income, protect legitimate income according to law, reasonably adjust excessive income, and encourage high-income people and enterprises to give more back to society.	1	1	1	0	0	0	0	0	0	0	6.0
5213	The EU should immediately end the refugee deal with Turkey.	against	The EU leadership fails to carry out its fundamental duties: guard its border and protect its own people. Even 30 years after Schengen was introduced. 	1	1	1	0	0	1	0	0	0	0	6.0
5312	The Commission should take care of the administration of camps where migrants and asylum seekers are kept.	against	All refugee camps should be closed. And illegals moved back to the last country they left. 	0	1	1	0	1	1	0	0	0	0	6.0
523	We should legalize prostitution	in favor of	We should legalize prostitution since it should be out in the open. controlled and supervised- instead of hidden. this is most efficient way to improve sex workers conditions and pave their way to independence.	0	0	0	0	0	1	1	0	0	0	6.0
5356	There should be an enlargement of the European Union.	against	It's not a good idea to pursue further enlargement. The greater the territory, the harder it is to control and keep problems from appearing. Every large empire in history fell because it grew to such size that it couldn't be properly managed and ruled over. Examples from history don't become suddenly invalid because we're living in the 21st century.	0	0	0	0	0	1	0	0	0	0	6.0
6062	Assisted suicide should be a criminal offence	in favor of	Yes, because it is murder practically and this is considered a crime	0	0	1	0	0	1	0	0	0	0	6.0
7013	We should support short-distance economies	in favor of	supporting short-distance economies can help kick off the development of localized small-scale economies.	1	0	0	0	1	0	0	0	0	0	6.0
1112	We should subsidize journalism	against	good journalists already make enough money to survive and their companies don't need to get more money from the government.	1	1	0	0	1	1	0	0	0	0	6.0
3449	We should adopt a multi-party system	against	Minority parties have too much power. A winning party often has to offer concessions to small, minority parties in order to form a government.	0	0	0	0	1	0	1	0	0	0	6.0
3548	We should adopt an austerity regime	in favor of	to be able to provide a stable economy, an austerity regime is necessary to operate on a balanced budget.	0	0	0	0	1	1	0	0	0	0	6.0
3971	We should prohibit school prayer	against	school prayer puts the students in the correct mindset and helps them to be more respectful and cooperative throughout the day.	0	0	1	0	0	0	1	0	1	0	6.0
176	We should legalize organ trade	in favor of	Organ sales increase the likelihood that people with rare blood types or conditions can find an organ.	0	1	0	0	0	1	1	0	0	0	6.0
3623	We should subsidize student loans	against	student loans shouldn't be subsidized because you're limited in the amount that you can borrow	1	0	0	0	1	1	0	0	0	0	6.0
2026	We should adopt libertarianism	in favor of	libertarianism is the ideal for society. it increases freedom and responsibilities. society would flourish, people would be happier.	0	1	0	1	0	1	1	0	0	0	6.0
2212	We should ban cosmetic surgery for minors	against	if democrats think minors should be allowed to vote, they should be allowed to get cosmetic surgery if they choose to	0	0	0	0	1	0	1	0	0	0	6.0
1621	We should subsidize space exploration	against	we should not subsidize space exploration because that money could be spend on much more pressing matters like helping the homeless and research into cures for cancer.	0	1	0	0	1	1	0	0	0	0	6.0
2828	We should prohibit school prayer	in favor of	prayer in schools should be prohibited, at least in public school as it is a violation of the separation of church and state.	0	0	1	0	0	0	1	0	0	0	6.0
635	We should end mandatory retirement	in favor of	As people continue to have children later and later, mandatory retirement prevents people from being able to provide for their family and dependents.	0	1	0	0	0	1	0	0	0	0	6.0
6121	Homeopathy brings more harm than good	in favor of	people using homeopathic remedies instead of conventional medicine are more likely to die from a serious illness.	0	1	0	0	0	1	0	0	0	0	6.0
683	We should ban the use of child actors	in favor of	using child actors keeps the children out of school .	1	0	0	0	0	0	0	0	1	0	6.0
5438	Social media brings more harm than good	against	when a child has gone missing, posting a picture helps to find the child.	1	1	0	0	1	1	0	0	0	0	6.0
5547	Surrogacy should be banned	in favor of	surrogacy should be banned as it is put too much emotional drain on the individuals with high expectations that may or may not be possible to deliver.	1	1	0	0	0	1	1	0	0	0	6.0
3801	We should introduce compulsory voting	against	people have self ownership and can choose to not vote	0	0	0	0	0	0	1	0	0	0	6.0
1018	We should ban the use of child actors	against	child actors are an important part of the acting industry and should continue to be allowed with restrictions to ensure the child's well being.	0	1	0	0	0	0	0	1	0	0	6.0
1192	We should ban human cloning	against	human cloning opens up a path never before filled with benefits for human beings, allowing in the future the eradication of many diseases.	1	0	0	0	0	1	1	0	0	0	6.0
1575	We should ban cosmetic surgery for minors	in favor of	we should ban cosmetic surgery for minors because society is making an unrealistic view on children and expecting them to grow up too quickly.	0	0	0	0	0	1	0	0	0	0	6.0
5851	Homeschooling should be banned	against	a parent knows best what is good for their kid	0	1	0	0	0	0	1	0	0	0	6.0
6980	The Internet should be censored	in favor of	Internet censorship helps in maintaining Cybersecurity.	0	0	0	0	0	1	1	0	0	0	6.0
2396	We should legalize sex selection	in favor of	people should be allowed to pick the sex of their baby, only they know what's best for their child and what kind of life they'll have	0	1	0	0	0	0	1	0	0	0	6.0
4300	We should stop the development of autonomous cars	in favor of	an autonomous vehicle can never be programmed to make an ethical decision if faced with a crash situation	0	1	0	0	0	1	0	0	0	0	6.0
6266	Intelligence tests bring more harm than good	against	intelligence tests help to identify people that need extra help and therefore are an essential tool	1	1	0	0	0	0	0	0	0	0	6.0
6127	Foster care brings more harm than good	in favor of	The foster care system is understaffed, and its social workers are overwhelmed and exhausted.	0	1	0	0	1	1	0	0	0	0	6.0
7088	We should put a cap on personal wealth and annual income	against	Yes, Communism worked great, everywhere they tried. Oh wait...	1	0	0	0	0	0	0	0	0	0	6.0
1711	We should abandon the use of school uniform	in favor of	we should allow young people to express their individualism.	0	0	0	1	0	0	1	1	0	0	6.0
6544	Homeschooling should be banned	in favor of	some parents don't have a suitable education themselves to be able to educate their children.	1	0	0	0	0	0	0	0	0	0	6.0
6638	Foster care brings more harm than good	in favor of	foster care  lacks one on one connections.	0	1	0	0	0	1	0	0	0	0	6.0
3101	We should subsidize Wikipedia	against	we should not subsidize wikipedia because the government should spend the money for more useful things	0	0	0	0	1	1	1	0	0	0	6.0
2153	We should ban missionary work	against	missionary work brings aid to those in dire circumstances while introducing faith into the lives of those that will benefit from the introductory by missionaries.	0	1	1	0	1	1	0	0	1	0	6.0
820	We should adopt a zero-tolerance policy in schools	in favor of	it makes a school a safe place for children to learn	0	1	1	0	0	1	0	0	0	0	6.0
6663	Social media brings more harm than good	in favor of	social media makes it easy for uninformed people to spread dangerous misinformation about medical topics to a great number of people.	0	1	0	0	0	1	0	0	0	0	6.0
7356	We should ease the education involution.	in favor of	Parents' overwhelming fear-dominated anxiety is the greatest enemy of education; the intent of education should be to make a person become a better version of himself.	1	0	0	0	0	0	1	0	0	0	6.0
7355	We should ease the education involution.	in favor of	"The most fundamental thing is to improve the basic educational literacy of parents and advocate the educational concept of ""how to be a good person is more important than success and happiness is more important than success""."	1	1	1	0	0	1	0	0	0	0	6.0
6123	Homeschooling should be banned	in favor of	homeschooling doesn't allow the child to have the same social aspect that they would attain at a regular school.	0	1	0	0	0	1	0	0	0	0	6.0
662	We should legalize cannabis	against	cannabis use has been linked to mental problems in youth and shouldn't be legalized.	0	0	0	0	1	0	0	0	0	0	6.0
4366	We should limit executive compensation	against	they are at the top and should be able to make as much as possible.	1	0	0	0	1	0	1	0	0	0	6.0
4720	Triple Talaq should be abolished	against	Triple talaq should happen in three stages with time gaps. This allows time for reconciliation and arbitration. As instant divorce is a misuse of triple talaq, banning the provision itself is not the solution.	0	1	1	0	0	0	1	0	1	0	6.0
4062	We should ban cosmetic surgery	against	cosmetic surgery is a decision that a doctor and a patient makes, and we should not infringe on their choice.	0	0	0	0	0	0	1	0	0	0	6.0
3539	We should stop the development of autonomous cars	in favor of	autonomous cars are not trustable in every aspect of safety. we can't trust the robots and their ability to react in such a situation which humans will react in according of situation.	1	0	0	0	0	1	0	0	0	0	6.0
37	We should adopt a multi-party system	in favor of	it would give people more of a choice  and provides someone for every culture to vote for	0	0	0	0	0	1	0	0	0	0	6.0
1604	We should introduce compulsory voting	against	compulsory voting is an infringement on personal choice	0	0	0	0	0	0	1	0	0	0	6.0
1668	We should oppose collectivism	in favor of	collectivism decreases individual rights by forcing them to conform to what the group deems best	0	0	0	0	0	0	1	0	0	0	6.0
4292	We should abolish the three-strikes laws	against	the three-strikes law serves as an effective deterrent and should not be abolished.	1	0	1	0	1	1	0	0	0	0	6.0
3067	We should ban private military companies	against	private military companies protect assests and officials in war torn areas. they're needed. they don't take money from the tax payers to accomplish their missions and act only defensively.	0	1	0	0	0	1	0	0	0	0	6.0
2780	We should stop the development of autonomous cars	in favor of	people need the freedom to drive where they want by themselves.	0	0	0	0	0	0	1	0	0	0	6.0
4203	We should introduce compulsory voting	against	the penalties on not voting would bring backlash from the society	0	0	0	0	0	1	1	0	0	0	6.0
6806	Intelligence tests bring more harm than good	against	intelligence tests bring more good than harm because they let an individual know exactly what their potential is and can take learning paths accordingly.	1	0	0	0	0	0	0	0	0	0	6.0
4869	The European Union should support and integrate immigrant people to ensure that they live with dignity and equality with all European citizens	in favor of	Europe is more than rich enough to welcome many immigrants and if they are permitted to work, they will even generate their own income and benefits for the country they arrive in.	1	0	0	0	1	1	0	0	0	0	6.0
5747	Assisted suicide should be a criminal offence	in favor of	assisted suicide is heartless and inhumane	0	1	0	0	0	0	0	0	1	0	6.0
5021	The EU should equalize the retirement age for all Europeans. 	against	Retirement is often funded by taxes and taxes are decided by each member state. So each member state should also be the one who decides how those taxes are spent. For some countries, a retirement age of 65 may be unaffordable or undesirable, while for others it may not.	0	0	0	0	1	0	1	0	0	0	6.0
3035	We should ban private military companies	against	we should not ban private military companies as a person should have the right if they can afford to hire such companies to protect them.	0	0	0	0	1	0	1	0	0	0	6.0
1978	We should oppose collectivism	in favor of	no two people are entirely alike.  ignoring individual differences and needs does not best serve the whole	0	0	0	0	0	0	1	0	0	0	6.0
4505	We should ban factory farming	against	factory farming brings more food to the table at lower prices	1	1	0	0	0	1	0	0	0	0	6.0
4757	Technology is rising Unemployment rates	in favor of	If any business depends heavily on human labour, it tends to fail as it cannot cope up with the competition from the technologically advanced competitors.	1	0	0	0	0	1	0	0	0	0	6.0
3908	We should legalize cannabis	in favor of	cannabis can be used for a number of medical issues so making it legal will help with that	0	1	0	0	0	1	0	0	0	0	6.0
183	We should subsidize embryonic stem cell research	against	it is against certain religious beliefs and can be seen as immoral	0	0	1	0	0	1	0	0	1	0	6.0
1804	We should limit executive compensation	against	executives have earned their compensation and should not be capped on what they can earn as this would be and overreach into company affairs	1	0	0	0	1	0	1	0	0	0	6.0
6580	Holocaust denial should be a criminal offence	against	free speech is the right of any person who lives in a democracy, to dictate what one can believe or deny such as the holocaust is an infringement of civil liberties.	0	0	1	0	0	0	1	0	0	0	6.0
5219	There should be no immigration from non-European or non-first-world countries 	in favor of	We need to agree that people who do not respect our immigration law are detained in centers for repatriation.	0	0	1	0	0	0	0	0	0	0	6.0
4751	WikiLeaks is not a bane	against	Leakage of sensitive government information.	0	1	0	0	0	1	1	0	0	0	6.0
2492	We should abolish safe spaces	against	people with mental illnesses should have a safe place to get away from potential triggers.	0	1	0	0	0	1	0	0	0	0	6.0
6575	Payday loans should be banned	against	payday loans shouldn't be banned for our well with society	0	0	0	0	0	1	1	0	0	0	6.0
2482	We should ban cosmetic surgery	against	we should not ban cosmetic surgery because some people need it done to improve their health and lifestyle	0	0	0	0	0	1	1	1	0	0	6.0
522	We should adopt an austerity regime	against	austerity regimes hurt the common man by reducing support for schools and health care.	1	0	0	0	1	1	0	0	0	0	6.0
3901	We should stop the development of autonomous cars	against	they are the way of the future, and they decrease the amount of road accidents.	0	0	0	0	0	1	0	0	0	0	6.0
1566	We should ban cosmetic surgery	against	we should not ban because it helps people feel good about themselves and improve their confidence.	0	0	0	1	0	1	1	0	0	0	6.0
867	We should ban the use of child actors	in favor of	Child actors are forced to grow up way too fast, they are thrown into a world of drugs and sex at an early age.   Kids should be away from all that until Hollywood is safe for them.	0	1	0	0	0	1	0	0	0	0	6.0
5817	Assisted suicide should be a criminal offence	in favor of	making assisted suicide legal would put too much pressure on people with serious medical conditions to end their life so that they are not a burden to others	0	0	1	0	0	1	1	0	1	0	6.0
710	We should fight for the abolition of nuclear weapons	against	nuclear weapons provide us security in times of war.	0	0	0	0	1	1	0	0	0	0	6.0
115	We should abandon the use of school uniform	in favor of	if you are not required to wear a uniform, you are free to choose clothing styles that are more favorable to your body type and coloring, which allows you to look your best	0	0	0	1	0	0	1	1	0	0	6.0
5365	There should be a small council of people from all over the world, and identify the problems of every country and solve them.	against	Europe should represent its own interests.	0	0	0	0	1	0	1	0	0	0	6.0
6754	Homeschooling should be banned	in favor of	homeschooling causes young people to isolate themselves from their peers	0	0	0	1	0	1	0	0	0	0	6.0
6652	Social media brings more harm than good	against	social media brings together people all over the world with ease.	1	0	0	0	0	1	0	0	0	0	6.0
4413	We should stop the development of autonomous cars	in favor of	the development of autonomous cars is dangerous and removes human control	1	0	0	0	1	1	0	0	0	0	6.0
0	We should ban human cloning	in favor of	we should ban human cloning as it will only cause huge issues when you have a bunch of the same humans running around all acting the same.	0	0	0	0	0	1	0	0	0	0	6.0
3036	We should ban the use of child actors	against	children should be free to do what they want with their consent and their parents consent	1	0	0	0	0	0	1	0	0	0	6.0
5759	Foster care brings more harm than good	against	foster care allows children to stay in a family environment as opposed to institutions	1	1	0	0	0	1	0	0	0	0	6.0
3799	We should legalize prostitution	in favor of	prostitution should be allowed if the participants both agree.	0	0	0	0	0	0	1	0	0	0	6.0
826	We should ban targeted killing	against	TARGETED KILLING MAKES THE WORLD A SAFER PLACE REMOVING THOSE PEOPLE WHO AIM TO HARM OTHERS	0	0	0	0	0	1	0	0	0	0	6.0
2194	We should adopt a multi-party system	against	consensus can become difficult in multi party systems	1	0	1	0	1	1	0	0	0	0	6.0
2547	We should fight for the abolition of nuclear weapons	in favor of	nuclear weapons are expensive to maintain	0	0	0	0	1	1	0	0	0	0	6.0
3058	We should prohibit school prayer	in favor of	we should prohibit school prayer, the us courts have consistently ruled that it is unconstitutional	0	0	1	0	0	0	1	0	0	0	6.0
5757	Entrapment should be legalized	in favor of	people should be allowed to entrapment because it's another way to express themselves	0	0	0	0	0	0	1	0	0	0	6.0
4123	We should ban factory farming	against	factory farming supports our large consumption of meat, and without it people would not be able to meet their demands for meat.	1	1	0	0	0	1	0	0	0	0	6.0
3174	We should ban human cloning	against	can lead to many medical breakthroughs that may help cure and or treat many different disease	1	1	0	0	0	1	1	0	0	0	6.0
1681	We should ban human cloning	against	human cloning could help humanity by creating being with similar organ types that could be donated to the sick	0	1	0	0	0	1	1	0	0	0	6.0
6428	Surrogacy should be banned	against	it gives women a chance to be a mother if they themselves can't conceive	0	1	0	0	0	0	1	1	0	0	6.0
5212	We do not need immigration from non-European or non-first-world countries. 	in favor of	There's nothing wrong with not wanting your continent to become chaos and putting your people first, every civilization in this world takes that idea as self-evident. We need to negotiate Remigration deals with the 3rd countries to send their nationals back and we need to use Frontex to push back any migrants coming to our borders.	0	1	1	0	1	1	0	0	0	0	6.0
6045	Homeschooling should be banned	in favor of	many parents aren't educated well enough to teach their children.	1	1	1	0	0	1	0	0	0	0	6.0
4555	We should adopt atheism	against	People should be allowed to choose how to believe freely and not forced to accept the beliefs of atheism.  Each person has a mind and can make their own decision and should be allowed the freedom of choice.	0	0	0	0	0	0	1	0	0	0	6.0
5682	Intelligence tests bring more harm than good	in favor of	intelligence tests are really not so much about intelligence but about the ability to take a test so, of course, it does more harm than good in that it will label people wrongly based on their test-taking.	1	0	0	0	0	1	0	0	0	0	6.0
2503	We should ban the Church of Scientology	in favor of	scientology is a cult that brainwashes people	0	0	0	0	1	0	1	0	0	0	6.0
2654	We should abolish the Olympic Games	in favor of	the olympic games are a hugely expensive enterprise to host, and history is littered with countries left financially broken in the aftermath.	0	0	0	0	1	1	0	0	0	0	6.0
3664	We should end mandatory retirement	in favor of	The cost of training new employees can be incredibly high, and policies of mandatory retirement force businesses to waste their fungible resources rather than keeping competent older individuals employed.	1	0	0	0	1	0	0	0	0	0	6.0
6847	Blockade of the Gaza Strip should be ended	against	the blockade of the gaza strip keeps more arms from entering through there which in turn saves lives.	0	0	0	0	0	1	0	0	0	0	6.0
3878	We should abandon the use of school uniform	in favor of	the uniforms limit the freedom of expression of the youngest and could be counterproductive in their stage of development	0	0	0	0	0	1	1	0	0	0	6.0
177	We should abolish the right to keep and bear arms	against	the right to bear arms is a fundamental right since the creation of  this country, and should be protected.	0	0	0	0	0	1	1	0	1	0	6.0
5039	The federal features of the European Treaties need to be strengthened.	in favor of	There is a lack of security and defense policy that can realistically be achieved by strengthening the Euro body as the 28th European army. 	0	0	0	0	1	1	0	0	0	0	6.0
1755	We should adopt libertarianism	in favor of	libertarianism gives us real freedom and keeps the government out of our lives	0	0	0	0	0	0	1	1	0	0	6.0
2606	We should ban cosmetic surgery for minors	in favor of	minors are unable to make such a life changing decision as cosmetic surgery	0	1	0	0	0	0	0	0	0	0	6.0
283	We should adopt libertarianism	in favor of	we should adopt libertarianism because it cause less outside interference in your personal life	0	1	1	0	0	0	1	1	0	0	6.0
2998	We should ban cosmetic surgery for minors	in favor of	cosmetic surgery for minors is dangerous as they may not be emotionally advanced enough to understand the long term implications and effects.	0	1	0	0	0	1	0	0	0	0	6.0
2344	We should subsidize student loans	in favor of	subsidizing student loans lets the students work in their classes not at jobs to pay for their education	1	0	0	0	1	1	1	0	0	0	6.0
4389	We should subsidize journalism	against	subsidizing everything a person does can drain the pocket overtime.	0	0	0	0	0	1	0	0	0	0	6.0
720	We should prohibit school prayer	against	we shouldn't prohibit school prayer because is important for religious education	1	0	0	0	0	0	1	0	1	0	6.0
939	We should adopt a multi-party system	against	introducing a multi-party system would be detrimental to stability and consistency of our political system	0	0	0	0	0	1	0	0	0	0	6.0
4418	We should limit executive compensation	against	the only way to hire the best and brightest executives is to keep giving them larger compensation packages.	1	0	0	0	0	0	1	0	0	0	6.0
2756	We should legalize cannabis	in favor of	we should legalize cannabis for best healthy of body	0	0	0	0	0	1	0	0	0	0	6.0
1033	We should abandon the use of school uniform	against	school uniform enables all children to look the same, thus reducing the likelihood of bullying.	0	0	1	0	0	1	0	0	1	0	6.0
1263	We should ban the use of child actors	in favor of	child actors grow up to be disfunctional adults because they are missing out on all of the social interaction children need with each other to learn the process of interaction with people their own age.	0	1	0	0	0	1	0	0	0	0	6.0
6049	Social media brings more harm than good	in favor of	social media is time consuming and we can spend our time doing something more productive	1	0	1	0	0	0	1	1	0	0	6.0
5476	Holocaust denial should be a criminal offence	against	in the united states of america we believe in free speech and any person is allowed to believe what they choose to.	0	0	0	0	0	1	1	0	0	0	6.0
3544	We should limit executive compensation	in favor of	executive compensation can be come out of control.	0	0	1	0	1	1	0	0	0	0	6.0
3112	We should ban cosmetic surgery for minors	in favor of	minors don't understand the implications of their choices	0	1	0	0	0	0	0	0	0	0	6.0
655	We should ban private military companies	in favor of	private military companies have no governmental controls and can do more harm then good.	0	0	0	0	0	0	1	0	0	0	6.0
1246	We should legalize prostitution	against	legalizing prostitution sends the message that prostitution is okay, but it is not. prostitution is just the tip of the iceberg of human trafficking and abuse. it should not be condoned.	0	0	1	0	0	1	0	0	0	0	6.0
3192	We should ban cosmetic surgery	against	the government should not outlaw safe procedures that can be done to the body.	0	0	0	0	0	0	1	0	0	0	6.0
1826	We should abandon the use of school uniform	against	school uniform stops students from being bullied for their clothing	0	1	1	0	0	0	0	0	0	0	6.0
6799	Foster care brings more harm than good	against	foster care can help a child find a family that truly loves them and gives them everything they need	0	1	0	0	0	1	0	0	0	0	6.0
2786	We should adopt a zero-tolerance policy in schools	in favor of	this is the only way to maintain order	0	1	1	0	0	1	0	0	0	0	6.0
5504	Social media brings more harm than good	in favor of	people are meaner to each other online because they can't see each other.	0	1	1	0	0	0	0	0	0	0	6.0
5179	There should be no immigration from non-European or non-first-world countries. 	in favor of	Halt all immigration from non-European or non-first-world countries into the EU.	0	0	0	0	1	0	1	0	1	0	6.0
253	We should adopt a zero-tolerance policy in schools	against	the zero-tolerance policy is not a good thing at all , kids getting punished for their actions and humiliated in front of a audience is really not the great thing to do.	0	1	0	0	0	0	1	0	0	0	6.0
5282	The European Union has no other choice than to reject all immigration, except for workers they need.	in favor of	Africa and the Middle East have the highest birthrate in the World. Africa has up to 7 children per woman. The EU has 1,55.  It is this high birthrate that keeps them poor. There is almost nothing the EU can do about it.	1	0	0	0	1	1	0	0	0	0	6.0
5549	Homeschooling should be banned	against	homeschooling should not be banned because some kids get picked on and a safe home setting is best place to learn.	1	0	0	0	0	1	0	0	0	0	6.0
668	We should stop the development of autonomous cars	in favor of	it is just another way for lazy people to do as little as possible.	0	1	0	0	0	0	0	1	0	0	6.0
4981	There should be no immigration from non-European or non-first-world countries 	in favor of	We need to stop all funding to NGOs and all migration organizations within the EU. Then can we talk about how to help the people already here and how to help real people in need.	0	1	0	0	0	1	0	0	0	0	6.0
5814	We should subsidize vocational education	in favor of	vocational education should be subsidized as it will allow people to get the training required for new jobs.	1	0	0	0	1	1	0	0	0	0	6.0
5784	Surrogacy should be banned	in favor of	this is too dangerous for the  parents to be. often the surrogate mother changes her mind.	0	1	0	0	0	1	0	0	0	0	6.0
3547	We should ban factory farming	against	we need to feed a large population & factory farming helps ensure we  can do that	1	1	0	0	0	1	0	0	0	0	6.0
2881	We should ban algorithmic trading	in favor of	we should ban algorithmic trading because algorithms don't always work and will cause people to lose a lot of money	1	1	0	0	1	1	0	0	0	0	6.0
3866	We should stop the development of autonomous cars	in favor of	they have already shown that they cannot avoid all accidents.	0	0	0	0	0	1	0	0	0	0	6.0
4659	Social media is making us less social	in favor of	Trolling on social media is a big menace. It is affecting the self-esteem of many people and is also making them avoid forming social connections.	0	1	1	0	0	1	0	0	0	0	6.0
713	We should adopt atheism	against	people have the freedom to choose any religion, atheism should not be forced upon people	0	0	0	0	0	0	1	0	1	0	6.0
4440	We should adopt an austerity regime	in favor of	all services have to be paid for, and until the defecit has been reduced, too much money is being wasted on interst payments. once debts have been reduced, that money will be availbale for services.	0	1	1	0	0	1	0	0	0	0	6.0
3281	We should ban private military companies	in favor of	private military companies should be banned because these jobs depend on government funding	0	0	0	0	0	1	0	0	0	0	6.0
4828	British people who are residents in an EU country should have EU-wide rights	in favor of	It is truly a pity that many people lost many of their rights overnight, one year ago. It is actually a pity that the UK even made such a decision. Brexit was the decision of generally uninformed or misinformed people who can't be blamed for it. Especially the ones that actually voted to remain or the ones that didn't get to vote at all. The truth is that the UK was always sort of the 'black sheep' in the EU. Even historically, the UK was often somewhat 'detached' from European politics and issues.	0	1	0	0	0	1	0	0	0	0	6.0
1479	We should ban the Church of Scientology	in favor of	the church of scientology is nothing more then a cult that brachurch of scientologyinwashes people.	0	1	0	0	0	1	1	0	0	0	6.0
4496	We should ban private military companies	against	we should not ban private military companies as the national military is not able to perform smaller operations and should not be taken away from their national duties and responsibilities.	1	1	0	0	1	1	0	0	0	0	6.0
6319	The vow of celibacy should be abandoned	against	if someone wants to prove themselves by taking such a serious vow, then they should be free to do so.	0	0	1	0	0	0	1	0	1	0	6.0
6407	Foster care brings more harm than good	in favor of	children are not able to form bonds and are often abused during foster care.	0	1	1	0	0	1	0	0	0	0	6.0
5665	We should abandon television	in favor of	we should abandon television because it can cause a screen addiction	0	0	0	0	0	1	0	1	0	0	6.0
6981	The Internet should be censored	in favor of	Rapidly increasing piracy need to be curtailed through censorship.	0	0	1	0	0	0	1	0	0	0	6.0
4988	We need an inclusive and pluralistic European society	against	Europe is full and cannot accept more illegal migrants. Those persons must be sent back and have to ask for approval from their state of origin.	0	0	1	0	1	1	0	0	0	0	6.0
4698	India should have 'One Nation - One Election' policy 	against	Frequent elections in the country will bring politicians back to the public frequently whereas cutting down on elections would mean making them lazy for the rest of the term and suddenly becoming overactive during the election year.	1	1	0	0	0	0	0	0	0	0	6.0
643	We should subsidize student loans	in favor of	we have a tremendous amount of highly intelligent /students who could not go to college without subsidizes. these students could find cures to fatal illnesses and should be subsidized to benefit all of society.	0	0	0	0	1	1	1	0	0	0	6.0
1638	We should introduce compulsory voting	in favor of	it is everyone's national duty to at least vote in elections	0	1	1	0	0	0	0	0	0	0	6.0
2647	We should legalize prostitution	in favor of	legitimate prostitutes as in those not forced into the trade are hurting no one and simply providing pleasure at a cost.  pleasure that some people can't get obtain any other way.	0	1	0	1	1	1	1	1	0	0	6.0
674	We should ban the Church of Scientology	against	we should not ban the church of scientology as people have the right to support any religion they choose and the church contributes money to good causes.	0	0	0	0	0	0	1	0	1	0	6.0
7362	We should vigorously develop the countryside.	against	The future of the rural market will certainly be prosperous, but at present it is barren, and the risk of investing in business is still relatively high. This largely limits young people's footsteps.	1	0	0	0	0	1	0	0	0	0	6.0
702	We should oppose collectivism	in favor of	collectivism is a communist strategy and we must reject	1	0	0	0	0	1	1	0	0	0	6.0
3256	We should ban the use of child actors	against	with proper safe-guards in place, including responsible parenting and limited working hours, there is no reason why child actors cannot lead a full life whilst having a career.	1	1	0	0	0	1	1	0	0	0	6.0
6683	The vow of celibacy should be abandoned	in favor of	the catholic church doesn't have enough priests and abandoning this vow will encourage more young men to join	0	0	0	0	0	0	1	0	1	0	6.0
133	We should subsidize student loans	in favor of	we should subsidize student loans as these are our future leaders and workers and we want to ensure their success in order to secure the countries success.	1	0	0	0	0	1	0	0	0	0	6.0
5530	Entrapment should be legalized	in favor of	when a person is entrapped, it is because they pose a danger to the community hence the need for it.	0	0	0	0	0	1	0	0	0	0	6.0
2343	We should legalize cannabis	against	cannabis can lead to experimentation with more dangerous drugs.  legalizing it would make it easier for youth to acquire.	0	0	1	0	0	1	0	0	0	0	6.0
6352	Surrogacy should be banned	against	surrogacy is a beautiful act and so appreciated by the parents who could not have a child any other way.  we can't end this.	0	1	0	0	0	1	1	0	0	0	6.0
4169	We should adopt a zero-tolerance policy in schools	in favor of	zero tolerance policies lead to better outcomes in schools	1	1	1	0	0	0	0	0	0	0	6.0
547	We should abolish the right to keep and bear arms	in favor of	gun violence is out of control and the only solution is to take away guns	0	0	0	0	0	1	0	0	0	0	6.0
1274	We should legalize sex selection	against	Legalizing sex selection will lead to numerous healthy babies being aborted just because they are not the sex that the parents desire.	0	1	0	0	0	0	0	0	1	0	6.0
4950	We need Integrated migration and border policy.	against	 Refugees can obtain a visa at an Embassy in one of the 54 African countries. All other immigrants must be returned within a week of arrival.	0	0	1	0	1	0	0	0	0	0	6.0
6583	Entrapment should be legalized	in favor of	entrapment can be a useful tool in proving that someone is guilty of a crime when traditional methods have failed.	1	0	0	0	0	1	0	0	0	0	6.0
4776	We should ban kids' reality shows	in favor of	Almost all reality shows involves the process of eliminating participants one by one at each level. Facing defeat infront of everyone is not that easy for children. This may put an emotional toll on children.	0	0	1	0	0	1	0	0	0	0	6.0
6070	We should abandon television	in favor of	we should abandon television because it causes screen addictions	0	1	1	0	0	1	0	0	0	0	6.0
2578	We should limit executive compensation	against	by providing a high compensation to the executives of a company you can get a higher quality employee and the business will make more money. therefore we should not limit their pay.	1	0	0	0	1	0	0	0	0	0	6.0
2188	We should adopt an austerity regime	against	an austerity regime can prevent people from having the funds they need to live the life they chose.	0	0	0	0	1	1	1	1	0	0	6.0
3742	We should stop the development of autonomous cars	against	autonomous cars will facilitate long commute riding	1	0	0	0	0	1	0	0	0	0	6.0
914	We should ban algorithmic trading	in favor of	algorithmic trading can be manipulated and used for nefarious reasons	1	1	1	0	0	0	0	0	0	0	6.0
4568	We should encourage people to take part in Fit India Movement	in favor of	Some parents put too much stress on children to study. They send their children to tuition after school or just make them sit to do homework forgetting the importance of free time to play. This movement has the potential to change their minds and as a result, they may encourage their children to go out and play.	0	1	0	1	0	1	1	1	0	0	6.0
5472	We should subsidize vocational education	in favor of	subsidizing vocational education would prepare people for careers and jobs.	1	0	0	0	1	0	1	1	0	0	6.0
4320	We should legalize cannabis	against	cannabis use leads to the use of other drugs.	0	1	1	0	0	1	0	0	0	0	6.0
4353	We should ban factory farming	against	Factory farming allows for food to be produced at a lower cost than would be possible using other methods.	1	0	0	0	1	1	0	0	0	0	6.0
5107	Public transport in EU cities should be free	in favor of	I think the EU should subsidies troubled cash-strapped cities to reduce ticket prices or completely remove any charges so that people are vivisected to hop on the bus rather than in the car. As I student, I would have been in the city center a lot more and spent money around the shops if I could afford the bus fair in the first place. 	0	0	0	0	1	1	1	1	0	0	6.0
1967	We should ban cosmetic surgery for minors	in favor of	minors are not fully mentally or emotionally developed enough yet to  be able to process the ramifications of cosmetic surgery on their life.	1	0	1	0	0	1	0	0	0	0	6.0
206	We should adopt libertarianism	in favor of	our country need to adopt the less intervention supported by libertarianism. people need to make their own choice and be responsible for the outcome.	0	1	0	0	0	0	1	0	0	0	6.0
6295	Payday loans should be banned	against	Payday loans help people in need when they have an unexpected expense (such as a medical emergency) and cannot wait or cannot qualify for a traditional loan.	0	1	0	0	0	1	0	0	0	0	6.0
2268	We should adopt a multi-party system	against	a multi-party system makes it much more difficult to collaborate on ideas.	1	1	0	0	0	1	0	0	1	0	6.0
2387	We should oppose collectivism	against	collectivism can achieve more than other forms of societal structure	1	1	0	0	0	1	0	0	0	0	6.0
5508	Intelligence tests bring more harm than good	in favor of	IQ tests can make test-takers discouraged if they receive a bad score. They may not make an effort to succeed, since they already expect to fail.	1	0	0	0	0	0	0	0	0	0	6.0
1355	We should introduce compulsory voting	against	compulsory voting shouldn't be introduce because it forces undecided people to vote for a random people will ruin the quality of elections	1	0	0	0	0	0	1	0	0	0	6.0
1654	We should legalize prostitution	in favor of	we should legalize prostitution because it gets prostitutes off the street	0	1	0	0	0	1	0	0	0	0	6.0
434	We should ban targeted killing	against	We should not ban targeted killing as it is the only way to deal with particular criminals who are otherwise not able to be captured or killed.	0	0	1	0	0	1	0	0	0	0	6.0
3712	We should abolish capital punishment	in favor of	capital punishment has done nothing to actually deter serious crime in this country	1	0	0	0	0	1	0	0	0	0	6.0
3405	We should fight for the abolition of nuclear weapons	against	nuclear weapons are vital to defending ourselves against enemies who are not moral or ethical.	0	0	0	0	0	1	0	0	0	0	6.0
2420	We should subsidize journalism	against	Journalism is a profession and does not need subsidizing as students can pay for themselves to learn and then be recompensed by getting a paid job.	1	1	0	0	1	1	0	0	0	0	6.0
3347	We should abolish capital punishment	against	capital punishment can influence better behavior	0	1	1	0	0	0	0	0	0	0	6.0
7217	We should put the accent on traditional values and on preserving family life	in favor of	The family is people's foundation and it rests on it all their lives and work, and this needs to be valued.	0	1	0	0	0	1	0	0	1	0	6.0
3382	We should ban algorithmic trading	against	algorithmic trading makes getting orders out faster	1	0	0	0	0	0	0	0	0	0	6.0
4784	Organ donation should be made compulsory	in favor of	Many people are in need of organ replacement surgeries to survive. There is a shortage of organ donors. Hence compulsory organ donation after death can ensure that no one will die due to the non-availability of healthy organs.	0	0	0	0	0	1	0	0	0	0	6.0
1583	We should limit executive compensation	in favor of	we should limit executive compensation because it will lead to having to pay taxes at the highest tier	1	0	0	0	1	1	0	0	0	0	6.0
3468	We should subsidize student loans	against	the national debt is out of control and we cannot afford to add to it further.	0	1	0	0	1	1	0	0	0	0	6.0
340	We should end mandatory retirement	against	a mandatory retirement age helps employers regularly refresh the workforce with fresh talent	1	0	0	0	1	0	1	1	0	0	6.0
3094	We should legalize organ trade	in favor of	Organ sales will allow for more research to be done on living, usable organs.	0	0	0	0	0	0	1	0	0	0	6.0
5370	The EU should integrate the armed forces of its member states	in favor of	I am in favor of a possible army, but I would like to see it combined with social services and reconstruction. So NGOs and development cooperation must be involved. An army that can fight must also be able to build. We therefore also need a civilian army in Europe. I would also like an army consisting of civilians in uniform, in the same way as the German army. Please also take into account the right to refuse orders due to conscientious objection, also as in the German army.	1	1	0	0	1	1	1	0	0	0	6.0
1920	We should legalize organ trade	in favor of	Organ sales can raise many people out of poverty, providing them with more opportunities.	1	0	0	0	1	1	0	0	0	0	6.0
4870	The European Union should support and integrate immigrant people to ensure that they live with dignity and equality with all European citizens	against	You are justifying the genocide of indigenous Europeans who, when asked, always reject these 'refugees'.	0	0	0	0	0	1	0	0	1	0	6.0
6687	Assisted suicide should be a criminal offence	in favor of	suicide is illegal and so is killing, so how is assisted suicide going to be legal?	0	0	1	0	0	1	0	0	0	0	6.0
6629	Intelligence tests bring more harm than good	against	intelligence tests helps to find out gifted kids	1	0	0	0	0	0	0	0	0	0	6.0
47	We should abandon the use of school uniform	in favor of	School uniforms keep children from being able to express themselves through their clothing choices.	0	0	0	0	0	0	1	0	0	0	6.0
3992	We should legalize cannabis	against	cannabis impairs the mind and can put others in potential danger (driving)	1	0	0	0	0	1	0	0	0	0	6.0
358	We should ban telemarketing	against	telemarketing shouldn't be banned, this is a free country and people have the right to call others and solicit items.	0	0	0	0	0	1	1	0	0	0	6.0
2257	We should stop the development of autonomous cars	in favor of	autonomous cars are dangerous because they are operated by a computer which can malfunction or be hacked.	0	1	1	0	0	1	0	0	0	0	6.0
2371	We should legalize cannabis	in favor of	cannabis legalization is a lucrative revenue source	1	0	0	0	1	0	0	0	0	0	6.0
3454	We should adopt an austerity regime	in favor of	the government is putting us more and more into debt with wasteful spending and no real boundaries to it.	0	1	0	0	1	1	0	0	0	0	6.0
5591	Homeopathy brings more harm than good	in favor of	people using a homeopathic approach to treatment can accidentally end up overdosing on their herbal treatment and making themselves more sick.	0	0	0	0	1	0	0	0	0	0	6.0
1088	We should ban fast food	in favor of	fast food should be banned because it is full of unhealthy ingredients that contribute to the failing of american health.	0	1	0	0	0	1	0	0	0	0	6.0
7219	We should stop Brussels from imposing ideologies, concrete policies to develop in exchange for financial aid, interference in agricultural production or legislating in judicial matters	against	National identities are important and have to be preserved, but nowadays these are not the key to the success. We need to be united, aligned, and, above all, independent from any extra-EU hegemon!	1	0	0	0	0	1	1	0	0	0	6.0
6337	Entrapment should be legalized	in favor of	it can help to get certain information out of people. it can be easy to twist their words and catch them in a lie.	1	1	1	0	0	1	0	0	0	0	6.0
2406	We should abolish the Olympic Games	in favor of	the olympic games have become prohibitively expensive to host. it is not worth spending billions for an event that is two weeks long.	0	0	0	0	1	1	0	0	0	0	6.0
7310	We should protect our privacy in the Internet age.	in favor of	Attackers can use their own security-aware enterprise users as a breakthrough to attack from the short end of the barrel, making other enterprise users of the same cloud platform equally dangerous.	0	0	1	0	0	1	0	0	0	0	6.0
5265	The EU should immediately end the refugee deal with Turkey.	in favor of	Turkey is an enemy. It uses this deal to make a threat. Stop it now and send patrols to the Greek border or welcome them.	0	0	0	0	0	1	0	0	0	0	6.0
727	We should subsidize embryonic stem cell research	in favor of	the investigations with mother cells could mean the definitive advance for the human race	1	0	0	0	0	1	1	1	0	0	6.0
1411	We should ban the Church of Scientology	against	scientology should not be banned as people have the right to worship in whatever religion they wish and in a way they wish to.	0	0	0	0	0	0	1	0	1	0	6.0
4663	NEET exam should be banned	against	But every year, less than 20% of the students are passing the exam. By this, it is evident that the quality of medical education in other countries where Indian students are studying is not at par with the medical education in India. So, it is very important to take steps to provide affordable and high-quality medical education in India.	1	1	0	0	0	0	0	0	0	0	6.0
5917	Foster care brings more harm than good	against	foster care families become a dynamic support system to children and a safe and stable home where love for a child is demonstrated	0	1	0	0	0	1	0	0	0	0	6.0
715	We should subsidize embryonic stem cell research	in favor of	we need the cures and treatments we can get by funding stem cell research.	1	0	0	0	0	1	0	0	0	0	6.0
676	We should introduce compulsory voting	against	this is a free country and citizens should have the right to vote or not to vote.	0	0	0	0	0	1	1	0	0	0	6.0
1837	We should ban missionary work	in favor of	missionaries basically bribe the poor to change to their religion.	0	0	1	0	0	0	1	1	1	0	6.0
721	We should ban telemarketing	in favor of	it is a form of harassment to be contacted constantly by telemarketers.	0	0	1	0	0	1	1	0	0	0	6.0
6881	Homeschooling should be banned	against	homeschooling is the best way for children to have their specific needs met	1	0	0	0	0	1	1	0	0	0	6.0
1962	We should ban cosmetic surgery	against	cosmetic surgery helps people feel better about their appearance, which can help them create positive changes in other areas of their life.	0	0	0	0	0	1	0	1	0	0	6.0
3019	We should end mandatory retirement	in favor of	a person needs to be able to choose to work as long as they are well enough to do so.	0	1	0	0	0	1	1	0	0	0	6.0
2383	We should abolish intellectual property rights	in favor of	intellectual property rights are unhelpful to companies who want to copy other people's ideas	1	1	0	0	1	0	1	0	0	0	6.0
6538	Assisted suicide should be a criminal offence	in favor of	assisted suicide should be a criminal offense because it's just a different name for murder	0	1	1	0	0	1	0	0	0	0	6.0
5915	Homeschooling should be banned	in favor of	homeschooling is very difficult to regulate and the education received is not consistent so it should be banned.	1	0	1	0	1	0	0	0	0	0	6.0
3092	We should introduce compulsory voting	in favor of	it would lead to governments better reflecting the public	0	0	0	0	1	1	0	0	0	0	6.0
6691	Homeschooling should be banned	in favor of	homeschooling should be banned as the quality of education received at home is considerably less than what you would receive at a school.	1	0	0	0	0	0	0	0	0	0	6.0
2504	We should ban cosmetic surgery	against	facial surgery is a common reconstruction for people who get involved in car accidents. cosmetic surgeries is the only solution for them to recover their face they destroyed in the accident	0	0	0	0	0	1	1	0	0	0	6.0
30	We should legalize prostitution	against	legalizing prostitution will further demean a woman or man and result in unnecessary violence.	0	0	1	0	0	0	0	0	0	0	6.0
2291	We should ban fast food	in favor of	Fast food is leading to a major increase in obesity and other health issues in the U.S.	0	0	0	0	0	1	0	0	0	0	6.0
2112	We should ban fast food	in favor of	fast food leads to poor choices, which lead to diseases like diabetes and obesity.	0	1	1	0	0	1	0	0	0	0	6.0
6328	Foster care brings more harm than good	against	foster care can help the child find the loving home they need	0	1	0	0	0	1	0	0	0	0	6.0
1315	We should adopt atheism	against	we should not adopt atheism as people have the right to believe the way they want when it come to a higher power.	0	0	0	0	0	0	1	0	1	0	6.0
6007	We should abandon television	against	people are entitled to leisure time	0	0	0	1	0	0	1	1	0	0	6.0
999	We should ban telemarketing	in favor of	telemarketing is violative and intrusive. unwanted calls from telemarketers are too much annoying	0	0	1	0	0	1	1	0	0	0	6.0
5284	 Foreign Policy at the EU level should be based on an absolute majority, not unanimity.	against	Changing the EU foreign policy voting procedure will cause serious problems.	1	0	1	0	0	1	0	0	1	0	6.0
6076	Assisted suicide should be a criminal offence	in favor of	assisted suicide should be a criminal offence because it does not allow a person to die a natural death.	0	0	1	0	0	0	0	0	1	0	6.0
3151	We should prohibit school prayer	against	every religious person has the right to pray	0	0	0	0	0	0	1	0	1	0	6.0
2993	We should abolish the right to keep and bear arms	in favor of	firearms in the hands of civilians create societies more prone to violence	0	0	0	0	0	1	0	0	0	0	6.0
3570	We should abolish the right to keep and bear arms	against	abolishing the right to keep and bear arms would put all innocent people at risk because people who want to kill will find a way to do so and innocent people will be defenseless	0	1	0	0	1	1	0	0	0	0	6.0
3433	We should subsidize Wikipedia	in favor of	wikipedia has the potential to be the greatest source of freely accessible information, a subsidy could help to reach this goal whereas currently the funding is becoming a bigger threat to its existence	1	1	0	0	1	0	0	0	0	0	6.0
938	We should abolish the Olympic Games	in favor of	they are boring and cost too much money	0	0	0	1	1	1	0	1	0	0	6.0
3969	We should end mandatory retirement	in favor of	people should be able to work as long as they want to.	0	0	0	0	1	1	1	0	0	0	6.0
5459	Homeschooling should be banned	in favor of	homeschooling should be banned because an important part of a child's education is social learning and one cannot grow socially without being around their peers.	0	0	0	0	1	1	0	0	0	0	6.0
3187	We should ban cosmetic surgery for minors	in favor of	cosmetic surgery for minors should be banned because the risks involved outweigh any benefit that may be acheived	0	1	0	0	0	1	0	0	0	0	6.0
3808	We should oppose collectivism	in favor of	collectivism makes people lazy.  why work hard if other people will do it for you?  we should encourage individualism instead where people are encouraged to be innovative and hard working.	1	1	0	0	0	0	1	0	0	0	6.0
1418	We should ban targeted killing	against	targeted killing allows the military to remove a dangerous person without needing to go to war or harming others. it is a strategic way to save innocents who would be endangered by that person.	1	0	0	0	0	1	0	0	0	0	6.0
527	We should ban cosmetic surgery	in favor of	plastic surgery can cause many complications and infections and does not address the underlying self esteem issues of the patient	0	0	0	0	0	1	0	0	0	0	6.0
2799	We should legalize prostitution	against	legalizing prostitution would spread many diseases.	0	1	1	0	0	1	0	0	0	0	6.0
6365	We should abandon television	against	television is an important source of entertainment especially for older people	0	0	0	1	0	0	0	0	0	0	6.0
20	We should legalize cannabis	against	if you start legalizing drugs it could open up the floodgates for more legalization of dangerous drugs.	0	0	0	0	0	1	0	0	0	0	6.0
5388	Surrogacy should be banned	in favor of	a woman giving birth to someone else's child will cause that child to grow up and not understand who their mother is.   it can lead to major depression and a very unhealthy lifestyle.	0	0	0	0	0	1	0	0	0	0	6.0
738	We should ban cosmetic surgery	in favor of	the long term effects of new procedures have not been studied enough to know if they are safe.	0	1	0	0	0	1	0	0	0	0	6.0
1034	We should legalize sex selection	against	sex selection is playing god, will create gender imbalances and create negative stereotypes concerning male/female preferences.	0	0	0	0	0	1	0	0	1	0	6.0
4958	There should be no immigration from non-European or non-first-world countries 	in favor of	I am happy to see that the ide of haling all immigration from non-European or non-first-world countries is still going strong. This message needs to be communicated to Brussels very clearly. 	0	0	0	0	1	1	1	0	0	0	6.0
219	We should legalize cannabis	in favor of	as a non-addictive natural substance that is less harmful than currently legal ones such as tobacco and alcohol, it seems that cannabis is still illegal simply due to old prejudices.	0	0	0	1	0	0	1	1	0	0	6.0
5444	Homeschooling should be banned	against	if the parents can provide a better education than what their local schools offer, they should be allowed to do so.	0	1	0	0	0	0	1	0	0	0	6.0
7306	We should protect our privacy in the Internet age.	in favor of	Extremely serious information asymmetry. It is difficult for individuals to know what information is being collected about them, who is collecting it, and what it is being used for.	0	0	0	0	0	1	1	0	0	0	6.0
263	We should subsidize student loans	in favor of	college is getting more and more expensive each year so students should be getting as much help as they need	1	1	0	0	1	1	0	0	0	0	6.0
5885	Homeopathy brings more harm than good	in favor of	homeopathy allows too many unqualified people to use anything they want to try and help people and it can result in people being taken advantage of	1	1	1	0	1	1	0	0	0	0	6.0
6916	Referendums are good for the society	against	Referendums weaken the sovereignty of the parliament, where the decisions are made with thorough discussions and debate among the chosen representatives.	0	1	0	0	1	0	1	0	0	0	6.0
3023	We should subsidize student loans	in favor of	most people can't afford to go to college, and we don't want them to graduate with massive debts	1	0	0	0	0	1	0	0	0	0	6.0
4563	We should subsidize student loans	against	subsidizing student loans would allow access to funds above the means of the student and the financial consequences in the future, including higher interest rates would be financially detrimental.	0	1	0	0	1	1	0	0	0	0	6.0
6368	Homeopathy brings more harm than good	against	many people don't trust doctors and would rather take matters into their own hands; it's their body and they can try whatever homeopathic remedy they want	0	0	0	0	0	0	1	0	0	0	6.0
6079	Surrogacy should be banned	against	surrogacy should not be banned as it provides a wonderful alternative for people to become parents when they are not able to have children through the natural process.	0	1	0	0	0	0	1	0	0	0	6.0
245	We should legalize prostitution	in favor of	Legalizing prostitution would make the profession less dangerous and less hazardous to one's health.	1	0	0	1	0	1	0	0	0	0	6.0
3601	We should adopt an austerity regime	against	doing such a thing will destroy the economy and put people out of jobs	0	1	0	0	1	1	0	0	0	0	6.0
5998	The vow of celibacy should be abandoned	against	the vow of celibacy shouldn't be abandoned - people should be allowed to do whatever they want to do,	0	0	0	0	0	0	1	0	1	0	6.0
5373	The EU should integrate the armed forces of its member states	in favor of	I agree with your idea. But it is a long and arduous way to reach the goal. What's the point of building a skyscraper without a foundation? What I mean by that: First the EU needs a unified foreign policy and only then a common and united army.	0	0	0	0	1	1	0	0	0	0	6.0
6768	Payday loans should be banned	in favor of	payday loans creates bad habits and promote irresponsibility	0	1	1	0	1	1	0	0	0	0	6.0
7251	We should not have illegal immigrants!	in favor of	We can only employ people in understaffed job fields.	0	0	0	0	1	1	0	0	0	0	6.0
3858	We should abolish the Olympic Games	against	it makes income for the local communities	0	0	0	0	1	1	0	0	0	0	6.0
4335	We should ban telemarketing	in favor of	telemarketing is unsolicited and often unwelcome	0	1	1	0	0	0	1	0	0	0	6.0
1779	We should ban telemarketing	in favor of	we should ban telemarketing because it is annoying and there is no way to tell if the offer is legitimate.	0	1	1	0	0	1	1	0	0	0	6.0
5892	Homeschooling should be banned	against	homeschooling should not be banned because there is a lot of crime in the schools and if the parents want to teach their children they should have the right to	1	1	0	0	0	1	1	0	0	0	6.0
3933	We should adopt atheism	against	people are guided by religion on how to conduct their live and its been around for thousands of years	0	0	0	0	0	0	0	0	1	0	6.0
1538	We should ban telemarketing	in favor of	telemarketing is an annoyance.  allowing people to bother you by calling unsolicited is a nuisance and should be eliminated.	0	0	1	0	0	1	1	0	0	0	6.0
3401	We should abolish the right to keep and bear arms	in favor of	thee have been many examples of mass shootings which could potentially have been stopped if it had not been so easy to obtain weapons.	0	0	1	0	0	1	0	0	0	0	6.0
2336	We should adopt a zero-tolerance policy in schools	in favor of	this would show that schools are serious about stamping out bullying and bad behavior. too many people get away with bad things because schools are scared to punish them.	0	0	1	0	0	0	0	0	0	0	6.0
4229	We should end mandatory retirement	in favor of	some people are capable of working way beyond the retirement age and should be able to work and increase their retirement funds as long as they ant.	1	0	0	0	1	0	1	0	0	0	6.0
3307	We should end the use of economic sanctions	against	economic sanctions help punish bad behavior	0	0	1	0	0	0	0	0	0	0	6.0
4463	We should ban fast food	against	Fast food provides a cheap and consistent meal for many people who see it as an occasional meal or treat and this should not be restricted because others cannot make good dietary choices.	0	0	0	1	0	1	1	0	0	0	6.0
513	We should adopt gender-neutral language	against	"we should not place any restrictions on freedom of speech, many of the restrictions are arbitrary and unnecessary such as the ""gingerbread man"" becoming the ""gingerbread person"""	0	0	0	0	0	0	1	0	1	0	6.0
4826	British people who are residents in an EU country should have EU-wide rights	in favor of	I think this is a good idea, but unfortunately it's framed as a British/brexit issue. However, the wider concept of a common EU visa / migration system is a compelling one. Harmonising the system to a common visa regime offers many advantages.	1	0	0	0	0	0	0	0	0	0	6.0
4171	We should introduce compulsory voting	in favor of	too many people do not take responsibility for their part in democracy	1	1	0	0	1	0	0	0	0	0	6.0
2083	We should stop the development of autonomous cars	in favor of	autonomous cars are a step too far in automation.  to rely on automation on the roads with so many unpredictable events that could take place is taking it too far.	0	1	1	0	0	1	0	0	1	0	6.0
6141	We should subsidize vocational education	in favor of	more people would learn useful skills and be able to support themselves.	1	0	0	0	1	1	1	0	0	0	6.0
4013	We should legalize sex selection	in favor of	the right to bodily autonomy permits mothers to have abortions for sex selective purposes	0	1	0	0	0	0	1	0	0	0	6.0
5666	Social media brings more harm than good	against	social media gives it users a place to seek support when in need whether emotional or financially, things that would be more difficult if not impossible to do outside of their home.	0	1	0	0	0	1	1	0	0	0	6.0
6484	Holocaust denial should be a criminal offence	against	holocaust denial should not be a criminal offence because if people don't want to believe something happened they shouldn't be punished because of it.	0	0	0	0	0	0	1	0	0	0	6.0
6585	Payday loans should be banned	against	payday loans should not be banned as they are a lifeline to many people and if used properly provided a useful way of ensuring money lasts until the next pay day.	0	1	0	0	1	1	0	0	0	0	6.0
651	We should ban fast food	in favor of	fast food is the cause of the ever increasing chronic conditions and obesity in our nation.	0	0	0	0	1	0	0	0	0	0	6.0
149	We should adopt an austerity regime	against	austerity only leads to economic contraction that endangers the chance of reducing the debt.	0	0	0	0	0	1	0	0	0	0	6.0
4325	We should oppose collectivism	against	collectivity, a group of people can get far more done than individually.	1	0	0	0	0	0	0	0	0	0	6.0
2774	We should adopt a zero-tolerance policy in schools	in favor of	the security of child and teachers is esential for all	0	0	1	0	0	1	0	0	0	0	6.0
964	We should subsidize student loans	in favor of	student loans is a type of aid that is given to them in order to help lower their expenses and debts	1	1	0	0	1	1	0	0	0	0	6.0
1510	We should adopt a multi-party system	against	a multi party system is too volatile, there's no stability and no consistency	0	0	1	0	0	1	0	0	1	0	6.0
4730	News channels are breaking rules to give Breaking news	in favor of	If anyone accuses any celebrity, the news will be breaking news for days on news channels. This is an infringement of personal rights. News channels are ignoring the basic thing that the allegations are not proved yet.	0	1	1	0	0	0	1	0	0	0	6.0
6455	Blockade of the Gaza Strip should be ended	in favor of	blockage of the gaza strip strip should be ended because the people should be able to cross the boarder	0	0	0	0	0	0	1	0	0	0	6.0
1269	We should adopt an austerity regime	against	The free market knows best how to get out of a recession. Any government involvment would worsen the economic situation.	1	0	0	0	1	1	1	0	0	0	6.0
4847	Immigrants should receive help from the EU through integration programs	in favor of	It is essential that European principles and values are taught to migrants, including an explanation of the reasoning behind these principles and values. It would be best that this is provided both in the person's mother tongue and in the language of the host country. 	1	1	0	0	0	0	0	0	1	0	6.0
5538	Social media brings more harm than good	in favor of	social media has made it more difficult than ever for people to interact face to face.	1	0	0	1	0	1	0	1	1	0	6.0
7323	We should open up three-child policy to encourage childbirth.	against	What people want is the right and freedom to be able to plan their own children.	0	1	0	0	0	0	1	0	0	0	6.0
6648	Social media brings more harm than good	against	social media allows people to connect with others	0	0	0	0	0	1	0	0	0	0	6.0
6822	We should subsidize vocational education	in favor of	Vocational education is key to getting more skilled workers,	1	0	0	0	0	1	0	0	0	0	6.0
5177	The fear of migration is a fear of the unknown and is exacerbated.	against	Fear of the unknown is normal behavior. It has saved our race since ages starting when mankind was a simple monkey among others. 	0	0	0	0	1	1	0	0	0	0	6.0
488	We should ban algorithmic trading	in favor of	we should ban algorithmic trading because most people have no idea how it works and if it is good for them or not	1	0	0	0	0	0	1	0	0	0	6.0
1922	We should adopt libertarianism	against	We should not adopt libertarianism because the business cycle would destroy the country's economy without regulation.	0	1	0	0	1	1	0	0	0	0	6.0
3691	We should ban algorithmic trading	against	there is no reason why algorithmic trading should be banned , it creates beneficial trading deals and profits for those in the finance sector, and can enhance the value of pension funds for instance.	1	0	0	0	1	0	0	0	0	0	6.0
1347	We should subsidize Wikipedia	in favor of	wikipedia provides an invaluable service and we need to secure its ability to exist in the near and distant future	1	1	0	0	0	0	1	0	0	0	6.0
3332	We should abolish the three-strikes laws	against	we should not abolish the three-strikes laws because they result in reduced crime rates	0	0	1	0	0	1	0	0	0	0	6.0
2356	We should ban algorithmic trading	in favor of	algorithmic trading will destroy traditional trading occupations.	1	0	0	0	1	1	0	0	1	0	6.0
921	We should legalize cannabis	in favor of	the healing properties of cannabis are necessary to alleviate the health of many patients who do not have access to it due to its restriction	0	0	0	0	0	1	1	0	0	0	6.0
4153	We should ban cosmetic surgery	in favor of	some people who overindulge with plastic surgery may have a mental illness and are on a pathway to self destructive behavior where they are never happy with their new changes	0	0	1	0	0	1	0	0	0	0	6.0
6529	Entrapment should be legalized	in favor of	entrapment should be legalized because it helps a lot of police officers close their cases	1	0	0	0	0	1	1	0	0	0	6.0
4623	IT recruiters should consider skills instead of a degree in programming	against	Even though the new programming languages are replacing the old ones, the basic concepts are the same for almost all the programming languages. So, the one who has a degree in coding will have an advantage over the student from a non-IT background.	1	0	0	0	0	0	0	0	0	0	6.0
947	We should stop the development of autonomous cars	against	autonomous cars could prevent traffic jams and accidents.	1	0	0	0	0	1	0	0	0	0	6.0
467	We should ban private military companies	against	we should not ban private military companies because they protect people	0	1	0	0	0	1	0	0	0	0	6.0
2683	We should ban the use of child actors	in favor of	child actors miss out on growing up naturally as a child should, with proper education, stable background and without the pressures of work at a young age and so they should be banned	0	1	0	0	0	1	1	1	1	0	6.0
1530	We should ban fast food	in favor of	fast food is unhealthy and causes obesity	0	0	0	0	0	1	0	0	0	0	6.0
1327	We should ban cosmetic surgery for minors	in favor of	Allowing cosmetic surgery for minors creates more risk for doctors and therefore more frivolous lawsuits and money spent on malpractice insurance. This is bad for the healthcare system overall.	0	1	0	0	1	1	0	0	0	0	6.0
4905	We need integrated rail transport systems, agreements between various railway operators and a simple and accessible search engine	in favor of	This would help to plan the most efficient and economical itinerary 	1	0	0	0	1	0	0	0	0	0	6.0
1037	We should ban cosmetic surgery	against	we should not ban cosmetic surgery people some people don't like how they look and it's their money if they want to change that	0	0	0	1	1	0	1	1	0	0	6.0
2767	We should ban cosmetic surgery for minors	against	cosmetic surgery for minors should not be banned since their right to autonomy still stands, event if it's applied by their parents (or any other legal guardian).	0	0	0	0	0	0	1	0	1	0	6.0
493	We should ban fast food	against	fast food is good for busy people allowing the to pick up something to eat on the go.	0	0	0	0	0	1	1	1	0	0	6.0
1249	We should ban targeted killing	against	sometimes we need to eliminate threats from afar and not risk putting people in more danger so target killing is necessary.	0	0	0	0	0	1	0	0	0	0	6.0
7148	We should strengthen Frontex and control immigration.	in favor of	Frontex must be given powers and resources to shut down the migratory routes entirely.	1	0	0	0	1	1	0	0	0	0	6.0
2069	We should subsidize embryonic stem cell research	in favor of	embryonic stem cell research has the potential to open up a whole new field of healthcare and medicine	1	0	0	0	0	1	1	0	0	0	6.0
6217	Intelligence tests bring more harm than good	against	intelligence testing can help a child receive specialized assistance if found to be of a lower iq and requiring such.	1	1	0	0	0	0	0	0	0	0	6.0
3017	We should ban algorithmic trading	against	this trading system keeps buying and selling clean	0	1	1	0	0	0	0	0	0	0	6.0
3016	We should legalize organ trade	in favor of	Some people need organs, others have healthy organs that their bodies can function without; it is a win win situation to allow for organs to be sold.	0	1	0	0	0	1	1	0	0	0	6.0
6164	Homeschooling should be banned	in favor of	homeschooling prevent children to socialize and confront with others, therefore it should be banned.	0	0	0	0	0	1	0	0	0	0	6.0
3229	We should stop the development of autonomous cars	in favor of	autonomous cars can be easily hacked to cause widespread accidents.	0	0	0	0	0	1	0	0	0	0	6.0
174	We should ban the Church of Scientology	in favor of	the church of scientology is a predatory, litigation-happy organization that serves no good purpose in the world.	1	1	0	0	0	1	0	0	0	0	6.0
6493	Entrapment should be legalized	in favor of	Entrapment should be legalized as it is a useful tool to catch criminals when other strategies have failed.	1	1	0	0	0	1	0	0	0	0	6.0
5543	The vow of celibacy should be abandoned	against	celibacy is needed to connect people on a mental plane rather than purely physical	0	1	1	1	0	0	0	0	1	0	6.0
40	We should subsidize journalism	in favor of	journalism and free expression of information and exchange of ideas is a basic human right, and subsidizing this would improve its quality and reach.	1	0	0	0	1	0	0	0	0	0	6.0
4830	Cohesion funds should be provided directly to cities and regions	in favor of	An increased percentage of funds dedicated to cities and regions that are controlled and distributed from the EU institutions directly to the local administrations can bypass the national systems which enable the political dependency in the first place.	0	0	1	0	1	0	1	0	0	0	6.0
6600	Social media brings more harm than good	in favor of	children lack social skills when face to face with their peers because they haven't developed skills away from social media.	1	0	1	0	0	1	0	0	0	0	6.0
6058	Payday loans should be banned	against	nobody is forced to take out a payday loan; their existence affords the general population a choice of ways to borrow money.	0	1	0	0	1	1	1	0	0	0	6.0
6548	Social media brings more harm than good	against	social media enables people to contact others when they're a long distance away and other means are unsuitable.	1	1	0	1	0	1	0	0	0	0	6.0
5273	We need Integrated migration and border policy.	against	Migration has totally gotten out of control. The EU refuses to see the magnitude of it. Hundreds of millions like to migrate. All people without the right language and fitting education. The massive numbers of immigrants threaten the existence of EU societies, through crime, poverty, and housing shortage. 	0	0	0	0	0	1	0	0	0	0	6.0
2512	We should adopt an austerity regime	against	we should not  adopt an austerity regime because it will harm a good process.	0	0	0	0	1	1	0	0	1	0	6.0
6750	Blockade of the Gaza Strip should be ended	against	if the people who live in the gaza strip feel threatened, then they should be able to continue the blockade.	0	0	0	0	0	1	1	0	0	0	6.0
2326	We should adopt libertarianism	in favor of	we should adopt libertarianism because it gives citizens more freedom to live their live how they want	0	0	0	0	0	1	1	1	0	0	6.0
2804	We should adopt libertarianism	against	libertarianism should not be adopted as rules are needed to ensure law and order and the continued status quo.	0	0	1	0	1	1	0	0	1	0	6.0
5094	We need a European Clinical Registries Platform	in favor of	A common digital platform where data will be recorded in an anonymized way could also be very helpful for the future not only in case of new pandemic situations. However, as data itself has a market value and as we have learned about the global interdependency in an emergency situation e.g. with vaccines, no company should capitalize on this data.  The data should be accessible for public research and used for monitoring public health e.g. by European institutions	1	0	0	0	0	1	1	0	0	0	6.0
5652	Homeschooling should be banned	against	homeschooling allows for one on one teaching as well as allowing a student to learn in a safe environment	1	0	0	0	0	0	1	0	0	0	6.0
2334	We should abolish the Olympic Games	in favor of	the olympic games is now redundant as a sporting competition because there are so many professional competitions for sports.	1	0	0	0	0	0	0	0	0	0	6.0
6573	We should abandon television	against	no, television is a form of entertainment for people	0	0	0	1	0	0	0	1	0	0	6.0
6135	Payday loans should be banned	in favor of	payday loans cost more money than its worth.	0	0	0	0	1	1	0	0	0	0	6.0
3648	We should ban cosmetic surgery	against	a ban would only increase the already concerning trend to go to dangerous surgeons abroad	0	0	1	0	0	1	1	0	0	0	6.0
6231	The use of public defenders should be mandatory	against	people should have the freedom to choose their own.	0	0	0	0	0	0	1	0	0	0	6.0
3583	We should abolish the right to keep and bear arms	in favor of	by allowing citizens to own guns, the chances of these weapons being stolen by criminals is increased, allowing guns to fall into the wrong hands would be disastrous	0	1	0	0	0	1	0	0	0	0	6.0
6460	Social media brings more harm than good	in favor of	cyber bullying continues to be an unresolved issue as well as vulnerability to lack of privacy.	0	0	1	0	0	1	1	0	0	0	6.0
1129	We should subsidize student loans	against	students loans should not be subsidized as it is a students choosing to continue to go to school on their own accord and whim, not a requirement to be the burden of others.	0	0	0	0	0	1	1	0	0	0	6.0
4551	We should subsidize space exploration	in favor of	we should because we can still learn so much about space.	1	0	0	0	0	0	1	0	0	0	6.0
166	We should subsidize student loans	against	a person's education should be the responsibility of themselves	0	1	1	0	0	0	1	0	0	0	6.0
7152	We should rethink the legal state of Family Reunification.	in favor of	Family Reunification creates unbearable levels of migration and acute problems of integration for several EU Member States.	0	0	0	0	0	1	0	0	0	0	6.0
2694	We should adopt an austerity regime	in favor of	helping our government and our country is mandatory for all of us and austerity regime must be adopted.	0	1	1	0	0	1	0	0	0	0	6.0
2381	We should subsidize Wikipedia	in favor of	it is the go to encyclopedia and should be of the highest quality possible	1	1	0	0	1	0	0	0	0	0	6.0
4007	We should end mandatory retirement	against	Mandatory retirement should be in place for careers that require good physical health, younger ages and good flexibility such as law enforcement or any first responder career.	1	0	1	0	0	0	0	0	0	0	6.0
5521	The vow of celibacy should be abandoned	against	the marriage would be a big distraction to priests and they should devote their life and time to god and preaching	0	1	1	0	1	1	0	0	1	0	6.0
6556	Homeschooling should be banned	in favor of	homeschooled students do not learn necessary social skills	1	0	1	0	1	1	0	0	0	0	6.0
931	We should subsidize Wikipedia	against	wikipedia is a private entity and is responsible for its own operating costs	1	1	1	0	1	1	1	0	0	0	6.0
7232	We should protect the European border.	in favor of	Frontex is the way to protect the European border. It should completely take over every border, land, sea, and air. Otherwise, it will just take over all the good personnel of a member state, causing even more problems at the border.	0	0	0	0	1	1	0	0	0	0	6.0
4122	We should adopt libertarianism	in favor of	in practicing libertarianism we would adopt philosophical and financial customs that would improve our quality of life	1	0	0	0	1	1	1	0	0	0	6.0
5633	Holocaust denial should be a criminal offence	in favor of	it is a fact that the holocaust happened, and asserting otherwise not only a lie, but dangerous as well.	0	1	0	0	0	1	0	0	0	0	6.0
1881	We should stop the development of autonomous cars	in favor of	autonomous cars can be dangerous and promote reckless behavior, so they should discontinue making them.	0	1	1	0	0	1	0	0	0	0	6.0
4593	India should store the data within the territorial boundaries of the country	in favor of	While investigating crimes, there will be a need to access the payment data. If the data is stored abroad, it is very difficult to take permission from that country for access to the data. This causes delays in solving crimes. If the data is stored here within our country, this problem will be avoided.	0	0	0	0	0	1	1	0	0	0	6.0
1818	We should adopt a multi-party system	against	multi-party systems encourage the formation of weak and unstable coalitions that achieve little beyond their own day to day survival	1	0	0	0	0	1	0	0	0	0	6.0
6660	We should subsidize vocational education	in favor of	vocational education can be used as the easy way out for students not willing to put in the work of real college	1	0	0	0	0	0	1	0	0	0	6.0
3260	We should ban telemarketing	in favor of	telemarketing is considered a nuisance to many and other forms of advertising are much more effective and less invasive.	1	0	1	0	0	0	1	0	0	0	6.0
714	We should ban fast food	in favor of	fast food has proven to be detrimental to the health of all people and should be banned immediately.	0	0	0	0	0	1	0	0	0	0	6.0
499	We should limit executive compensation	in favor of	excessive wages damage company profitabity and is an abuse of the shareholders	1	1	0	0	1	1	0	0	0	0	6.0
4548	We should ban fast food	against	in a fast paced society a quick meal is a blessing	0	1	0	1	0	1	0	0	0	0	6.0
5531	We should subsidize vocational education	in favor of	not everyone can has the academic requirements for university education. we do still need vocational trades and skills and it makes sense to support people seeking to gain these skills.	1	1	0	0	0	0	1	0	0	0	6.0
7316	We should restrict minors from playing online games.	against	Instead of banning games, it might be better to increase young people's awareness of life and society, and to promote self-awareness and active thinking among students.	1	1	0	0	0	0	1	0	0	0	6.0
3736	We should ban cosmetic surgery	against	cosmetic surgery increases women's self-esteem and makes them more self-confident	1	0	0	1	0	1	1	0	0	0	6.0
2333	We should abolish intellectual property rights	in favor of	we should abolish intellectual property rights because it discourages new ideas.	1	0	0	0	0	0	1	0	0	0	6.0
3937	We should ban the Church of Scientology	against	the country has freedom of religion and the church of scientology is a form of religion.	0	0	1	0	0	1	1	0	1	0	6.0
2397	We should ban whaling	against	if a county wants to hunt and kill whales they should be allowed to do so	0	0	0	0	0	0	1	0	1	0	6.0
6853	Intelligence tests bring more harm than good	against	Intelligence tests give us the ability to pinpoint topics that students struggle with so that educators can learn where to focus their efforts.	1	0	0	0	0	0	0	0	0	0	6.0
3986	We should ban the Church of Scientology	against	people have the right to freedom of religion and should be allowed to be part of the church of scientology as a constitutional right.	0	0	1	0	0	0	1	0	1	0	6.0
456	We should adopt a multi-party system	in favor of	A multi-party system allows for greater choice in whom to vote for.  It allows each citizen to vote for the party that best fits their beliefs and represents their ideology.	0	0	0	0	0	0	1	0	0	0	6.0
4209	We should abolish the right to keep and bear arms	in favor of	Gun violence is a huge problem and there are too many mass shootings.   If people didn't have guns many lives would be saved.  Less suicides would happen too as guns are just too easy to use.	0	0	1	0	0	1	0	0	0	0	6.0
3176	We should ban human cloning	against	without further testing and experimentation, the outcome of human cloning will never be known so should not be banned.	0	0	0	0	0	0	1	0	0	0	6.0
1219	We should ban telemarketing	in favor of	telemarketing is a pock mark on society. it disrupts peoples lives, causes extreme aggravation and pushes unwanted products and services on the poor, elderly and those prone to being taken advantage of.	0	0	1	0	0	1	1	0	0	0	6.0
2395	We should ban missionary work	in favor of	missionary work is a waste of time and should be completely banned.	1	0	0	0	0	0	0	0	0	0	6.0
6367	The vow of celibacy should be abandoned	in favor of	the catholic church is suffering and churches closing due to the lack of priests.  many men choose to leave the priesthood because they want to marry.  ending the vow of celibacy would help end this problem	0	0	0	0	1	0	0	0	1	0	6.0
660	We should subsidize Wikipedia	in favor of	wikipedia is a valuable source of information in all things and would be missed if it were not able to continue due to lack of support	1	0	1	0	0	0	0	0	0	0	6.0
2549	We should abolish intellectual property rights	in favor of	we should have free and open discourse of all ideas.  intellectual property prevents this and stunts our collective growth.	1	0	0	0	1	0	1	0	0	0	6.0
7091	We should stop hosting migrants from Muslim countries	in favor of	Islam represents the biggest threat to democracy in the EU since it’s not compatible with European values. Islam, it’s not only a religion but almost a constitution which trying to impose on European society. 	0	0	0	0	1	1	1	0	1	0	6.0
4553	We should legalize organ trade	in favor of	organ trade would help save thousands of lives every year.	0	1	0	0	0	1	0	0	0	0	6.0
3925	We should subsidize space exploration	in favor of	The technology developed for space exploration has also had uses in regular life -- subsidizing space exploration would also have positive trickle down effects.	1	1	0	0	0	0	1	0	0	0	6.0
1464	We should end mandatory retirement	in favor of	we should end mandatory retirement because a person should be able to work for as long as they wish as long as they do not pose as a safety threat to those around them.	1	0	0	0	0	0	1	0	0	0	6.0
2557	We should legalize sex selection	in favor of	it helps to insure that the parents get the gender of the child they want and will love	0	1	0	0	0	0	1	0	0	0	6.0
3402	We should prohibit school prayer	against	prayer in school is not harming anyone or their rights so i do not think it should be prohibited.	0	0	0	0	0	0	1	0	1	0	6.0
3975	We should ban targeted killing	in favor of	target killing is just another word for assassinations which are against international laws.	0	0	1	0	0	0	0	0	0	0	6.0
1518	We should ban cosmetic surgery	in favor of	so many people are getting elective surgery and having complications later.	0	1	0	0	0	1	0	0	0	0	6.0
3812	We should ban cosmetic surgery	against	a lack of confidence due to appearance can have a crippling impact on poeple's lives and cosmetic surgery can help reduce this.	1	0	0	0	0	1	1	0	0	0	6.0
7360	We should vigorously develop the countryside.	against	The city is full of opportunities, it gives outworkers prosperity and convenience, and everyone can live in the city with their own power, and even gradually gain a foothold in the city.	0	0	0	0	0	0	1	0	0	0	6.0
4871	The European Union should support and integrate immigrant people to ensure that they live with dignity and equality with all European citizens	in favor of	As EU citizens we should never forget how privileged we are, and that we bear a human obligation to help others in need. 	0	1	0	0	0	0	0	0	0	0	6.0
1785	We should ban cosmetic surgery for minors	against	cosmetic surgery can provide boost in confidence. everyone should have the right to feel comfortable.	0	0	0	1	0	1	1	1	0	0	6.0
7334	We should prohibit capital monopoly.	in favor of	The purpose of anti-monopoly is not to combat a few monopolies, but to oppose the abuse of monopoly.	0	0	1	0	0	0	1	0	0	0	6.0
2249	We should ban cosmetic surgery for minors	against	we should not ban cosmetic surgery for minors because sometimes they need it if they were in accidents or born deformed	0	0	0	0	0	1	1	0	0	0	6.0
1097	We should ban the use of child actors	against	to tell a story in theater or movies we need children actors. without them stories could only be about adults. stories that have entertained us from lassie to mary poppins would not exist.	0	0	0	1	1	0	0	0	1	0	6.0
3437	We should adopt an austerity regime	in favor of	it is a good way to control overspending and accumulating more debt	0	1	0	0	1	1	0	0	0	0	6.0
4003	We should prohibit school prayer	in favor of	while at school the focus should be on learning. prayer is a distraction and unnecessary. why not just pray before school or after?	1	0	1	0	0	0	1	0	0	0	6.0
3899	We should subsidize journalism	in favor of	journalists put their lives on the line when they report news from war zones, or shootings or natural disasters.	1	1	0	0	0	1	0	1	0	0	6.0
5603	Foster care brings more harm than good	in favor of	According to multiple studies, children who go through the foster care system are more likely to deal with mental health issues and disorders than their peers.	0	1	0	0	0	1	0	0	0	0	6.0
6516	Holocaust denial should be a criminal offence	in favor of	denial of past atrocities may lead to the rise of idealogies that were responsible for those atrocities	0	1	0	0	0	1	0	0	0	0	6.0
7160	We should remove illegal immigrants.	in favor of	EU must take action. Help those in need, but only those who respect legal boundaries. Mutual respect is a cornerstone in this subject where we must set limits to protect Europe. 	0	1	1	0	0	1	0	0	0	0	6.0
4785	There should be a ban on Bandhs	in favor of	Industries are also one of the worst hits. Investors may lose interest to invest in manufacturing sector as bandh by anyone results in the loss to them.	1	0	0	0	1	1	0	0	0	0	6.0
6858	We should abandon television	in favor of	television leads to lack of exercise and loss of communication as people sit in front of their television rather than talk and do activities together.	0	0	0	1	0	1	0	1	0	0	6.0
3123	We should adopt a zero-tolerance policy in schools	in favor of	we should adopt a zero-tolerance policy in schools then all the children will more likely behave	0	0	1	0	0	0	0	0	0	0	6.0
691	We should subsidize embryonic stem cell research	in favor of	we should subsidize embryonic stem cell research because it will help many people as long as it is successfully done.	1	1	0	0	0	1	0	0	0	0	6.0
1527	We should ban fast food	in favor of	fast food is leading to an obesity epidemic and a health crisis.	0	0	0	0	0	1	0	0	0	0	6.0
3214	We should ban human cloning	against	we should not ban human cloning because the potential scientists can find a cure for a disease	1	1	0	0	0	1	1	0	0	0	6.0
6843	Foster care brings more harm than good	in favor of	taking children away from their own parents destroys families which is why foster care brings more harm than good.	0	1	0	0	0	0	0	0	0	0	6.0
4399	We should introduce compulsory voting	against	people should not be forced to vote any more than they should be forced to have insurance or be fined for the lack of.	0	0	0	0	0	0	1	0	0	0	6.0
3447	We should end mandatory retirement	against	older workers are not as efficient as they age. there comes a point where they need to retire and allow more able bodied younger people to take these jobs.	1	0	0	0	0	1	0	0	1	0	6.0
5589	Foster care brings more harm than good	against	The overwhelming experience shows that in care and health, decentralized and deinstitutionalized systems perform better and spend less than a massive state apparatus.	0	0	0	0	1	0	1	0	0	0	6.0
1032	We should adopt atheism	against	we live in an open society where freedom of religious expression is allowed. to go against that would be a betrayal of western values.	0	0	0	0	0	0	1	0	1	0	6.0
1368	We should subsidize space exploration	against	we should be concentrating on and spending money on making our world a better place then out exploring other worlds and space needlessly.	0	1	0	0	0	1	0	0	0	0	6.0
2692	We should end mandatory retirement	against	Many jobs, like airplane pilots and doctors, are tasked with they physical safety of hundred of others. Companies have an obligation to make sure people holding those positions are the most capable, which old age threatens.	1	1	0	0	0	1	0	0	0	0	6.0
4485	We should ban the use of child actors	in favor of	the use of child actors should be banned because child actors end up having more money than they know what to do with and thus misuse it.	1	1	1	0	0	0	0	0	0	0	6.0
6182	We should abandon television	against	if television was abandoned millions of people would be made unemployed.	1	0	0	0	1	1	0	0	0	0	6.0
6650	Homeschooling should be banned	against	homeschooling should not be banned since this allows learning to be specifically tailored to the individual child and produces the optimal learning environment.	1	0	0	0	0	0	0	0	0	0	6.0
298	We should abolish the right to keep and bear arms	against	the right to keep and bear arms is enshrined in the constitution and cannot be infringed on or revoked - this would dilute the importance and sanctity of other doctrines.	0	0	0	0	0	1	0	0	1	0	6.0
4425	We should ban telemarketing	in favor of	telemarketers exist only to scam people out of their money. they lie and use dishonest marketing tactics to get consumers to bend to their will.	0	1	0	0	1	1	1	0	0	0	6.0
4400	We should ban factory farming	against	factory farming is mass food production at a more economical pace which allows us to feed more people faster.	1	0	0	0	0	1	0	0	0	0	6.0
1026	We should adopt an austerity regime	against	austerity regimes tend to increase unemployment, as government reduction of spending of leads to retrenchment of worker	1	1	0	0	1	1	0	0	0	0	6.0
7239	We should punish illegal immigrants and only accept legal immigrants.	in favor of	Countries that send immigrants illegally are not trustable and should get blacklisted for traveling toward Europe or economically.	0	1	1	0	0	1	0	0	0	0	6.0
4874	The European Union should support and integrate immigrant people to ensure that they live with dignity and equality with all European citizens	against	Successful migration is only possible when there is a vacancy in the host country, and the migrant has the required qualifications. Unlimited mass migration is the greatest existential threat to the EU.  Even more so than the CO2 threat.	0	0	0	0	0	1	0	0	0	0	6.0
3817	We should adopt an austerity regime	in favor of	we need to find a way for the government to pay its debt	0	0	0	0	1	1	0	0	0	0	6.0
1428	We should ban algorithmic trading	in favor of	Algorithmic trading causes substantial job loss for employees in the economic sector with few benefits to the market overall.	0	0	0	0	1	1	1	0	0	0	6.0
4975	We do not need immigration from non-European or non-first-world countries. 	in favor of	There's nothing wrong with not wanting your continent to become chaos and putting your people first, every civilization in this world takes that idea as self-evident. We need to negotiate Remigration deals with the 3rd countries to send their nationals back and we need to use Frontex to push back any migrants coming to our borders.	0	0	0	0	1	1	0	0	0	0	6.0
3619	We should subsidize journalism	in favor of	newspapers are dying and need the support.	1	1	0	0	1	0	0	0	0	0	6.0
6523	Homeschooling should be banned	against	homeschooling is good for children that need the one on one structure that it brings,	1	1	0	0	0	0	1	0	0	0	6.0
1463	We should legalize sex selection	in favor of	sex selection is a choice between parents and their doctor; if the parents insist on having a boy to, say, balance out a family full of girls, then what's the problem with that?	0	1	0	0	0	0	1	0	0	0	6.0
854	We should adopt libertarianism	in favor of	lower taxes and more freedom from big government would be the result if we adopted libertarianism.	1	0	0	0	1	1	1	0	0	0	6.0
195	We should ban telemarketing	against	banning telemarketing has no approval anywhere as customers will not be able to see new products available to buy.	1	0	0	1	0	0	1	0	0	0	6.0
5313	Asylum seekers should only be able to file asylum applications from their home or neighboring country.	in favor of	If asylum applications are filed from abroad the costs for EU taxpayers to handle asylum seekers are reduced. 	0	1	1	0	0	1	0	0	0	0	6.0
6239	The vow of celibacy should be abandoned	in favor of	the vow of celibacy is an outdated tradition that deters otherwise eligible men from priesthood	0	0	0	0	0	1	0	0	1	0	6.0
2988	We should stop the development of autonomous cars	in favor of	autonomous cars will take away many jobs and lead to a skills drain	1	0	0	0	0	1	0	0	0	0	6.0
4788	Nepotism exists in Bollywood	in favor of	The standards of Indian cinemas fall at times because of nepotism. Producers and directors are pushing star kids to launch in their movies, failing to judge their acting skills and screen presence. This leads to flop movies and a loss of quality and standards of the Indian cinemas.	1	0	0	0	0	0	0	0	0	0	6.0
3233	We should abolish capital punishment	against	Capital punishment creates space for potential rehabilitation without prison over-population.	1	0	1	0	1	1	0	0	0	0	6.0
6235	Homeschooling should be banned	against	homeschooling helps kids learn better in an environment where they're comfortable.	1	1	0	0	0	1	1	0	0	0	6.0
3571	We should ban private military companies	in favor of	only the federal government should be allowed to handle any military training.	0	0	0	0	1	0	0	0	0	0	6.0
4340	We should ban private military companies	against	it should not be prohibited, i think that the military also has the right to set up their businesses and companies	0	0	1	0	0	0	1	0	0	0	6.0
6073	The use of public defenders should be mandatory	against	if someone can afford a good lawyer you are violating their rights by stopping them	0	0	0	0	1	1	1	0	0	0	6.0
1842	We should ban cosmetic surgery for minors	against	children have a right to bodily autonomy just like adults, and banning cosmetic surgery is a violation of this freedom of expression.	0	0	0	0	0	1	1	0	0	0	6.0
6186	Foster care brings more harm than good	in favor of	Many studies have pointed to the deleterious impact of foster care on children physical health, cognitive and academic functioning, and social-emotional wellbeing	1	1	0	0	0	1	0	0	0	0	6.0
839	We should ban factory farming	against	factory farming is a great way to get more food for everyone	0	1	0	0	0	1	0	0	0	0	6.0
3782	We should end mandatory retirement	in favor of	we should end mandatory retirement because no one has the right to tell another person when they have to stop working. it is an individual's choice and should be left up to them when they wish to call it quits.	0	0	0	0	0	0	1	0	0	0	6.0
5833	Holocaust denial should be a criminal offence	in favor of	denying that the holocaust did not exist is a crime to humanity and disrespects the lives of millions of people who suffered.	0	1	1	0	0	0	0	0	0	0	6.0
6262	Intelligence tests bring more harm than good	in favor of	iq tests can make people feel like a failure when they are actually smart.	1	0	0	0	0	0	1	0	0	0	6.0
5424	Payday loans should be banned	against	sometimes people need these emergency funds when they have no other available options.	0	1	0	0	1	1	1	0	0	0	6.0
2903	We should legalize prostitution	in favor of	women should have the right to decide what to do with their body and that should include being able to sell it.	0	0	0	0	1	0	1	1	0	0	6.0
4337	We should prohibit school prayer	in favor of	school is not the place to practice religion since it is run by the state.	0	0	1	0	0	0	1	0	0	0	6.0
3533	We should ban telemarketing	against	i don't think that is a good idea to ban telemarketing , there are people working in this kind of jobs and they are good at what they do , most of the time they advertise very well.	1	1	0	0	0	1	1	0	0	0	6.0
6850	Holocaust denial should be a criminal offence	against	freedom of speech is an important part of democracy	0	0	0	0	0	0	1	0	1	0	6.0
6966	Human Gene editing is a good thing	in favor of	Some people who believe in modifying the genes believe that it not only increases the span of life but also increases the quality of life.	0	0	0	0	0	1	0	0	0	0	6.0
3386	We should legalize organ trade	in favor of	it would help to get organs faster for the people that need them	1	1	0	0	0	1	1	0	0	0	6.0
6162	Social media brings more harm than good	in favor of	social media allows predators into your home and skews mindsets.	0	0	0	0	0	1	1	0	0	0	6.0
1120	We should ban the Church of Scientology	in favor of	this church has harmed countless people and should be labeled more as a cult	0	1	0	0	0	1	0	0	0	0	6.0
2393	We should ban algorithmic trading	against	the digitization of the sector raises the field of action of information. as computer models and algorithmic programs	1	0	0	0	1	0	0	0	0	0	6.0
3040	We should ban fast food	in favor of	fast food is quickly leading to child obesity and an unhealthy generation.	0	0	0	0	0	1	0	0	0	0	6.0
3197	We should ban missionary work	against	missionary work has other benefits beyond spreading religion, it makes a huge impact on small communities in poor countries that need help.	0	0	0	0	0	1	0	0	1	0	6.0
4490	We should legalize sex selection	in favor of	couples should be able to select the sex of their child since some may only want boys or may want girls.  they may also already have more then one child of a certain sex and want the other sex next time.	0	1	0	0	1	0	1	0	0	0	6.0
78	We should subsidize embryonic stem cell research	against	this research is very controversial and against many religions	0	0	0	0	0	0	0	0	1	0	6.0
2516	We should ban cosmetic surgery for minors	in favor of	minors are not mature enough to make such life altering decisions	0	1	0	0	0	0	0	0	0	0	6.0
6705	Foster care brings more harm than good	against	children in foster care grow up in loving families that want children	0	1	0	0	0	1	0	0	0	0	6.0
2543	We should ban telemarketing	in favor of	telemarketing is intrusive and unhelpful	0	1	1	0	0	1	1	0	0	0	6.0
4356	We should abolish safe spaces	against	we should not abolish safe spaces because they help many people	0	1	0	0	0	0	0	0	0	0	6.0
4709	India should accept Rohingya refugees	in favor of	Accepting refugees escaping from death situations is surely an act of humanity. Rohingya people have been treated brutally by the Burmese government due to racism. Being a neighboring country, we should be accepting those people who are in deep distress. 	0	1	0	0	0	1	0	0	0	0	6.0
5727	Foster care brings more harm than good	in favor of	foster care cannot replace the support structure of a real family	0	1	0	0	0	1	0	0	1	0	6.0
83	We should oppose collectivism	in favor of	collectivism prevents original thoughts and discourages people from looking for their own ideas	1	0	0	0	0	0	1	0	0	0	6.0
4319	We should abolish capital punishment	against	it would save taxpayers from paying for a person to have a room and food for the rest of their natural life if thats their sentence.	0	0	0	0	0	1	0	0	0	0	6.0
397	We should subsidize student loans	in favor of	too many students have defaulted on loans or are paying them for many years.  by subsidizing these students we can assist in stopping this.	0	0	0	0	0	1	0	0	0	0	6.0
3425	We should abolish capital punishment	against	people need to learn how to follow rules so capital punishment should be allowed	0	0	1	0	0	1	0	0	0	0	6.0
1934	We should ban factory farming	against	Factory farming allows us to fill a high demand.	1	1	0	0	1	1	1	0	0	0	6.0
3760	We should abolish intellectual property rights	against	abolishing intellectual property rights removes the financial incentive to innovation.	1	0	0	0	1	0	1	0	0	0	6.0
6564	Payday loans should be banned	against	people who use payday loans already have little to no other options. it's wrong to take the only thing away someone can use in an emergency. it could mean life or death depending on the situation.	0	0	0	0	0	1	1	0	0	0	6.0
6464	Social media brings more harm than good	in favor of	social media causes people to feel sad about their own lives.	0	0	0	1	0	1	0	0	0	0	6.0
1647	We should adopt an austerity regime	against	We should not adopt an austerity regime because the global economy is now rapidly growing, and the recession is years behind us.	1	0	0	0	1	0	0	0	0	0	6.0
6458	Homeschooling should be banned	in favor of	homeschooling should be banned because educational institutions still provide a better education.	1	0	0	0	0	0	0	0	0	0	6.0
4602	Political parties should be brought under RTI (Right to Information) Act	against	Political parties are independent bodies, they need not be accountable to the public. They were not established by the constitution or an act of parliament.	0	0	0	0	0	0	1	0	0	0	6.0
3252	We should adopt a multi-party system	against	a multi party system creates chaos by giving too many choices to the people	0	0	0	0	0	1	0	0	0	0	6.0
3490	We should abolish capital punishment	against	capital punishment is good at keeping dangerous criminals off of the streets.	0	0	0	0	0	1	0	0	0	0	6.0
1494	We should ban telemarketing	against	under any circumstance, telemarketing is a source of employment for many people. banning it will result to tens of thousands losing their jobs.	1	0	0	0	0	1	1	0	0	0	6.0
766	We should stop the development of autonomous cars	against	development of autonomous car will make traffic and parking  easier	1	1	0	0	0	1	0	0	0	0	6.0
3956	We should ban factory farming	against	we should not ban factory farming as it is the most efficient method of farming to produce enough food for the population.	1	1	0	0	0	1	0	0	0	0	6.0
2345	We should ban human cloning	against	human cloning can aid in research for medical issues as well as preserving the continuation of humankind.	0	1	0	0	1	1	0	0	0	0	6.0
5554	We should abandon television	in favor of	i thinkwe should abandon television only social and educational	1	0	0	0	0	1	0	1	0	0	6.0
2031	We should abandon the use of school uniform	in favor of	the school uniform gives no individuality to students	0	0	0	0	0	0	1	0	0	0	6.0
359	We should legalize sex selection	in favor of	when we allow abortion for any reason or purpose, sex selection cannot be excluded. in fact illegal sex selection only increased abortions as the alternative method to select gender	0	0	0	0	0	0	1	0	0	0	6.0
5322	Every young European should be asked to go live in another country for 1 year at least	against	No duck would like to live with eagles or sparrows.  That's nature, not wishful thinking.	0	0	0	0	0	0	1	0	0	0	6.0
3974	We should stop the development of autonomous cars	against	autonomous cars are the future. much safer than driving home drunk.	0	0	0	0	0	1	0	0	0	0	6.0
5786	Foster care brings more harm than good	against	foster care do not bring more harm than good because there are many trusted institutions that are taking care people more properly especially the older ones.	0	1	1	0	0	1	0	0	0	0	6.0
128	We should end mandatory retirement	against	Mandatory retirement lets companies more easily make space for new workers that have more of an incentive to work hard at a new job.	1	0	0	0	0	0	0	0	0	0	6.0
2232	We should ban factory farming	in favor of	factory farming takes away jobs from people who know no other work.	1	0	0	0	1	1	0	0	0	0	6.0
5335	The European Union should visible on the facades of the embassies and consulates of European countries.	in favor of	The European flag should be systematically displayed, in addition to the national flag, on any facade of an embassy or consulate of a European country. This would enhance the image of the European Union in addition to synergies like the pooling of support services. This approach could accompany the construction of common structures and policies in the field of foreign affairs.	0	0	0	0	1	1	0	0	0	0	6.0
7041	We should promote the use of nuclear energy	against	Nuclear energy simply is too expensive and hence economically not viable.	0	0	0	0	1	1	0	0	0	0	6.0
2668	We should prohibit school prayer	against	we shouldn't prohibit school prayer as it's a human right to be able to pray	0	0	0	0	0	0	1	0	0	0	6.0
6171	Homeschooling should be banned	in favor of	homeschooling does not teach a student to get along with others.	0	0	1	0	0	1	0	0	0	0	6.0
6331	The vow of celibacy should be abandoned	in favor of	the vow of celibacy is no longer relevant in today's society and should be abandoned	0	0	0	0	0	0	1	0	0	0	6.0
3904	We should abolish the right to keep and bear arms	against	even if guns fall into the wrong hands, law abiding citizens should be allowed to protect themselves in whichever manner they feel safest with.	0	1	0	0	0	1	1	0	0	0	6.0
2732	We should limit judicial activism	in favor of	judicial activism allows judges to argue their own views instead of making decisions based on existing constitutional law.	1	0	0	0	0	1	0	0	0	0	6.0
117	We should abandon the use of school uniform	in favor of	forcing children into wearing school uniforms shows our children that they cannot think as individuals and must conform to societies way of thinking.	0	0	0	0	0	0	1	1	0	0	6.0
616	We should ban factory farming	against	factory farming is needed in order to feed our ever increasing population.	0	0	0	0	0	1	0	0	0	0	6.0
1279	We should stop the development of autonomous cars	against	autonomous cars would help the elderly.	0	1	1	0	0	1	0	0	0	0	6.0
1968	We should legalize organ trade	in favor of	financial incentives should be available for live donors and the families of the dead donors.	0	1	0	0	1	1	0	0	0	0	6.0
5794	The vow of celibacy should be abandoned	in favor of	the vow of celibacy is what drives the religious people to commit crimes	0	1	0	1	0	1	1	1	0	0	6.0
4936	We need legal ways of migration.	against	Migrants have a complete lack of critical thinking.  	1	0	0	0	0	0	1	0	0	0	6.0
4779	Censorship of movies is an outdated concept	in favor of	Censorship causes imposition of majoritarian ideals on others.	0	0	0	0	0	0	1	0	0	0	6.0
3692	We should ban cosmetic surgery for minors	against	some children may require cosmetic surgery for health reasons, such as a cleft palate, therefore it should not be banned.	0	0	0	0	0	1	1	0	0	0	6.0
7365	Carbon emissions trading should be limited.	against	Since China's reform and opening up, its economy has developed rapidly, and Western countries have taken advantage of the warming climate to limit the issue of carbon emission rights in order to delay China's development.	1	0	0	0	1	0	0	0	0	0	6.0
5649	Foster care brings more harm than good	in favor of	foster care is often detrimental to children as they are passed through many families and a stable home is often not provided.	0	1	0	0	0	1	0	0	1	0	6.0
3526	We should adopt a zero-tolerance policy in schools	in favor of	adopting zero-tolerance in school will solve the big issues which schools all around country face it today.	1	1	1	0	0	1	0	0	0	0	6.0
3177	We should abolish the right to keep and bear arms	against	if the right to keep and bear arms was abolished people would be unable to protect themselves and their property.	0	1	0	0	0	1	0	0	0	0	6.0
6119	We should abandon television	in favor of	there is a lot of violence and sex on television that is not appropriate for children	0	1	1	0	0	0	0	0	1	0	6.0
4121	We should introduce compulsory voting	in favor of	compulsory voting can help encourage better results during elections	1	1	0	0	1	0	0	0	0	0	6.0
2014	We should subsidize student loans	against	we should not subsidize student loans because people need to work hard to get their education	1	1	0	0	0	0	1	0	0	0	6.0
6781	Homeschooling should be banned	in favor of	it's not guaranteed homeschooling provides a good education	1	0	0	0	0	0	0	0	0	0	6.0
4238	We should ban cosmetic surgery	against	banning cosmetic surgery is like banning freedom of speech.	0	0	0	0	0	0	1	0	0	0	6.0
6535	We should subsidize vocational education	in favor of	subsidizing vocational education will improve economy growth and will make people more successful.	1	1	0	0	1	1	0	0	0	0	6.0
2770	We should adopt a multi-party system	in favor of	the multi-party system offers voters more choices that may get more people involved in politics	1	0	0	0	1	0	1	0	0	0	6.0
6610	We should subsidize vocational education	in favor of	not all high school graduates complete a college degree and some of them get jobs that don't even require a degree, vocational education would really help them get better jobs than otherwise available to them.	1	0	0	0	1	1	0	0	0	0	6.0
6306	Surrogacy should be banned	in favor of	children born from surrogacy don't have the attachment to the non-birth mother that they would have with their birth mother	0	1	0	0	0	1	0	0	0	0	6.0
3352	We should abolish the three-strikes laws	against	three-strikes laws can act as a deterrent for serial criminal behavior.	0	1	1	0	1	1	0	0	0	0	6.0
6498	Homeschooling should be banned	against	homeschooling is an excellent alternative to public schools for those parents who value family values.	0	1	0	0	0	1	1	0	1	0	6.0
6844	Blockade of the Gaza Strip should be ended	against	hamas is too dangerous to allow in & the blockade should continue	0	1	0	0	1	1	0	0	0	0	6.0
3965	We should prohibit school prayer	in favor of	we should prohibit school prayer because religion has no business in school it should be at home and church only	1	0	1	0	0	0	1	0	0	0	6.0
4515	We should ban targeted killing	against	targeted killing should not be banned as the government has the intelligence and knowledge to knowingly destroy a threat without destruction of many persons or communities.	1	0	0	0	1	1	0	0	0	0	6.0
4036	We should end mandatory retirement	in favor of	i agree with you, many people do not want to retire, they want to continue trading, and they are forced to retire	0	0	0	0	0	0	1	0	0	0	6.0
4037	We should end mandatory retirement	against	mandatory retirement makes room in the workforce for younger more able bodied individuals to work.	1	0	0	0	0	1	0	0	0	0	6.0
4128	We should end the use of economic sanctions	against	sanctions are good and they can put pressure on a country to make changes	1	1	1	0	1	1	0	0	0	0	6.0
2969	We should legalize organ trade	against	organ trade opens up a new crime opportunity with people killing to obtain organs needed	0	0	1	0	0	1	0	0	0	0	6.0
2485	We should abolish the Olympic Games	against	olympic games is one way to show unity	0	0	0	0	0	1	0	0	0	0	6.0
7085	We should preserve European culture	in favor of	We should embrace and protect our culture which stands at the basis of our successful society.  We also should watch out for some Europhiles in Brussels who think our culture should be replaced by multi-culturalism because it fits the EU plans better.	1	0	0	0	0	0	0	0	1	0	6.0
3996	We should legalize prostitution	in favor of	legalizing prostitution prevents the spread of disease. when it is legal and regulated, health check ups are common place, thus preventing dangerous diseases to be spread throughout the population.	0	0	0	0	0	1	0	0	0	0	6.0
971	We should ban human cloning	against	cloning of organs can and will save many lives, people who need organ transplants could be saved by cloning organs for them rather than waiting for others to die, cloned limbs would also help disabled people.	0	1	0	0	0	1	0	0	0	0	6.0
1514	We should ban fast food	against	fast food should not be banned as it is comforting, allows for social events and interaction and is enjoyed by many	0	0	0	1	0	1	1	0	0	0	6.0
2453	We should legalize cannabis	against	cannabis can impair drivers and cause accidents.	0	1	1	0	0	1	0	0	0	0	6.0
1860	We should ban algorithmic trading	in favor of	algorithmic trading gives too much control to machines. humans are better placed to understand the intricacies of the markets.	1	0	0	0	0	0	1	0	0	0	6.0
1048	We should abolish the Olympic Games	in favor of	we should abolish the olympic games because  it very expensive to host	0	1	0	0	1	1	0	0	0	0	6.0
687	We should ban telemarketing	against	Telemarketing is an excellent tool if used sensitively and with caution	1	0	1	0	0	0	1	0	0	0	6.0
323	We should cancel pride parades	in favor of	there are things at pride parades that young children should not see, regardless of one's sexual preferences.	0	1	1	0	0	0	0	0	1	0	6.0
6841	Surrogacy should be banned	against	surrogacy should  not be banned because it is a important part to prospective infertile parents.	0	1	0	0	0	1	1	0	0	0	6.0
6245	Social media brings more harm than good	against	social media allows family members and friends to keep abreast of things that are going on in each other's lives.	0	1	0	0	0	1	0	0	0	0	6.0
2971	We should ban algorithmic trading	in favor of	algorithms can be hacked and therefore the data isn't safe, and should therefore be banned.	0	1	0	0	0	1	0	0	0	0	6.0
3685	We should ban fast food	against	you can't govern what an individual chooses to eat	0	0	0	0	0	0	1	0	0	0	6.0
2	We should end the use of economic sanctions	against	sometimes economic sanctions are the only thing that will get the corrupt governments to take action	0	0	0	0	1	1	0	0	0	0	6.0
1485	We should prohibit school prayer	in favor of	Many students do not believe in prayer and school prayer should be stopped because it does infringe on other students' rights not to pray.	0	0	0	0	0	0	1	0	1	0	6.0
5711	Homeschooling should be banned	against	parents are free to educate their children how they see fit	1	0	0	0	0	0	1	0	1	0	6.0
813	We should ban human cloning	against	human cloning is simply another avenue of science to explore, and it is vital to push back the boundaries in order to open up possible potential cures for disease and medical issues.	1	0	0	0	0	1	1	0	0	0	6.0
4310	We should subsidize student loans	against	student loans should not be subsidized just because people chose to go to colleges that we beyond their means.	0	1	1	0	0	0	1	0	0	0	6.0
4352	We should introduce compulsory voting	against	people should have the right to not vote.	0	0	0	0	0	0	1	0	0	0	6.0
2408	We should introduce compulsory voting	against	compulsory voting violates our rights.	0	0	1	0	0	0	1	0	0	0	6.0
631	We should ban algorithmic trading	against	algorithmic trading allows for more timely, accurate, and efficient trading.	0	0	0	0	1	0	0	0	0	0	6.0
917	We should adopt gender-neutral language	against	gender-neutral language is unnecessary.	0	1	0	0	0	0	0	0	1	0	6.0
6244	Foster care brings more harm than good	in favor of	children in foster care lack stability.	0	1	0	0	0	1	0	0	1	0	6.0
3714	We should limit executive compensation	against	an owner of a company should be allowed to make as much money as possible	1	0	0	0	1	0	0	0	0	0	6.0
648	We should abolish intellectual property rights	in favor of	intellectual property rights are expensive to maintain and hold back the spread of new ideas	1	0	0	0	0	0	0	0	0	0	6.0
1841	We should ban fast food	against	people need to be allowed to make their own food choices, for some people ithout thir own kitchen then fast food may be the only way they can ever get a hot meal	0	1	0	1	1	1	1	0	0	0	6.0
7314	We should restrict minors from playing online games.	against	Children's addiction to games may not be a problem of games in essence, but a comprehensive problem of family education, children's habits, hobby training and so on.	1	1	1	0	0	0	0	0	0	0	6.0
579	We should stop the development of autonomous cars	in favor of	autonomous cars leave both passengers and pedestrians vulnerable to malicious hacking which could cause wide scale destruction.	0	0	0	0	0	1	1	0	0	0	6.0
6801	Social media brings more harm than good	in favor of	social media has brought down levels of happiness and self-satisfaction by making us constantly compare ourselves to an idealized version of our friends.	0	1	0	0	0	1	0	0	0	0	6.0
1203	We should end mandatory retirement	against	it provides more jobs for people that need to earn an income for their families, so mandatory retirement is a good idea	1	1	0	0	1	0	1	0	0	0	6.0
4066	We should abolish the three-strikes laws	against	this law keeps communities safe from career criminals	0	0	0	0	0	1	0	0	0	0	6.0
4144	We should ban private military companies	in favor of	private military compnaies do not have the dedication to uphold the lives of citizens, resulting in collateral damage of human lives.	0	0	0	0	0	1	0	0	0	0	6.0
4453	We should abolish the Olympic Games	against	the olympic games inspires people around the world to take up sport and live healthier lives.	0	0	0	0	1	1	0	0	0	0	6.0
4027	We should cancel pride parades	in favor of	pride parades are too costly to the cities that hold them in terms of police protection and permitting	0	0	1	0	0	1	0	0	0	0	6.0
6734	Homeopathy brings more harm than good	against	people should have options when in comes to their health. most people use homeopathy in conjunction with western medicines, and that should be their own decision and choice.	0	0	0	0	0	1	1	0	0	0	6.0
7279	We should abolish the 996 overtime system	against	Corporate management seeks to maximize profits, and China's 996 overtime system can reduce operating costs, especially labor costs.	1	0	0	0	1	0	0	0	0	0	6.0
6426	Foster care brings more harm than good	in favor of	foster care brings more harm than good. social workers are being worked too hard and there are too many children that need looking after. many aren't receiving the proper nutrition or psychological care	1	1	0	0	0	1	0	0	0	0	6.0
4494	We should ban human cloning	in favor of	human cloning lets people play god.	0	0	1	0	0	0	0	0	1	0	6.0
596	We should limit executive compensation	against	companies should be able to pay as much as they like as long as it's above minimum wahe	0	0	0	0	1	0	1	0	0	0	6.0
1008	We should adopt a multi-party system	against	multiple parties make choosing a leader harder	1	1	0	0	0	1	0	0	1	0	6.0
1403	We should adopt atheism	against	adopting atheism would violate freedom of religion	0	0	0	0	0	0	1	0	1	0	6.0
3029	We should adopt gender-neutral language	against	Gendered language has served us for centuries in literature and culture, there is no need to change now.	0	0	0	0	0	0	0	0	1	0	6.0
1935	We should introduce compulsory voting	against	forcing people to vote or face a penalty is what a dictatorship sounds like.   compulsory voting is a bad idea.   i don't believe it would change the results anyways.	0	0	0	0	1	1	1	0	0	0	6.0
724	We should legalize organ trade	in favor of	organ trade between consenting parties should be an option as it can reduce wait times.	0	1	0	0	0	1	0	0	0	0	6.0
4057	We should abandon the use of school uniform	in favor of	we should abandon the use of school uniform since one should be allowed to express their individuality by the clothes they were.	0	0	0	0	0	0	1	0	0	0	6.0
2346	We should ban the Church of Scientology	against	freedom of association is protected by the first amendment	0	0	1	0	0	1	1	0	0	0	6.0
2888	We should end mandatory retirement	against	mandatory retirement allows for new people to saturate the workforce and the older generation to relax.  this is a good thing.	1	1	0	1	0	1	0	0	0	0	6.0
3674	We should legalize sex selection	in favor of	sex selection is a safe tool to help parents attain the family they dream of, thus should be legalized	0	1	0	0	0	0	1	0	0	0	6.0
7098	We should promote a plant-based diet	in favor of	While it is only promoted/suggested and not a mandatory, its ok.	0	0	0	0	0	0	1	0	0	0	6.0
32	We should abolish the three-strikes laws	against	this law keeps communities safe by not letting criminals run rampant with only slaps on the wrist	0	0	1	0	0	1	0	0	0	0	6.0
4671	Companies should fight moonlighting	in favor of	Companies fear information and sensitive data theft and the possibility of sharing it with their rival companies.	1	1	1	0	0	0	1	0	0	0	6.0
1895	We should stop the development of autonomous cars	in favor of	we should stop the development of autonomous cars because autonomous cars are bad idea, very dangerous	0	0	1	0	0	1	0	0	0	0	6.0
3606	We should stop the development of autonomous cars	in favor of	we should stop the development of autonomous cars because they won't be able to react in some emergency situations like people will	1	0	0	0	0	1	0	0	0	0	6.0
6423	Surrogacy should be banned	in favor of	people who are against surrogacy believe that surrogacy forces the surrogate to emotionally detach herself from the baby and therefore she is unable to form a natural bond with the child	0	1	0	0	0	1	0	0	0	0	6.0
2537	We should legalize sex selection	against	sex selection should not be legalized as it is counter to biblical teachings	0	0	1	0	0	0	0	0	1	0	6.0
6700	Foster care brings more harm than good	against	foster care brings love and warmth to children who really need it and to give them a chance to have a normal family	0	1	0	0	0	1	0	0	0	0	6.0
6224	Assisted suicide should be a criminal offence	against	if somebody is going to commit suicide anyway they should be able to do it safely with assistance	0	1	0	0	0	1	1	0	0	0	6.0
6024	We should abandon television	in favor of	Too much television viewing causes people to become lazy and unable to think for themselves.	1	0	0	0	0	0	1	0	0	0	6.0
873	We should legalize cannabis	in favor of	legalizing cannabis will make it easier for those who need it for medical reasons to acquire it.	0	0	0	0	0	1	1	0	0	0	6.0
4780	Aadhaar should be made mandatory in India	in favor of	Reduction of complexity in filling ITR's:	1	0	0	0	0	0	0	0	0	0	6.0
427	We should limit judicial activism	against	judicial activism must be supported by all means because judges  knows law and they acting inside the law by judicial activism.	0	0	1	0	0	1	0	0	0	0	6.0
2546	We should abolish intellectual property rights	against	intellectual property rights protect someone's research and hard work ensuring that they can be recognized and recompensed for their efforts.	1	0	0	0	1	0	1	0	0	0	6.0
4767	Stray animals should be killed	in favor of	Stray dogs are often carriers of diseases because of the lack of care.	0	0	0	0	0	1	0	0	0	0	6.0
3030	We should abolish intellectual property rights	against	intellectual property rights should never be abolished in order to protect the successes of a businesses.	1	0	0	0	1	0	1	0	0	0	6.0
6744	Surrogacy should be banned	in favor of	surrogacy is not regulated and can have unforeseen negative outcomes.	0	1	0	0	1	1	0	0	0	0	6.0
4025	We should ban fast food	in favor of	fast food is unhealthy, cheap and easy to find and it needs to be banned	0	0	0	0	0	1	0	0	0	0	6.0
2859	We should ban telemarketing	in favor of	telemarketing is an annoyance and unnecessary approach	0	1	0	0	0	1	0	0	0	0	6.0
441	We should adopt a zero-tolerance policy in schools	in favor of	zero-tolerance policies are helpful as they stop children misbehaving	0	0	1	0	0	0	0	0	0	0	6.0
1614	We should limit executive compensation	against	executives are the primary reason a company is successful or not.  their pay is usually justifiable.	1	0	0	0	1	0	0	0	0	0	6.0
3893	We should abandon the use of school uniform	in favor of	people should be able to wear whatever they want.  a school uniform stunts students' creativity.	0	0	0	0	0	0	1	1	0	0	6.0
2996	We should ban human cloning	in favor of	by copying something you can not get a pure copy.  each copy that is made is worse then the other meaning that no one knows what can happen with cloning.	1	0	0	0	0	0	0	0	0	0	6.0
5302	The EU should be a permanent member of the UN Security Council	in favor of	It should be the common goal of EU diplomacy to change the workings of the UN as it is. The security council is a relict of the emerging post-WW2 order and the influence of the Cold War.	1	1	0	0	1	1	0	0	0	0	6.0
5616	Holocaust denial should be a criminal offence	against	while it is terrible to deny what happened during the holocaust everyone is entitled to their opinions.	0	0	0	0	0	0	1	0	0	0	6.0
1605	We should adopt a multi-party system	against	a multi party system will lead to the rise of fringe groups that do not represent the will of the people.	0	0	1	0	0	1	0	0	1	0	6.0
3821	We should abolish intellectual property rights	against	people should be able to guarantee income from inventions to recover development cost	0	0	0	0	0	1	0	0	0	0	6.0
3718	We should adopt an austerity regime	in favor of	it is important to be sensible and restrained with public spending and ensure that a country lives within its means and maintains a solid balance of resources.	0	1	0	0	1	1	0	0	0	0	6.0
980	We should cancel pride parades	in favor of	pride parades are disruptive and cause chaos in towns where they are held.	0	0	1	0	0	1	0	0	0	0	6.0
2561	We should abolish the right to keep and bear arms	in favor of	Keeping and bearing arms is dangerous because accidents happen and people could die needlessly.	0	1	0	0	0	1	0	0	0	0	6.0
2425	We should subsidize Wikipedia	in favor of	wikipedia is a valuable common resource that need  more money to work better	1	0	0	0	0	0	1	0	0	0	6.0
907	We should ban telemarketing	against	we live in a capitalist country and telemarketing  is how many businesses grow and develop.	1	0	0	0	1	1	0	0	1	0	6.0
4611	We should subsidize higher education institutions	in favor of	Indians as a whole consider educational institutions as job machines, we expect to enter unemployed and come out with employment. We don’t realize that we will have to upgrade our skills to become worthy of employment. This is the reason that more than 80% of engineers are unemployable and the figures are even worse for the non-engineers.	1	0	0	0	0	0	0	0	0	0	6.0
5414	The vow of celibacy should be abandoned	against	keeping moral strength is important to society and refraining from sex is one way to do it	0	1	1	0	0	0	0	0	1	0	6.0
1548	We should ban algorithmic trading	in favor of	algorithmic trading removes the human element of common sense from trading patterns, which has caused many wild mini-crashes and market fluctuations.	1	1	1	0	1	1	0	0	0	0	6.0
4731	News channels are breaking rules to give Breaking news	in favor of	Reporters often try to make victims speak on the incident. Even in the cases of death, reporters rush to the incident and ask questions the victim's family, when they really need some space and time to grieve.	0	0	1	0	0	0	1	0	0	0	6.0
1902	We should ban missionary work	against	the missionary work bring the good idea for the people	0	1	0	0	0	0	0	0	1	0	6.0
2165	We should adopt an austerity regime	against	austerity regimes can cause widespread unemployment	0	0	0	0	1	1	0	0	0	0	6.0
7354	We should ease the education involution.	in favor of	Parents play an important role in the education in-volume, and parents with insufficient determination can easily be held hostage by the general environment and bring anxiety to their children, causing a vicious cycle.	1	1	0	0	0	1	0	0	0	0	6.0
1821	We should ban cosmetic surgery	against	As long as they use an accredited plastic surgeon, people should be able to do whatever they want with their bodies.	0	0	0	0	0	0	1	0	0	0	6.0
5625	The vow of celibacy should be abandoned	against	it is the bedrock of catholisism that priests are celibate and to abandon this would be expecting catholics to rethink or abandon their beliefs to their detriment.	0	0	0	0	0	0	0	0	1	0	6.0
303	We should oppose collectivism	in favor of	collectivism reduces productivity from individuals as they have no incentive to do better.	1	0	1	0	0	0	1	0	0	0	6.0
6091	Holocaust denial should be a criminal offence	in favor of	holocaust denial should be a criminal offence when a group or a person cause chaos where it cant lead up to murder so what better way is to make it as a criminal offence so no one dare to promote it	0	0	1	0	0	1	0	0	0	0	6.0
1636	We should abolish the Olympic Games	in favor of	the olympic games should be abolished as they have become a massive corporate sponsorship opportunity that is subject to bribery, cheating and politics	0	1	1	0	0	0	0	0	1	0	6.0
783	We should legalize sex selection	in favor of	sex selection should be allowed to those who want a certain gender.	0	1	0	0	1	0	1	0	0	0	6.0
5174	Imprisonment of foreign criminals should be carried out in their country	in favor of	This will relieve the European prison system. This would encourage many migrants to take responsibility for the laws of the host countries.	1	1	1	0	0	1	0	0	0	0	6.0
6765	Payday loans should be banned	against	without payday loans, many would fall behind in payments, including rent	0	0	0	0	0	1	0	0	0	0	6.0
2832	We should ban human cloning	against	This could provide organs for transplant patients in dire need as well as many other medical advancements.	1	0	0	0	0	1	1	0	0	0	6.0
4182	We should ban cosmetic surgery	against	people have a right to bodily autonomy and should make their own decisions about their bodies	0	0	0	0	0	0	1	0	0	0	6.0
6561	Homeschooling should be banned	against	homeschooling is a great way for kids to get an education if they live a great distance from the school or their parents can't commute there everyday due to money or distance.	1	0	0	0	0	1	0	0	0	0	6.0
1872	We should ban fast food	in favor of	fast food has brought so much health damage to our society that control of this type of food is necessary	1	1	0	0	0	1	0	0	0	0	6.0
2659	We should ban telemarketing	in favor of	telemarketers  try to force a product or service without caring if you even need it	0	1	1	0	0	0	0	0	0	0	6.0
4524	We should ban cosmetic surgery	against	some severe birth defect can be fixed by cosmetic surgery and these people have a right to live their life without the stigma of their  disformity tormenting them for their entire life.	0	1	0	0	0	1	1	0	0	0	6.0
6280	Payday loans should be banned	against	Payday loans should not be banned because people have a right to enter into contracts	0	0	0	0	0	0	1	0	0	0	6.0
6395	Homeschooling should be banned	in favor of	homeschooling is not a  viable option for students as many colleges do not recognize them as accredited.	1	1	0	0	0	1	0	0	0	0	6.0
3923	We should abolish the Olympic Games	in favor of	the olympic games put too much of a financial strain on host cities so they should be done away with	0	0	0	0	1	1	0	0	0	0	6.0
6675	Payday loans should be banned	against	if a person needs money between paydays for important things such as medical care, they should be able to take out a payday loan.	1	0	0	0	1	1	1	0	0	0	6.0
6209	Foster care brings more harm than good	against	foster care is open to children who have been lacking love from their parents. they are nurtured and given love by people who have a lot to offer	0	1	0	0	0	0	0	0	0	0	6.0
2835	We should ban missionary work	against	missionaries do great work and go to places that are often neglected by others	0	1	0	0	0	0	0	0	1	0	6.0
1156	We should legalize cannabis	in favor of	it`s been proven that cannabis has some relief who helping people suffering from terminal illness.	1	1	0	1	0	1	1	0	0	0	6.0
3920	We should ban private military companies	against	military companies provide valuable expertise to supplement the armed forces	1	1	0	0	0	1	0	0	0	0	6.0
3084	We should adopt libertarianism	against	we should not adopt libertarianism because the government would have too much control over people	0	0	0	0	0	0	1	0	0	0	6.0
4682	All countries should take responsibility for accepting refugees	in favor of	All countries should share the responsibility for refugees. Resettlement of the refugees should be done without much delay. They should be provided with skill development courses and employment opportunities to help them in living a dignified life.	1	1	0	0	0	1	0	0	0	0	6.0
7304	We should protect our privacy in the Internet age.	in favor of	The leaked personal information will be defrauded by fraud gangs to gain trust and carry out fraudulent activities.	0	0	1	0	0	1	1	0	0	0	6.0
5835	We should abandon television	in favor of	television encourages people to be lazy and as a consequence they put on weight.	0	0	1	0	0	1	0	0	0	0	6.0
3811	We should ban fast food	against	fast food is a treat that can be enjoyed when eaten sensibly and brings joy and social interaction.	0	0	0	1	0	1	0	0	0	0	6.0
2826	We should abolish the Olympic Games	against	the olympic games  are an important celebration of athleticism that the whole world can participate in.	0	0	0	1	0	1	0	1	0	0	6.0
6144	Social media brings more harm than good	in favor of	Social media brings more harm than good because social media distracts everyone from their daily lives	0	0	1	0	0	0	0	0	0	0	6.0
804	We should ban the use of child actors	in favor of	children should be at school and not working. we do not allow children to work in any other way and acting should be no different.	1	1	0	0	0	0	0	0	1	0	6.0
5013	The EU should focus more on ensuring the success of the internal market, and on improving its competitiveness	in favor of	The more dynamic the economy, the stronger the innovation and worldwide influence the EU will have, including soft power.	0	0	0	0	1	0	1	0	0	0	6.0
4599	India should store the data within the territorial boundaries of the country	against	Data localization may result in government surveillance of its citizens.	0	1	0	0	0	0	1	0	0	0	6.0
6201	The vow of celibacy should be abandoned	in favor of	the psychological consequences of celibacy are evident after several cases of pedophilia, i do not think the church should persist in this	0	1	1	0	0	1	0	0	0	0	6.0
6785	Homeschooling should be banned	in favor of	homeschooling makes it difficult for children to socially intereact with their peers.	1	1	0	0	0	1	0	0	0	0	6.0
4614	We should subsidize higher education institutions	in favor of	Indian students perform brilliantly when they go to different countries in the field of research. It means that we don’t lack talent, we lack infrastructure and a healthy environment for our sharp minds.	1	1	0	0	0	0	1	0	0	0	6.0
4045	We should ban telemarketing	in favor of	Telemarketing is a waste of time for all parties involved and  rarely results in a sale for the company doing the telemarketing and provides a disturbance in the lives of those who are called	1	0	1	1	0	0	1	0	0	0	6.0
6212	Foster care brings more harm than good	in favor of	foster care can be very traumatizing to kids if they get into a bad foster care facility.	0	0	0	0	0	1	0	0	0	0	6.0
2140	We should legalize prostitution	against	legalising prostitution could lead to more people becoming involved in organised crime.	0	0	1	0	0	1	0	0	0	0	6.0
2717	We should ban cosmetic surgery	in favor of	there are so many bogus cosmetic surgery out there that it needs to be banned before we have a bunch of freaks walking the earth.	0	1	1	0	0	1	0	0	0	0	6.0
653	We should oppose collectivism	in favor of	people should be encouraged to individuals	0	0	1	0	0	0	0	0	0	0	6.0
5574	Surrogacy should be banned	against	when a couple is not able to have their own kids by natural way, surrogacy is only the option and knowing that surrogacy should never be banned.	0	1	0	0	0	0	0	1	0	0	6.0
2266	We should abolish intellectual property rights	against	companies invest billions into research, if there are no rights it would dissuade companies from conducting research in the first place.	1	0	0	0	1	0	1	0	0	0	6.0
211	We should ban human cloning	in favor of	humans don't have the right to play god with genetics	0	0	1	0	0	0	0	0	0	0	6.0
3786	We should legalize prostitution	against	prostitution is extremely dangerous and keeping it illegal is in the best interest of society.	0	0	1	0	0	1	0	0	0	0	6.0
5387	Entrapment should be legalized	in favor of	anyone who commits a crime should be prosecuted	0	0	1	0	0	1	0	0	0	0	6.0
400	We should ban cosmetic surgery	against	we should not ban cosmetic surgery because there are some people that are seriously need it done to improve their lifestyles	0	0	0	1	0	1	1	1	0	0	6.0
223	We should abolish the right to keep and bear arms	against	we shouldn't abolish the right to keep and bear arms because it can help stop mass shootings if everyone has a gun	1	1	0	0	0	1	0	0	1	0	6.0
4483	We should end the use of economic sanctions	against	economic sanctions are useful to stop bad actions.	1	0	1	0	1	1	0	0	0	0	6.0
3835	We should subsidize Wikipedia	in favor of	wikipedia is the largest online encyclopedia in the world and we must ensure its proper functioning	1	0	0	0	0	0	1	0	0	0	6.0
7341	We should prevent the disorderly expansion of capital.	in favor of	Capital cannot be allowed to take advantage of the power of science and technology to form a monopoly in this particular field, allowing millions of hawkers to have their rice bowls taken away.	0	0	0	0	0	1	0	0	0	0	6.0
5182	The EU should recognize Taiwan as an independent sovereign state	in favor of	China is acting against European values and violating intellectual property rights.	0	0	1	0	0	0	0	0	1	0	6.0
4694	College education should be free for everyone	against	At present, private investments in education led to improvement in the quality of education. Without the commercialization of education, the quality of education may not improve much.	1	0	0	0	1	0	1	0	0	0	6.0
4254	We should ban telemarketing	against	telemarketing is a useful marketing tool for companies to gain new customers.	1	0	0	0	0	0	0	0	0	0	6.0
4710	India should accept Rohingya refugees	against	Allowing refugees is a potential security threat to any country. Refugees can be an easy prey to terrorists. They may take advantage of the situation and may carry out illegal activities using refugees.	0	0	1	0	0	1	0	0	0	0	6.0
5584	Foster care brings more harm than good	against	foster carers are by default caring people who do a lot of valuable work	0	0	1	0	0	1	0	1	0	0	6.0
5821	Homeopathy brings more harm than good	in favor of	if not used correctly and for the right symptoms, it could cause serious side effects or make a condition worse.	0	1	0	0	1	1	0	0	0	0	6.0
7337	We should prohibit capital monopoly.	against	Monopolies can sometimes protect the public interest in infrastructure areas such as energy and transportation, which are vital to the livelihood of the nation.	1	1	0	0	0	1	0	0	0	0	6.0
693	We should end mandatory retirement	against	mandatory retirement leaves openings in the job force for those that are stronger and more capable of doing the jobs.	1	1	0	0	1	0	0	0	0	0	6.0
1874	We should ban cosmetic surgery for minors	against	there are conditions where there is a functional impairment such as a deviated septum or cleft palate where surgery is necessary for functional and aesthetic reasons	0	1	0	0	0	1	0	0	0	0	6.0
151	We should abolish safe spaces	in favor of	safe places are not needed. people need to adjust to the world in which they live in and stop trying to always seek protection from the things they don't like.	1	1	0	0	0	0	1	1	0	0	6.0
4679	We should stop using cash	against	Technical issues in banking can halt access to our money. This can interfere with our daily lives.	0	0	0	1	1	1	1	1	0	0	6.0
5629	The vow of celibacy should be abandoned	against	celibacy allows the priest to be completely focused on his parish community without distraction.	1	1	1	0	0	0	0	0	1	0	6.0
6298	We should abandon television	against	Television is the gateway for many to news and education as well as entertainment, it still provides a very valuable function.	1	0	0	1	0	0	1	1	0	0	6.0
6985	Adultery should be criminalized	in favor of	Fear of law can deter people from committing adultery.	0	0	1	0	0	0	0	0	0	0	6.0
1214	We should ban cosmetic surgery	against	if people want to get work done it is their choice	0	0	0	1	0	0	1	1	0	0	6.0
5528	Social media brings more harm than good	against	social media is a wonderful thing.   people have a chance to communicate with their favorite celebrities.   they find new friendships, share life events, and have discussions about current events.	0	1	0	1	0	1	0	1	0	0	6.0
3848	We should legalize organ trade	in favor of	we should legalise organ trade because it could save so many lives.	0	0	0	0	0	1	0	0	0	0	6.0
4931	We need an integrated migration and border policy.	in favor of	The EU member states need to lift together instead of trying to push the burdens onto each other or external nations.	0	1	0	0	0	0	0	0	0	0	6.0
3823	We should abolish safe spaces	against	in this world of bullying and political devisivness, people need places to go feel safe	0	0	0	0	0	1	0	0	0	0	6.0
7296	We should ban the trading of virtual currencies.	against	The organizational structure brought about by the blockchain distributed technology replaces what a beautiful society this is. There is no corruption and it discards all the disadvantages of centralization.	1	0	0	0	1	1	0	0	0	0	6.0
3765	We should legalize cannabis	in favor of	Legalizing cannabis would allow the authorities to control the quality and strength of the product making it safer to use and could also collect tax from the sale.	1	0	0	0	1	1	0	0	0	0	6.0
2990	We should adopt libertarianism	against	libertarianism promotes self interest and not that of society as a whole	0	0	0	0	1	1	1	0	0	0	6.0
6095	Assisted suicide should be a criminal offence	against	it is more humane to help the person die than to let them suffer excruciating pain	0	1	0	0	0	1	1	0	0	0	6.0
4404	We should ban factory farming	against	we want cheap food that is readily available at a reasonable price. these methods are cost cutters.	1	0	0	0	0	1	0	0	0	0	6.0
5114	The EU needs more effective policies to combat online hate speech	against	I have advice on how you can defend against anything on the Internet. Turn it OFF. And one more piece of advice, try to study something about freedom and responsibility, they are not just mere words. Plato, Socrates, Hayek, Borovský, Auberon Herbert, Herbert Spencer, Roger Scruton, Ronald Reagan (speeches), Ben Shapiro, Jordan Peterson ... There are texts thousands of years old and also recent books ... you can start anywhere you wish ...	1	1	0	0	0	0	1	0	0	0	6.0
5523	Holocaust denial should be a criminal offence	against	People have the right to free speech even if their perspectives are vile and abhorrent. This means the state can't criminalize holocaust denial.	0	0	0	0	0	0	1	0	0	0	6.0
5744	We should abandon television	in favor of	television makes people lazy and they get fat	1	0	1	0	0	1	1	0	0	0	6.0
987	We should subsidize Wikipedia	in favor of	we should subsidize wikipedia because everyone in the world knows it as a household name and if the government pays for libraries why cant they pay for wikipedia which contains probably more information.	1	0	0	0	1	1	1	0	0	0	6.0
1979	We should abolish the Olympic Games	against	olympic games is useful to countries as it provides a boost to the countries economy by the increased tourism during the time of the tournament.	1	0	0	0	1	0	0	0	0	0	6.0
4695	India should have 'One Nation - One Election' policy 	in favor of	Less disruption to public life, less road traffic, and less loss to our economy. As all the government staff can be used at a single time, we can also increase vigilance, and factors like black money, booth capturing, etc. can be reduced.	1	0	1	0	1	1	1	0	0	0	6.0
5680	Foster care brings more harm than good	against	it can help give a child from a broken home a more stable environment in which they can live a better life	0	0	0	0	0	1	0	0	0	0	6.0
4508	We should adopt an austerity regime	in favor of	we as a nation have been able to spend and borrow far too freely and that has caused nationally.	0	0	0	0	1	1	0	0	0	0	6.0
203	We should subsidize Wikipedia	in favor of	wikipedia is valuable knowledge resource that should not be allowed to go under due to lack of resources and so should be subsidized	1	1	0	0	0	0	1	0	0	0	6.0
3369	We should ban the use of child actors	against	child actors should not be banned just because of a few bad apples.  with good direction, these actors can go on to pay their own college costs and become responsible citizens.	1	1	0	0	0	1	1	0	0	0	6.0
5948	Social media brings more harm than good	against	Social media brings people together who are separated by great distances.	0	1	0	0	0	1	0	1	0	0	6.0
1947	We should ban algorithmic trading	in favor of	this form of trading removes the human element which can have dangerous consequences.	1	1	0	0	1	0	0	0	0	0	6.0
2095	We should ban the use of child actors	against	without child actors there will be no characters for actual children to relate to	1	1	0	0	1	0	1	1	0	0	6.0
6704	The vow of celibacy should be abandoned	against	a vow of celibacy is necessary to the clergy so they can focus every bit of their lives to the church and to god without human distractions.	1	1	1	0	0	0	0	0	1	0	6.0
4556	We should ban whaling	against	whaling is profitable for the people that do it and would result in a loss of income and tradition.	0	0	0	0	1	1	0	0	1	0	6.0
6418	Blockade of the Gaza Strip should be ended	in favor of	blockade of the gaza strip should be ended because it's causing a humanitarian crisis.  basic needs of the people are not being met because of it.	0	0	0	0	0	1	0	0	0	0	6.0
3862	We should abandon the use of school uniform	against	School uniforms can alleviate peer pressure due to clothing choices.	0	0	1	0	0	1	0	0	0	0	6.0
4959	We do not want immigration from non-European or non-first-world countries 	in favor of	No more non-European immigration. The native Europeans have said NO.	0	0	0	0	1	0	1	0	1	0	6.0
6889	The use of public defenders should be mandatory	in favor of	The use of public defenders should be mandatory because it would encourage more of the best law students to become public defenders, if they want to be defense attorneys.	1	0	0	0	0	0	0	0	0	0	6.0
332	We should ban factory farming	against	factory farming is efficient and lowers food production costs.	0	1	0	0	1	0	0	0	0	0	6.0
7051	We should promote a culture of exchange and sharing of goods and services	in favor of	In this case, the service generates profit, not the product.	1	0	1	0	1	0	0	0	0	0	6.0
4973	We need a combined education and migration policy for Africa and the Middle East.	against	The demographic problems for the EU, which are real, must be solved by encouraging child-bearing and a generous family policy, not through migration. We must celebrate motherhood and Moms. We must realize that raising a child involves serious costs in today's Europe.	0	1	0	0	0	1	0	0	0	0	6.0
6150	Assisted suicide should be a criminal offence	against	assisted suicide shouldn't be a criminal offence because it allows the patient to have control over their final decisions	0	0	0	0	0	0	1	0	0	0	6.0
4974	We do not need immigration from non-European or non-first-world countries. 	in favor of	Multiculturalism creates chaos wherever it exists. Sweden's Stockholm has become the Rape Capital of the West, and the number of bombs and shootings has skyrocketed as well in that country. France is bordering on civil war, whole territories are not under state control anymore. Europe needs to stop migration and asylum indefinitely. We need to put our European peoples first, much like the entire world is doing while our civilization is committing suicide based on values imposed by sanctimonious narcissists. 	0	0	0	0	0	1	0	0	0	0	6.0
1830	We should abolish the right to keep and bear arms	in favor of	there is no rational purpose for arming the populace; it causes more problems than it solves.	0	0	1	0	0	1	0	0	0	0	6.0
2143	We should ban cosmetic surgery for minors	in favor of	it is a decision that only parents can make until they are old enough to decide	0	1	1	0	1	0	0	0	0	0	6.0
3508	We should ban cosmetic surgery	in favor of	cosmetic surgery is taking unnecessary risks.	0	0	0	0	0	1	0	0	0	0	6.0
6172	We should abandon television	against	there has always been types of entertainment and escape.  whether reading books, watching a play, or even attending a bullfight all are a way to enjoy.  tv is just another form of entertainment.	0	0	0	1	0	0	0	1	1	0	6.0
4982	There should be no immigration from non-European or non-first-world countries 	in favor of	We need to agree that people who do not respect our immigration law are detained in centers for repatriation.	0	0	1	0	0	1	0	0	0	0	6.0
4004	We should abolish the three-strikes laws	against	we need to take control of criminals and hold them responsible for their actions.	1	1	0	0	1	1	0	0	0	0	6.0
5864	Holocaust denial should be a criminal offence	against	why should anyone be told they cannot deny something even if it happened?  freedom of speech, surely.	0	0	0	0	0	0	1	0	0	0	6.0
6104	The vow of celibacy should be abandoned	against	the vow of celibacy is critical to keeping the priest focused on spiritual matters that are central to his responsibilities in the church and to his congregation.	1	1	1	0	0	0	0	0	1	0	6.0
1852	We should abolish the right to keep and bear arms	against	in a dangerous society, surely a person has the right to protect themselves and their family - this was the initial reasoning behind enshrining 'the right to keep and bear arms', and nothing has changed.	0	1	1	0	0	1	0	0	1	0	6.0
4507	We should ban the use of child actors	against	many films and television shows have child roles which could only be filled by children. as long as the children are protected it means that the finished product will have higher artistic integrity.	1	0	0	1	0	0	1	0	0	0	6.0
6476	Social media brings more harm than good	against	social media brings more good than harm because users are able to keep in touch with family and friends who do not live close to them.	0	1	0	1	0	1	1	0	0	0	6.0
2404	We should cancel pride parades	in favor of	pride parades send the wrong message to young  children.	0	1	0	0	0	0	0	0	0	0	6.0
3618	We should subsidize embryonic stem cell research	in favor of	we should subsidize embryonic stem cell research so that it can continue research into finding solutions to complex medical needs.	1	0	0	0	0	1	1	0	0	0	6.0
2380	We should end mandatory retirement	in favor of	people should be allowed to retire when they are ready	0	0	0	0	0	0	1	0	0	0	6.0
1122	We should adopt libertarianism	in favor of	libertarianism frees citizens and business owners from expensive regulations	0	0	0	0	1	1	1	0	0	0	6.0
5298	We need an inclusive language for all citizens of the world: the Esperanto.	against	We have already English as a language of exchange.	0	0	0	0	0	1	0	0	1	0	6.0
5730	The vow of celibacy should be abandoned	in favor of	the vow of celibacy is an outdated thinking	0	1	0	1	0	0	1	0	0	0	6.0
6253	The vow of celibacy should be abandoned	against	celibacy is connection to the god and any banning on it would be sin and should not be touched.	0	0	1	0	0	0	0	0	1	0	6.0
384	We should legalize organ trade	against	Selling organs is dangerous, leading to many deaths on the operating table.	0	0	0	0	0	1	0	0	0	0	6.0
1919	We should abolish zoos	against	zoos are an excellent way to provide entertainment and togetherness for families. they provide activities that no other venue can provide. they should not be abolished.	0	1	0	1	0	1	0	1	0	0	6.0
5405	We should abandon television	in favor of	television should be abandoned because it is an outdated concept that is increasingly being replaced by on demand news and entertainment services	0	0	0	1	1	0	1	1	0	0	6.0
3308	We should abolish intellectual property rights	in favor of	we need to abolish intellectual property rights and let people innovate and create without having to worry about who owns what	0	0	0	0	0	0	1	0	0	0	6.0
52	We should abolish intellectual property rights	in favor of	ip rights enable large corporations to have a stranglehold over creators designs and work and should be abolished	0	0	0	0	0	0	1	0	0	0	6.0
4631	Artificial intelligence brings more harm than good	in favor of	The huge data we produce every day is analyzed and fed into our devices through algorithms that we end up giving more and more control of our lives to the gadgets. We may feel that we receive all these services for free, but they come at the cost of our precious time and attention.	0	0	0	1	0	1	1	0	0	0	6.0
4146	We should abolish capital punishment	in favor of	capital punishment is evil in all aspect of kid's life and should be banned by law and government across the world.	0	1	0	0	1	1	0	0	0	0	6.0
4064	We should subsidize student loans	in favor of	student loans are so unreasonibly expensive we need to help students with them.	0	1	0	0	1	1	0	0	0	0	6.0
1521	We should adopt libertarianism	in favor of	libertarianism maximizes personal freedom and frees people from the inherent debt and tyranny of big government.	0	0	0	0	0	1	1	0	0	0	6.0
4849	Immigrants should receive help from the EU through integration programs	in favor of	Working in sectors in ample need of workers, such as the agricultural fields, will help to integrate immigrants once their situation has been legalized. And above all, education is needed, an intensive integration education both in the language (of course) and also culture: history, philosophy, literature, etc.	1	0	0	0	1	1	1	0	1	0	6.0
2564	We should legalize prostitution	against	legalizing prostitution promotes the sex trafficking industry	0	0	1	0	0	1	0	0	0	0	6.0
2997	We should introduce compulsory voting	against	it should be the right of the individual whether to vote or not to vote.	0	0	0	0	0	0	1	0	0	0	6.0
2660	We should prohibit school prayer	in favor of	schools are part of the state system. since we have a legal obligation to keep the separation of church and state we can't allow prayer in schools as this would violate that.	0	0	1	0	0	0	1	0	0	0	6.0
70	We should ban cosmetic surgery	in favor of	cosmetic surgery is unnecessary and dangerous.	0	0	0	0	0	1	0	0	0	0	6.0
4367	We should subsidize journalism	in favor of	we ought to subsidize journalism to get young people interested in the field	1	0	0	0	0	0	1	0	0	0	6.0
6202	Surrogacy should be banned	in favor of	surrogacy can be used as a money making tool for the surrogate who may not be acting in the best intentions of the family who want the baby.	0	1	1	0	0	0	0	0	1	0	6.0
3488	We should adopt an austerity regime	in favor of	i believe we should adopt an austerity regime because our government has a tremendous debt and has proven over time that they are not capable to reducing the national debt.	0	0	0	0	1	1	0	0	0	0	6.0
88	We should ban fast food	against	fast food is sometimes the only way poor people can feed their families cheaply. if you ban it then you are taking away someone's only meal.	0	1	0	0	0	1	0	0	0	0	6.0
4328	We should subsidize student loans	against	no need to subsidize student loans, people can access education by using their own money and time	0	1	0	0	1	1	1	0	0	0	6.0
5462	We should subsidize vocational education	in favor of	vocational education is necessary to ensure that there is not a shortage of qualified trades people in the future, and a subsidy will make this a much more attractive option when deciding a career path.	1	1	0	0	0	1	1	1	0	0	6.0
6377	Payday loans should be banned	against	payday loans may off the only solution for someone that does not have any other means to avoid a monetary emergency.	0	1	0	0	0	1	0	0	0	0	6.0
5594	Payday loans should be banned	against	It is not the government's role to protect citizens from bad decisions.	0	1	0	0	1	0	1	0	0	0	6.0
5443	Entrapment should be legalized	in favor of	entrapment should be legalized because it can be useful to weed out all the criminals. if you are entrapped, your true self will show if you commit a crime.	0	0	0	0	0	1	0	0	0	0	6.0
1586	We should subsidize journalism	in favor of	journalism must be supported by the central government	0	0	0	0	1	1	0	0	0	0	6.0
2889	We should abolish the Olympic Games	in favor of	the olympic games should be abolished because they are a financial drain on host cities	0	0	1	0	0	1	0	0	0	0	6.0
55	We should adopt gender-neutral language	against	we should not adopt gender neutral language because were created as male and female	0	0	0	0	0	0	0	0	1	0	6.0
1081	We should subsidize student loans	in favor of	subsidised student loans would encourage everyone to go to university if they thought they wouldn't have any debt at the end of the studies.	1	0	0	0	0	1	1	0	0	0	6.0
4660	Social media is making us less social	in favor of	In the book “iGen”, it was mentioned that in the next decade we may see more young people who know just the right emoji for a situation — but not the right facial expression. This can become true if we prefer virtual life over real life.	1	0	1	0	0	1	0	0	0	0	6.0
5408	Social media brings more harm than good	in favor of	social media brings more harm than good because it causes people to judge themselves too harshly in comparison of the seemingly perfect lives of others online.	0	0	0	0	0	1	1	0	0	0	6.0
1260	We should adopt gender-neutral language	against	we should not adopt gender-neutral language because more people than not specify with a certain gender and want to be addressed as such.	0	0	0	0	0	0	1	0	1	0	6.0
3164	We should ban fast food	in favor of	fast food is bad for one's health and should be banned	0	0	0	0	0	1	0	0	0	0	6.0
3284	We should abolish the right to keep and bear arms	in favor of	The right to keep and bear arms should be abolished because when writing the Second Amendment the founding fathers couldn't have forseen the development of such destructive modern day weaponry.	0	0	1	0	0	1	0	0	0	0	6.0
5875	Homeschooling should be banned	in favor of	homeschooling doesnt get children enough interaction with people so they are more likely to be social outcasts	0	1	0	0	0	1	0	1	0	0	6.0
3495	We should ban cosmetic surgery for minors	in favor of	the drive around cosmetic surgery and body modification of minor should be nipped in the bud. a minor should be concerned about academics not cosmetics.	1	0	1	0	0	0	0	0	0	0	6.0
3291	We should abandon the use of school uniform	in favor of	school uniform does not allow for individuals to express themselves and grow as a person	0	0	0	0	0	0	1	1	0	0	6.0
560	We should end the use of economic sanctions	against	economic sanctions can help control financial situations	1	1	0	0	1	1	0	0	0	0	6.0
1417	We should subsidize space exploration	against	in times of austerity, no government can afford the costly exercise of subsidising space exploration.	0	0	0	0	1	1	0	0	0	0	6.0
1330	We should subsidize space exploration	in favor of	the future of the human race will rely on moving to other planets in the future therefore we need to subsidize space exploration to speed up research.	1	0	0	0	0	1	1	0	0	0	6.0
5527	We should abandon television	in favor of	television rots peoples brains so should be abandoned.	1	0	0	0	0	0	1	0	0	0	6.0
3098	We should adopt atheism	against	atheism should not be adopted as it would be offensive to various religious groups.	0	0	1	0	0	0	0	0	1	0	6.0
2905	We should prohibit school prayer	against	Prayer can be a good way to unite a school and help children to focus on the day ahead.	1	0	1	0	0	1	0	0	1	0	6.0
1894	We should oppose collectivism	in favor of	collectivism provides no incentive for people to work hard because they have no opportunity to become wealthy.	1	0	0	0	1	0	1	0	0	0	6.0
1925	We should adopt a multi-party system	against	if it ain't broke, don't fix it. it is working and has for a long time.	1	0	0	0	0	1	0	0	1	0	6.0
6472	Entrapment should be legalized	in favor of	it should be legal so that police can get all the drug dealers off the streets	0	0	1	0	0	1	0	0	0	0	6.0
124	We should abolish the right to keep and bear arms	in favor of	it will decrease the number of crimes and violence on the streets	0	0	0	0	0	1	0	0	0	0	6.0
1641	We should ban the use of child actors	in favor of	child actors are robbed of their childhood and can face much emotional turmoil as an adult from missing this important step in childhood.	0	0	0	1	0	1	1	1	0	0	6.0
3008	We should adopt a multi-party system	against	a multi-party system could lead to more situations where a majority is not reached. this means that it could be harder to push policies through.	1	0	0	0	0	1	0	0	0	0	6.0
5500	We should abandon television	in favor of	television causes eye problems due to watching a screen	0	0	0	0	0	1	0	0	0	0	6.0
1547	We should legalize prostitution	against	legalizing prostitution would lead to an increase of child abductions for the sex trade.	0	0	1	0	0	1	0	0	0	0	6.0
3289	We should abolish intellectual property rights	against	intellectual property rights are vital to protect innovation from those wishing to exploit it further along the developmental cycle, and equally vital to encourage entrepreneurs in the first place.	1	0	1	0	0	0	1	0	0	0	6.0
3520	We should ban the use of child actors	in favor of	children should be free to have fun and enjoy life not made to work in hire pressure situations so we should ban the use of child actors.	1	0	0	1	0	1	1	1	0	0	6.0
6391	Homeopathy brings more harm than good	in favor of	people believe it is helping when it is not	0	1	0	0	0	1	0	0	0	0	6.0
6415	Homeopathy brings more harm than good	in favor of	none of the products have been tested and some actually have very harmful effects.	0	0	1	0	0	1	0	0	0	0	6.0
6495	Social media brings more harm than good	against	social media allows people to stay connected with family members who live a long distance apart.	0	1	0	0	0	1	0	0	0	0	6.0
2436	We should limit executive compensation	against	Executives put more of their time, effort and life to put their company at the top. This effort really merits to be recognized. Only through a high compensation is their efforts be recognized	0	0	0	0	1	0	0	0	0	0	6.0
6748	Surrogacy should be banned	against	Surrogacy is a perfect solution for couples who went through hell trying to conceive with no success.	1	1	0	0	0	1	0	0	0	0	6.0
3135	We should ban the Church of Scientology	against	like other churches, the church of scientology needs to be protected via the separation of church and state.	0	0	1	0	0	0	0	0	1	0	6.0
2377	We should abolish the Olympic Games	against	the olympic games provide employment of many people and are entertaining	1	0	0	1	0	1	0	0	0	0	6.0
3211	We should introduce compulsory voting	against	many people are uninformed about the issues and we are better off with them not voting	1	1	0	0	0	1	1	0	0	0	6.0
5993	Surrogacy should be banned	against	surrogacy helps those not able to conceive have a family.	0	1	0	0	0	0	1	0	0	0	6.0
6978	Temples in India can have Gender-Specific rules	in favor of	Some temples have their own reasons. For example, if we take Sabarimala, Lord Ayyappan is a celibate. So, the temple management opines that allowing women to this temple is against God's will.	0	0	1	0	0	0	1	0	1	0	6.0
6987	Adultery should be criminalized	against	Families will be broke if one of the parent sends the other one to jail. It creates a lot of mental trauma to the children involved.	0	1	0	0	0	1	0	0	0	0	6.0
5946	We should abandon television	in favor of	television should be abandoned because it causes people to be lazy and unproductive in their lives.	1	1	1	0	0	1	0	0	0	0	6.0
4937	We need legal ways of migration.	against	Migrants willingly risk their lives.	0	0	0	0	0	0	1	0	0	0	6.0
2910	We should adopt an austerity regime	against	to build for the future we need to cut austerity and invest money and resources now.	0	0	0	0	1	1	1	0	0	0	6.0
5916	The vow of celibacy should be abandoned	against	the vow of celibacy is necessary for those embracing a religious career, it helps them focusing on spiritual matters rather than physical needs	0	0	1	0	0	0	0	0	1	0	6.0
1864	We should abolish the right to keep and bear arms	against	the right to keep and bear arms is the bedrock constitutional right of every person both to protect themselves and their families, and banning this would infringe on civil liberties.	0	0	0	0	0	0	1	0	1	0	6.0
6439	The use of public defenders should be mandatory	against	making a public defender mandatory takes away choice from those who may wish to find their own attorney or even just represent themselves.	0	0	0	0	0	0	1	0	0	0	6.0
2625	We should ban human cloning	in favor of	human cloning should be banned as it is equivalent to playing god.	0	1	1	0	0	0	0	0	0	0	6.0
1950	We should ban cosmetic surgery for minors	in favor of	minors are too young to make these choices	0	1	1	0	1	1	0	0	0	0	6.0
3890	We should ban private military companies	in favor of	we should ban private military companies because they may not have the same ideas as our country does	0	1	1	0	0	1	0	0	0	0	6.0
5854	Homeschooling should be banned	against	homeschooling is best for children where the schools in the area are not conducive to learning	0	1	0	0	0	0	1	0	0	0	6.0
6411	We should abandon television	in favor of	television is full of brain numbing reality tv that is a bad influence on the young so we should abandon it	1	0	0	0	0	0	1	0	0	0	6.0
1305	We should ban telemarketing	against	Banning telemarketing will create job losses for many people who work in this industry.	1	0	0	0	1	1	1	0	0	0	6.0
172	We should abandon the use of school uniform	against	school uniforms are a good way to keep our kids from looking too sexualized from what they wear	0	0	1	0	0	1	0	0	1	0	6.0
6482	We should subsidize vocational education	in favor of	vocational education is necessary to train workers for skilled work such as plumbing and electrical trades.	1	0	0	0	0	0	1	0	0	0	6.0
3306	We should adopt a multi-party system	against	a multiparty system would be too decentralized	0	0	0	0	1	1	0	0	0	0	6.0
6170	Intelligence tests bring more harm than good	against	Intelligence tests allow employers to select and sort job candidates into roles that are best suited for their ability.	1	0	0	0	0	0	0	0	0	0	6.0
2394	We should legalize prostitution	against	prostitution is immoral and goes against all the values ​​of a decent society	0	0	1	0	0	1	0	0	1	0	6.0
3557	We should adopt a zero-tolerance policy in schools	in favor of	a zero-tolerance policy in school would improve behaviour and thus improve results.	1	1	1	0	0	0	0	0	0	0	6.0
4132	We should stop the development of autonomous cars	in favor of	autonomous cars are dangerous, more dangerous than a single person could ever be.  we're trusting a computer program to make life and death decisions.	1	0	0	0	0	1	0	0	0	0	6.0
6686	Foster care brings more harm than good	in favor of	children should be allowed to stay with their parents foster care takes them away	0	1	0	0	0	1	1	0	1	0	6.0
2831	We should abolish the right to keep and bear arms	against	the right to keep and bear arms is an american constitutional right to protect one's self and family and this right should not be violated.	0	1	1	0	0	1	1	0	0	0	6.0
338	We should subsidize embryonic stem cell research	in favor of	we should subsidize embryonic stem cell research because it is necessary for the betterment of the human race. we may find cures for aging, diseases, or create new stronger genes.	1	0	0	0	0	1	1	0	0	0	6.0
6818	Entrapment should be legalized	in favor of	entrapment could help put criminals behind bars.	0	0	0	0	0	1	0	0	0	0	6.0
2024	We should subsidize student loans	against	if we subsidize student loans we could create parasites that never get a degree just to maintain the state subsidy	1	0	1	0	0	1	0	0	0	0	6.0
770	We should ban the use of child actors	against	banning child actors would limit movies and tv shows. anything with children in the story would be unable to be made. television and movies for children would no longer exist either.	0	0	0	1	0	0	1	0	0	0	6.0
13	We should subsidize journalism	in favor of	It is important for news organizations to transfer to new forms of media, like the internet, but it is costly and requires subsidization.	0	0	0	0	0	0	1	0	0	0	6.0
2441	We should legalize organ trade	in favor of	We should legalize the organ trade so that operations are performed safely by licensed physicians in hospitals.	1	1	1	0	0	1	0	0	0	0	6.0
2157	We should ban the Church of Scientology	against	people should be free to worship and pray in any way that they choose, it is a fundamental right.	0	0	1	0	0	0	1	0	1	0	6.0
1923	We should adopt an austerity regime	against	austerity makes times tougher for everyone.	1	1	0	1	0	1	1	1	0	0	6.0
2385	We should stop the development of autonomous cars	in favor of	autonomous cars will  destroy millions of jobs of truck and taxi drivers.	0	1	0	0	1	1	0	0	0	0	6.0
1178	We should ban telemarketing	against	we shouldn't ban telemarketing because it is a useful way to make sales and it isn't overly abusive to people	1	0	0	0	1	0	0	0	0	0	6.0
425	We should adopt a multi-party system	against	amulti-party system can lead to unstable coalitions in order to get into power	0	0	0	0	0	1	0	0	0	0	6.0
377	We should ban algorithmic trading	against	algorithmic trading is cost effective because it is timely and accurate.	1	1	0	0	1	0	0	0	0	0	6.0
5129	The current differing legal cultures of the Member States need to be developed into a common legal culture in Europe	against	Legal traditions are different for a reason. They are the result of centuries of organic legal evolution. They cannot be overwritten with a stroke of a pen. 	0	0	1	0	0	0	0	0	1	0	6.0
1116	We should ban cosmetic surgery for minors	in favor of	minors cannot be trusted to make decisions about cosmetic surgery that may affect them adversely as they grow up.	0	1	1	0	0	1	0	0	0	0	6.0
1248	We should end the use of economic sanctions	against	we should not end the use of economic sanctions because they help the nations with exports and imports of goods	0	1	0	0	1	1	0	0	0	0	6.0
5353	We need legal ways of migration.	against	Migrants sell drugs.	0	1	1	0	0	1	0	0	0	0	6.0
2917	We should ban algorithmic trading	in favor of	algorithimic trading, which to all intents and purposes is nothing more than ai-enabled gambling, makes a volatile, destructive and unethical trade even more so.	0	0	1	0	1	1	0	0	0	0	6.0
3313	We should cancel pride parades	in favor of	they lead to an inconvenience to road users	0	0	1	0	0	1	1	0	0	0	6.0
6596	Homeschooling should be banned	against	homeschooling provides a family that is close	0	1	0	0	0	1	0	0	1	0	6.0
2834	We should abolish safe spaces	against	safe places are good for students to be free from any conflicts	0	1	0	0	0	1	0	0	0	0	6.0
6892	Payday loans should be banned	against	customers have access to a financial option designed to cover small expenses that arise often and are unexpected should not be eliminated	0	0	0	0	0	1	1	0	0	0	6.0
3658	We should adopt a zero-tolerance policy in schools	against	students who are suspended will loose out on classes and might fail exams or even drop out of school as a result.	0	1	0	0	0	0	0	0	0	0	6.0
4536	We should adopt an austerity regime	against	we should not adopt an austerity regime because it will affect the general populations tremendously, severe recession and many other problems	0	0	0	0	1	1	0	0	0	0	6.0
5203	We need a better distribution of refugees	against	Illegal immigrants have to be returned to UN refugee camps.   	1	1	1	0	0	1	0	0	0	0	6.0
4076	We should abolish the three-strikes laws	against	not everyone can be reformed.  some people are a danger to society, and two failed attempts at reform is far more than they deserve.	0	0	0	0	0	1	0	0	0	0	6.0
4090	We should legalize prostitution	against	we should not legalize prostitution why do we have to do this are there any countries now that  made prostitution legal?	0	0	1	0	0	0	0	0	1	0	6.0
2744	We should subsidize student loans	in favor of	for some students taking a student loan is the only way to afford studying	1	0	0	0	0	1	1	0	0	0	6.0
5175	The EU needs tougher border protection	against	Building walls is a sign of fear and weakness.	1	0	1	0	0	0	0	0	0	0	6.0
5260	The 9th of May (Europe Day) should be a national holiday	in favor of	It is necessary to make Europe Day on May 9th a holiday day. It should replace the respective national holiday of a member country.	0	0	0	0	0	1	0	0	0	0	6.0
5832	The vow of celibacy should be abandoned	against	this is a fundamental part of being a priest or nun. they don't need this distraction.	0	0	1	0	0	0	0	0	1	0	6.0
5615	Surrogacy should be banned	against	women that are capable of giving birth can help those women who are not	0	1	0	0	0	0	0	0	0	0	6.0
5719	Entrapment should be legalized	in favor of	valuable information can often be gained through entrapment	1	1	1	0	0	1	0	0	0	0	6.0
763	We should stop the development of autonomous cars	against	autonomous cars can give many people the freedom to drive without actually driving, so we should not stop making them.	1	1	0	1	0	1	1	1	0	0	6.0
1082	We should ban human cloning	against	we shouldn't ban human cloning as it could help aid genetic medical problems	1	1	0	0	0	1	0	0	0	0	6.0
5429	Entrapment should be legalized	in favor of	entrapment is sometimes a necessary tool to get the needed proof of criminal activity.	0	0	1	0	0	1	0	0	0	0	6.0
4756	Technology is rising Unemployment rates	in favor of	Several kinds of jobs are increasingly getting replaced by technology. As per the reports, there is a significant drop in the typists, weavers, construction workers etc.	0	0	0	0	0	1	0	0	0	0	6.0
2179	We should abandon the use of school uniform	against	School uniforms do not limit self-expression. Students still have weekends and holidays to pick their own outfits.	0	0	1	0	0	1	1	0	1	0	6.0
5896	Blockade of the Gaza Strip should be ended	against	blockade of the gaza strip should not be ended we need to protect israel at all cost, it is important.	0	0	0	0	0	1	0	0	1	0	6.0
6468	Surrogacy should be banned	in favor of	surrogacy should be banned. it puts women life in danger by turning them into making machines	0	0	0	0	0	1	0	0	0	0	6.0
3590	We should legalize prostitution	in favor of	prostitution is a noble work for women finding it hard to secure a job in this world becoming more and more hard and difficult	1	0	0	0	1	1	1	0	0	0	6.0
3048	We should ban the use of child actors	in favor of	children should be learning and playing, not working	0	1	0	1	0	0	1	0	0	0	6.0
3783	We should adopt libertarianism	in favor of	people should be free to live like they wish	0	0	0	0	0	0	1	0	0	0	6.0
7303	We should protect our privacy in the Internet age.	in favor of	In the era of IoT sharing economy, because of linking people and people, people and things, and things and things, the probability of the system being exploited and hacked is also increased.	0	0	0	0	0	1	0	0	0	0	6.0
179	We should adopt a multi-party system	against	adopting a multi-party system leads to the formation weak and unstable coalition governments	0	0	0	0	0	1	0	0	1	0	6.0
3555	We should adopt a multi-party system	in favor of	multi-party systems are proven around the world to work better	1	0	0	0	0	1	0	0	0	0	6.0
7176	We should increase the salaries of artisans	against	I think that people should grow, learn and move into better-paid jobs. Today there are fantastic opportunities, e.g. Artificial General Intelligence is being built, and human anti-aging and even rejuvenation therapies are being developed: these are only a few areas where the most pressing need of humanity is being met. People should move into such jobs. For the manual work - there are robots coming. We should not try to distort market forces and stop development.	1	1	0	0	0	1	1	0	0	0	6.0
3749	We should abolish zoos	against	zoos are good source of information for the public to learn about animals up close	1	0	0	0	0	0	1	0	0	0	6.0
2027	We should abolish the Olympic Games	against	the olympic games create a tourism boom for the host city which injects a lot of cash which can be used to better locals so it shouldn't be abolished.	1	0	0	0	1	1	0	0	0	0	6.0
2082	We should legalize organ trade	in favor of	adapting such a practice will abolish the black market where such a trade takes place.	0	1	1	0	0	1	0	0	0	0	6.0
4189	We should abolish intellectual property rights	against	those who produce intellectual projects have certain skills and abilities and should be able to profit from them	1	1	0	0	1	1	0	0	0	0	6.0
118	We should ban the Church of Scientology	in favor of	scientology is actually a wealthy cult and members are abused physically and financially.	0	0	0	0	0	1	1	0	0	0	6.0
5865	Intelligence tests bring more harm than good	against	intelligence tests often help children excel by allowing them to be placed in appropriate classes or programs based on their individual abilities.	1	1	0	0	0	0	0	0	0	0	6.0
3239	We should ban cosmetic surgery	against	cosmetic surgery is vital for people like burn victims to heal and feel more normal.	0	0	0	0	0	1	0	0	0	0	6.0
4194	We should adopt a zero-tolerance policy in schools	against	if a zero tolerance policy in schools is adopted, this will impinge on the rights of the pupils to challenge decisions they may deem unfair or unfit.	1	0	0	0	1	0	1	1	0	0	6.0
6340	The use of public defenders should be mandatory	against	if a person is able to afford better, more experienced attorneys to give them a better chance in court, then they should be able to.  public defenders are for those who can not afford the more expensive ones.	1	0	0	0	1	0	1	0	0	0	6.0
5395	The use of public defenders should be mandatory	against	a person accused of a crime should have the right to pick their own defense, whether that is to pick the defender they think will be most capable or that they find makes them more comfortable.	0	0	0	0	0	1	1	1	0	0	6.0
4281	We should ban whaling	against	whaling provides a lot of income for people that would then become unemployed if they couldn't do it anymore.	0	0	0	0	0	1	0	0	0	0	6.0
3120	We should stop the development of autonomous cars	in favor of	autonomous cars will always have the possibility to glitch out like any other computer, however in this instance the consequences are much more severe.	0	1	0	0	0	1	0	0	0	0	6.0
241	We should adopt an austerity regime	against	we should not adopt an austerity regime because people would end up with less money to pay the same amount of bills with.	0	0	0	0	1	1	1	0	0	0	6.0
6789	Homeschooling should be banned	in favor of	homeschooling simply provides an extra opportunity for parents to push extremist beliefs onto children.	1	0	1	0	0	0	1	0	0	0	6.0
2548	We should ban the use of child actors	against	i think the we shouldn't ban the use of child actors because is good for thier cultural formation	0	1	0	0	0	1	0	1	0	0	6.0
1270	We should ban factory farming	against	it is the only way we currently have to feed the masses.	1	1	0	0	0	1	0	0	0	0	6.0
5393	Foster care brings more harm than good	in favor of	foster care can be horrible for the child when moving from home to home and never settling down in one place.	0	1	0	0	0	1	0	0	0	0	6.0
2595	We should legalize sex selection	in favor of	We should legalize sex selection because there is no harm to third parties that the government needs to intervene to prevent.	0	1	0	0	0	1	1	0	0	0	6.0
3038	We should ban fast food	in favor of	fast foods are generally greasy and fattening.  by banning them it would help control some of the obesity in the country.	0	0	0	0	0	1	0	0	0	0	6.0
3538	We should ban factory farming	against	factory farming is a necessary tactic to provide the food resources our population requires, it does not need to be cruel, it can merely be efficient	1	1	0	0	0	1	0	0	0	0	6.0
1528	We should abolish intellectual property rights	against	creative work is just as important as physical work and authors should be compensated	1	0	0	0	1	0	1	0	0	0	6.0
2002	We should ban targeted killing	against	targeted killings could allow governments to take out high-profile targets before they can cause mass destruction.	0	0	0	0	0	1	0	0	0	0	6.0
36	We should ban fast food	in favor of	fast food is bad for adults and children and causes obesity and the risk of diabetes in many cases.	0	0	0	0	0	1	0	0	0	0	6.0
2664	We should abolish the right to keep and bear arms	against	gun ownership is a personal right and a form of personal protection in an ever-increasingly hostile and dangerous world.	0	1	0	0	0	1	1	0	0	0	6.0
3669	We should introduce compulsory voting	against	people should be given a choice whether they would like to vote or not, it would be undemocratic to not give the people a choice.	0	0	0	0	0	0	1	0	0	0	6.0
6111	Foster care brings more harm than good	in favor of	foster care can leave kids with behavioral problems	0	1	0	0	0	1	0	0	1	0	6.0
672	We should ban algorithmic trading	in favor of	algorithmic trading can cause unnatural market movements.	0	0	0	0	1	1	0	0	0	0	6.0
6433	We should abandon television	against	this is a free country. people have the choice to watch tv or not	0	0	0	0	0	0	1	0	0	0	6.0
1035	We should ban cosmetic surgery	against	cosmetic surgery boosts people's self esteem.	1	0	0	1	0	1	1	0	0	0	6.0
3361	We should ban whaling	against	banning whaling would take away a tradition from some cultures they've had for hundreds of years.	0	0	0	0	0	0	0	0	1	0	6.0
4957	We need an inclusive and pluralistic European society.	in favor of	There need to be some rules for integration:Integration does not mean completely open borders.	0	1	1	0	0	1	0	0	0	0	6.0
1770	We should subsidize journalism	against	we already are in high enough debt, we don't need to make it worse be subsidizing pointless things.	0	0	0	0	0	1	0	0	0	0	6.0
64	We should legalize organ trade	in favor of	if we legalize the organ trade we will save lives, by ensuring that more people who need an organ transplant actually get one.	0	0	0	0	0	1	1	0	0	0	6.0
3396	We should abolish the three-strikes laws	in favor of	Three-strike laws lead to expensive trials. Three-strike offenders will demand a court trial rather than accept a plea bargain (which costs a fraction of the price of a full-blown trial).	0	1	0	0	1	0	0	0	0	0	6.0
1897	We should ban telemarketing	in favor of	telemarketing is annoying to most people and takes away time from people's busy days.	0	1	1	0	0	0	0	0	0	0	6.0
2460	We should abolish the right to keep and bear arms	against	the right to keep and bear arms is a constitutional right and provides comfort and safety for families who use them responsibly.	0	1	0	0	0	1	1	0	1	0	6.0
5693	Homeopathy brings more harm than good	against	homeopathy has been proven to have a successful effect on many people, so if the end results are good it has to be worth a shot.	1	0	0	0	0	1	1	0	0	0	6.0
514	We should ban the use of child actors	in favor of	the use of child actors exploits a child and can have negative effects on them	0	1	0	0	0	0	1	0	0	0	6.0
2551	We should adopt atheism	against	people should have the freedom to believe in a way of their choice. atheism forces people to  believe in one way and this is not the principle of freedom  the usa was founded upon.	0	0	1	0	0	0	1	0	1	0	6.0
2970	We should oppose collectivism	against	collectivism gives one voice a louder voice by having others available for support	0	0	0	0	1	1	0	0	0	0	6.0
6756	Foster care brings more harm than good	against	foster care is the best option for children needing to not be with their own family.  they're far superior to a group home setting.	1	1	0	0	0	1	0	0	0	0	6.0
4812	Devices with batteries should be designed so that batteries can be replaced	in favor of	And not just the batteries. The EU should have an overall policy with a clear goal to restrict and reduce planned obsolescence. 	1	1	0	0	0	0	1	0	0	0	6.0
762	We should ban missionary work	in favor of	missionary work is dangerous and not necessary	1	0	0	0	0	1	0	0	0	0	6.0
1439	We should adopt a multi-party system	against	multiple parties will just confuse people and cause more divisiveness in society	0	0	0	0	0	1	0	0	0	0	6.0
3497	We should ban fast food	in favor of	fast food is high fat and unhealthy food	0	1	0	0	0	1	0	0	0	0	6.0
4344	We should subsidize student loans	in favor of	due to the obligations of the students it is sometimes difficult to get a job, we must help them pay their loans so that they do not leave school	1	0	0	0	0	1	0	0	0	0	6.0
2771	We should limit executive compensation	against	Executive level employees have worked hard to achieve the level they have  and should be compensated for this.	1	0	0	0	1	0	0	0	0	0	6.0
5805	Payday loans should be banned	in favor of	yes, you need to make workers aware of what they can really spend, no borrowing	0	0	1	0	0	1	0	0	0	0	6.0
815	We should ban cosmetic surgery for minors	in favor of	minors are too immature to make this decision	1	1	0	0	0	1	0	0	0	0	6.0
4148	We should subsidize student loans	in favor of	we should subsidize student loans because it can help them manage future finances	0	0	0	0	0	1	0	0	0	0	6.0
330	We should abandon the use of school uniform	in favor of	we should abandon the use of school uniform because people need to be free to express their thoughts on clothing	0	0	0	0	0	0	1	0	0	0	6.0
5819	Foster care brings more harm than good	against	Foster homes provide children with a community where they can talk, listen, cry, and laugh with other people who care about them	1	1	0	0	0	1	0	0	0	0	6.0
6005	Social media brings more harm than good	against	if used properly it can reunite old friends and family and bring much pleasure.	0	1	0	1	0	1	1	1	0	0	6.0
2830	We should stop the development of autonomous cars	in favor of	autonomous cars will never work and the development of said cars should be stopped. there are too many complex situations that will cause more crashes than what is currently happening.	1	1	0	0	0	1	0	0	0	0	6.0
2229	We should ban fast food	in favor of	fast food should be banned to fight obeisity.	0	0	0	0	0	1	0	0	0	0	6.0
2494	We should adopt libertarianism	in favor of	We should adopt libertarianism because individuals know their own best interests better than any third party.	0	0	0	0	0	0	1	0	0	0	6.0
2738	We should ban the Church of Scientology	against	we live in a free society where people should be allowed to practise whatever religion they choose.	0	0	0	0	0	0	1	0	1	0	6.0
6113	The vow of celibacy should be abandoned	in favor of	the vow of celibacy should be abandoned because it can cause issues in the relationship	0	1	0	1	0	0	0	1	0	0	6.0
351	We should end mandatory retirement	against	mandatory retirement is needed to keep businesses new and fresh with innovation from the younger generation.	1	0	0	0	1	0	1	0	0	0	6.0
1750	We should ban fast food	in favor of	banning fats food should be obligatory for all governments as hurting people health.	0	0	1	0	0	1	0	0	0	0	6.0
1735	We should adopt an austerity regime	against	We should not adopt an austerity regime because counter cyclical spending leads to better outcomes for the economy than austerity.	1	0	0	0	1	1	0	0	0	0	6.0
2573	We should ban algorithmic trading	against	algorithmic trading helps people trade with a smaller risk of financial losses.	1	1	0	0	1	0	0	0	0	0	6.0
5822	Surrogacy should be banned	against	surrogacy is the answer to prayers for many couples who cannot have their own child, the gift of a baby by the surrogate is the ultimate gift, the chance of a family.	0	1	0	0	0	0	0	0	0	0	6.0
6203	We should subsidize vocational education	in favor of	by subsidising training it may lead to more employers taking on trainees.	1	1	0	0	1	1	0	0	0	0	6.0
409	We should abolish the three-strikes laws	against	a criminal will think twice about committing a crime knowing that the next crime he commits might mean life imprisonment.	0	0	1	0	0	1	0	0	0	0	6.0
6474	We should abandon television	in favor of	television is a major reason that childhood obesity exists today.	0	1	1	0	0	1	0	0	0	0	6.0
3841	We should ban fast food	against	people should be able to choose what they put into their bodies.	0	0	0	0	0	0	1	0	0	0	6.0
6807	Foster care brings more harm than good	against	foster care helps many children that need love and support from others.	0	1	0	0	0	1	0	0	0	0	6.0
3053	We should legalize organ trade	in favor of	if we legalize the organ trade will will be able to save more lives and keep these organs out of the hands of the crime network.	0	0	1	0	0	1	0	0	0	0	6.0
49	We should cancel pride parades	in favor of	why should homosexuals have a pride parade?heterosexuals don't have them!	0	0	1	0	0	0	0	0	1	0	6.0
6795	Foster care brings more harm than good	in favor of	being placed with strangers can be traumatic	0	0	0	0	0	1	0	0	0	0	6.0
4781	Aadhaar should be made mandatory in India	against	Failed biometric authentication.	0	0	0	0	0	0	1	0	0	0	6.0
5162	Esperanto should replace English as the first foreign language in schools and universities	in favor of	To build a common European understanding and to create a European identity, we need our own common language. 	1	0	0	0	1	1	0	0	0	0	6.0
5710	The vow of celibacy should be abandoned	in favor of	normal men and women need the ability to respond to their sexual needs.	0	1	0	1	0	1	0	0	0	0	6.0
2294	We should ban cosmetic surgery	against	cosmetic surgery helps to reconstruct physical aspects such as a person who has had a mastectomy and wants  surgery to restore their breats.	0	1	0	1	0	1	1	1	0	0	6.0
6555	Assisted suicide should be a criminal offence	in favor of	Assisted suicide should be a criminal offence as if the person cannot make their own decisions and actions then it would be impossible to know if the person helping wasn't just murdering them.	0	0	0	0	0	1	0	0	0	0	6.0
2431	We should ban the use of child actors	against	children should be allowed to work in performing arts or professional sports, a ban does not make sense, nothing bad is being done	0	0	0	0	1	0	1	1	0	0	6.0
6560	Payday loans should be banned	in favor of	payday loans have such a high rate of interest that many people have to take out another loan to pay off the first, leaving them in an endless loop of debt	0	1	0	0	0	1	0	0	0	0	6.0
3900	We should legalize sex selection	in favor of	there seems to be no harm to wanting to choose the sex of your baby, particularly if there are hereditary diseases which affect your family that could be stopped by choosing one sex over the other.	0	1	0	0	0	1	1	0	0	0	6.0
835	We should adopt a zero-tolerance policy in schools	in favor of	Zero-tolerance policies may seem unfair to the individual but bad and risky behavior at schools spreads faster than wildfire. Sometimes we must make an example of an individual for the greater good.	0	0	1	0	1	0	0	0	0	0	6.0
6188	We should abandon television	against	millions of people depend on the television industry, abandoning it could create an economic crisis in some countries	1	0	0	0	1	1	0	0	0	0	6.0
7312	We should protect our privacy in the Internet age.	against	If the laws and regulations on privacy protection in one region or country are too stringent, it is likely to lead to the transfer of capital to another region or country.	0	0	0	0	1	0	0	0	0	0	6.0
4909	Serious crimes should lead to rapid expulsion from the EU	in favor of	Not only for committing, but also planning. Especially if an immigrant gets caught planning a terrorist act, he/she must be removed from EU permanently.	0	0	1	0	0	1	0	0	0	0	6.0
945	We should ban the Church of Scientology	in favor of	scientology is in fact a cult, cults need to be stopped.	0	0	0	0	1	1	1	0	0	0	6.0
4589	We should strengthen laws to fight against terrorism	in favor of	There is a need to act tough on terrorism amid growing threats from terrorists. So, strengthening UAPA is necessary.	0	0	0	0	1	1	0	0	0	0	6.0
5698	Homeschooling should be banned	in favor of	Homeschooling is not regulated and nobody can be sure that the kids have learned anything.	1	1	1	0	1	0	0	0	0	0	6.0
6189	Surrogacy should be banned	in favor of	Carrying a baby is an emotionally difficult experience. There are fluctuations in hormones, as well as the potential for depression during and after a pregnancy.	0	1	0	0	0	1	0	0	1	0	6.0
5474	We should subsidize vocational education	in favor of	Vocational schools teach students - in a relatively short amount of time - professions that have high earning potential. In two years or less, graduates can already be working and making money.	1	0	0	0	1	0	1	0	0	0	6.0
576	We should cancel pride parades	in favor of	pride parades can cause increased tensions which requires more police protection.  this can also cause fighting to break out.	0	0	0	0	0	1	0	0	0	0	6.0
5630	The vow of celibacy should be abandoned	against	celibacy holds many virtues, offers protection from disease as well as prevents unwanted pregnancies.	0	0	1	0	0	1	1	0	0	0	6.0
4581	Technology is making us feel less human	against	Technology is enabling us to work from home. This facility is helping employers to be more understanding towards employees. Many companies are now adding elements to work culture with the help of technology to make employees feel important.	0	0	0	0	0	1	1	0	0	0	6.0
2427	We should adopt a zero-tolerance policy in schools	in favor of	zero-tolerance policies provide a safe space	0	0	0	0	0	1	0	0	0	0	6.0
4252	We should ban private military companies	against	Private military companies provide weapons and other items needed by the military, without them, they would be ill equipped.	1	0	0	0	0	1	0	0	0	0	6.0
6332	We should subsidize vocational education	against	Subsidies should be given only if they lead to a general public good, and careers for a select few people who go to vocational schools do not qualify as a public good.	0	1	0	0	0	1	1	0	0	0	6.0
729	We should legalize cannabis	against	legalizing marijuana leads to more marijuana-related medical emergencies cases and unintentional cannabis overdose injuries among children	0	1	1	0	0	1	0	0	0	0	6.0
3702	We should subsidize embryonic stem cell research	in favor of	embryonic stem cells have already been proven to have the capability to save lives. with more research who knows how many more uses they could have in reducing illness and improving quality of life.	1	0	0	0	0	1	1	0	0	0	6.0
7175	We should protect the European border.	in favor of	Frontex is the way to protect the European border. It should completely take over every border, land, sea, and air. Otherwise, it will just take over all the good personnel of a member state, causing even more problems at the border.	1	0	0	0	0	0	0	0	0	0	6.0
5278	The EU should start accession negotiations with Russia	against	Russia in the EU? No, thanks!	0	1	0	0	0	0	1	0	0	0	6.0
3366	We should adopt a zero-tolerance policy in schools	in favor of	zero tolerance will improve educational standards and behaviour leading to better learning outcomes.	1	1	1	0	0	1	0	0	0	0	6.0
2500	We should subsidize embryonic stem cell research	in favor of	embryonic stem cell research is important in helping to cure diseases and defects.	1	1	0	0	0	1	0	0	0	0	6.0
3690	We should prohibit school prayer	against	school prayer brings people together in fostering an atmosphere of peace and understanding, and should be seen as a message of universality rather than an appeal to a single religion.	0	0	0	0	0	1	0	0	1	0	6.0
1733	We should abolish the Olympic Games	against	the olympic games provide addition income to small businesses.	1	0	0	0	1	0	0	0	0	0	6.0
2426	We should adopt atheism	against	the right to practice religion is a personal freedom that cannot be taken away as it is a source of comfort to many.	0	0	0	0	0	1	1	0	1	0	6.0
901	We should stop the development of autonomous cars	in favor of	autonomous cars have already caused multiple fatalities and are being used on public roads right now without being adequately tested. the makers are literally using human lives to beta test their products.	1	1	0	0	0	1	0	0	0	0	6.0
1454	We should adopt an austerity regime	in favor of	adopting an austerity regime is necessary when our country is struggling, it is the only was to ensure a flourishing economy in the future. ending the debt ensures our country does not collapse.	0	1	1	0	1	1	0	0	0	0	6.0
4643	We should forbid neo-banks	against	Since neo-banks are completely digital, they operate 24 hours a day and their services can be accessed at any time. They are easy to access from anywhere through a smartphone.	1	1	0	0	1	1	1	0	0	0	6.0
2631	We should ban fast food	against	fast food is a cheap treat and to ban it would be to take the joy out of life for many people.	0	0	0	1	0	1	0	0	0	0	6.0
2161	We should legalize organ trade	in favor of	if someone is willing to sell an organ that should be their right	0	0	0	0	1	0	1	0	0	0	6.0
2540	We should abolish intellectual property rights	in favor of	we should abolish intellectual property rights because it create more laws from the copyrights and keeping it protected	1	0	0	0	0	0	1	0	0	0	6.0
6038	Intelligence tests bring more harm than good	in favor of	intelligence test are not fully accurate.	1	1	0	0	0	0	0	0	0	0	6.0
5095	The EU needs a European research center	in favor of	it would help to further unite the nations.	1	1	0	0	0	1	0	0	0	0	6.0
4129	We should oppose collectivism	in favor of	While society and the collective may be long lasting, individuals are only afforded a single life, and therefore should prioritize that over the lives of others.	0	0	0	0	0	0	1	0	0	0	6.0
6441	Assisted suicide should be a criminal offence	in favor of	since suicide is illegal then anyone who assists it is also committing an illegal act	0	1	1	0	0	0	0	0	0	0	6.0
5576	Homeopathy brings more harm than good	against	homeopathy does not bring more harm than good because it is alternative medicine and some people believe that it is helpful in curing people	0	1	0	0	0	1	1	0	0	0	6.0
5306	The EU should strengthen its ties with Ukraine and prepare an EU membership of Ukraine.	in favor of	If people make a revolution for our system and values, we must support them. It is the Ukrainian people who decide their future, not Russia. In order to support them we need a European army and a common foreign policy.	1	1	0	0	1	0	1	0	0	0	6.0
2130	We should end mandatory retirement	against	mandatory retirement helps keep the number of workplace incidents down.	1	1	1	0	0	1	0	0	0	0	6.0
4499	We should oppose collectivism	against	collectivism utilizes the best from many sources	1	0	0	0	1	0	0	0	0	0	6.0
3634	We should stop the development of autonomous cars	in favor of	autonomous cars are dangerous and will only cause deaths.	0	1	0	0	0	1	0	0	0	0	6.0
2029	We should ban the Church of Scientology	against	freedom of religion is freedom of religion.  there is no picking and choosing based on how others feel about it.  let the people do as they please, even if it's church of scientology.	0	0	1	0	0	0	1	0	1	0	6.0
4403	We should ban cosmetic surgery	against	cosmetic surgery is a choice between a doctor and a patient, and laws should not be made that infringe on those choices.	0	0	0	0	0	0	1	0	0	0	6.0
3341	We should ban cosmetic surgery	in favor of	we should ban cosmetic surgery was dangeous inothe paid bad	0	1	0	0	0	1	0	0	0	0	6.0
5274	We need Integrated migration and border policy.	against	 Refugees can obtain a visa at an Embassy in one of the 54 African countries. All other immigrants must be returned within a week of arrival.	0	0	1	0	1	0	0	0	0	0	6.0
6951	Indian government should increase the minimum legal age of marriage for girls from 18 to 21 years	against	As per the government data of 2017, the average age of marriage for women is increased to 22.1 years. So, the change is voluntary. The change was mainly due to the improving education among women. So, the solution lies in encouraging education for girls, conducting awareness programs on the importance of education, financial independence and the consequences of teenage pregnancies should be conducted instead of passing a law to bring a real change in society.	1	0	0	0	0	0	1	0	0	0	6.0
2689	We should abolish intellectual property rights	against	if someone invents something they should be able to profit from it	1	0	0	0	1	0	0	0	0	0	6.0
5776	Homeopathy brings more harm than good	against	homeopathy does not cause harm, even the placebo effect has been shown to work for some patients if they believe that it will cure them	1	1	1	0	0	1	1	0	0	0	6.0
2603	We should ban cosmetic surgery	in favor of	cosmetic surgery is not needed, and vain.	0	1	0	0	0	0	0	0	0	0	6.0
3551	We should stop the development of autonomous cars	in favor of	we do not have the infrastructure required for a safe autonomous driving system how can we code the car to choose between one fatality and another it would destroy the taxi and delivery driver job market	1	1	0	0	0	1	0	0	0	0	6.0
4577	Technology is making us feel less human	in favor of	Our decision-making skills are also getting affected as we are now asking search engines to know what is best. We are depending on the knowledge base of the internet even at offices to finish the work at hand. This affects cognitive skills ( to think, read, learn, remember, and reason), which is an essential quality of humans.	1	0	0	0	0	0	1	0	0	0	6.0
6514	Homeopathy brings more harm than good	in favor of	to rely on what is mostly water to bring health benefits is not benefiting anyone except the seller of the homeopathic 'medicine'.	0	1	0	0	0	1	0	0	0	0	6.0
7197	We should recognize Esperanto as one of the cultural languages of EU citizens	in favor of	The more language communication skills around the closer we can get in this complicated world we live in. The fact it is a popular language around the world but not really recognized in Europe should change. I fully endorse its recognition in Europe.	1	0	0	0	0	1	1	0	0	0	6.0
6353	Surrogacy should be banned	against	A woman can and should decide on her own what to do with her body, and how she would like to use it. It's not the business of the government.	0	0	1	0	0	0	1	0	0	0	6.0
279	We should ban algorithmic trading	against	algorithmic trading provides people with more opportunities when it comes to trading.	0	1	0	0	0	0	1	0	0	0	6.0
5224	We need an immediate cessation of all immigration.	in favor of	The EU needs to establish a legal means of preventing illegal migration that is encouraged by the Turkish government and by privately funded NGOs, which are acting against the interest of the EU. 	0	0	1	0	0	1	0	0	0	0	6.0
5355	The EU should decide its role in a multipolar world	in favor of	The European Union is doing amazingly well in relation to the enormous bad publicity it is receiving from all sides. And as if that were not enough in itself, very large countries from around the world are doing constantly dividing work between member states. As all successes start in your head, perhaps some attention should be allocated to the media. The EU has a clear chance to become one of the major poles of this multipolar world order.	0	0	0	0	1	0	0	0	0	0	6.0
2335	We should end the use of economic sanctions	against	you shouldn't have to share what you have with other places who do things that are against your country's beliefs.	0	0	0	0	1	0	0	0	0	0	6.0
6103	Surrogacy should be banned	in favor of	surrogacy contributes to emotional issues such as having to part with a child carried for nine months and then the possibility of post-partum depression enhanced with not having the child with them.	0	1	0	0	0	1	0	0	1	0	6.0
3407	We should abolish capital punishment	in favor of	capital punishment takes too long and has a long appeal process costing taxpayers money.	1	0	0	0	1	1	0	0	0	0	6.0
2591	We should ban missionary work	against	missionary work is important as it brings relgion to new countries.	0	0	0	0	1	0	0	0	1	0	6.0
860	We should ban private military companies	in favor of	we should ban this because they cant be controlled and could turn against the government or people. they also might cause more problems then help solve them.	0	0	1	0	0	1	0	0	0	0	6.0
2574	We should ban cosmetic surgery for minors	against	minors should have a choice in what to do with their bodies	0	0	0	0	1	0	1	1	0	0	6.0
3751	We should adopt an austerity regime	against	austerity regime will put more pressure on taxpayers	0	0	0	0	0	1	0	0	0	0	6.0
1812	We should ban factory farming	against	factory farming requires a load of workforce and provides a lot of jobs opportunities	1	1	0	0	1	1	0	0	0	0	6.0
2173	We should abandon the use of school uniform	in favor of	school uniform requirements curtail any individual creativity and self-expression at an important age of self-discovery and should be abandoned.	0	0	0	0	0	0	1	0	0	0	6.0
4932	Europe is getting older and should be open to more migration from Asia, and southeast Asia.  	in favor of	We need to accept more immigrants to combat the aging of the European population. Immigrants do also grow old but before then they generally have children.	1	0	0	0	0	1	0	0	0	0	6.0
5121	The EU should enforce the obligation to respect the Rule of Law within its borders	in favor of	Current concerns about rule of law infringements are simply being brushed off as 'national matters'. If this continues, how can the EU assume authority to promote democracy abroad? More strict and enforceable minimum standards must be introduced, under clearly increasing penalties for non-compliance. If shared values and democracy are indeed a requisite to be a part of the EU, then continued adherence should be a precondition to remain a part of it.	1	1	1	0	1	1	0	0	0	0	6.0
5215	There should be no immigration from non-European or non-first-world countries 	in favor of	Europe must stay Europe and people must not be imposed a cultural and religious change they do not want and which is insane. Look at what the Arabic or north African countries have become, after 1400 years of Islam.	0	1	0	0	0	1	1	0	1	0	6.0
2545	We should legalize sex selection	in favor of	we should legalize sex selection because i think people should be able to pick if they want their child to be a boy or a girl	0	1	0	0	0	0	1	0	0	0	6.0
3099	We should ban the use of child actors	in favor of	we should prohibit this because it affects the development and normal behavior of children	1	1	0	0	0	1	0	0	0	0	6.0
6279	The vow of celibacy should be abandoned	against	the vow of celibacy symbolizes a priest or nun's commitment to their calling, and is an important show of faith.	0	0	1	0	0	0	1	0	1	0	6.0
5186	There should be 6 concrete proposals for migrants on the Balkan route.	in favor of	The proposal of the Sardines to reform EU asylum policy is an excellent proposal, well and thoroughly written.	1	0	0	0	1	1	0	0	0	0	6.0
313	We should subsidize embryonic stem cell research	in favor of	embryonic stem cell research helps to provide innovations in cancer treatment as well as help in the treatment of patient's with diseases such as parkinson's disease, subsidizing would allow for more funding.	0	0	0	0	0	1	1	0	0	0	6.0
518	We should abolish safe spaces	in favor of	safe spaces equal non-free speech spaces and that is against the law.	0	0	1	0	0	0	1	0	0	0	6.0
6114	The vow of celibacy should be abandoned	against	they hold a very high title to which they agreed to be held by all rules.	0	0	1	0	0	0	0	0	1	0	6.0
872	We should adopt an austerity regime	against	absolutely not.  the great president donald trump is turning the country around and saving us from the financial disaster that the last eight years were leading the united states towards.	1	0	0	0	1	1	0	0	0	0	6.0
6489	Homeschooling should be banned	against	homeschooling should will  allowed to continue as its important to allow parents to allow their child to be educated at home if they feel that its the best option for their child.	0	1	0	0	0	0	1	0	0	0	6.0
827	We should ban human cloning	against	we should not ban human cloning because it could help with medical research	1	0	0	0	0	1	1	0	0	0	6.0
5018	The EU should improve public management and anti-corruption mechanisms	in favor of	The EU needs to focus on simplifying and standardizing European processes and procedures associated with public management and creating efficient and effective anti-corruption mechanisms. This will reduce the financial resources to be made available to the most relevant areas of intervention at the EU, country, and regional Levels.	1	1	0	0	1	1	0	0	0	0	6.0
46	We should subsidize space exploration	against	there are more important things to spend public funds on such as health care, housing and education.	0	0	0	0	0	1	0	0	0	0	6.0
1873	We should abolish intellectual property rights	against	it is only fair that a person or company that created something should have protections against those that want to make money off of another's hard work.	1	1	0	0	0	0	0	0	0	0	6.0
2953	We should legalize cannabis	in favor of	people buy cannabis regardless of whether it is legal or not, so we might as well tax it to make extra money	0	0	1	0	1	0	0	0	0	0	6.0
5085	Rural areas should become more attractive for life and work	in favor of	If rural areas are to become more attractive to live in and work, it is essential to bet on innovation and the creation of quality jobs	1	0	0	0	0	1	1	0	0	0	6.0
2287	We should cancel pride parades	in favor of	pride parades are offensive to a lot of people	0	0	1	0	0	1	0	0	0	0	6.0
5032	The European Union needs to equip itself with the institutional and legal tools to resolve democratic conflicts on sovereignty within its own borders.	in favor of	Catalonia must become independent from the Spanish dictatorial repression that tries to end the Catalan language and culture.	0	0	0	0	0	0	1	0	1	0	6.0
6475	Surrogacy should be banned	in favor of	Surrogacy can cause legal problems on the paternal rights for the child.	0	1	1	0	0	0	0	0	1	0	6.0
24	We should abolish the right to keep and bear arms	against	we should not abolish the right to keep and bear arms as everyone has a right to keep guns as a mean of protection as stated in the constitution.	0	1	1	0	0	0	1	0	0	0	6.0
6013	We should subsidize vocational education	against	vocational education should not be subsidized as it would place extra strain on the education budget.	0	0	0	0	0	1	0	0	0	0	6.0
5631	The vow of celibacy should be abandoned	against	the vow of celibacy should be promoted as it brings the sense of self control and purity to a person's soul.	0	1	1	0	0	0	0	0	1	0	6.0
6820	We should subsidize vocational education	against	we should not subsidize vocational education since once someone pays for and learns a new vocation, they will eventually make enough money to make it worthwhile.	1	1	0	0	0	1	0	0	0	0	6.0
4598	India should store the data within the territorial boundaries of the country	in favor of	We can ensure data privacy by localizing the data.	0	0	0	0	0	1	1	0	0	0	6.0
2071	We should legalize sex selection	in favor of	Legalizing sex selection will help parents to have the exact family makeup they have always dreamed of.	0	1	0	1	0	0	1	0	0	0	6.0
3322	We should adopt an austerity regime	in favor of	spiralling national debt is unsustainable in the longer term, and the only way to begin reversing this for future generations is to adobt an approach of austerity, no matter how painful.	1	1	0	0	1	1	0	0	0	0	6.0
6693	Holocaust denial should be a criminal offence	against	people can choose to believe what they wish.  denying it happened is not a crime.	0	0	0	0	0	0	1	0	0	0	6.0
1976	We should subsidize student loans	in favor of	Student loan costs are becoming outrageous putting people in debt for life.	0	0	0	0	0	1	0	0	0	0	6.0
1631	We should subsidize student loans	in favor of	It is difficult to get a job without a degree these days, so students need help paying to obtain one.	1	1	0	0	0	1	0	0	0	0	6.0
199	We should abolish intellectual property rights	in favor of	we should abolish intellectual property rights to break to the barriers if innovation, barring people from building on and improving ideas is counter productive	1	0	0	0	0	0	1	0	0	0	6.0
5068	The European Union needs to equip itself with the institutional and legal tools to resolve democratic conflicts on sovereignty within its own borders.	in favor of	There are several international treaties, including those of the United Nations and those of the European Union—to which the member states are bound—that recognize the right to self-determination of peoples. Unfortunately, the European Union does not provide any sufficient and appropriate mechanism in order to allow the citizens and the peoples of the Union, i.e. individually and collectively, to enjoy that right. I thus approve and endorse the proposal for a clarity mechanism on the right to self-determination within the European Union, facilitating an internal enlargement process for greater subsidiarity.	0	0	1	0	0	0	1	0	0	0	6.0
285	We should abolish the right to keep and bear arms	against	people have a right to be able to defend themselves  and their loved ones	0	1	0	0	1	1	1	0	0	0	6.0
4314	We should ban factory farming	in favor of	it would make prices lower for consumers	0	0	0	0	1	1	0	0	0	0	6.0
2215	We should ban telemarketing	in favor of	telemarketing is a nuisance that antagonises potential customers of a business	0	0	1	0	1	0	1	0	0	0	6.0
751	We should abolish intellectual property rights	in favor of	maintaining intellectual property rights for all is too expensive, and maintaining these rights might restrict innovation in certain sectors.	1	0	0	0	1	1	1	1	0	0	6.0
6360	Homeopathy brings more harm than good	against	in conjunction with medical care, it can give people hope	0	1	0	0	0	1	0	0	0	0	6.0
6689	Social media brings more harm than good	against	social media helps us connect to the people we love that are far away from us	0	1	0	0	0	1	0	0	0	0	6.0
3230	We should fight for the abolition of nuclear weapons	against	Fighting for the abolition of nuclear weapons is useless - some of it is in the hands of very dangerous people in totalitarian countries which will not obey that demand	0	1	0	0	0	1	0	0	0	0	6.0
4200	We should end mandatory retirement	against	mandatory retirement is necessary in some fields to let go of the older, more error-prone workers.	1	0	0	0	0	0	0	0	0	0	6.0
7097	We should reduce environment pollution by limiting number of people in Europe	against	We just need to define the values and laws of our utopia and give people the resources to join together in building it.	1	1	0	0	0	1	0	0	0	0	6.0
31	We should ban the Church of Scientology	in favor of	there are questions of it's legitimacy and whether it is a cult as well as the fact that members have to pay more to move up the levels thereby leading some to come into financial troubles due to this	0	1	0	0	0	1	0	0	0	0	6.0
5602	Holocaust denial should be a criminal offence	against	thought crimes should not be punishable.	0	0	0	0	0	0	1	0	0	0	6.0
2451	We should ban missionary work	against	we should not ban missionary work because otherwise, people would not know what the bible means. they may not ever be exposed to the information at all if there were not missionaries.	0	0	0	0	1	0	0	0	1	0	6.0
515	We should abolish the right to keep and bear arms	against	we should not abolish the right to keep and bear arms because it is a constitutional right to own weapons to protect ourselves.	0	1	0	0	0	1	1	0	1	0	6.0
4763	Homeschooling should be encouraged in India 	in favor of	Every child is different. Homeschooling allows to design the curriculum based on the student's capabilities and interests.	1	0	0	0	0	0	1	0	0	0	6.0
543	We should legalize cannabis	in favor of	Too much drugs depend on the availability of cannabis. legalizing it will make development of these drugs quicker	0	0	0	0	0	1	1	0	0	0	6.0
5970	Payday loans should be banned	against	the payday loan should not be prohibited because each individual is free to negotiate with another individual. free market law. the state should not interfere.	0	0	0	0	0	1	1	0	0	0	6.0
3011	We should abolish intellectual property rights	against	people should have a right of ownership to their creations, ideas, and concepts that they created themselves.	1	1	0	0	0	0	0	0	0	0	6.0
4860	The EU needs strong advertising and recruitment strategies for students and qualified employees	in favor of	The EU should attract the world's most talented and most entrepreneurial. There was an attempt to reform the blue card directive by the Junker commission in order to create a new streamlined EU-wide visa category, similar to the short-lived Schengen visa. The holder of the new blue-card-like visa would have the entire EU labor market at their disposal. 	1	1	0	0	1	1	0	0	0	0	6.0
2093	We should ban missionary work	against	we should continue to support missionary work as they do so much good for underdeveloped countries by bring goods, medicine and skills to the people of these countries.	0	1	0	0	0	1	0	0	0	0	6.0
5380	Entrapment should be legalized	in favor of	if entrapment can serve to more easily capture wanted criminals, then why shouldn't it be legal?	0	0	0	0	0	1	0	0	0	0	6.0
2264	We should stop the development of autonomous cars	in favor of	taxis are already available for people that want to be driven so autonomous cars aren't necessary.	1	0	0	0	0	0	0	0	0	0	6.0
4669	Companies should fight moonlighting	against	The sudden layoffs by several companies especially during the pandemic caused fear in many employees. And hence several people took up side gigs or a second job as a safety net in case they are laid off.	0	0	0	0	0	1	0	0	0	0	6.0
4165	We should legalize prostitution	in favor of	Legalizing prostitution would increase tax revenue for the government.	0	0	0	0	1	1	0	0	0	0	6.0
1318	We should introduce compulsory voting	against	no one should be forced to do something they do not want to do	0	0	0	0	0	0	1	0	0	0	6.0
3886	We should legalize prostitution	against	the vast majority do not want to legalize prostitution and do not agree with the message that sends and the behavior that encourages, as  democracy we ought keep it illegal therefore	0	0	1	0	1	0	0	0	1	0	6.0
4656	Social media is making us less social	against	Due to social media, now we have the opportunity to connect with many people, even if they do not live in our area. Before social media, we could interact with people from either our locality or the places we go.	0	1	0	1	0	1	0	0	0	0	6.0
1553	We should end mandatory retirement	in favor of	we should end mandatory retirement because not all people have the same stamina as others and can work longer than others.	1	0	0	0	0	0	1	0	0	0	6.0
463	We should adopt atheism	against	many people use religion to connect with their family as well as loved ones that are no longer alive - losing this comforting connection would be devastating for some.	0	1	1	1	0	0	1	0	1	0	6.0
3203	We should ban missionary work	against	if people are proud of their religion and want to travel and spread the word, they should be able to freely. first amendment rights!	1	1	0	0	0	0	1	0	1	0	6.0
679	We should abandon the use of school uniform	in favor of	should uniforms are costly and children should be allowed to where their own cheaper clothes	0	0	0	0	0	1	1	0	0	0	6.0
2457	We should ban the use of child actors	in favor of	we should ban the use of child actors because it strips them of childhood, let them be children and play and mess around	0	0	0	1	0	0	1	0	0	0	6.0
6803	Homeschooling should be banned	in favor of	homeschooling deprives children from scocialising and making friends.	0	0	0	1	0	1	0	1	0	0	6.0
6294	Payday loans should be banned	against	payday loans should not be banned because it can help out in emergency situations	0	1	0	0	0	1	0	0	0	0	6.0
6893	We should subsidize vocational education	in favor of	We should subsidize vocational education because everyone relies on skilled tradespeople.	1	1	0	0	0	1	0	0	0	0	6.0
2858	We should subsidize journalism	against	the is enough money in journalism already, and funds available through subsidies should be redirected towards more worthwhile causes such as healthcare.	1	0	0	0	1	1	0	0	0	0	6.0
5394	Social media brings more harm than good	in favor of	social media can be incredibly addicting and cause depression based on popularity contests. we shouldn't use it so much because it can cause suicide and cyber bullying.	0	0	0	0	0	1	0	0	0	0	6.0
1412	We should ban the use of child actors	in favor of	we should ban the use of child actors because they should be in school and learning	1	0	1	0	0	0	1	1	0	0	6.0
356	We should prohibit school prayer	against	EVERYONE SHOULD BE ABLE TO PRAY IF THEY WANT TO WEATHER IN SCHOOL OR IN A CHURCH	0	0	0	0	0	1	1	0	1	0	6.0
1024	We should ban private military companies	against	this helps cover more issues; the current government is too short staffed to deal with all of the problems.	0	1	0	0	0	1	0	0	0	0	6.0
2405	We should limit executive compensation	against	executives who run huge profitable companies that employ many people should be highly compensated for doing so	1	0	0	0	1	0	0	0	0	0	6.0
5484	Homeopathy brings more harm than good	against	homeopathy can  sometimes help those that modern medicine has failed.	0	0	0	0	0	1	0	0	0	0	6.0
1204	We should ban the use of child actors	against	and if we forbid it, who will play the role of the children? this is a decision only of parents and children, the government should not get involved	0	1	0	0	0	0	1	0	0	0	6.0
5445	We should abandon television	in favor of	people spend too much time watching television at the cost of more active pursuits	0	0	0	0	0	1	0	0	0	0	6.0
4258	We should adopt an austerity regime	against	austerity only suppresses the economy and makes the situation worse and for a longer period of time	0	0	0	0	1	1	0	0	0	0	6.0
5518	Social media brings more harm than good	against	social media is used to collect money for the needy, connect friends, and organize group events.	1	1	0	0	1	1	1	0	0	0	6.0
6924	Consumerism brings more harm than good	against	Though the markets are yet a little controlled, they are freer than before. Consumerism improved the standard of living of the common Indian middle class tremendously. In recent decades, the Indian government has been improving the markets in order to boost entrepreneurial activity.	0	0	0	0	1	1	1	0	0	0	6.0
3839	We should ban fast food	in favor of	fast food contains ridiculous amounts of harmful ingredients	0	0	0	0	0	1	0	0	0	0	6.0
3728	We should ban cosmetic surgery	in favor of	there is no reason to have cosmetic surgery except for vainity and it carries risks so it should be banned	0	0	0	0	0	1	0	0	0	0	6.0
1424	We should stop the development of autonomous cars	in favor of	the cars can be dangerous and cause accidents if the equipment fails.	0	0	0	0	0	1	0	0	0	0	6.0
5014	The EU should focus more on ensuring the success of the internal market, and on improving its competitiveness	in favor of	The Covid-19 pandemic showed us that the European Union is not able to come up with technological innovations that could strengthen our economic position. 	1	1	0	0	1	0	1	0	0	0	6.0
3050	We should ban the use of child actors	against	many child actors go on to being adult actors without any problems.  if anything, perhaps more screening of children before allowing them to go into the profession.	1	1	0	0	0	1	0	0	0	0	6.0
954	We should subsidize space exploration	in favor of	subsidizing space exploration is a positive move to help advance our space program.	1	1	0	0	0	0	1	1	0	0	6.0
1490	We should cancel pride parades	in favor of	being lgbt is against many large religions, people should not be forced to witness such parades because of such.	0	0	1	0	0	0	0	0	1	0	6.0
4198	We should legalize sex selection	against	Gender selection is an extremely expensive medical process.	0	0	0	0	0	1	0	0	0	0	6.0
6715	We should subsidize vocational education	against	many trade skills are overcrowded as it is, and this would overload the market	1	0	0	0	0	1	0	0	0	0	6.0
5183	We do not want immigration from non-European or non-first-world countries 	in favor of	No more non-European immigration. The native Europeans have said NO.	0	0	0	0	1	0	1	0	0	0	6.0
6770	Blockade of the Gaza Strip should be ended	against	The blockade of the Gaza Strip is necessary for the safety of the Israeli people.	0	0	0	0	0	1	0	0	0	0	6.0
4968	There should be no immigration from non-European or non-first-world countries 	in favor of	The migrants that are already (legally) here should be taught western values so they and their families can integrate/assimilate, as the age-old saying goes 'when in Rome, do as the Romans do'.	0	0	0	0	0	1	0	0	1	0	6.0
6605	Surrogacy should be banned	against	there are cases where surrogacy is the only way that a couple can have a biologically related child	0	1	0	0	0	1	0	0	0	0	6.0
4111	We should adopt libertarianism	in favor of	we should adopt libertarianism because it helps many people	1	1	0	0	0	0	0	0	0	0	6.0
2151	We should adopt an austerity regime	against	We should not adopt an austerity regime because austerity only made countries like Greece and Argentina poorer.	0	1	0	0	1	1	0	1	0	0	6.0
5023	Food health and industry companies should be located within the EU	in favor of	It will bring the EU more jobs, less unemployment, and more added value.	1	0	0	0	1	1	0	0	0	0	6.0
5002	We need a single immigration policy.	in favor of	But also those people who fear migrants, thinking they are all criminals (while 99% of them are people coming to work, improving their family's life, and paying taxes) will need someone to pay their retirement benefits/ pensions and to push their wheelchairs...	0	0	0	0	0	1	0	0	0	0	6.0
6925	Consumerism brings more harm than good	against	The middle class benefited tremendously from consumerism. Increased job opportunities, wages, and cheaper goods helped raise their living standards tremendously. The new world order gave them hope that even they could have luxuries like the elite. Through business, they could climb up the social ladder.	1	0	0	0	0	1	0	1	0	0	6.0
2585	We should ban missionary work	in favor of	we should ban missionary work as it could be dangerous	0	1	0	0	0	1	0	0	0	0	6.0
3129	We should abandon the use of school uniform	against	school uniforms makes sure bullying and kids getting picked on is kept at a minimum.	0	0	1	0	0	1	0	0	0	0	6.0
322	We should abolish the Olympic Games	in favor of	the olympic games are usually a drain on the economy of the host city	0	0	0	0	1	0	0	0	0	0	6.0
1742	We should end mandatory retirement	against	we should not end mandatory retirement because people need to retire whether they realize it or not, it is not up to them, they of course have no free will.	0	0	1	0	1	0	0	0	0	0	6.0
6481	Blockade of the Gaza Strip should be ended	in favor of	its deterring every day citizens from getting goods they need.	0	1	0	0	0	1	0	0	0	0	6.0
316	We should legalize sex selection	in favor of	we should legalize sex selection because the parents are free to decide what gender they want	0	1	0	0	0	0	1	0	0	0	6.0
7086	We should preserve European culture	in favor of	Europe’s rapid Islamisation must be stopped. It is, therefore, necessary to stop the illegal migration of African and Asian people who do not fit with European culture.	0	0	0	0	0	1	0	0	1	0	6.0
2675	We should ban the use of child actors	against	child actors don't miss out on school as they often have a tutor on the set	1	1	1	0	0	0	0	0	0	0	6.0
4738	Driverless cars should be allowed in India	in favor of	If driverless cars are allowed in India, they can be used for a variety of other purposes also such as delivery or pickup service, which will also save time and human resources.	1	1	0	0	0	1	0	0	0	0	6.0
1606	We should abandon the use of school uniform	in favor of	some students can not afford school uniforms and or may not be comfortable in them, which is distracting.	1	1	0	0	0	1	0	0	0	0	6.0
3335	We should abolish the three-strikes laws	in favor of	Three strikes laws increase violence against law enforcement since an accused criminal facing the potential for a life sentence is more likely to fight back against law enforcement to escape.	0	1	0	0	0	1	0	0	0	0	6.0
6984	Military training should be made compulsory for all in India	against	Some people do not have enough strength to participate in such intense trainings. They may seem normal from outside but may have mental illnesses. Military trainings can be emotionally and physically daunting for them. In such cases compulsory trainings will be a threat to their life.	1	0	0	0	0	1	0	0	0	0	6.0
6107	Intelligence tests bring more harm than good	in favor of	a bad score in an intelligence test is a blow to people sense of worth, hurting not only their feeling's but also this society's development.	0	0	0	0	0	1	1	0	0	0	6.0
4456	We should subsidize student loans	against	higher education is not an inherent right. if someone wants to go to college, they should pay for it. the burden shouldn't simply be put on taxpayers instead.	0	1	0	0	0	1	1	0	0	0	6.0
7276	We should abolish the 996 overtime system	in favor of	"China's 996 overtime system leaves you with no room to learn and improve, forever trapped in a ""rat trap""."	1	0	0	0	0	1	0	0	0	0	6.0
292	We should ban cosmetic surgery for minors	against	minors should be allowed to have cosmetic surgery as long as their parents help make the decision. some cosmetic surgery would make a child with a deformity have better self esteem.	0	0	0	0	0	1	1	0	0	0	6.0
165	We should adopt libertarianism	against	We should not adopt libertarianism because we need the government to provide essential services that are unprofitable.	0	1	0	0	0	1	0	0	0	0	6.0
5221	We don't need immigration from non-European or non-first-world countries. 	in favor of	 It is time, to be honest about this! Europeans have the right to self-determination like every other country out there! This is OUR home and a home for everyone is a home for no one.	0	0	0	0	1	1	1	0	0	0	6.0
1899	We should ban cosmetic surgery	in favor of	some cosmetic surgery can cause infections and produce results that can disfigure a person forever.	0	1	0	0	0	1	0	0	0	0	6.0
3321	We should ban missionary work	in favor of	missionary work should be banned because it is becoming more dangerous for americans to be in foreign countries.	0	1	0	0	0	1	0	0	0	0	6.0
4632	Artificial intelligence brings more harm than good	in favor of	With all the data and algorithms our apps and gadgets, without our conscious knowledge, are making decisions for us. Decision-making is (was) one of the qualities that made humans different from others	0	0	0	0	0	0	1	0	0	0	6.0
5703	Foster care brings more harm than good	against	couples who cannot have children of their own, are able to love and care for a child	0	1	0	0	0	0	0	1	0	0	6.0
6155	Assisted suicide should be a criminal offence	in favor of	assisting with suicide is helping kill someone, and should be treated as such. the intent of the victim doesn't matter, murder is murder.	0	0	1	0	0	0	0	0	0	0	6.0
3458	We should ban private military companies	in favor of	We should ban private military companies as they are not trained and subject to the same scrutiny as the military.	1	1	0	0	0	1	0	0	0	0	6.0
4648	5G services should be available across India	in favor of	The government will be able to improve its governance and give a boost to its digital India initiative, which aims to ensure the government’s services are made available to citizens electronically, making the country digitally empowered in the field of technology.	1	1	0	0	0	1	1	0	0	0	6.0
3339	We should abolish safe spaces	in favor of	safe spaces are a breeding ground for indoctrinators and dangerous sects	0	1	1	0	0	1	1	0	0	0	6.0
6962	Hindi should be the national language of India	in favor of	English is not native to India, but Hindi is.	0	0	0	0	0	0	0	0	1	0	6.0
5431	We should subsidize vocational education	in favor of	vocational education is extremely important to this country.   kids learning a trade  will later be able to get a job using what they learned.   government should help schools financially cover these costs.	1	1	0	0	1	1	1	0	0	0	6.0
915	We should introduce compulsory voting	in favor of	compulsory voting could be used as a way to check population and make sure everyone has current ids.	0	1	1	0	0	1	0	0	0	0	6.0
4778	Censorship of movies is an outdated concept	in favor of	Filmmakers spend lot of money and time to make movies. If parts of the movie is cut in the name of censorship, they will be discouraged to make more movies.	1	0	0	0	0	0	1	0	0	0	6.0
778	We should ban the Church of Scientology	in favor of	the church of scientology is a cult and it should be banned.	0	0	0	0	0	1	1	0	0	0	6.0
5585	We should abandon television	against	Television offers a variety of entertainment and information that families can enjoy together	1	1	0	0	0	0	0	0	0	0	6.0
5717	We should abandon television	in favor of	television corrupts  peoples brains and takes away from productivity.	1	0	1	0	0	0	1	0	0	0	6.0
4022	We should abolish the Olympic Games	in favor of	the olympic games are a waste of money and time and should be abolished	0	0	1	0	1	1	0	0	0	0	6.0
2856	We should abandon the use of school uniform	in favor of	the school uniform does not allow for the uniqueness and expression of the individual	0	0	0	0	0	0	1	1	0	0	6.0
6829	Surrogacy should be banned	against	surrogacy is an excellent way for infertile couples to have a family of their own.	0	1	0	0	0	1	0	0	0	0	6.0
4880	We need a common migration and asylum policy, based on respect for rights and equal treatment	in favor of	In the EU labor market we will need more workers from outside Europe to continue the level of economic activities we are planning. 	1	0	0	0	1	1	0	0	0	0	6.0
5609	The vow of celibacy should be abandoned	against	the holy scriptures say many things that are not accepted by the traditions of the church, so that the man who wants to remain holy must be celibate.	0	1	1	0	0	0	0	0	1	0	6.0
6210	Homeschooling should be banned	in favor of	homeschooling does not give children social interaction.	1	0	0	0	0	1	0	1	0	0	6.0
3397	We should fight for the abolition of nuclear weapons	in favor of	The cost of developing nuclear weapons in developing states drains cash from infrastructure, education, and welfare funds which hurts the population as a whole.	0	0	0	0	1	1	0	0	0	0	6.0
745	We should end mandatory retirement	against	for people who work in skilled manual jobs it comes to a point where it is no longer safe for them work, the retirement age is used to protect people of a certain age as a safety precaution	1	1	1	0	0	1	0	0	0	0	6.0
4058	We should abandon the use of school uniform	against	it is a good way to instill discipline	0	1	1	0	0	0	0	0	0	0	6.0
6077	Intelligence tests bring more harm than good	in favor of	intelligence tests bring more harm than good because people can get competitive over them which can lead to isolation.	0	1	0	0	0	1	0	1	0	0	6.0
5256	We do not need immigration from non-European or non-first-world countries. 	in favor of	Immigration is a class issue. At the same time integration is important. Those against this policy should be made to send their children to multicultural schools in order to help with integration.  	0	1	0	0	0	1	0	0	0	0	6.0
4205	We should subsidize embryonic stem cell research	against	there is no place for embryonic stem cell research in modern society and he practice should not be encouraged through subsidization.	0	0	1	0	0	1	1	0	0	0	6.0
4879	We need a common migration and asylum policy, based on respect for rights and equal treatment	in favor of	The shameful policy (and practice) of Europe these days towards migrants is contradictory to the respect we need to show to fellow world citizens. And it is not in line with the fundamental rights the EU is supposed to put into practice. 	0	1	1	0	0	0	0	0	0	0	6.0
618	We should ban fast food	against	fast food shouldn't be banned because it helps people save times	0	1	0	0	0	1	0	0	0	0	6.0
5850	Social media brings more harm than good	in favor of	social media is addictive. people are spending more time in virtual worlds and less time experiencing  personal human interactions.	0	0	1	0	0	0	0	1	0	0	6.0
5194	Humanitarian organizations should be financially responsible in relation to illegal immigration.	in favor of	A humanitarian association that helps a migrant to enter the EU illegally, should lose its government/EU funding.	0	0	1	0	0	1	0	0	0	0	6.0
1825	We should adopt gender-neutral language	against	we shouldn't have to change the british language to conform to others' needs	0	0	0	0	0	1	0	0	1	0	6.0
2368	We should abolish capital punishment	in favor of	Being killed by lethal injection or being electrocuted is not always smooth and painless, sometimes it causes a painful death	0	0	0	0	0	1	0	0	0	0	6.0
5151	Ideology should be aimed at popularizing the best human qualities and stopping everything that is directed against a human	in favor of	Aggression, division, and violence we see in mass media should be stopped. Only the best human qualities should be promoted, this way we will raise a generation of kind, caring, and responsible people.	0	1	1	0	0	0	0	0	0	0	6.0
308	We should ban the Church of Scientology	in favor of	the church of scientology is a dangerous cult that has caused psychological harm to some of its members and has held some members against their will	0	0	1	0	0	1	1	0	0	0	6.0
4790	Nepotism exists in Bollywood	in favor of	Movie stars of Bollywood often launch their children with much ease in the industry. Such acts serve as the roots of the debate for nepotism. This kind of act has been going on since ages. Hence, nepotism evidently exists in Bollywood.	0	1	0	0	0	0	0	0	0	0	6.0
4588	We should strengthen laws to fight against terrorism	in favor of	Till now, only organizations were designated as terrorist organizations, but not individuals. The loophole in this is the individuals of the banned organizations are forming new organizations and carrying out terror activities. This amendment bill for the Unlawful Activities (Prevention) Act allows the government to designate individuals as terrorists, thereby terror attacks can be prevented.	1	0	0	0	1	1	0	0	0	0	6.0
3948	We should ban whaling	against	people's jobs depend on whaling, there is a whole industry which would be destroyed if whaling was banned, resulting in hardships for whole communities.	0	0	0	0	0	1	0	0	0	0	6.0
744	We should adopt an austerity regime	in favor of	austerity regimes needs to be adopted to reduce budget deficits and debt crises	1	1	1	0	0	1	0	0	0	0	6.0
1706	We should ban human cloning	against	human cloning should not be banned as it the next step in medicine and will allow for transplantation to be simpler and easier to perform	1	0	0	0	0	1	1	0	0	0	6.0
5778	We should subsidize vocational education	against	Vocational education is already pretty inexpensive and a graduate of a vocational school should be able to pay off the fees very quickly.	1	1	1	0	1	1	1	0	0	0	6.0
1431	We should subsidize embryonic stem cell research	against	embryonic stem cell research is controversial and therefore should not receive government funding.	0	1	0	0	0	0	0	0	1	0	6.0
239	We should subsidize student loans	in favor of	it's the only way most people can afford college	1	1	0	0	0	0	1	0	0	0	6.0
1362	We should legalize prostitution	against	prostitution is a dangerous profession	0	0	1	0	0	1	0	0	0	0	6.0
535	We should subsidize space exploration	against	space exploration doesn't have any immediate benefits for the general public	0	1	0	0	0	1	0	0	0	0	6.0
1898	We should prohibit school prayer	against	people have the right to pray where they want to.	0	0	0	0	0	0	1	0	1	0	6.0
6667	Holocaust denial should be a criminal offence	in favor of	it should be a criminal offense because of the horrible factual documented suffering that occurred & it should not be trivialized & lied about	0	1	1	0	0	0	0	0	0	0	6.0
6315	Surrogacy should be banned	in favor of	surrogacy should be banned as it can create complicated and painful situations for the mother and adoptive mother.	0	1	0	0	0	1	0	0	1	0	6.0
3643	We should abolish safe spaces	in favor of	"safe spaces stop young people from developing the ""thick skin"" required to navigate everyday post-university life. the real world does not care about your feelings."	1	1	0	0	0	0	1	0	0	0	6.0
5803	Intelligence tests bring more harm than good	in favor of	intelligence tests bring more harm than good because it will give people low self esteem if they get a low score on the test	0	1	0	0	0	1	0	0	0	0	6.0
3696	We should stop the development of autonomous cars	in favor of	these cars are prone to hacking like any other tech and can put millions of lives at risk	0	0	1	0	0	1	0	0	0	0	6.0
6566	Payday loans should be banned	against	there are emergency circumstances in which people need money in a hurry and payday loans assist them in acquiring it.	0	1	0	0	0	1	0	0	0	0	6.0
2222	We should end mandatory retirement	in favor of	different people age differently so if a person can phyisically and mentally handle a job, the more power to them	1	0	0	0	0	0	1	0	0	0	6.0
460	We should subsidize Wikipedia	against	the open source nature of wikipedia means anyone can add gibberish and falsehood in its contents thereby making it unreliable.	1	1	0	0	0	0	1	0	0	0	6.0
3716	We should abolish safe spaces	in favor of	Safe spaces should be abolished because it just means that people can get out of work, classes, etc if they feel unsafe..	0	1	0	0	0	1	0	0	0	0	6.0
2446	We should stop the development of autonomous cars	in favor of	autonomous cars are not road worthy will cause more accidents due to the cars programing unable to anticipate human decisions	0	1	0	0	0	1	0	0	0	0	6.0
5116	Germany should start paying reparations share for any damaged countries of Europe up to 100 years after its attack on international society	against	Will Russia also pay their share? Will Austria pay for starting WW1 or will it be Serbia? Will Poland and Hungary pay for occupation of parts of Czechoslovakia in 1938/1939? Will France pay for starting napoleonic wars? It is time to forget what happened almost 100 years ago and focus on the future and I say that as a Czech citizen whose country was occupied by Austria, Germany/Poland/Hungary and then by SSSR and all eastern satelite states.	0	1	0	0	0	0	0	0	0	0	6.0
4085	We should adopt libertarianism	against	people need rules to maintain a civil society	0	0	1	0	0	1	0	0	1	0	6.0
248	We should ban factory farming	against	factory farming helps to produce meat at a lower cost thus enabling those on a lower income to be able to purchase meats.	0	1	0	0	1	1	0	0	0	0	6.0
1671	We should subsidize space exploration	against	Space exploration is expensive and money should not be wasted on something that will probably never improve life on earth.	0	0	0	0	0	1	0	0	0	0	6.0
4692	College education should be free for everyone	in favor of	Some students are taking education loans to study and then they have to work hard to repay their loans. Many people are forced to take up jobs immediately after college to repay loans. But with free education, they will have the liberty in career choices like choosing a job or becoming entrepreneurs or experimenting with gigs, etc.	0	0	0	0	0	1	1	0	0	0	6.0
9	We should adopt an austerity regime	in favor of	we should adopt an austerity regime because it is unfair to expect future generations to settle the debts that we run up	0	1	0	0	0	1	0	0	0	0	6.0
156	We should stop the development of autonomous cars	in favor of	they can cause accidents if the equipment fails.	0	0	0	0	0	1	0	0	0	0	6.0
4414	We should abolish intellectual property rights	in favor of	intellectual property rights get in the way of sharing information.	0	1	0	0	0	0	1	0	0	0	6.0
1172	We should adopt libertarianism	against	we would crumble without services provided to us via the government - roads, fire stations, and more.	0	0	1	0	0	1	0	0	0	0	6.0
12	We should ban factory farming	in favor of	factory farming cuts too many health and safety corners as opposed to smaller family farms, this leads to potentially unsafe and unhealthy products.	0	0	1	0	0	1	0	0	0	0	6.0
3122	We should legalize cannabis	in favor of	cannabis should be legalized with the same limitations as alcohol	0	0	1	1	0	0	1	0	0	0	6.0
2401	We should ban telemarketing	in favor of	telemarketing is harassment. people who did not consent to contact are bombarded by calls from strangers. it's long past time to do away with telemarketing.	0	1	1	0	0	0	1	0	0	0	6.0
544	We should subsidize journalism	against	we should not subsidize journalism because it is a poor use of public money when things like healthcare and education are short of funding	0	1	0	0	1	1	0	0	0	0	6.0
2710	We should abolish intellectual property rights	in favor of	we should abolish intellectual property rights as the law is very complex and it is very easy to infringe copyright.	1	0	0	0	0	0	1	0	0	0	6.0
575	We should ban algorithmic trading	against	algirithmic trading reduces the possibilty of error and just furthers profit for finance companies	1	0	0	0	1	0	0	0	0	0	6.0
6823	We should subsidize vocational education	against	if somebody wants to gain some qualification for some jobs, then they need to go to university to get it and not to be subsidize from government.	1	1	0	0	0	0	1	0	0	0	6.0
2957	We should ban factory farming	against	factory agriculture lowers the costs of the products and ensures its production throughout the year	0	1	0	0	0	1	0	0	0	0	6.0
6200	Payday loans should be banned	in favor of	payday loans are legalized usury and lead families into a debt trap that they can never escape.	0	1	1	0	0	1	0	0	1	0	6.0
3844	We should ban the use of child actors	in favor of	we should ban the use of child actors because they belong in school	1	0	1	0	0	0	0	0	0	0	6.0
4024	We should adopt a zero-tolerance policy in schools	against	we should not adopt a zero-tolerance policy because it is too restricting and suppressing.	0	1	0	0	0	0	1	0	0	0	6.0
6743	Intelligence tests bring more harm than good	against	intelligence tests are very useful to determine who needs extra help in core learning and who can be pushed to excel, meaning both high and low scorers are more equipped to reach their full potential.	1	1	0	0	0	0	1	0	0	0	6.0
5792	Surrogacy should be banned	in favor of	surrogacy is just another term for baby selling which is against the law.	0	0	1	0	0	0	0	0	1	0	6.0
6254	Foster care brings more harm than good	in favor of	foster care is not good , because children are often bounced around from several different homes during their time in foster care & never become settled & stable	0	1	0	0	0	1	0	0	0	0	6.0
5009	We do not need immigration from non-European or non-first-world countries. 	in favor of	Immigration is a class issue. At the same time integration is important. Those against this policy should be made to send their children to multicultural schools in order to help with integration. 	0	0	0	0	0	1	0	0	0	0	6.0
5843	Payday loans should be banned	in favor of	loans only further encourage people to take on debt and buy things they can't afford	0	1	0	0	0	1	0	0	0	0	6.0
4978	There should be no immigration from non-European or non-first-world countries 	in favor of	Europe must stay Europe and people must not be imposed a cultural and religious change they do not want and which is insane. Look at what the Arabic or north African countries have become, after 1400 years of Islam.	0	0	0	0	0	1	1	0	1	0	6.0
4427	We should prohibit school prayer	against	school prayer adds structure to a students life and enables them to display their beliefs.	0	0	1	0	0	1	0	0	1	0	6.0
3292	We should ban telemarketing	against	telemarking is keeping jobs available for some	1	1	0	0	1	1	1	0	0	0	6.0
3873	We should ban cosmetic surgery	in favor of	cosmetic surgery has been known to lead to deaths due to botched jobs. it should be banned so these deaths do not occur.	0	0	0	0	0	1	0	0	0	0	6.0
1623	We should legalize sex selection	against	legalizing the selection of sex goes against the moral and natural principles of society	0	0	0	0	0	0	0	0	1	0	6.0
5749	We should abandon television	against	television is company for lonely people who perhaps do not have any other human contact during the day.	0	1	1	1	0	1	0	1	0	0	6.0
3771	We should subsidize Wikipedia	in favor of	wikipedia provides so much information to the world that it is time we subsidize it.	1	0	0	0	0	0	1	0	0	0	6.0
237	We should ban the use of child actors	in favor of	the world of acting is a high pressure, extremely stressful place and children should be protected from it.	0	1	1	0	0	0	0	0	0	0	6.0
2984	We should legalize sex selection	in favor of	legalizing medical sex selection can prevent the abortion of unwanted gendered babies	0	1	0	0	0	1	0	0	0	0	6.0
549	We should ban missionary work	in favor of	missionary work is risky to participate in.	0	0	0	0	0	1	0	0	0	0	6.0
134	We should legalize prostitution	in favor of	prostitution should be legal as it can be controlled & monitored easier & be less dangerous	0	0	0	0	0	1	0	0	0	0	6.0
6579	The use of public defenders should be mandatory	against	the use of public defenders should not be mandatory because a person should have the right to pay within their means any representative they wish.	0	1	0	0	1	0	1	0	0	0	6.0
5283	The European Union has no other choice than to reject all immigration, except for workers they need.	in favor of	The EU is not responsible for the entire World.	0	1	1	0	0	1	1	0	0	0	6.0
1378	We should legalize cannabis	against	marijuana use harms cognitive function -- especially long-term memory -- and is particularly dangerous to the brain development of children and teens.	1	0	1	0	0	1	0	0	0	0	6.0
277	We should ban telemarketing	in favor of	telemarketing preys on people who are vulnerable and easily conned, such as the elderly.	0	1	1	0	0	1	0	0	0	0	6.0
5436	Homeschooling should be banned	in favor of	children have a right to education and ignorant parents that think they are more qualified than they are should not have tyranny over that right	1	0	1	0	0	1	0	0	0	0	6.0
3153	We should ban cosmetic surgery	in favor of	the risks of cosmetic surgery are not worth the small gains that result from it	0	0	0	0	0	1	0	0	0	0	6.0
6149	Payday loans should be banned	against	payday loans are a life saver for many people who need to make that bill payment on time.	0	1	0	0	0	1	0	0	0	0	6.0
4979	Humanitarian organizations should be financially responsible in relation to illegal immigration.	in favor of	A humanitarian association that helps a migrant to enter the EU illegally, should be required to provide financial support in dignified conditions. 	0	1	0	0	1	1	0	0	0	0	6.0
6109	Homeschooling should be banned	against	homeschooling should not be banned because it is a right for parents to educate their children in their comfort of home	0	1	0	0	0	1	1	0	0	0	6.0
5791	We should abandon television	against	television provides entertainment for all ages and can be very enjoyable.	0	0	0	1	0	1	1	1	0	0	6.0
5293	Immigrants should learn the language of their host country.	in favor of	Helping migrants learn the language and culture of the country they are living in are critical to successful integration. Language and norms of the job market and workplace should also be built in.	1	0	1	0	0	1	0	0	1	0	6.0
1230	We should ban private military companies	in favor of	private military companies are not viable solutions because they do nothing to actually solve the problem in the long-term	1	1	0	0	0	1	0	0	0	0	6.0
4149	We should ban the Church of Scientology	against	we shouldn't ban the church of scientology because the religion rigths	0	0	0	0	0	0	0	0	1	0	6.0
6517	Intelligence tests bring more harm than good	against	intelligence tests provide valuable information about areas of weakness, meaning that the child can benefit from a specially formulated education plan.	1	1	0	0	0	0	0	0	0	0	6.0
5617	We should abandon television	in favor of	television should be abandoned because of all the violence, crime, and sex that's on them now	0	0	0	0	0	0	1	0	0	0	6.0
7275	We should abolish the 996 overtime system	in favor of	China's 996 overtime system is very inefficient in enhancing your ability to make money. If you rely on 996 to make money, you are essentially making money by working hard, selling your body.	1	0	0	0	1	1	0	0	0	0	6.0
4462	We should legalize organ trade	in favor of	"organ trade is excellent way to continue the process to help more people who are in need of a new organ, a ""pay it forward"" concept and should be legal"	0	1	0	0	0	1	1	0	0	0	6.0
2400	We should adopt an austerity regime	against	i am against this because an austerity regime increase tax which decreases the economy and would ruin our country financially.	1	0	0	0	1	1	0	0	0	0	6.0
4130	We should ban algorithmic trading	against	there's no need to ban algorithmic trading as it is a very good system for trading, leading to great gains for the investors.	1	0	0	0	1	0	0	0	0	0	6.0
2635	We should introduce compulsory voting	against	it is not right to force people that do not want to participate in voting to do so.	0	0	0	0	0	0	1	0	0	0	6.0
2642	We should ban fast food	in favor of	Fast food is a leading cause of obesity in the world and needs to be banned.	0	0	0	0	0	1	0	0	0	0	6.0
2325	We should abolish the right to keep and bear arms	against	everyone should be able to bear arms in order to protect themselves, their homes and their families.	0	1	0	0	0	1	1	0	0	0	6.0
3372	We should ban factory farming	against	factory farming produces more quantity resulting in lower prices and more choices.	1	0	0	0	0	1	1	0	0	0	6.0
7110	We should impose an IQ test to immigrants	in favor of	The real problem, even with the war refugees is that once they enter the EU they do not want to return to their countries, even if the danger has passed. They even bring their family and other relatives!	0	1	0	0	0	1	0	0	0	0	6.0
876	We should legalize cannabis	against	legalising cannabis could normalise it and encourage more children to partake	0	1	1	0	0	1	0	0	0	0	6.0
5413	Surrogacy should be banned	against	surrogacy shouldn't be banned because sometimes there is a health issue preventing a perfectly good mother from having a baby. she deserves to have a child and a surrogate is the only way to do that.	0	1	0	1	0	0	1	0	0	0	6.0
54	We should legalize cannabis	against	cannabis is highly addictive, studies show up to one-in10 users develop dependence over time	0	0	0	0	0	1	1	0	0	0	6.0
1193	We should introduce compulsory voting	against	if someone has no choice it is wrong to insist that they choose	0	0	0	0	0	0	1	0	0	0	6.0
1344	We should stop the development of autonomous cars	in favor of	we should stop the development of autonomous cars because they are too dangerous and unreliable until further safety measures and advancements have been made.	0	1	0	0	0	1	0	0	0	0	6.0
1901	We should abolish the right to keep and bear arms	in favor of	there are many people killed every year by guns that were improperly secured	0	1	0	0	0	1	0	0	0	0	6.0
119	We should ban the use of child actors	in favor of	child actors lose the sense of a proper childhood.	0	0	0	1	0	1	0	1	0	0	6.0
1659	We should abolish the right to keep and bear arms	in favor of	we should abolish the right to keep and bear arms since it leads to more violence and higher crime rights.	0	0	1	0	0	1	0	0	0	0	6.0
709	We should ban cosmetic surgery for minors	against	even minors have the right to bodily autonomy and should be allowed to decide for themselves whether to have cosmetic surgery.	0	0	0	0	0	0	1	0	0	0	6.0
6380	Intelligence tests bring more harm than good	against	IQ tests allows students to understand and focus on their intellectual strengths.	1	1	0	0	0	0	1	0	0	0	6.0
3201	We should adopt libertarianism	against	libertarianism is wrong and will deploy mess and confuse to our society.	0	0	1	0	0	1	0	0	0	0	6.0
6427	We should subsidize vocational education	against	subsidizing vocational education is unnecessary as those who have learnt trades can end up making a lot of money.	0	0	0	0	0	0	1	0	0	0	6.0
1628	We should subsidize embryonic stem cell research	in favor of	of all the different stem cells, embryonic have the most promise for scientific research.	0	1	0	0	0	1	0	0	0	0	6.0
5227	We need an inclusive and pluralistic European society	against	Europe is full and cannot accept more illegal migrants. Those persons must be sent back and have to ask for approval from their state of origin.	0	0	1	0	0	1	0	0	0	0	6.0
3213	We should legalize cannabis	against	Marijuana is part of drug culture so using it leads to other, much more dangerous drug use.	0	1	1	0	0	1	0	0	0	0	6.0
2682	We should limit executive compensation	against	there should not be a limit to executive compensation, they deserve to be compensated based on the profits of the company.	1	0	0	0	1	0	0	0	0	0	6.0
792	We should ban cosmetic surgery	in favor of	cosmetic surgery can sometimes cause harm and disasterous results.	0	1	0	0	0	1	0	0	0	0	6.0
107	We should subsidize space exploration	in favor of	there is so much more to explore and learn about space that subsidising space exploration would bring us closer to learning and understanding what is beyond our planet.	1	0	0	0	0	0	0	0	0	0	6.0
221	We should ban fast food	against	fast food is great when you need a quick meal on the run and it is more nutritious than snacking on chocolate bars or unhealthy snacks.	0	0	0	0	0	1	1	1	0	0	6.0
2758	We should ban fast food	against	in moderation, fast food can be a treat or convenient meal for busy people.  we should allow people to enjoy it.	0	0	0	1	0	1	1	0	0	0	6.0
2918	We should adopt an austerity regime	in favor of	an auserity program will reduce the national debt.	0	0	1	0	0	1	0	0	0	0	6.0
5940	Entrapment should be legalized	in favor of	we need as many tools as possible to catch illegal activity.	1	0	1	0	0	1	0	0	0	0	6.0
4600	India should store the data within the territorial boundaries of the country	in favor of	Data localization is important for data sovereignty, which means the data of the citizens should be owned by the respective governments and not by other countries.	0	1	0	0	1	0	1	0	0	0	6.0
4411	We should fight for the abolition of nuclear weapons	against	we must protect ourselves and these weapons allow us to	1	0	0	0	0	1	0	0	0	0	6.0
2812	We should subsidize embryonic stem cell research	against	embryonic stem cell research is against god's will and should be stopped.	0	0	1	0	0	0	0	0	1	0	6.0
4963	We do not need any immigration from non-European or non-first-world countries 	in favor of	Why can't Arab countries shelter refugees from other Arab countries? Same habits, religion and they have enough wealth.	0	1	0	0	0	1	0	0	1	0	6.0
1336	We should limit executive compensation	against	executive compensation is simply part of a modern remuneration package, and just as with basic salaries, and attractive compensation scheme is needed to attract the best talent to an organisation.	1	0	0	0	1	0	1	0	0	0	6.0
3626	We should ban fast food	against	people should have the freedom to eat what hey want.	0	0	0	0	0	0	1	0	0	0	6.0
6378	Homeschooling should be banned	in favor of	a lot of times, people who homeschool aren't qualified to teach all the subjects needed for a high school  diploma.	1	0	1	0	0	0	1	0	0	0	6.0
1572	We should adopt an austerity regime	in favor of	an austerity regime would save money for the country.	0	0	1	0	1	1	0	0	0	0	6.0
3761	We should adopt a zero-tolerance policy in schools	in favor of	teachers and children should feel safe in schools and a zero-tolerance policy will be beneficial for all.	0	0	1	0	0	1	0	0	0	0	6.0
5842	Blockade of the Gaza Strip should be ended	against	the blockade should not be ended because the people of israel have every right to determine what goods, service, and people enter the territory.	0	0	1	0	1	0	1	0	1	0	6.0
127	We should abandon the use of school uniform	in favor of	school uniforms cost a lot and might not be affordable for everyone	0	0	0	0	0	1	0	0	0	0	6.0
6659	We should subsidize vocational education	in favor of	not everyone is suited to work in an office. we also need mechanics and truck drivers and hair dressers etc. by subsidizing voed for these jobs we will be able to continue to teach the hands on employees.	1	0	0	0	0	1	0	0	0	0	6.0
1777	We should legalize cannabis	against	cannabis can potentially provide a route into experimenting with harder drugs.	0	1	1	0	0	1	0	0	0	0	6.0
197	We should prohibit school prayer	in favor of	we have seperation of church and state for a reason.  schools are a government entity that is not suppose to be involved with, or support, any particular religion and the two need to stay seperate.	0	0	1	0	0	0	1	0	0	0	6.0
1751	We should legalize organ trade	in favor of	legalizing organ trade would make it safer by moving it out of the hands of unscrupulous people operating in the black market.	0	1	0	0	0	1	0	0	0	0	6.0
4733	Women are better managers than men	in favor of	In general, they've coherent minds, are punctual and are dedicated to their work. These inbuilt qualities do make them better managers than men.	1	0	0	0	0	0	0	0	0	0	6.0
664	We should adopt a zero-tolerance policy in schools	against	schools already have systems and hierarchies, there is no need to employ further policies.	0	1	1	0	1	1	0	0	1	0	6.0
4331	We should ban factory farming	against	factory farming is an efficient solution to food supply problems.	1	1	0	0	0	1	0	0	0	0	6.0
866	We should legalize organ trade	in favor of	organs are expensive, and a legal trade can allow for someone in desperate need to get an organ without money or wait times.	0	1	0	0	0	1	1	0	0	0	6.0
2365	We should stop the development of autonomous cars	against	autonomous cars can help those without the capability of driving be able to have consistent transportation when they don't otherwise.	1	0	0	0	0	1	0	0	0	0	6.0
4863	The EU should have common taxation and social policy	in favor of	The future is 'work mobility'; thus we need to simplify taxation, enhance remote working opportunities, and enable inter-country recruitment for companies.	1	0	0	0	0	1	1	0	0	0	6.0
5019	The EU should put more pressure on the non-euro area member states to adopt the single currency	against	There is a reason why these states don't want to join the common currency: their economies are more flexible and doing far better without it. If we really want more countries to start using the euro, we need to make the euro better, not pressure or force others into our inefficient system. 	1	0	0	0	0	0	1	0	0	0	6.0
5748	We should subsidize vocational education	in favor of	the trades need more workers and we should encourage kids who aren't college material to pick up a trade.	1	1	0	0	1	1	0	0	0	0	6.0
1987	We should fight for the abolition of nuclear weapons	in favor of	nuclear weapons should be abolished because it is an ongoing health risk	0	0	0	0	0	1	0	0	0	0	6.0
5487	Assisted suicide should be a criminal offence	in favor of	assisted suicide should be a criminal offence because it could force some doctors to perform this act without their consent	0	1	1	0	0	0	1	0	0	0	6.0
6406	The vow of celibacy should be abandoned	against	celibacy vows are a choice that people should be allowed to make.	0	0	0	0	0	0	1	0	0	0	6.0
89	We should prohibit school prayer	in favor of	prayer in schools violates a person's right to follow whatever religion they choose.	0	0	0	0	0	0	1	0	1	0	6.0
5522	Homeopathy brings more harm than good	in favor of	homeopathy is unproven and can be harmful	0	1	0	0	0	1	0	0	0	0	6.0
487	We should introduce compulsory voting	in favor of	turn out figures are unacceptably low, we need to motivate people to be active voters for a representative democracy	0	1	0	0	1	0	0	0	0	0	6.0
3734	We should subsidize student loans	in favor of	student loans are a good deal for students, student loans allow for some students go to school that may have not been able to go to school before	1	1	0	0	0	1	0	0	0	0	6.0
5367	The EU should extend the model of Pooling & Sharing European military resources beyond air transport.	in favor of	Pooling & Sharing increases the size, availability, the diversity of specific military resources but decreases their global cost at the same time	1	0	0	0	1	1	0	0	0	0	6.0
140	We should ban private military companies	in favor of	only governments can be trusted with armies so we should ban private military companies.	0	1	0	0	1	1	0	0	0	0	6.0
4704	India should accept Rohingya refugees	against	India is the second most populous country in the world. It is already difficult for the Indian government to provide food security and basic necessities to all the people of India. Adding more burden to this will worsen the situation.	0	0	0	0	0	1	0	0	0	0	6.0
5911	We should abandon television	against	television is still the best media for watching big events such as the super bowl	1	0	0	1	0	0	0	1	0	0	6.0
5644	Social media brings more harm than good	in favor of	social media does more harm as it emboldens people to be more self serving and vain as people do stuff on social media for likes and retweets.	0	0	1	0	0	0	1	0	0	0	6.0
305	We should subsidize student loans	in favor of	students should be able to pursue higher education without worrying about being able to afford it. subsidizing students loans would make education more accessible.	1	0	0	0	0	1	0	0	0	0	6.0
2077	We should ban missionary work	against	missions can provide much needed infrastructure and healthcare projects.	0	1	0	0	0	1	0	0	0	0	6.0
5534	Assisted suicide should be a criminal offence	in favor of	killing another person is wrong and should be banned	0	1	1	0	0	1	0	0	0	0	6.0
5420	We should abandon television	in favor of	we should abandon television as most of the things that are aired are garbage and as we know, garbage in, garbage out.	1	1	1	0	0	1	1	0	0	0	6.0
1982	We should ban telemarketing	in favor of	telemarketing is intrusive and violates the right to private property	0	0	0	0	0	0	1	0	0	0	6.0
1397	We should abandon the use of school uniform	in favor of	we should abandon the school uniform because it is just another cost for parents to pay on top of all the other costs of a 'free' education.	0	1	0	0	0	1	0	0	0	0	6.0
2615	We should ban private military companies	in favor of	private companies have less strict guidelines and less oversight which makes them careless	1	1	1	0	0	1	0	0	0	0	6.0
5676	Homeschooling should be banned	against	homeschooling should be allowed because parents are the first teachers children have and have everything at their disposal to teach their children effectively	1	1	0	0	1	0	1	0	0	0	6.0
378	We should ban fast food	against	we shouldn't ban fast food because it is an affordable option for people that might not be able to get hot food otherways.	0	1	0	1	0	1	1	0	0	0	6.0
593	We should legalize prostitution	in favor of	legalizing prostitution could allow for regulations that make prostitutes and the people that use their services safer and healthier.	0	0	0	0	0	1	0	0	0	0	6.0
3365	We should subsidize space exploration	in favor of	space exploration is important for the development and growth of human society and knowledge and should be invested in by the government.	1	0	0	0	0	0	0	0	0	0	6.0
5101	Alternative medicine should be more accepted	in favor of	Traditional, complementary, and integrative medicine is a safe and efficient way to improve well-being, and happiness and prevent illness. Also, an innumerable amount of people have got significant palliation or even total cure in cases, which the official health care system, unfortunately, couldn't help. This is clearly an area, where countries, civilizations, and schools of thought could learn a lot from each other.	1	0	0	0	0	1	1	0	1	0	6.0
1096	We should adopt gender-neutral language	against	we should not adopt gender-neutral language because the majority of people do identify with a gender and want to be addressed as such.	0	0	1	0	0	1	1	0	1	0	6.0
3428	We should subsidize Wikipedia	against	we should not subsidize wikipedia because the information contained in it is not validated. if published information is going to be subsidized then it should be from accredited sources.	1	0	0	0	1	0	0	0	0	0	6.0
5456	Social media brings more harm than good	against	social media has some harms but brings more good. it makes people happy, otherwise they wouldn't use it. also, it allows people to connect from all around the world which increases social awareness.	0	0	0	1	0	1	0	0	0	0	6.0
3363	We should legalize organ trade	against	The risk of giving an organ or even part of an organ is very high.	0	0	1	0	0	1	0	0	0	0	6.0
7118	We should reduce environment pollution by limiting number of people in Europe	against	A migrant, with the proper education and support, will in his turn contribute for society, which allows more people to have a fulfilling life.	0	1	0	0	0	1	0	0	0	0	6.0
5465	We should abandon television	against	Television for many people is their connection to the outside world and should not be abandoned,	0	0	0	1	0	1	1	1	0	0	6.0
1057	We should ban cosmetic surgery for minors	against	some facial abnormalities or perceived abnormalities cause significant mental distress to young people, influencing their development, when cosmetic surgery could positively transform their lives.	0	1	0	0	0	1	1	0	0	0	6.0
5409	Foster care brings more harm than good	in favor of	many children in the foster care system have issues that can destroy a family.	0	1	0	0	0	1	0	0	0	0	6.0
1489	We should oppose collectivism	in favor of	collectivism too often causes the individual to suffer needlessly	0	0	0	0	0	1	1	0	0	0	6.0
5952	Assisted suicide should be a criminal offence	against	we have the right to make our own medical decisions and should be allowed to end our own lives if we are terminally ill	0	0	0	0	0	1	1	0	0	0	6.0
7082	We should make living wages a human right	in favor of	Nations that have adopted living wages for full-time jobs have highly profited from that step. It's been an economic booster because if people who earn & possess little can afford what they need, they will buy. So they increase demand. Demand increases supply. More supply means more jobs, more suppliers, lower costs, etc. 	1	0	0	0	1	1	0	0	0	0	6.0
4626	We should adapt the viable pay incentive scheme	in favor of	In variable pay schemes, the employees feel content and motivated with their work. They feel that they are an active part of the organization, the organization recognizes them as a part of its growth and values their efforts.	1	0	0	0	1	1	1	0	0	0	6.0
1993	We should legalize prostitution	in favor of	prostitution should be legalized as it provides a service and reduces rape and sex crimes	0	0	0	0	0	1	0	0	0	0	6.0
949	We should ban the use of child actors	in favor of	using child actors can create unimaginable pressure ans stress on the child if they become a star or the production is a success and this can lead to substance abuse problems to cope with said pressure	0	1	0	0	0	1	0	0	0	0	6.0
559	We should subsidize space exploration	against	Space travel has health dangers. Astronauts and space tourists face risks from radiation, which can cause illness and injure organs.	0	0	0	0	0	1	0	0	0	0	6.0
6376	We should subsidize vocational education	against	this would be an expensive exercise and probably not affordable for any government.	0	0	0	0	1	1	0	0	0	0	6.0
5000	There should be no illegal migration.	against	What does legal migration look like? People can not ask for asylum at an Embassy or Consulate. So people actually have to come to the EU and enter the EU if they want to ask for asylum in the EU. This has caused inhumane and dangerous circumstances as we see in the Mediterranean Sea.	0	1	0	0	0	1	0	0	0	0	6.0
636	We should stop the development of autonomous cars	against	we should not stop the development of autonomous cars because it will help the people more easily on driving and will provide more safety.	0	0	0	0	0	1	0	0	0	0	6.0
2010	We should prohibit school prayer	in favor of	separation of church and state applies here since schools are sponsored by the state. mandatory prayer would be a major violation of this.	0	0	1	0	0	0	1	0	1	0	6.0
5509	We should abandon television	in favor of	excessive television watching leads to a sedentary lifestyle and obesity	0	0	0	0	0	1	0	0	0	0	6.0
1067	We should ban telemarketing	against	telemarketing allows small businesses to save money by reducing overhead costs.	1	0	0	0	1	0	0	0	0	0	6.0
1781	We should end mandatory retirement	against	We should not end mandatory retirement because the current system in countries like Germany where this is common is not broken.	1	0	1	0	0	1	1	0	1	0	6.0
594	We should abolish the right to keep and bear arms	against	Citizens should be allowed to defend themselves with lethal force in a life-or-death situation because the police are typically slow to respond to such situations.	0	1	0	0	0	0	0	0	0	0	6.0
5573	Surrogacy should be banned	in favor of	surrogacy is like buying babies and it should be banned.	0	0	1	0	0	0	0	0	1	0	6.0
3952	We should adopt a zero-tolerance policy in schools	in favor of	dangerous items should not be allowed in schools because it is endangers the students and faculty and a strict punishment would help prevent these items from being brought.	0	1	1	0	1	1	0	0	0	0	6.0
5453	The vow of celibacy should be abandoned	against	the vow of celibacy, and those who choose to make that vow, should be respected. it should be a matter of individual choice for the individual.	0	0	0	1	0	0	1	0	1	0	6.0
5307	We need a stand-alone European army.	in favor of	Turkey is encroaching on EU territory, Russia is sending its army to the Ukrainian border, and what can we do? Nothing, because nobody is taking us seriously. Our threats are empty and get ignored, and our diplomacy is weak. It's time for the EU to be recognized as a strong force that can and will protect its people and its interests.  	1	0	0	0	0	0	0	0	0	0	6.0
6862	Foster care brings more harm than good	against	foster care is important to assist families.  they provide resources and support to the children when their parents are unable to care for them.	0	1	0	0	0	1	0	0	0	0	6.0
6310	Holocaust denial should be a criminal offence	against	the fundamental rights of individuals to the freedom of thought and expression of that thought as speech is vitally important to the stability and liberty of the populations of democracies.	0	0	0	0	0	0	1	0	1	0	6.0
6895	Homeschooling should be banned	against	banning homeschooling takes away the right of the parent to choose the education they feel is best for their children.	1	1	0	0	1	0	1	0	0	0	6.0
1103	We should ban human cloning	in favor of	we should ban human cloning because it raises too many legal questions regarding ownership and identity.	0	0	1	0	1	0	1	0	1	0	6.0
3724	We should prohibit school prayer	against	freedom of religion means children should be able to pray where they want to.	0	0	0	0	0	0	1	0	1	0	6.0
1883	We should ban cosmetic surgery for minors	against	cosmetic surgery helps build self esteem	0	1	0	1	0	1	0	1	0	0	6.0
5981	Assisted suicide should be a criminal offence	against	people must be able to decide what to do or not with their lives therefore assisted suicide is an alternative	0	0	0	0	0	0	1	0	0	0	6.0
6390	We should abandon television	in favor of	"television is a medium that no longer provides anything but mind-numbing ""entertainment"""	1	0	1	0	0	0	0	0	0	0	6.0
5217	Humanitarian organizations should be financially responsible in relation to illegal immigration.	in favor of	A humanitarian association that helps a migrant to enter the EU illegally should also be dragged in front of the court for not taking the illegals to the closest safe port. In 90% of the cases, the closest port lies in Africa. 	0	1	1	0	0	1	0	0	0	0	6.0
4764	Homeschooling should be encouraged in India 	in favor of	Children can better explore themselves when they do not have constraints.	0	0	0	0	0	0	1	0	0	0	6.0
2975	We should introduce compulsory voting	against	american citizens have the right to choose whether or not they want to vote.	0	0	0	0	0	0	1	0	0	0	6.0
173	We should legalize sex selection	against	gender selection is essentially playing god.	0	1	0	0	0	0	0	0	1	0	6.0
6031	The use of public defenders should be mandatory	against	if you have the financial means to employ the best defence, why shouldn't you be able to do that if it gives you a better chance of being found not guilty.	1	0	0	0	1	0	0	0	0	0	6.0
3706	We should adopt an austerity regime	against	an austerity regime will cause taxpayers to have to pay more taxes	0	0	0	0	1	1	0	0	0	0	6.0
4753	Betting and gambling should be legalized in India	against	Gambling addiction can lead to increase in crime rates, mental illnesses.	0	0	0	0	0	1	0	0	0	0	6.0
4197	We should ban private military companies	in favor of	inconsistencies arise from private military companies working together and therefore it should be banned.	1	1	1	0	0	0	0	0	0	0	6.0
5034	The EU must be confederal and not federal	against	We need a real and effective European democracy, therefore, a European Federation.	1	1	0	0	1	0	1	0	0	0	6.0
1198	We should introduce compulsory voting	against	we shouldnt because people might just vote for anyone if they have no interest in politics and could sway the vote.	1	1	0	0	1	1	1	0	0	0	6.0
1319	We should adopt an austerity regime	in favor of	it's about getting the deficit down and engaging in austerity regime, the overall impact on the economy is positive in the short term	0	1	0	0	1	1	0	0	0	0	6.0
984	We should legalize sex selection	in favor of	We should legalize sex selection because a ban leads to dangerous back alley procedures, and to more abortions and female infanticide	0	1	0	0	0	1	1	1	0	0	6.0
944	We should subsidize embryonic stem cell research	against	some religions do not believe in this sort of research.	0	0	0	0	0	0	1	0	1	0	6.0
6050	Holocaust denial should be a criminal offence	against	people should be able to believe what they want.	0	0	0	0	0	0	1	0	0	0	6.0
5471	Foster care brings more harm than good	in favor of	children raised in foster care don't have the love of a mom and dad	0	1	0	0	0	1	0	1	0	0	6.0
4092	We should legalize cannabis	against	Legalizing cannabis will increase recreational use which could lead to more car accidents caused by people driving while under the influence.	0	0	1	0	0	1	0	0	0	0	6.0
6900	Assisted suicide should be a criminal offence	against	people who are terminally ill and don't want to suffer any more have a right to ask for help to end their lives	0	1	0	0	0	0	1	0	0	0	6.0
1823	We should ban cosmetic surgery	in favor of	cosmetic surgery is ruining the confidence of young girls and making them feel like their not good enough without such surgeries.	0	0	0	0	0	1	0	0	0	0	6.0
3109	We should adopt an austerity regime	against	adopting an austerity regime may negatively impact the demand side of the economy, hampering economic growth.	0	0	0	0	0	1	0	0	0	0	6.0
129	We should adopt a zero-tolerance policy in schools	in favor of	a zero tolerance policy at school is a good idea because children need to be disciplined as it might cut crime in the future.	0	0	1	0	0	1	0	0	0	0	6.0
2241	We should ban fast food	against	fast food is convenient food and cheap	0	0	0	1	1	1	1	1	0	0	6.0
6661	We should abandon television	against	we should not abandon television as it is an excellent source of news and information as well as entertainment.	1	0	0	1	0	0	0	0	0	0	6.0
6755	Blockade of the Gaza Strip should be ended	in favor of	the blockade of the gaza strip is akin to setting up prison based on politics, sovereign nations should be allowed to choose whatever leadership they see fit	0	0	0	0	1	1	1	0	0	0	6.0
3171	We should subsidize space exploration	in favor of	the country needs to be prepared against other countries that use space exploration to advance both offensive and defensive strategies	1	0	0	0	0	1	1	0	0	0	6.0
533	We should abolish intellectual property rights	against	if we abolish the rights, then companies will stop developing products and ideas as they will know that there is no way they can make back the cost of r&d and so will run at losses	1	0	0	0	0	1	1	0	0	0	6.0
5559	Foster care brings more harm than good	in favor of	Foster children do not always get proper medical care. Foster kids are covered medically under Medicaid but each year, fewer and fewer healthcare providers accept Medicaid.	0	0	0	0	0	1	0	0	0	0	6.0
912	We should subsidize student loans	against	it isn't the obligation of any tax payer to give money to help someone else get an education.  that is a personal choice, and if they want to go to college they need to pay for it on their own.	1	1	0	0	1	1	0	0	0	0	6.0
4579	Technology is making us feel less human	in favor of	We are increasingly depending on technological devices to guide us. For example, we keep reminders on smartphones and google the questions for answers. We are outsourcing the activities that require intelligence to technology. Thinking, remembering things, and analyzing are essential qualities of humans. Too much dependence on technology is making us less human.	1	0	0	0	0	0	1	1	0	0	6.0
6234	Foster care brings more harm than good	in favor of	foster care brings more harm than good because you do not know for sure the foster care giver is a good care giver, abuses incidents are very likely, they living in a dangerous environment	0	1	0	0	0	1	0	0	0	0	6.0
6931	We should abolish the National Register of Citizens (NRC)	against	India has already become a resource-scarce country. We are unable to deliver the basic necessities to genuine Indian citizens, and a large number of additional immigrants will further worsen the conditions. The efficient NRC will help us in identifying illegal immigrants and some steps that can be taken for their deportation.	1	0	0	0	1	1	0	0	0	0	6.0
6364	The use of public defenders should be mandatory	against	the use of public defenders shouldn't be mandatory because people should be able to pick their lawyers not have one forced on them	0	0	0	0	0	0	1	0	0	0	6.0
6534	We should subsidize vocational education	against	vocational education isnt always useful as most of the skills taught are learnt through life experiences and the money spent on it can be spent on more academic study	1	1	0	0	1	0	0	0	0	0	6.0
22	We should ban telemarketing	in favor of	telemarketing doesn't differentiate between people who are interested in being called and those who aren't	0	0	1	0	0	0	1	0	0	0	6.0
4882	We need a common migration and asylum policy, based on respect for rights and equal treatment	against	The EU should treat economic migrants with more vigilance. They cannot be the solution to the aging European population. We need more focus on border control to curb illegal migration. 	1	1	1	0	1	1	1	0	0	0	6.0
4609	Political parties should be brought under RTI (Right to Information) Act	in favor of	Political parties are central to the functioning of Democracy. Political Parties go on to form the government. The government policies are then governed by the party’s ideology. Thereby, it becomes essential for political parties to come under the ambit of RTI.	1	1	1	0	0	0	0	0	0	0	6.0
1870	We should legalize sex selection	against	sex selection could lead to genetic abnormalities and start society on a slippery slope of genetic editing at a time when it is an imperfect, untested procedure that could lead to horrific outcomes.	0	1	0	0	0	1	0	0	0	0	6.0
605	We should ban human cloning	against	human cloning can provide a way for science to overcome negative qualities in humans, such as birth defects, so overall it is a positive technology that should be allowed to flourish.	1	0	0	0	0	1	0	0	0	0	6.0
4056	We should stop the development of autonomous cars	against	autonomous cars reduce the impact of human error on the roads, thus saving lives.	1	1	0	0	0	1	0	0	0	0	6.0
951	We should ban cosmetic surgery for minors	against	cosmetic surgery might be the only hope for children born with disfigurements that would have severe impact on self-esteem and lead to psychological issues and childhood trauma.	1	1	0	0	0	1	1	0	0	0	6.0
3967	We should legalize sex selection	against	most people believe that sex selection is immoral and unethical and leads to serious societal issues.	0	0	1	0	0	1	0	0	0	0	6.0
2407	We should abolish capital punishment	against	capital punishment disincentives people to commit crimes	0	0	1	0	1	1	0	0	0	0	6.0
5185	There should be no immigration from non-European or non-first-world countries 	in favor of	European citizens are the future of Europe! 	1	0	0	0	0	1	0	0	1	0	6.0
6499	We should subsidize vocational education	in favor of	Many of the careers offered at vocational schools provide  essential services to the community.	1	1	0	0	0	1	1	1	0	0	6.0
3085	We should adopt an austerity regime	in favor of	this would perhaps help with our countries debt crisis.	0	1	0	0	1	1	0	0	0	0	6.0
4893	We need to change the immigration policy to prevent illegal crossing	against	Mass immigration is the biggest existential threat to the EU.  The UNCHR has already 70 million registered refugees, mainly from Africa and the ME. In Africa 400 million like to come to the EU.  Almost all people are without a useful education.  There is no other solution than an, almost, total stop to immigration.	1	0	0	0	0	1	0	0	0	0	6.0
1938	We should adopt an austerity regime	in favor of	when everything else fails the government should be allowed to curb all superfluous spending within.	1	0	0	0	1	1	0	0	0	0	6.0
85	We should limit judicial activism	in favor of	"activists judges aren't the ones shaping the laws. they're not ""all"" the people for who the laws are voted for. judicial activism has to be limited to only check for overuse of the power by governments"	0	0	0	0	1	0	0	0	0	0	6.0
2273	We should ban cosmetic surgery	in favor of	cosmetic surgery is pointless and takes doctors away from other important fields such as family care	1	1	0	0	0	1	0	0	0	0	6.0
1391	We should ban cosmetic surgery for minors	in favor of	"The ""perfect"" beauty teens aspire to achieve with cosmetic surgery isn't real. Pictures in magazines are often airbrushed or photo-shopped - or otherwise enhanced."	0	1	0	0	0	0	1	0	0	0	6.0
6194	Holocaust denial should be a criminal offence	against	making this a criminal offence is against freedom of speech, people who are prosecuted and locked up for this offence would then become political prisoners in what would become an oppressive regime.	0	0	0	0	0	1	1	0	0	0	6.0
3455	We should introduce compulsory voting	against	being forced to do anything inhibits freedom.	0	0	0	0	0	0	1	0	0	0	6.0
2920	We should adopt a zero-tolerance policy in schools	in favor of	zero tolerance in schools to avoid further shootings and also to avoid cases of bullying	0	0	1	0	0	1	0	0	0	0	6.0
2645	We should abolish the right to keep and bear arms	against	we can't arbitrarily overturn a constitutional amendment.	0	0	1	0	0	1	1	0	1	0	6.0
910	We should ban the use of child actors	against	the roles of child actors cannot be fulfilled by adults so it would be impossible to ban their use.	0	1	0	0	0	0	1	0	0	0	6.0
1752	We should subsidize embryonic stem cell research	in favor of	embryonic research has proven effective in finding cures for many diseases such as cancer.	1	1	0	0	0	1	1	0	0	0	6.0
863	We should legalize cannabis	in favor of	for people undergoing chemotherapy, cannabis can be extremely helpful in regaining appetite for food	1	1	0	1	0	1	1	0	0	0	6.0
2499	We should abolish safe spaces	against	we adhere to these principles and these spaces to guarantee behaviors that make us feel safe, therefore safe spaces should not be abolished	0	0	1	0	0	1	1	0	0	0	6.0
3423	We should subsidize journalism	against	journalism is a dying profession that is increasingly corrupt, so why use tax money towards it?	0	1	0	0	1	0	0	0	0	0	6.0
2651	We should legalize cannabis	in favor of	legalized cannabis can be more closely regulated and taxed. it makes it safer than illegal weed and helps provide tax dollars.	1	1	1	0	1	1	0	0	0	0	6.0
1183	We should ban human cloning	against	human cloning will provide necessary organs when there are few resources	0	0	0	0	0	1	0	0	0	0	6.0
3543	We should adopt libertarianism	in favor of	libertarianism should be adopted as it will give more freedom to people to live their lives as they wish.	0	0	0	0	0	0	1	1	0	0	6.0
6400	Payday loans should be banned	against	payday loans are crucial financial crutches for customers which should remain available.	0	1	0	0	0	1	0	0	0	0	6.0
3896	We should ban private military companies	against	the government cannot keep up with the supply and demand of our military and banning private military companies would prove to be detrimental by creating shortage of supplies.	0	0	0	0	1	1	0	0	0	0	6.0
3161	We should ban targeted killing	against	Targeted killing will help clean up the streets faster.	0	1	0	0	0	1	0	0	0	0	6.0
5351	We need legal ways of migration.	against	Migrants willingly risk their lives.	1	1	0	0	0	0	0	1	0	0	6.0
3905	We should ban fast food	in favor of	fast food is unhealthy for us with its ingredients and the way its made	0	0	0	0	0	1	0	0	0	0	6.0
6492	Blockade of the Gaza Strip should be ended	against	the blockade should not be ended, it is punishing bad behavior	0	0	1	0	0	1	0	0	0	0	6.0
3136	We should adopt an austerity regime	in favor of	an austerity regime would stabilize our government	0	0	0	0	1	1	0	0	0	0	6.0
4273	We should end mandatory retirement	in favor of	some people are not ready to retire at the mandatory age and want to keep working	1	1	0	0	1	0	1	0	0	0	6.0
3149	We should abolish the Olympic Games	in favor of	we should abolish the olympic games because the money they spend could be used for better things like medical research	0	1	0	0	0	1	1	0	0	0	6.0
7300	We should ban the trading of virtual currencies.	against	Virtual currency improves liquidity and improves the efficiency of economic and social commodity circulation.	1	0	0	0	1	0	0	0	0	0	6.0
167	We should abolish the right to keep and bear arms	against	the right to keep and bear arms is protected by our government and should be like that so people can defend their self.	0	1	0	0	1	1	1	0	1	0	6.0
2991	We should cancel pride parades	in favor of	pride parades can be a dangerous place	0	1	0	0	0	1	0	0	0	0	6.0
2132	We should ban telemarketing	against	telemarketing can help companies reach a wider audience.	1	1	0	0	1	0	0	0	0	0	6.0
4633	Artificial intelligence brings more harm than good	in favor of	After a daily 10-hour shift from Monday to Friday most of us prefer to stay at home on the holidays. We surround ourselves with laptops, TV, and mobile and use them in cycles for Netflix, sports, social media, etc. (thinking that we are relaxing) rather than going out. We prefer and are more comfortable with online chatting instead of talking to people for real. There are fewer meaningful relationships nowadays because of all the above factors. We have started preferring isolation.	0	1	0	1	0	1	1	0	0	0	6.0
5613	Social media brings more harm than good	in favor of	social media causes harm by people trying to live up to their peers.	0	0	0	0	0	1	0	0	0	0	6.0
6413	Surrogacy should be banned	in favor of	"surrogacy will eventually and inevitably become commercialised, with mothers ""hiring out"" their wombs to the highest bidder"	0	1	1	0	0	1	0	0	1	0	6.0
5375	The EU should integrate the armed forces of its member states	in favor of	On the one hand, we have Russia killing countless Ukrainians and committing sabotage in Britain and the Czech Republic, and on the other hand, we have reluctant United States that is switching between isolationist and interventionist policies every 4-8 years.   I stand convinced, that in order for the European Union to move forward, it must begin to introduce measures for the security of both, the current member states as well as the future member states that are endangered due to foreign aggression and bring the responsibility of continental safety firmly in our own hands. If Europe is to find the peace it must have the means to create peace by being able to protect itself against hostile foreign influences.	1	1	0	0	1	1	0	0	0	0	6.0
300	We should ban the use of child actors	against	we shouldn't ban the use of child actors because it is a way for children to find a career early in their life	1	0	0	0	0	0	0	0	0	0	6.0
2908	We should adopt an austerity regime	against	Adopting an austerity regime lowers people's confidence in the economy and discourages investment.	0	0	0	0	1	1	0	0	0	0	6.0
2424	We should ban factory farming	against	we cannot ban things just because you don't like them. factory farms help get the most food per acre.	1	0	0	0	0	0	1	0	0	0	6.0
2414	We should cancel pride parades	in favor of	we should cancel pride parades because they entice people who oppose that ideology to cause riots and disrupt the general peace of citizens.	0	0	1	0	0	1	0	0	0	0	6.0
