	Conclusion	Stance	Premise	Achievement	Benevolence	Conformity	Hedonism	Power	Security	Self-direction	Stimulation	Tradition	Universalism	Score
1040	We should subsidize embryonic stem cell research	against	embryonic stem cell research is immoral.	0	0	1	0	0	0	0	0	1	1	1.0
3834	We should ban the Church of Scientology	against	everyone should be given religious freedom so those who want to follow the church of scientology should be allowed to do so and, therefore, it should not be banned.	0	0	0	0	0	0	1	0	1	0	1.0
2883	We should ban the Church of Scientology	against	we should not ban the church of scientology because i think everyone should have a choice in what they choose to believe in and celebrate.	0	0	0	0	0	0	1	0	1	1	1.0
3118	We should legalize prostitution	against	we should not legalize prostitution because people should only be with one other person in a marriage relationship.	0	1	0	0	0	1	0	0	1	0	1.0
3805	We should abolish capital punishment	in favor of	capital punishment should be abolished because man is not the one that should be making the decision to take a life, but leave that to the all mighty god.	0	0	0	0	1	0	0	0	1	1	1.0
5285	The EU should strengthen its relationship with China.	against	I find the current actions of China to be incompatible with the ideology that the EU was formed and still has to this day, we can not have a relaxed attitude towards a country that sees all the world as competitors and enemies.	0	0	0	0	0	1	0	0	1	1	1.0
713	We should adopt atheism	against	people have the freedom to choose any religion, atheism should not be forced upon people	0	0	0	0	0	0	1	0	1	0	1.0
2633	We should ban missionary work	against	missionary work is very helpful to many	0	1	0	0	0	0	0	0	1	0	1.0
2005	We should legalize sex selection	against	sex selection will have troublesome effects on gender disparity.	0	1	1	0	0	0	0	0	1	1	1.0
2929	We should prohibit school prayer	against	we should not ban school prayer because for those in a religious community, their religion and therefore prayer is central to their lives and should be included in every aspect of it.	0	0	0	0	0	1	1	0	1	1	1.0
1702	We should prohibit school prayer	against	We should not prohibit school prayer as it allows students to practice their faith in their everyday life.	0	0	0	0	0	0	1	0	1	0	1.0
6680	Homeopathy brings more harm than good	against	Homeopathy expands the field of medicine, creating more research and discourse.	1	1	0	0	0	1	1	1	1	1	1.0
7227	We should remove illegal immigrants.	in favor of	EU must take action. Help those in need, but only those who respect legal boundaries. Mutual respect is a cornerstone in this subject where we must set limits to protect Europe. 	0	1	1	0	1	0	0	0	1	0	1.0
3487	We should adopt atheism	against	adopting atheism infringes upon people's first amendment right to freedom of religion.	0	0	1	0	0	0	0	0	1	1	1.0
5101	Alternative medicine should be more accepted	in favor of	Traditional, complementary, and integrative medicine is a safe and efficient way to improve well-being, and happiness and prevent illness. Also, an innumerable amount of people have got significant palliation or even total cure in cases, which the official health care system, unfortunately, couldn't help. This is clearly an area, where countries, civilizations, and schools of thought could learn a lot from each other.	1	0	0	0	0	1	1	0	1	0	1.0
5137	The EU should prohibit, and end funding for activities that presuppose the destruction of human embryos, in particular in the areas of research, development aid, and public health	in favor of	From the Association Christian in Democracy (Spain), we are clear that life is the greatest good of a society and as such must be protected from its conception to its natural end. For this reason, it should be part of the European Union's charter of fundamental rights and be protected from attacks against defenseless human beings, such as in the cases of abortion and euthanasia.	0	0	1	0	0	0	0	0	1	1	1.0
743	We should ban missionary work	against	independent religious organisations should be free to solicit for new members if they do so in a fair and open manner.	0	0	0	0	0	0	1	0	1	1	1.0
5631	The vow of celibacy should be abandoned	against	the vow of celibacy should be promoted as it brings the sense of self control and purity to a person's soul.	0	1	1	0	0	0	0	0	1	0	1.0
917	We should adopt gender-neutral language	against	gender-neutral language is unnecessary.	0	1	0	0	0	0	0	0	1	0	1.0
433	We should ban whaling	against	whaling is part of a great number of cultures	0	0	1	0	0	0	0	0	1	0	1.0
5775	Holocaust denial should be a criminal offence	in favor of	making it a criminal offense would hold accountable those who deny our past horrors	0	1	0	0	0	0	0	0	1	1	1.0
2091	We should adopt atheism	against	anyone is entitled to believe in whatever they want, god or no god	0	0	0	0	0	1	1	0	1	0	1.0
2010	We should prohibit school prayer	in favor of	separation of church and state applies here since schools are sponsored by the state. mandatory prayer would be a major violation of this.	0	0	1	0	0	0	1	0	1	0	1.0
6630	Homeschooling should be banned	against	homeschooling  can create  a more independent program.	1	0	1	0	1	0	1	1	1	0	1.0
4190	We should ban human cloning	in favor of	we should ban human cloning as humans should not play god and it raises a moral issue.	0	0	1	0	0	0	0	0	1	1	1.0
4978	There should be no immigration from non-European or non-first-world countries 	in favor of	Europe must stay Europe and people must not be imposed a cultural and religious change they do not want and which is insane. Look at what the Arabic or north African countries have become, after 1400 years of Islam.	0	0	0	0	0	1	1	0	1	0	1.0
1685	We should legalize sex selection	against	sex selection is a slippery slope that may lead to parents picking other traits to screen for, from innocent ones like hair color, to larger ones like iq.	0	0	1	0	0	0	0	0	1	1	1.0
3941	We should introduce compulsory voting	against	compulsory voting is not only ridiculous it would also be impossible to enforce.	1	0	0	0	0	0	1	0	1	1	1.0
4081	We should subsidize embryonic stem cell research	against	we should not subsidize embryonic stem cell research. we should not play god.	0	0	0	0	0	0	0	0	1	0	1.0
1635	We should ban private military companies	in favor of	the military should be wholly the domain of governments, because they provide for national defense. a private military company is 100-percent for profit, making them less favorable to true national defense.	0	1	0	0	0	1	0	0	1	1	1.0
716	We should ban the Church of Scientology	in favor of	scientology is not a real religion and you can't just take a work of sci-fi and make your own religion	0	0	1	0	0	0	1	0	1	1	1.0
5190	The EU itself and its people should understand and accept there are a lot of Europeans outside the EU. EU does not equal to Europe	against	It's arrogant to tell us we should look for another name. Germans and Italians are Europeans just like Serbians or Macedonians. In the other words, Brits can call themselves Europeans and so can we! Therefore EU citizens are European.	0	0	0	0	0	1	1	0	1	1	1.0
2417	We should prohibit school prayer	against	school prayer should be viewed as espousing human ideals of love and tolerance, free from tethering to one particular religion, and is such is a valuable message to be promoting.	0	0	0	0	0	0	1	0	1	1	1.0
6279	The vow of celibacy should be abandoned	against	the vow of celibacy symbolizes a priest or nun's commitment to their calling, and is an important show of faith.	0	0	1	0	0	0	1	0	1	0	1.0
718	We should ban human cloning	in favor of	human cloning is unnatural and should be banned	0	0	1	0	0	0	0	0	1	1	1.0
630	We should ban missionary work	in favor of	missionary work puts people in intrusive positions against those who have inhabited the same land and have had the same customs for centuries.	0	0	1	0	0	0	1	0	1	1	1.0
6244	Foster care brings more harm than good	in favor of	children in foster care lack stability.	0	1	0	0	0	1	0	0	1	0	1.0
2153	We should ban missionary work	against	missionary work brings aid to those in dire circumstances while introducing faith into the lives of those that will benefit from the introductory by missionaries.	0	1	1	0	1	1	0	0	1	0	1.0
6852	The use of public defenders should be mandatory	against	people have the right to choose their lawyer. be it someone they pay for or representing themselves. that is an inalienable right in a free society. you can not force public defenders on everyone.	0	0	0	0	0	0	1	0	1	0	1.0
339	We should prohibit school prayer	in favor of	Schools now contain students of all religions and of none, by forcing these students to pray in schools you are infringing on their human rights, prayer is personal not public in school.	0	0	0	0	0	1	1	0	1	1	1.0
6505	Surrogacy should be banned	in favor of	surrogacy  is just another name for selling children	0	1	1	0	0	0	0	0	1	1	1.0
1605	We should adopt a multi-party system	against	a multi party system will lead to the rise of fringe groups that do not represent the will of the people.	0	0	1	0	0	1	0	0	1	0	1.0
7156	We should remove unauthorized asylum seekers or migrants.	in favor of	No more immigration from non-European or non-first world countries.	0	0	0	0	0	1	1	0	1	0	1.0
4207	We should legalize sex selection	against	allow the selection of sex could alter the natural order of things	0	0	0	0	0	0	0	0	1	1	1.0
6815	Surrogacy should be banned	in favor of	surrogacy should be banned because it is simply just unnatural and the potential the couples and women that want that child change their mind and left the surrogate with the child	0	0	1	0	0	0	0	0	1	1	1.0
5720	Assisted suicide should be a criminal offence	in favor of	in some cases we can't be certain if the person truly wanted to die. some people could use assisted suicide as a way to remove someone they believe is burden.	0	0	0	0	0	1	0	1	1	1	1.0
6740	The vow of celibacy should be abandoned	in favor of	the vow of celibacy has been shown to be more of a distraction than actually allowing marriage.  this vow should be removed to improve the clergy.	0	0	1	0	0	1	0	0	1	1	1.0
121	We should prohibit school prayer	against	a non-denominational school prayer is about as bad as reciting the pledge of allegiance in school, and should be allowed.	0	0	0	0	0	0	1	0	1	1	1.0
2964	We should abolish the Olympic Games	against	this is the only wide scale event where all countries can put aside all differences in good faith and fair competition	1	1	0	0	0	1	0	0	1	1	1.0
626	We should ban the Church of Scientology	against	we should not ban the church of scientology because in this country everyone has the right to freely practice whatever religion they  want.	0	0	0	0	0	0	1	0	1	0	1.0
1034	We should legalize sex selection	against	sex selection is playing god, will create gender imbalances and create negative stereotypes concerning male/female preferences.	0	0	0	0	0	1	0	0	1	0	1.0
1308	We should ban whaling	against	whaling is a traditional occupation of some cultures and their cultural heritage would be lost if they were not able to continue whaling.	1	0	0	0	0	0	1	0	1	1	1.0
6239	The vow of celibacy should be abandoned	in favor of	the vow of celibacy is an outdated tradition that deters otherwise eligible men from priesthood	0	0	0	0	0	1	0	0	1	0	1.0
895	We should adopt atheism	against	people have the right to choose any religion they with, atheism should not be forced upon them.	0	0	0	0	0	0	1	0	1	1	1.0
4569	We should encourage people to take part in Fit India Movement	in favor of	This movement has the potential to make more people embrace traditional Indian martial art forms like Kathi Samu, Musti Yudha, etc, and traditional dance forms and also healthy Indian snacks. And as a byproduct, this may result in creating some jobs.	0	0	0	0	0	1	0	1	1	0	1.0
548	We should abolish the right to keep and bear arms	against	the right to keep and bear arms is one of the tenets of our country	0	0	0	0	0	1	0	0	1	0	1.0
1262	We should abolish the Olympic Games	against	the tradition of the olympic games is brilliant for pulling together all countries of the world that it should never be abolished.	0	0	0	0	0	0	0	0	1	1	1.0
2591	We should ban missionary work	against	missionary work is important as it brings relgion to new countries.	0	0	0	0	1	0	0	0	1	0	1.0
6882	Holocaust denial should be a criminal offence	in favor of	Allowing Holocaust denial is an affront to victims of the Holocaust, who suffered unimaginable horrors,  and to their families.	0	1	1	0	0	1	0	0	1	1	1.0
3534	We should ban the Church of Scientology	against	we have freedom of religion for a reason and banning any religion is wrong.	0	0	0	0	0	0	1	0	1	1	1.0
1672	We should ban the Church of Scientology	against	many religions have toxic aspects but we cannot pick and choose which ones  freedom of religion applies to.	0	0	0	0	0	0	1	0	1	1	1.0
4494	We should ban human cloning	in favor of	human cloning lets people play god.	0	0	1	0	0	0	0	0	1	0	1.0
4100	We should prohibit school prayer	against	school prayer should not be prohibited because it allows students a period of quiet reflection that may help create the correct atmosphere for study	1	0	1	0	0	1	1	0	1	0	1.0
6704	The vow of celibacy should be abandoned	against	a vow of celibacy is necessary to the clergy so they can focus every bit of their lives to the church and to god without human distractions.	1	1	1	0	0	0	0	0	1	0	1.0
5060	The European Union needs to equip itself with the institutional and legal tools to resolve democratic conflicts on sovereignty within its own borders.	in favor of	Self-determination is a basic collective human right. Catalans practiced this right in 2017.  Since then the Catalan Republic is kidnaped by Spanish lawfare, with the elected president Puigdemont in exile within Europe and more than 3000 Catalan activists suffering political persecution as a consequence.  Ignoring this conflict within the core of Europe by European Institutions can undermine the EU at its very start.  If you sincerely believe in human rights, recognize the Catalan Republic officially. This crucial step will enforce European democracy, the Democracy of Citizens that feel free and respected within European borders.	1	0	1	0	0	0	1	0	1	1	1.0
4350	We should adopt atheism	in favor of	Atheism as a standard should be the default for all governments as belief in mythologies should be a private matter left to the individual.	0	0	0	0	0	0	1	0	1	1	1.0
4849	Immigrants should receive help from the EU through integration programs	in favor of	Working in sectors in ample need of workers, such as the agricultural fields, will help to integrate immigrants once their situation has been legalized. And above all, education is needed, an intensive integration education both in the language (of course) and also culture: history, philosophy, literature, etc.	1	0	0	0	1	1	1	0	1	0	1.0
2324	We should ban the Church of Scientology	against	we cannot ban any church, people must be free to believe in whatever religion they choose. this is a fundamental right.	0	0	0	0	0	1	1	0	1	1	1.0
3980	We should legalize sex selection	against	we should not legalize sex selection because the sex we were assigned at birth is all that matters.	0	0	0	0	0	0	0	0	1	1	1.0
1689	We should ban human cloning	in favor of	human cloning could be dangerous in the wrong hands, for example dictators who could use it for unethical reasons.	0	1	0	0	0	1	0	0	1	0	1.0
3656	We should ban the Church of Scientology	against	everybody has a right to believe whatever wants so church of scientology should be protected and approved.	0	0	0	0	0	0	1	0	1	1	1.0
3303	We should ban whaling	against	banning all whaling is only justified by making cultural judgements.	0	0	0	0	0	0	0	0	1	1	1.0
683	We should ban the use of child actors	in favor of	using child actors keeps the children out of school .	1	0	0	0	0	0	0	0	1	0	1.0
4534	We should limit executive compensation	against	the compensation to executives is a subject that only competer the companies and not the government. in the market of free competition that we have, it should be like this	0	0	0	0	0	0	1	0	1	0	1.0
3215	We should cancel pride parades	in favor of	canceling pride parades will be supportive to all of us who think that the only marriage which should be followed is between man and women.	0	1	0	0	0	0	0	0	1	1	1.0
2870	We should abolish the right to keep and bear arms	against	the right to bear arms is a constitutional right for all citizens.	0	0	0	0	0	1	1	0	1	1	1.0
613	We should ban whaling	against	whaling is an important cultural tradition in countries such as japan; therefore we should allow it to continue.	0	0	0	0	0	0	0	0	1	1	1.0
5998	The vow of celibacy should be abandoned	against	the vow of celibacy shouldn't be abandoned - people should be allowed to do whatever they want to do,	0	0	0	0	0	0	1	0	1	0	1.0
5573	Surrogacy should be banned	in favor of	surrogacy is like buying babies and it should be banned.	0	0	1	0	0	0	0	0	1	0	1.0
513	We should adopt gender-neutral language	against	"we should not place any restrictions on freedom of speech, many of the restrictions are arbitrary and unnecessary such as the ""gingerbread man"" becoming the ""gingerbread person"""	0	0	0	0	0	0	1	0	1	0	1.0
5008	We do not need immigration from non-European or non-first-world countries. 	in favor of	Europe should look at the European people first. It is not fair for the working classes to have to live within the ruins of multiculturalism while the middle class supports immigration from within their gated communities.	0	0	0	0	0	0	0	0	1	1	1.0
1880	We should prohibit school prayer	in favor of	school prayers are outdated in a modern society, religion is a private matter someone should practice at home	0	0	1	0	0	1	1	0	1	0	1.0
2683	We should ban the use of child actors	in favor of	child actors miss out on growing up naturally as a child should, with proper education, stable background and without the pressures of work at a young age and so they should be banned	0	1	0	0	0	1	1	1	1	0	1.0
1001	We should ban whaling	against	many peoples make there livelihoods on whaling	0	0	0	0	1	1	0	0	1	0	1.0
4067	We should ban the Church of Scientology	against	scientology should not be banned because there is freedom of religion.	0	0	0	0	0	0	1	0	1	0	1.0
4090	We should legalize prostitution	against	we should not legalize prostitution why do we have to do this are there any countries now that  made prostitution legal?	0	0	1	0	0	0	0	0	1	0	1.0
227	We should limit judicial activism	in favor of	judges should follow the letter of the law when making rulings and not make up things based on how they feel.	0	1	1	0	0	0	0	0	1	1	1.0
1302	We should legalize sex selection	against	it will result in more elective abortions and cause a gender imbalance	0	0	1	0	0	0	0	0	1	1	1.0
7217	We should put the accent on traditional values and on preserving family life	in favor of	The family is people's foundation and it rests on it all their lives and work, and this needs to be valued.	0	1	0	0	0	1	0	0	1	0	1.0
1767	We should ban the Church of Scientology	against	if we chose to ban one religion we could end up with all religions banned which would result in war so we should not ban the church of scientology.	0	0	0	0	0	0	1	0	1	1	1.0
2945	We should ban human cloning	in favor of	human cloning in the wrong hands could be very dangerous to society	0	1	0	0	0	1	0	0	1	0	1.0
1710	We should legalize sex selection	against	sex selection can possibly destroy the natural selection and over balance the society.	0	0	0	0	0	1	0	0	1	1	1.0
2394	We should legalize prostitution	against	prostitution is immoral and goes against all the values ​​of a decent society	0	0	1	0	0	1	0	0	1	0	1.0
2876	We should ban the Church of Scientology	in favor of	"we should ban the church of scientology because any church that has ""cult like"" teachings should never be allowed to exist."	0	1	0	0	0	1	1	0	1	0	1.0
765	We should cancel pride parades	in favor of	pride parades cause more trouble by singling out those who are different.	0	1	1	0	0	1	0	0	1	1	1.0
5832	The vow of celibacy should be abandoned	against	this is a fundamental part of being a priest or nun. they don't need this distraction.	0	0	1	0	0	0	0	0	1	0	1.0
34	We should adopt gender-neutral language	against	we should not have to change our language to accommodate those who do not adhere to a specific gender	0	0	0	0	0	1	0	0	1	0	1.0
3108	We should prohibit school prayer	against	School prayer provides a quiet moment of contemplation for students in a busy world and teaches them the power of prayer and trust.	0	1	1	0	0	1	0	0	1	0	1.0
6543	The vow of celibacy should be abandoned	against	no need to abandon the vow of celibacy because it tests the faith and devotion of the priest to god. those that are truly good and spiritual don't need have sexual relations when in a relationship with god.	1	0	1	0	0	0	0	0	1	0	1.0
261	We should abolish the Olympic Games	against	The Olympic Games allow for countries around the world to compete in friendly competition and is a healthy outlet for national pride.	1	0	0	0	0	1	0	1	1	1	1.0
5817	Assisted suicide should be a criminal offence	in favor of	making assisted suicide legal would put too much pressure on people with serious medical conditions to end their life so that they are not a burden to others	0	0	1	0	0	1	1	0	1	0	1.0
7216	We should put the accent on traditional values and on preserving family life	in favor of	The traditional family is the cornerstone of European civilization. 	0	1	0	0	0	1	0	0	1	0	1.0
4000	We should adopt atheism	against	religion gives people a belief if a better life	0	0	0	0	0	1	1	0	1	0	1.0
5262	The demographic decline should be stopped.	in favor of	The EU is in demographic decline. At the start of the 19th century, Europe accounted for 15% of the world's population. By 2050, it will be 5%. 	1	1	0	0	0	1	0	0	1	1	1.0
3777	We should prohibit school prayer	against	prayer should be a parental decision and not one made by government and teachers	0	0	0	0	1	0	1	0	1	0	1.0
3613	We should prohibit school prayer	in favor of	school prayer usually supports a specific religion. this discriminates against non-believers or members of different religions.	0	0	0	0	0	0	1	0	1	1	1.0
5595	The vow of celibacy should be abandoned	against	we live in a free and open society if people choose to be celibate then we should respect their choice.	0	0	1	0	0	0	1	0	1	1	1.0
6076	Assisted suicide should be a criminal offence	in favor of	assisted suicide should be a criminal offence because it does not allow a person to die a natural death.	0	0	1	0	0	0	0	0	1	0	1.0
5207	We need an inclusive and pluralistic European society.	in favor of	There need to be some rules for integration: Integration does not mean giving up European values and culture.	0	0	1	0	0	1	0	0	1	1	1.0
1199	We should prohibit school prayer	against	students have the right to express themselves, and that includes expressions of faith.	0	0	0	0	0	0	1	0	1	1	1.0
2767	We should ban cosmetic surgery for minors	against	cosmetic surgery for minors should not be banned since their right to autonomy still stands, event if it's applied by their parents (or any other legal guardian).	0	0	0	0	0	0	1	0	1	0	1.0
3995	We should ban missionary work	in favor of	Missionary work has proven to be the undoing on many cultures which were too innocent to protect themselves from the wiles of the missionaries.	0	1	0	0	0	0	1	0	1	1	1.0
756	We should adopt gender-neutral language	against	other languages such as spanish and french have even more gendered language than we do, and they have no problems	1	0	0	0	0	0	0	0	1	1	1.0
720	We should prohibit school prayer	against	we shouldn't prohibit school prayer because is important for religious education	1	0	0	0	0	0	1	0	1	0	1.0
1864	We should abolish the right to keep and bear arms	against	the right to keep and bear arms is the bedrock constitutional right of every person both to protect themselves and their families, and banning this would infringe on civil liberties.	0	0	0	0	0	0	1	0	1	0	1.0
5199	There should be no immigration from non-European or non-first-world countries 	in favor of	Migration from countries with incompatible cultural values and ideologies should be limited or stopped to ensure social cohesion in Europe. Regressive outdated ideologies and values should have no place in Europe. 	0	0	1	0	0	1	1	0	1	1	1.0
1119	We should adopt a multi-party system	against	a two-party system has served us well for years; why change what has worked?	0	0	0	0	0	1	0	0	1	0	1.0
1879	We should legalize sex selection	against	sex selection is unethical and morally wrong - no child should be discarded because of their gender.	0	1	0	0	0	0	0	0	1	1	1.0
298	We should abolish the right to keep and bear arms	against	the right to keep and bear arms is enshrined in the constitution and cannot be infringed on or revoked - this would dilute the importance and sanctity of other doctrines.	0	0	0	0	0	1	0	0	1	0	1.0
7199	We should stop the mass migration from Africa and the Middle East	in favor of	Those coming from there pretend to be refugees but are actually economic migrants. Slowly but surely these people are destroying Europe because they do not bring anything related to European values. Furthermore, they do not respect or accept European values. They bring crime, terror, and chaos. And after all, if there are no more Europeans in Europe, then what will happen to our beloved continent?	0	0	0	0	0	1	0	0	1	0	1.0
2087	We should cancel pride parades	in favor of	some pride parades can get overtly sexual, blurring the line of public decency.	0	0	1	0	0	0	1	0	1	0	1.0
2038	We should adopt gender-neutral language	against	our society needs to be able to label and identify a person as a male or female for many reasons such as taxes, employment, health care, etc, so we should not adopt a gender neutral language.	1	0	1	0	0	0	0	0	1	0	1.0
6559	Homeschooling should be banned	in favor of	homeschooling deprives the child of learning social behaviors and norms.	1	0	1	0	0	1	0	0	1	1	1.0
3255	We should cancel pride parades	in favor of	pride parades send the wrong message to children.	0	1	1	0	0	0	0	0	1	0	1.0
6569	The vow of celibacy should be abandoned	against	the vow of celibacy shouldn't be abandoned as everyone has a choice if they want to indulge in such activities	0	0	1	0	0	0	1	0	1	1	1.0
2157	We should ban the Church of Scientology	against	people should be free to worship and pray in any way that they choose, it is a fundamental right.	0	0	1	0	0	0	1	0	1	0	1.0
562	We should prohibit school prayer	in favor of	prayer is a personal choice. enforcing school prayer may expose students to ideas they are not comfortable with.	0	0	0	0	0	1	1	0	1	1	1.0
1445	We should legalize sex selection	against	we should not legalize sex selection because this goes against the natural laws of nature.	0	0	0	0	0	0	0	0	1	1	1.0
7204	We should legalize non-violent drug offenses	in favor of	It's also important to remember that many people use these psychedelic medicines in the context of their own religious/spiritual practice, and therefore our draconic laws directly violate freedom of religion (and sovereignty over our own bodies). There's no way the EU should tolerate this if they really care about human rights.	0	0	1	0	0	1	1	0	1	1	1.0
2812	We should subsidize embryonic stem cell research	against	embryonic stem cell research is against god's will and should be stopped.	0	0	1	0	0	0	0	0	1	0	1.0
4069	We should adopt gender-neutral language	against	why should we cater to the absolute minority and flip our whole language for trivial matters?	0	0	0	0	0	0	0	0	1	1	1.0
4531	We should adopt gender-neutral language	against	there is no need to adopt gender-neutral language because people should be addressed with appropriate genders.	0	0	1	0	0	0	1	0	1	0	1.0
3475	We should subsidize embryonic stem cell research	against	we should not subsidize embryonic stem cell research because doing so would force millions to pay taxes on such when it's highly against their religions.	0	0	0	0	1	0	1	0	1	1	1.0
581	We should prohibit school prayer	against	school prayer encourages children to be open minded and learn about other cultures and religions	0	0	0	0	0	0	0	0	1	1	1.0
1906	We should ban human cloning	in favor of	we can not allow the cloning of humans, it goes against the laws of god and the laws of nature	0	0	0	0	0	0	0	0	1	1	1.0
1271	We should ban whaling	against	whaling is an important part of some cultures and provides jobs. you can't take that away from people that rely on it just because you don't like it.	0	0	0	0	1	0	1	0	1	1	1.0
3949	We should subsidize embryonic stem cell research	against	embryonic stem cell research is playing god and is offensive to some religions.	0	0	1	0	0	0	0	0	1	1	1.0
1392	We should legalize prostitution	in favor of	prostitution is catering for an age-old need, and legalising the profession will improve the safety and health of the sex workers.	0	1	0	0	0	1	0	0	1	1	1.0
3419	We should ban missionary work	against	missionary work should never be banned as this is people doing the lord's work and bringing peace and happiness to the world.	0	0	0	1	0	0	0	0	1	1	1.0
2293	We should cancel pride parades	in favor of	pride parades promote improper lifestyles	0	1	1	0	0	0	0	0	1	0	1.0
804	We should ban the use of child actors	in favor of	children should be at school and not working. we do not allow children to work in any other way and acting should be no different.	1	1	0	0	0	0	0	0	1	0	1.0
3029	We should adopt gender-neutral language	against	Gendered language has served us for centuries in literature and culture, there is no need to change now.	0	0	0	0	0	0	0	0	1	0	1.0
1607	We should adopt atheism	against	people have the freedom to religion and forcing them to chose a non religious entity is unconstitutional.	0	0	0	0	0	0	1	0	1	0	1.0
664	We should adopt a zero-tolerance policy in schools	against	schools already have systems and hierarchies, there is no need to employ further policies.	0	1	1	0	1	1	0	0	1	0	1.0
3362	We should adopt atheism	against	everyone has a right to believe in anything and follow the religion they think it's most suited for them, so we cannot impose atheism	0	0	0	0	0	0	1	0	1	1	1.0
1108	We should subsidize embryonic stem cell research	against	to mess with nature could cause unforeseen consequences	0	0	0	0	0	1	0	0	1	1	1.0
462	We should abolish the right to keep and bear arms	against	the ability to keep and use firearms is instrumental in a person's ability to persue safety, life and liberty	0	1	0	0	0	1	1	1	1	1	1.0
673	We should limit judicial activism	in favor of	judges should be limited to upholding law rather than making it. that job is politicians.	0	1	1	0	1	0	0	0	1	1	1.0
1945	We should ban the Church of Scientology	against	we protect freedom of religion in our country. even if we do not agree with their principles, we must respect their rights to their beliefs	0	0	0	0	0	0	1	0	1	1	1.0
5215	There should be no immigration from non-European or non-first-world countries 	in favor of	Europe must stay Europe and people must not be imposed a cultural and religious change they do not want and which is insane. Look at what the Arabic or north African countries have become, after 1400 years of Islam.	0	1	0	0	0	1	1	0	1	0	1.0
5032	The European Union needs to equip itself with the institutional and legal tools to resolve democratic conflicts on sovereignty within its own borders.	in favor of	Catalonia must become independent from the Spanish dictatorial repression that tries to end the Catalan language and culture.	0	0	0	0	0	0	1	0	1	0	1.0
4703	Firecrackers should be banned during Diwali, other festivals, and weddings	against	With the ban, religious sentiments get triggered too. In 2017, the Hindu community raised questions about the ban on Christmas trees on Christmas, or slaughter of lamb on Eid, or colors on Holi, etc., thinking it to be against their communal practices.	0	0	0	0	0	0	1	0	1	1	1.0
1135	We should abandon the use of school uniform	against	school uniforms help everyone feel more like each other and takes the focus off their clothes and allows for more focus on learning.	1	0	1	0	1	1	1	0	1	1	1.0
5797	Holocaust denial should be a criminal offence	against	while the events of the holocaust are awful, questioning whether or not it actually happened shouldn't be punishable by prison time.	0	0	0	0	0	0	1	0	1	1	1.0
249	We should prohibit school prayer	against	in today's hectic fast-paced society, it is freeing to take time to sit quietly and pray. it should be encouraged in our schools.	0	0	0	1	0	1	0	0	1	1	1.0
6111	Foster care brings more harm than good	in favor of	foster care can leave kids with behavioral problems	0	1	0	0	0	1	0	0	1	0	1.0
3144	We should abandon the use of school uniform	in favor of	School uniforms suppress students' freedom of expression, particularly if they otherwise wear religious garb.	0	0	0	0	0	0	1	0	1	1	1.0
4094	We should ban the Church of Scientology	in favor of	scientology should not be recognized as a form of religion.	0	0	1	0	0	0	0	0	1	1	1.0
1144	We should prohibit school prayer	against	people should be allowed to pray wherever they want to.	0	0	1	0	0	0	1	0	1	1	1.0
4634	Artificial intelligence brings more harm than good	in favor of	Nuclear technology is a very efficient alternative to non-renewable energy resources. But still, we chose to move ahead with more and more types of nuclear warheads. The same is the case with almost every other invention. Similarly, though initially, AI promised better lives for us, because of AI, we have started losing our basic human qualities.	0	0	0	0	0	1	1	0	1	1	1.0
78	We should subsidize embryonic stem cell research	against	this research is very controversial and against many religions	0	0	0	0	0	0	0	0	1	0	1.0
5678	Homeopathy brings more harm than good	against	Originated in the ancient period, homeopathic treatment puts emphasis on the root cause and aim at enhancing natural healing within the body	0	0	0	0	0	1	1	0	1	1	1.0
689	We should abolish the right to keep and bear arms	against	we should not abolish the right to keep and bear arms because people would be left defenseless against criminals who are going to find a way to get a gun	0	1	0	0	0	1	1	0	1	1	1.0
1513	We should ban the Church of Scientology	against	people are allowed to believe and practice what they want, we can't pick and choose, so no, we can't ban it.	0	0	0	0	0	0	1	0	1	1	1.0
4582	We should strengthen laws to fight against terrorism	against	This bill gave exclusive powers to the ‘National Investigation Agency’ (NIA). NIA can take any person into their custody under UAPA without taking prior permission from the state government. This is against the federalism, which is guaranteed by the constitution of India.	0	0	1	0	0	0	1	0	1	1	1.0
1185	We should ban missionary work	against	missionaries have taken valuable healthcare and sanitation to people who otherwise would have none. money raised for missionary work saves lives in developing areas.	0	1	0	0	0	1	0	0	1	1	1.0
2397	We should ban whaling	against	if a county wants to hunt and kill whales they should be allowed to do so	0	0	0	0	0	0	1	0	1	0	1.0
2167	We should adopt a multi-party system	against	currently 2 parties can't agree enough to accomplish anything, it would only get worse to get multiple parties to all agree on anything.	0	0	1	0	0	1	0	0	1	1	1.0
1114	We should stop the development of autonomous cars	in favor of	autonomous cars are a danger to everyone on the roads they can not react the way a human driver can.	1	1	0	0	0	1	0	0	1	1	1.0
4385	We should subsidize embryonic stem cell research	against	stem cell research may offend religious individuals	0	0	1	0	0	0	0	0	1	0	1.0
5718	Homeopathy brings more harm than good	against	Homeopathic medicine can be effective for treating certain ailments without using intense modern medicine.	1	0	0	0	0	1	1	0	1	1	1.0
6683	The vow of celibacy should be abandoned	in favor of	the catholic church doesn't have enough priests and abandoning this vow will encourage more young men to join	0	0	0	0	0	0	1	0	1	0	1.0
444	We should adopt gender-neutral language	against	we should not adopt gender-neutral language because no reason to change the way people have been speaking for hundreds of years	0	0	0	0	0	0	0	0	1	0	1.0
1000	We should prohibit school prayer	in favor of	it is in the constitution that there is a separation between church and state and since schools are funded by the state where they are located there is to be no prayer in schools	0	0	1	0	0	0	1	0	1	1	1.0
6899	The vow of celibacy should be abandoned	in favor of	there is no good reason why priests would not be able to balance family and their duties effectively and there is every possibility it would lessen the chance of reducing child abuse in the church	1	1	1	0	0	1	0	0	1	1	1.0
566	We should ban missionary work	against	we should not ban missionary work because if people want to help out others that is their business and no one elses	0	1	0	0	0	1	1	0	1	0	1.0
1837	We should ban missionary work	in favor of	missionaries basically bribe the poor to change to their religion.	0	0	1	0	0	0	1	1	1	0	1.0
1746	We should ban missionary work	in favor of	missionary work can be viewed as the exploitation of a disadvantaged culture by a privileged culture.	0	0	1	0	0	0	1	0	1	1	1.0
3080	We should adopt gender-neutral language	against	i think this is political correctness going too far.it is overkill.what do we call man hole covers?person hole covers?	0	0	0	0	0	1	0	0	1	1	1.0
5201	We need a single immigration policy.	against	What we are now seeing are the first waves of a human tsunami. In sub-Saharan Africa, over years the population will have grown to 2,0 billion.  That is more than the people who live in the EU and US today.  At the same time, the Population in the EU is shrinking. When we keep the border open the EU as a viable society will disappear.  Not much of a future for the young Europeans.	1	1	0	0	0	1	1	1	1	1	1.0
4327	We should ban the Church of Scientology	against	we have the right to practice whatever religion we want and the church of scientology is a form of religion.	0	0	0	0	0	0	1	0	1	1	1.0
231	We should ban missionary work	in favor of	historically missionaries have interfered in an unhealthy way with other cultures and continue to do so.	0	0	0	0	0	1	0	0	1	1	1.0
1563	We should subsidize embryonic stem cell research	against	the government doesnt need to be in control of science	0	0	0	0	0	0	1	0	1	0	1.0
1683	We should ban whaling	against	whaling is a major life blood for some communities.	0	1	0	0	0	1	1	0	1	1	1.0
2429	We should legalize sex selection	against	sex selection goes against laws of nature and religion	0	0	1	0	0	0	0	0	1	1	1.0
2763	We should legalize sex selection	against	we should not legalize sex selection because it might cause an unbalanced society.	0	0	0	0	0	1	0	0	1	1	1.0
2473	We should adopt a zero-tolerance policy in schools	in favor of	Zero-tolerance policy works- Think of schools three decades ago, when the policy was prevalent. As a result children were obedient and disciplined, as opposed to students' behaviour  today, using moderd soft approaches in schools.	0	0	1	0	1	1	0	0	1	0	1.0
1008	We should adopt a multi-party system	against	multiple parties make choosing a leader harder	1	1	0	0	0	1	0	0	1	0	1.0
752	We should legalize sex selection	against	this should be banned as it is immoral.	0	0	1	0	0	0	0	0	1	1	1.0
525	We should limit judicial activism	in favor of	judicial activism undermines the rule of law	0	0	1	0	0	0	0	0	1	1	1.0
3780	We should introduce compulsory voting	against	it is not democratic to force voting. people should have the right to decide if they want to vote.	0	0	0	0	1	0	1	0	1	1	1.0
5711	Homeschooling should be banned	against	parents are free to educate their children how they see fit	1	0	0	0	0	0	1	0	1	0	1.0
4963	We do not need any immigration from non-European or non-first-world countries 	in favor of	Why can't Arab countries shelter refugees from other Arab countries? Same habits, religion and they have enough wealth.	0	1	0	0	0	1	0	0	1	0	1.0
3886	We should legalize prostitution	against	the vast majority do not want to legalize prostitution and do not agree with the message that sends and the behavior that encourages, as  democracy we ought keep it illegal therefore	0	0	1	0	1	0	0	0	1	0	1.0
4087	We should abolish intellectual property rights	against	intellectual property rights should be protected, as intellectual property is the same as physical property.	1	0	1	0	1	0	1	0	1	1	1.0
2551	We should adopt atheism	against	people should have the freedom to believe in a way of their choice. atheism forces people to  believe in one way and this is not the principle of freedom  the usa was founded upon.	0	0	1	0	0	0	1	0	1	0	1.0
1153	We should subsidize embryonic stem cell research	against	stem cell research is the beginning of wanting to do more and more things we shouldn't be messing with and it should be stopped now before it goes any further	0	1	1	0	0	0	0	0	1	1	1.0
5841	Foster care brings more harm than good	in favor of	moving from foster carer to carer provides an unstable life which damages esteem	0	1	0	0	0	1	0	0	1	0	1.0
5298	We need an inclusive language for all citizens of the world: the Esperanto.	against	We have already English as a language of exchange.	0	0	0	0	0	1	0	0	1	0	1.0
183	We should subsidize embryonic stem cell research	against	it is against certain religious beliefs and can be seen as immoral	0	0	1	0	0	1	0	0	1	0	1.0
5179	There should be no immigration from non-European or non-first-world countries. 	in favor of	Halt all immigration from non-European or non-first-world countries into the EU.	0	0	0	0	1	0	1	0	1	0	1.0
1155	We should abolish the right to keep and bear arms	against	we should not abolish the right to keep and bear arms because people have a right to defend themselves if someone has the intention of harming you or breaking into your house.	0	1	0	0	0	0	1	0	1	0	1.0
3632	We should adopt gender-neutral language	against	this is just taking things too far. people should not be offended by pronouns.	0	0	1	0	0	0	0	0	1	1	1.0
7071	We should improve migration policies 	in favor of	The EU could play an important role in combatting misconceptions about immigration.  Immigration needs to be controlled sensibly and immigrants should be taught European values and principles as well as the language of the host country. 	1	0	0	0	1	1	0	0	1	1	1.0
753	We should abolish the Olympic Games	against	athletes train their whole lives in hopes that they can represent their country to be the best.	1	0	0	1	0	0	1	1	1	1	1.0
583	We should adopt atheism	against	Adopting atheism takes away the freedom of worship that people are promised in this country.	0	0	0	0	0	0	1	0	1	1	1.0
2823	We should ban whaling	against	whaling is an important part of several cultures.  it is wrong to impose our rulings on their ancient beliefs	0	0	1	0	0	0	0	0	1	1	1.0
3998	We should adopt gender-neutral language	against	gender-neutral pronouns won't catch on,  it is confusing to try and add a new pronoun to the lexicon when there are existing solutions already in place.	0	0	0	0	0	0	0	0	1	1	1.0
251	We should ban missionary work	against	we should not ban missionary work because people have a right to help out others if they chose to do so	0	1	0	0	0	0	1	1	1	1	1.0
3798	We should prohibit school prayer	against	if school prayer is considered optional then there is nothing wrong in letting children pray if they wish  to	0	1	0	0	0	0	1	0	1	1	1.0
1815	We should adopt gender-neutral language	against	adopting gender-neutral language will cost lots of money to fix signs, letters, forms, etc.	0	0	0	0	1	1	0	0	1	0	1.0
2454	We should abolish the Olympic Games	against	the olympics are a positive  athletic contest which builds pride in a country and promotes cooperation among all participating countries. they are a goodwill ambassador for the world and should remain.	0	0	0	0	0	1	0	0	1	1	1.0
3535	We should adopt gender-neutral language	against	gender-neutral language is political correctness taken to an absurd degree - there is no need to reinvent words and language for the sake of gender equality in an increasingly open society.	0	0	1	0	0	0	0	0	1	1	1.0
1450	We should ban missionary work	against	missionary work is an effective way to bring christianity to the rest of the world	0	0	0	0	0	0	1	0	1	0	1.0
4852	Migrants should be housed in EU bureaucrats' neighborhoods	in favor of	EU bureaucrats who have enabled immigration must be named and a democratic process for removing them from power must be put into place.  Democracy must prevail over this multicultural fascism.	0	1	0	0	1	0	1	0	1	0	1.0
5583	Surrogacy should be banned	in favor of	surrogacy is not a needed thing.  there are enough children in need of adoption that using a surrogate to have a baby so it has your genetic makeup is just selfish.	0	1	0	0	0	0	0	0	1	0	1.0
3937	We should ban the Church of Scientology	against	the country has freedom of religion and the church of scientology is a form of religion.	0	0	1	0	0	1	1	0	1	0	1.0
3204	We should adopt atheism	against	no belief or religion should be instituted in a blanket form. people are completely different with very different beliefs. no one way is good for everyone. there should be freedom to believe whatever one wants.	0	0	0	0	0	0	1	0	1	1	1.0
3679	We should ban whaling	against	some cultures see whaling as a tradition that is important to their history and custom.	0	0	1	0	0	0	0	0	1	1	1.0
6172	We should abandon television	against	there has always been types of entertainment and escape.  whether reading books, watching a play, or even attending a bullfight all are a way to enjoy.  tv is just another form of entertainment.	0	0	0	1	0	0	0	1	1	0	1.0
2247	We should limit judicial activism	against	every judge is trusted to give their own interpretation of the constitution; there is no way to prevent implicit biases from coming up in their decisions.	0	1	0	0	1	0	1	0	1	1	1.0
1682	We should ban missionary work	in favor of	we need these people but not if they are a nuisance and try to criticize our personal beliefs.	0	0	1	0	0	0	1	0	1	1	1.0
6022	The vow of celibacy should be abandoned	against	the vow of celibacy removes sexual activity with a view to focusing on a larger purpose - it can be seen as training the mind, and allows otherwise unforeseen advances of thought and discourse.	1	0	1	0	0	0	0	0	1	1	1.0
3842	We should subsidize embryonic stem cell research	against	embryonic sten cell research goes against a variety of christian religious beliefs and should not be subsidized.	0	0	0	0	0	0	0	0	1	0	1.0
1403	We should adopt atheism	against	adopting atheism would violate freedom of religion	0	0	0	0	0	0	1	0	1	0	1.0
3537	We should ban the Church of Scientology	against	the church of scientology should have the same rights as any other church in  the us	0	0	1	0	0	0	1	0	1	1	1.0
2905	We should prohibit school prayer	against	Prayer can be a good way to unite a school and help children to focus on the day ahead.	1	0	1	0	0	1	0	0	1	0	1.0
5765	The vow of celibacy should be abandoned	against	celibacy is a major tenant of the catholic church and should be allowed to remain it is a freedom of practice of religion concept. it is a show of faithfulness to god,  a degree of purity most will never have.	0	0	1	0	0	0	1	0	1	0	1.0
5661	Assisted suicide should be a criminal offence	in favor of	assisted suicide is unethical how do we know that the person who is assisting the suicide hasnt got something to gain from the death of the other person	0	1	1	0	0	1	0	0	1	1	1.0
1151	We should adopt atheism	against	Atheism is godless and fundamentally lacking in a coherent moral compass, therefore it should not be adopted.	0	1	0	0	0	1	0	0	1	0	1.0
5810	Assisted suicide should be a criminal offence	in favor of	Helping someone to commit suicide is no different than murder and needs to be a criminal offence. Life is sacred and must always be seen as such.	0	0	1	0	0	0	0	0	1	1	1.0
6686	Foster care brings more harm than good	in favor of	children should be allowed to stay with their parents foster care takes them away	0	1	0	0	0	1	1	0	1	0	1.0
6202	Surrogacy should be banned	in favor of	surrogacy can be used as a money making tool for the surrogate who may not be acting in the best intentions of the family who want the baby.	0	1	1	0	0	0	0	0	1	0	1.0
1300	We should legalize organ trade	in favor of	Organs, as part of our bodies, are our property and should not be regulated by the government; we should be free to sell them on an open market.	0	0	0	0	1	0	1	0	1	0	1.0
2840	We should adopt gender-neutral language	against	gender characteristics are part of a person's identity, by using gender neutral language we invalidate those characteristics	0	0	1	0	0	0	0	0	1	1	1.0
6130	The vow of celibacy should be abandoned	against	the vow of celibacy shouldn't be abandoned for the divinity and holy spirit	0	0	1	0	0	0	0	0	1	0	1.0
4857	The EU leadership must enter into strong agreements with the countries where immigrants come from, in order to retain them in their countries	against	If we want to uphold to our standards and what the EU represents, we shall help those immigrants and give them the tools to help us make our homes better and multicultural so when the chance is presented they can then have a way to help their countries. Simply blocking them out of our region and neglecting them won't solve anything. We will only make unnecessary enemies.	1	0	0	0	0	1	0	0	1	1	1.0
7080	We should legalize cannabis in the whole EU	against	Europeans must embrace true values that enhance life and standards of living.  Anything related to drugs, in whatever form, degenerates humanity.  Soon enough we will be legalizing 'theft' in an effort to improve GDP and growth, as European colonialists have done in Africa and Asia where oppression and exploitation ruled. 	0	1	1	0	0	1	0	1	1	1	1.0
3703	We should ban whaling	against	we shouldn't ban whaling because it is so important to many cultures. as long as the whales are sustainably harvested, what is the issue?	0	0	0	0	0	0	0	0	1	1	1.0
2835	We should ban missionary work	against	missionaries do great work and go to places that are often neglected by others	0	1	0	0	0	0	0	0	1	0	1.0
3184	We should prohibit school prayer	against	we should not prohibit school prayer because this country was founded and based on the christian belief system.	0	0	0	0	0	0	1	0	1	0	1.0
4343	We should ban missionary work	against	We should not ban missionary work because some countries do need help in term of educations, health and spiritual needs.	1	1	0	0	0	1	0	0	1	1	1.0
944	We should subsidize embryonic stem cell research	against	some religions do not believe in this sort of research.	0	0	0	0	0	0	1	0	1	0	1.0
1028	We should abolish the three-strikes laws	against	you can only give someone so many chances. if they have not learnt by the third time it is unlikely they will learn at all.	0	1	1	0	1	1	1	0	1	0	1.0
6314	Homeschooling should be banned	in favor of	just the practice of home schooling alone shapes the child in a negative fashion	1	1	1	0	0	1	0	0	1	1	1.0
2013	We should prohibit school prayer	against	everyone should be allowed to practice their own faith wherever they are, many people rely on prayer to manage stressful situations such as exams and without prayer mental health issues are likely to increase.	0	0	0	0	0	1	1	0	1	1	1.0
7091	We should stop hosting migrants from Muslim countries	in favor of	Islam represents the biggest threat to democracy in the EU since it’s not compatible with European values. Islam, it’s not only a religion but almost a constitution which trying to impose on European society. 	0	0	0	0	1	1	1	0	1	0	1.0
2507	We should ban private military companies	in favor of	Private military companies should be banned as they are not obliged to follow the strict rules of engagement that the military must which results in abuse of civilians.	0	1	1	0	0	1	0	0	1	0	1.0
837	We should ban whaling	against	We should not ban whaling because it is important to many aboriginal cultures in the arctic, and it is wrong for the governments of countries like Canada and Russia to oppress those peoples.	1	0	0	0	1	0	1	0	1	1	1.0
89	We should prohibit school prayer	in favor of	prayer in schools violates a person's right to follow whatever religion they choose.	0	0	0	0	0	0	1	0	1	0	1.0
800	We should legalize sex selection	against	when people mess with mother nature by trying to select the sex of their child, only bad things can happen.	0	1	0	0	0	0	0	0	1	1	1.0
6487	The vow of celibacy should be abandoned	against	The vow of celibacy is a long standing tradition of many clergy and should be upheld.	0	0	1	0	0	0	0	0	1	0	1.0
5398	Blockade of the Gaza Strip should be ended	in favor of	blockade means occupation which is illegal and should be stopped	0	0	1	0	0	1	1	0	1	1	1.0
4029	We should adopt atheism	against	most people practice a religion so we shouldn't adopt atheism for such a small group of people that don't practice	0	0	0	0	0	0	0	0	1	1	1.0
6594	Blockade of the Gaza Strip should be ended	against	the existence of a truce, which has held since 2014, maintains some form of peace in the area. the gaza strip should be maintained for this reason.	1	0	0	0	0	1	0	0	1	1	1.0
5727	Foster care brings more harm than good	in favor of	foster care cannot replace the support structure of a real family	0	1	0	0	0	1	0	0	1	0	1.0
7070	We should improve migration policies	against	No more immigration! It has already come at too large of a cost. The EU must provide channels for the European people to democratically vote for the mass deportation of migrants.	0	0	0	0	1	1	0	1	1	1	1.0
6034	Foster care brings more harm than good	in favor of	foster care puts already vulnerable kids in to the hands of those who might abuse them further.	0	1	0	0	0	0	0	0	1	1	1.0
141	We should legalize prostitution	against	it sets a bad example for younger generation and takes them away from the ethics of the society	0	1	1	0	0	1	0	0	1	0	1.0
461	We should ban missionary work	against	Missionary work has helped to civilize entire socities.	0	1	1	0	0	1	0	0	1	0	1.0
453	We should adopt atheism	in favor of	Atheism is a valid form of thinking just as many controlled religions. We should adopt and accept it as we do with other beliefs.	1	0	0	0	0	0	1	0	1	1	1.0
1323	We should abolish the Olympic Games	against	the olympic games are necessary to promote healthy competition in the world and show the cultures of many countries.	0	0	0	1	0	1	0	1	1	1	1.0
6119	We should abandon television	in favor of	there is a lot of violence and sex on television that is not appropriate for children	0	1	1	0	0	0	0	0	1	0	1.0
5414	The vow of celibacy should be abandoned	against	keeping moral strength is important to society and refraining from sex is one way to do it	0	1	1	0	0	0	0	0	1	0	1.0
1411	We should ban the Church of Scientology	against	scientology should not be banned as people have the right to worship in whatever religion they wish and in a way they wish to.	0	0	0	0	0	0	1	0	1	0	1.0
5143	EU institutions should prioritize the struggle against all forms of racism, also anti-Muslim bigotry, and antisemitism	against	Judeo-Christian values are the cornerstone of European civilization - they deserve special protection because they made us who we are today.  Mass migration from people with cultures totally alien to Europe is the phenomenon that most threatens EU security and cohesion. Everyone's human rights must be respected, but illegal migrants are criminals and should be treated as such, not pampered. Mass migration must end.	0	0	1	0	0	1	0	0	1	1	1.0
4556	We should ban whaling	against	whaling is profitable for the people that do it and would result in a loss of income and tradition.	0	0	0	0	1	1	0	0	1	0	1.0
1404	We should ban missionary work	against	missionary work is important to help educate those in third world countries so they can improve their way of life.	1	0	0	0	0	1	1	0	1	0	1.0
4890	We need a common migration and asylum policy, based on respect for rights and equal treatment	against	Giving immigrants more rights will lead to the forced displacement and eventual erasure of indigenous Europeans. This is criminal. If what's happening to the Uyghurs and Tibetans in China is genocide then so is this. This idea proposal is not grassroots, it's astroturfed lies to hide the fact that our migration policies are totally undemocratic and forced onto native Europeans.	0	0	1	0	1	1	1	0	1	1	1.0
4967	There should be no immigration from non-European or non-first-world countries 	in favor of	Migration from countries with incompatible cultural values and ideologies should be limited or stopped to ensure social cohesion in Europe. Regressive outdated ideologies and values should have no place in Europe. 	0	0	1	0	0	1	1	0	1	0	1.0
2079	We should adopt atheism	against	we should not adopt atheism because it is not a religion	0	0	0	0	0	0	0	0	1	0	1.0
2514	We should adopt a multi-party system	against	more parties will create a more convoluted political system	0	0	0	0	1	1	0	0	1	1	1.0
173	We should legalize sex selection	against	gender selection is essentially playing god.	0	1	0	0	0	0	0	0	1	0	1.0
4147	We should legalize prostitution	against	prostitution is an inhuman, immoral and dangerous act	0	0	1	0	0	1	0	0	1	1	1.0
2068	We should introduce compulsory voting	against	no one should be forced to vote. it goes against the principles of our nation and its freedoms. it is a right, but that doesn't mean anyone has to do it.	0	0	0	0	0	0	1	0	1	0	1.0
3191	We should prohibit school prayer	against	prayer in school shouldn't be prohibited because it could result in many social benefits	0	0	0	0	0	1	0	0	1	1	1.0
2854	We should limit judicial activism	in favor of	judicial activism could lead to a decision being made based on the false beliefs of one person.	0	0	1	0	0	1	0	0	1	1	1.0
5815	Surrogacy should be banned	in favor of	surrogacy creates a host of complicated issues around parental rights.	0	1	0	0	0	0	0	0	1	0	1.0
5781	Assisted suicide should be a criminal offence	in favor of	assisted suicide should be a criminal offence because killing is wrong whether it is willingly or not	0	0	1	0	0	1	0	0	1	1	1.0
3402	We should prohibit school prayer	against	prayer in school is not harming anyone or their rights so i do not think it should be prohibited.	0	0	0	0	0	0	1	0	1	0	1.0
3361	We should ban whaling	against	banning whaling would take away a tradition from some cultures they've had for hundreds of years.	0	0	0	0	0	0	0	0	1	0	1.0
6413	Surrogacy should be banned	in favor of	"surrogacy will eventually and inevitably become commercialised, with mothers ""hiring out"" their wombs to the highest bidder"	0	1	1	0	0	1	0	0	1	0	1.0
101	We should adopt a multi-party system	against	the two-party system is cheaper and easier to operate that any multi-party system	0	0	0	0	0	1	0	0	1	0	1.0
2011	We should ban the Church of Scientology	against	having a belief is not illegal and we should not ban or discriminate against those who have different beliefs. provided the church acts within the law it must be tolerated	0	0	1	0	0	0	1	0	1	1	1.0
223	We should abolish the right to keep and bear arms	against	we shouldn't abolish the right to keep and bear arms because it can help stop mass shootings if everyone has a gun	1	1	0	0	0	1	0	0	1	0	1.0
1781	We should end mandatory retirement	against	We should not end mandatory retirement because the current system in countries like Germany where this is common is not broken.	1	0	1	0	0	1	1	0	1	0	1.0
4839	Immigrants should receive help from the EU through integration programs	against	Why do we even let in migrants who do not speak the language of the country where they wish to reside? Migration is bad for the nations and degrading for the migrants. We must work to end mass migration. 	0	0	0	0	0	1	1	0	1	1	1.0
7101	We should impose an IQ test to immigrants	against	Are IQ test really worth anything? Stick to teaching the language and basic values, the rest will follow.	1	0	0	0	0	0	0	0	1	1	1.0
6475	Surrogacy should be banned	in favor of	Surrogacy can cause legal problems on the paternal rights for the child.	0	1	1	0	0	0	0	0	1	0	1.0
5842	Blockade of the Gaza Strip should be ended	against	the blockade should not be ended because the people of israel have every right to determine what goods, service, and people enter the territory.	0	0	1	0	1	0	1	0	1	0	1.0
1632	We should adopt atheism	against	All beliefs should be recognized not just the one YOU want.	0	0	0	0	0	0	1	0	1	1	1.0
4206	We should legalize sex selection	against	sex selection is unnatural and goes against the view that it is up to god to decide the child one will have.	0	0	0	0	0	0	0	0	1	1	1.0
855	We should subsidize embryonic stem cell research	against	embryonic stem cell research requires the destruction of human embryos and so is considered unethical by many people	0	1	0	0	0	0	0	0	1	0	1.0
4843	Immigrants should receive help from the EU through integration programs	against	No, Europe is not a colony. Immigration has been devastating. Public EU officials who support immigration should be named and the European people must be given a democratic opportunity to remove them from positions of power and influence.	0	1	0	0	1	1	0	0	1	0	1.0
4376	We should abolish the right to keep and bear arms	against	it is the right of the people to defend themselves, even with the use of deadly force.	0	0	0	0	1	1	1	0	1	0	1.0
3988	We should ban human cloning	in favor of	human cloning is against many religions and can have disasterous results if we make a simple mistake. that clone would then have to live with that mistake forever.	0	0	0	0	1	0	0	0	1	1	1.0
2299	We should subsidize embryonic stem cell research	against	stem cell research is seen as unethical  and wrong by many religions	0	1	0	0	0	0	0	0	1	1	1.0
1461	We should ban whaling	against	whaling provides jobs and income for many people	0	0	0	0	1	1	0	0	1	0	1.0
5723	Intelligence tests bring more harm than good	against	intelligence tests are a way to get a good idea of how smart someone is, even if the results aren't necessarily 100% accurate they give a good base to judge people on.	1	0	1	0	1	1	0	0	1	1	1.0
2922	We should ban the Church of Scientology	against	people have the right to freedom of religion, even scientology and this right should not be infringed upon.	0	0	0	0	0	0	1	0	1	0	1.0
1252	We should subsidize Wikipedia	against	wikipedia allows people to say whatever they want on a topic and does not have to be true or provable.	0	0	0	0	0	0	1	0	1	1	1.0
704	We should abandon the use of school uniform	against	school uniform helps all children attend on a level playing field, free from worry about trying to keep up with expensive fashion trends.	0	1	1	0	0	0	0	0	1	1	1.0
3653	We should ban the Church of Scientology	against	We should not ban the church of scientology since people should be able to join any religion they want to.	0	0	0	0	0	0	1	0	1	0	1.0
2261	We should abolish the right to keep and bear arms	against	We should not abolish the right to keep and bear arms as this is our fundamental right and should not be something for debate.	0	0	1	0	0	0	1	0	1	0	1.0
642	We should subsidize embryonic stem cell research	against	we should not subsidize embryonic stem cell research as that is done by private companies and they can raiser their own money.	0	0	0	0	1	0	0	0	1	1	1.0
7266	We should shift the EU policy toward the Russian Federation	in favor of	Belarus, Russia, and Ukraine are by far the most important neighbors of the EU. A good relationship with all three is very desirable for the EU. For that, we would have to be willing to understand their history better.	0	0	0	0	0	0	1	0	1	1	1.0
1484	We should ban whaling	against	whaling is an important source of food for native americans who near the artic circle and because of this we should allow a  certain amount of whaling.	0	1	0	0	0	1	0	0	1	1	1.0
2233	We should prohibit school prayer	against	thats what is wrong with the schools today, they took god out.	0	0	0	0	0	0	0	0	1	0	1.0
1886	We should legalize sex selection	against	"Choosing your baby's gender interferes with what nature intended. People should not ""play God""."	0	0	0	0	0	1	0	0	1	1	1.0
791	We should ban human cloning	in favor of	human beings were created to be individuals unlike no other.	0	0	0	0	0	0	0	1	1	1	1.0
5912	Assisted suicide should be a criminal offence	in favor of	no doctor should take part in killing , it is their job to heal	1	1	1	0	0	1	0	0	1	1	1.0
1033	We should abandon the use of school uniform	against	school uniform enables all children to look the same, thus reducing the likelihood of bullying.	0	0	1	0	0	1	0	0	1	0	1.0
1064	We should ban missionary work	against	it is important that we help the less fortunate.	0	1	0	0	0	1	0	0	1	0	1.0
5793	Holocaust denial should be a criminal offence	against	no one should be punished because he or she doesn't believe something	0	0	0	0	0	0	1	0	1	1	1.0
2361	We should prohibit school prayer	against	school prayer unites children and teachers together	0	1	1	0	0	1	0	0	1	1	1.0
1902	We should ban missionary work	against	the missionary work bring the good idea for the people	0	1	0	0	0	0	0	0	1	0	1.0
6	We should prohibit school prayer	against	it should be allowed if the student wants to pray as long as it is not interfering with his classes	0	0	0	0	0	0	1	0	1	1	1.0
7203	We should legalize non-violent drug offenses	in favor of	We should legalize drugs as a means to promote justice, harm reduction, and religious freedom.  If we really want justice and human rights, this is absolutely essential.	0	0	0	0	0	1	1	0	1	1	1.0
3135	We should ban the Church of Scientology	against	like other churches, the church of scientology needs to be protected via the separation of church and state.	0	0	1	0	0	0	0	0	1	0	1.0
6104	The vow of celibacy should be abandoned	against	the vow of celibacy is critical to keeping the priest focused on spiritual matters that are central to his responsibilities in the church and to his congregation.	1	1	1	0	0	0	0	0	1	0	1.0
3672	We should ban human cloning	in favor of	human cloning is unnatural and against the laws of nature	0	0	1	0	0	0	0	0	1	1	1.0
2268	We should adopt a multi-party system	against	a multi-party system makes it much more difficult to collaborate on ideas.	1	1	0	0	0	1	0	0	1	0	1.0
5539	Assisted suicide should be a criminal offence	in favor of	assisted suicide is just another word for murder.	0	0	1	0	0	0	0	0	1	1	1.0
1032	We should adopt atheism	against	we live in an open society where freedom of religious expression is allowed. to go against that would be a betrayal of western values.	0	0	0	0	0	0	1	0	1	0	1.0
1852	We should abolish the right to keep and bear arms	against	in a dangerous society, surely a person has the right to protect themselves and their family - this was the initial reasoning behind enshrining 'the right to keep and bear arms', and nothing has changed.	0	1	1	0	0	1	0	0	1	0	1.0
3185	We should adopt atheism	against	we are a nation founded on christianity so atheism goes against our natural beginnings.	0	0	0	0	0	1	0	0	1	0	1.0
3973	We should prohibit school prayer	against	prayer can bring students a moment of peace and tranquility to an otherwise hectic school day.	0	0	0	1	0	1	0	0	1	0	1.0
2244	We should ban whaling	against	so long as a limited number are harvested it is ok	1	1	0	0	0	0	1	0	1	1	1.0
2676	We should ban the Church of Scientology	against	freedom of religion should allow the church of scientology to keep operating	0	0	1	0	0	0	1	0	1	0	1.0
6736	Holocaust denial should be a criminal offence	in favor of	holocaust denial is a hate filled way of trying to erase the past and does tremendous amounts of harm.	0	1	1	0	0	0	0	0	1	1	1.0
1182	We should legalize prostitution	against	when prostitution moves into a neighborhood, so do drugs and violence	0	1	1	0	0	1	0	0	1	0	1.0
5234	We do not need immigration from non-European or non-first-world countries. 	against	I have no trouble with, non-western, immigrants.  I have trouble with 'mass immigration'.  What happens is when they come in large numbers they do not integrate anymore.  They stick to themselves and become a new tribe that tries to change their host country.'	0	0	0	0	0	1	0	0	1	0	1.0
3986	We should ban the Church of Scientology	against	people have the right to freedom of religion and should be allowed to be part of the church of scientology as a constitutional right.	0	0	1	0	0	0	1	0	1	0	1.0
6326	The vow of celibacy should be abandoned	against	churches that promote celibacy do so for reasons of their faith and we have no right to say they should abandon those beliefs.	0	0	1	0	0	0	0	0	1	1	1.0
5182	The EU should recognize Taiwan as an independent sovereign state	in favor of	China is acting against European values and violating intellectual property rights.	0	0	1	0	0	0	0	0	1	0	1.0
2179	We should abandon the use of school uniform	against	School uniforms do not limit self-expression. Students still have weekends and holidays to pick their own outfits.	0	0	1	0	0	1	1	0	1	0	1.0
5012	The EU should focus more on ensuring the success of the internal market, and on improving its competitiveness	in favor of	Whenever you find yourself in crisis, and the EU is in crisis, it is a good idea to return to core business. And in the case of the EU, the core business is economy, trade, and security. That's where the focus should be.	1	0	0	0	1	1	0	0	1	1	1.0
2554	We should adopt gender-neutral language	against	there is no need for gender-neutral language. someone could be an actress or an actor and can identify as either without changing the language that we use.	0	0	1	0	0	0	0	0	1	0	1.0
2586	We should legalize prostitution	in favor of	this is a profession that has been going on for thousands of years so we should finally recognize it as a real job for women	1	0	0	0	1	1	0	0	1	1	1.0
476	We should adopt gender-neutral language	against	gender-neutral language will cause confusion if we don't know who is being referred to	1	0	0	0	0	1	0	0	1	1	1.0
2092	We should ban the Church of Scientology	against	the church of scientology is a choice of religion by many and a constitutional right to freedom of religion that needs to be upheld and respected.	0	0	1	0	0	0	1	0	1	1	1.0
1552	We should legalize sex selection	against	we shouldn't legalize sex selection because is moral action in society	0	0	1	0	0	1	0	0	1	0	1.0
7267	We should shift the EU policy toward the Russian Federation	in favor of	The Russian Federation is our neighbor. We share common historic and cultural ties with them. Today the EU confronts Russia with sanctions. An understandable reaction to its actions in Ukraine and failing democracy. Let us not forget actions done by others (US intervention in Iraq, the Chinese in Tibet and their treatment of minorities, etc.). Yet we close our eyes.	0	0	0	0	0	1	1	0	1	1	1.0
5855	Surrogacy should be banned	in favor of	women are selling their bodies, and oftentimes, surrogates have a hard time giving up their child.	0	1	1	0	0	0	0	0	1	1	1.0
994	We should legalize sex selection	against	sex is determined at birth and not something a person should be allowed to change or decide for themselves.	0	0	1	0	0	0	0	0	1	1	1.0
578	We should prohibit school prayer	in favor of	prayer in school should be prohibited because it violates the separation of prayer and state	0	0	1	0	0	0	1	0	1	1	1.0
5874	Foster care brings more harm than good	in favor of	most are into doing foster care for the paycheck, which leaves the children neglected.	0	1	0	0	0	1	0	0	1	0	1.0
7157	We should restrict immigration.	in favor of	Foreigners and immigrants must not be provided the same services and advantages as native people.	0	0	0	0	0	1	0	0	1	1	1.0
907	We should ban telemarketing	against	we live in a capitalist country and telemarketing  is how many businesses grow and develop.	1	0	0	0	1	1	0	0	1	0	1.0
3746	We should cancel pride parades	in favor of	pride parades do the exact opposite of what they're meant to.  instead of making themselves part of the community, they're making themselves stand apart	0	0	1	0	0	1	0	0	1	1	1.0
7085	We should preserve European culture	in favor of	We should embrace and protect our culture which stands at the basis of our successful society.  We also should watch out for some Europhiles in Brussels who think our culture should be replaced by multi-culturalism because it fits the EU plans better.	1	0	0	0	0	0	0	0	1	0	1.0
5144	The EU needs a wider definition of gender-based violence and an intersectional approach to end it	against	'We most definitely do not need a wider definition of 'gender-based' anything. 'Gender' is a politicized left-wing concept. I certainly encourage wider protection from violence against women and girls. That should most definitely include protection from the violence and coercion young women face from 'trans' activists. We also want nothing to do with 'intersectionality' which is a neo-Marxist concept of overlapping oppressions. No one is being oppressed in Europe.	0	0	0	0	0	1	0	0	1	1	1.0
5374	The EU should integrate the armed forces of its member states	in favor of	A European army is not a controversial idea, but a question of what integration of the armed forces of the member states means and what an army is in general. EU action on security and defense must extend to vigilance, openness, and transparency in economic, financial, fiscal, and social infrastructures. A European or joint - ideally worldwide - army is not a hierarchy, but an idea of common values, in the sense of human rights and strategic and coordinated action as well as socio-economic prosperity for all, without environmental pollution. But ordinances, decrees, etc. are a kind of 'silent mail' and can falsify the legal goals and values, as can reports and statistics.	1	1	0	0	0	1	0	0	1	1	1.0
1425	We should prohibit school prayer	against	we should not prohibit school prayer because the constitution gives us freedom of religion and prayer does not infringe on others.	0	0	0	0	0	0	1	0	1	0	1.0
2534	We should adopt gender-neutral language	against	we should not adopt this, it would be confusing to young children. the way we've done things still works and there's no need to change it.	1	0	0	0	0	0	0	0	1	0	1.0
5792	Surrogacy should be banned	in favor of	surrogacy is just another term for baby selling which is against the law.	0	0	1	0	0	0	0	0	1	0	1.0
3743	We should ban human cloning	in favor of	we should ban human cloning because people were not made to be cloned, we are all unique and individual for a reason.	0	0	0	0	0	0	0	0	1	1	1.0
6963	Hindi should be the national language of India	in favor of	Hindi is spoken by more than half of India. As no single language is spoken by the entire of India, it is much better to make the majoritarian language the national language. 	1	0	0	0	0	0	1	0	1	1	1.0
1200	We should ban the Church of Scientology	against	we shouldn't ban the church of scientology because banning a religion goes against the constitution	0	0	1	0	0	0	1	0	1	1	1.0
1063	We should ban whaling	against	we use whales for many usable products.	0	1	0	0	0	0	1	0	1	1	1.0
5629	The vow of celibacy should be abandoned	against	celibacy allows the priest to be completely focused on his parish community without distraction.	1	1	1	0	0	0	0	0	1	0	1.0
6084	Surrogacy should be banned	in favor of	surrogacy turns babies into a commercial product instead of human beings.	0	1	0	0	0	0	0	0	1	1	1.0
1462	We should ban the Church of Scientology	against	religion should be a personal matter and the government should not dictate which faiths are allowed and which are not.	0	0	0	0	0	0	1	0	1	1	1.0
5067	We need to ensure improvements to the European Union's decision-making processes with increased transparency and accountability	in favor of	We all want to see transparent, democratic, and value-based policy-making.  The right to good administration is embedded in the Charter of Fundamental Rights and should guide the EU's actions.	0	1	1	0	0	0	0	0	1	1	1.0
4149	We should ban the Church of Scientology	against	we shouldn't ban the church of scientology because the religion rigths	0	0	0	0	0	0	0	0	1	0	1.0
4445	We should adopt atheism	against	we should not adopt atheism as the this is removing peoples right to their own beliefs and religious freedom	0	0	0	0	0	0	1	0	1	0	1.0
7194	We should strengthen the public role of faith-based communities in environmental protection	in favor of	A reflection on the future of Europe needs to identify and involve other actors alongside local and international institutions to fully deploy the founding values of our continent in addressing major global challenges. 	0	0	0	0	1	0	0	0	1	1	1.0
3690	We should prohibit school prayer	against	school prayer brings people together in fostering an atmosphere of peace and understanding, and should be seen as a message of universality rather than an appeal to a single religion.	0	0	0	0	0	1	0	0	1	0	1.0
2737	We should ban human cloning	in favor of	Human cloning goes against nature and should be banned.	0	0	1	0	0	0	0	0	1	1	1.0
3151	We should prohibit school prayer	against	every religious person has the right to pray	0	0	0	0	0	0	1	0	1	0	1.0
6866	We should subsidize vocational education	against	vocational education is unhelpful traditional learning should be encouraged	1	1	0	0	0	0	1	0	1	0	1.0
1166	We should ban cosmetic surgery	in favor of	cosmetic surgery should be banned.   god made you a certain way and these procedures are going against that.   besides, it could be dangerous as joan rivers died from complications during surgery.	0	0	0	0	0	1	0	0	1	1	1.0
5867	The vow of celibacy should be abandoned	against	the vow of celibacy should not be abandoned because that is part of some religions	0	0	1	0	0	0	0	0	1	0	1.0
1157	We should adopt a multi-party system	against	a multi-party system leads to too much division and there may never be an overall consensus	0	1	0	0	1	1	0	0	1	1	1.0
4105	We should ban the Church of Scientology	against	banning organisations that happen to hold unorthodox views is a complete violation of free speech, and shouldn't be tolerated in a democracy.	0	0	0	0	0	0	1	0	1	0	1.0
2715	We should ban whaling	against	whaling has been an intergral part of many cultures for centuries.	0	0	0	0	0	0	1	0	1	0	1.0
202	We should ban whaling	against	whaling is an important part of the diet, tradition and economies of many countries, and it is not our place to dictate terms as outsiders to their culture.	0	0	1	0	1	1	1	0	1	1	1.0
1377	We should abolish the Olympic Games	against	the olympic games inspire children and people of all ages to enjoy and participate in sports.	1	0	0	0	0	0	1	1	1	0	1.0
5747	Assisted suicide should be a criminal offence	in favor of	assisted suicide is heartless and inhumane	0	1	0	0	0	0	0	0	1	0	1.0
2604	We should ban the Church of Scientology	against	we should not ban scientology, the sensationalist stories have never been proven so we would be passing judgement before any wrongdoing is confirmed	0	1	0	0	0	0	1	0	1	1	1.0
6599	The vow of celibacy should be abandoned	against	this is an established tenet of certain churches. abandoning it would infringe on their freedom of religion	0	0	1	0	0	0	1	0	1	0	1.0
161	We should ban missionary work	in favor of	missionaries are intrusive to other countries and very invasive to the culture.	0	0	1	0	0	0	1	0	1	1	1.0
2537	We should legalize sex selection	against	sex selection should not be legalized as it is counter to biblical teachings	0	0	1	0	0	0	0	0	1	0	1.0
3163	We should adopt atheism	against	everyone has a right to follow the religion they truly believe, therefore we cannot impose atheism	0	0	0	0	0	0	1	0	1	0	1.0
234	We should adopt atheism	against	we should not adopt atheism because organized religion instills good morals into people.	0	0	1	0	0	1	0	0	1	1	1.0
5255	We do not need immigration from non-European or non-first-world countries. 	in favor of	Europe should look at the European people first. It is not fair for the working classes to have to live within the ruins of multiculturalism while the middle class supports immigration from within their gated communities.	0	0	0	0	0	1	0	0	1	1	1.0
1329	We should ban the Church of Scientology	against	we have the right to practice different religions and the church of scientology should not be banned.	0	0	0	0	0	0	1	0	1	1	1.0
431	We should adopt atheism	against	people are entitled to believe in any god that they choose to believe in. as religion offers comfort, aatheism should not be adopted.	0	0	0	1	0	0	1	0	1	0	1.0
4316	We should abolish the right to keep and bear arms	against	In the Constitution, we have the right to keep and bear arms and we can't have that taken away,.	0	1	1	0	0	1	1	0	1	0	1.0
1952	We should ban missionary work	against	missionary work helps bring medicine and food to areas of the world who would otherwise suffer without it. we have a duty to help all humans no matter where they are	0	1	0	0	1	1	0	0	1	1	1.0
2471	We should ban the Church of Scientology	against	people are free to practice any religion they want	0	0	0	0	0	0	1	0	1	0	1.0
4844	Immigrants should receive help from the EU through integration programs	against	We have millions of poor true Europeans that we can help, why help migrant who have nothing in common with us?	1	1	0	0	0	1	0	0	1	1	1.0
2239	We should ban whaling	against	we should not ban whaling because it provides jobs and food for people.	1	1	0	0	1	1	0	0	1	0	1.0
6587	The vow of celibacy should be abandoned	against	the vow of celibacy is a very personal and religious choice for some that serve in the ministry and we should not dictate what those personal and religious beliefs should be.	0	0	0	0	0	0	1	0	1	0	1.0
1260	We should adopt gender-neutral language	against	we should not adopt gender-neutral language because more people than not specify with a certain gender and want to be addressed as such.	0	0	0	0	0	0	1	0	1	0	1.0
1086	We should ban missionary work	against	it`s outrageous to ban missionary work because people who helping other people can`t be banned to do that and can be only awarded and recognized in our society.	0	1	0	0	0	0	0	0	1	1	1.0
5062	The EU should focus on pragmatism	in favor of	Pragmatism was in the EU’s DNA since its inception, but this is sadly no longer the case. The current EU is not a moral authority, it is a political organization based on mutual interests and political diversity.	0	1	0	0	0	0	0	0	1	1	1.0
2952	We should adopt atheism	against	Atheism tends to be literal and negative when people need faith	0	0	0	0	0	0	0	0	1	1	1.0
2331	We should prohibit school prayer	against	we should not prohibit the right to pray in schools, children can opt out if they wish so prohibiting it simply unnecessarily removes the rights of those who want to participate.	0	0	0	0	0	0	1	0	1	1	1.0
1023	We should adopt gender-neutral language	against	there is no reason to adopt gender-neutral language as the fact that genders do exist and the differences do matter is indisputable!	0	1	0	0	0	0	0	0	1	0	1.0
3933	We should adopt atheism	against	people are guided by religion on how to conduct their live and its been around for thousands of years	0	0	0	0	0	0	0	0	1	0	1.0
1383	We should ban human cloning	in favor of	human cloning should be banned because the ethical problems it creates are too difficult to overcome	0	0	1	0	0	0	0	0	1	1	1.0
3203	We should ban missionary work	against	if people are proud of their religion and want to travel and spread the word, they should be able to freely. first amendment rights!	1	1	0	0	0	0	1	0	1	0	1.0
5722	We should subsidize vocational education	against	We should subsidize not vocational education because it will discourage students from going into traditional higher education, and therefore limit their career options.	1	0	1	0	0	1	0	0	1	1	1.0
567	We should ban the Church of Scientology	in favor of	we should ban the church of scientology as many ex-members report manipulation and bullying and it has been reported to be a cult which has seperated families.	0	1	0	0	0	1	1	0	1	0	1.0
5667	Homeschooling should be banned	in favor of	homeschooling can be used to hide child abuse since no teachers see them to report it	0	1	0	0	0	0	0	0	1	1	1.0
1782	We should adopt gender-neutral language	against	such a dramatic change to a language would have a hard time being universally adopted and would be difficult to enforce. he has already served as a gender neutral pronoun in the past.	0	0	0	0	0	0	1	0	1	1	1.0
2281	We should ban fast food	against	we should not ban fast food because they are part of the economy	0	0	0	0	0	1	0	0	1	1	1.0
179	We should adopt a multi-party system	against	adopting a multi-party system leads to the formation weak and unstable coalition governments	0	0	0	0	0	1	0	0	1	0	1.0
4326	We should ban the Church of Scientology	against	people have a right to believe in anything they want to. even though some people are very sceptical of this so called church, society still has a right to practice whatever religion they choose.	0	0	0	0	0	0	1	0	1	0	1.0
2738	We should ban the Church of Scientology	against	we live in a free society where people should be allowed to practise whatever religion they choose.	0	0	0	0	0	0	1	0	1	0	1.0
2064	We should ban human cloning	in favor of	this is an unnatural process that should be against the law.	0	0	1	0	0	0	0	0	1	1	1.0
6323	The vow of celibacy should be abandoned	against	celibacy is a test of faith and an opportunity through denial to express the importance of that faith. if you make a vow its important to keep to it otherwise it becomes worthless	0	0	1	0	0	0	1	0	1	0	1.0
6956	Cattle slaughter should be banned	in favor of	The cow is a sacred animal for Hindus. Killing cows hurts their sentiments.	0	0	1	0	0	0	0	0	1	1	1.0
1490	We should cancel pride parades	in favor of	being lgbt is against many large religions, people should not be forced to witness such parades because of such.	0	0	1	0	0	0	0	0	1	0	1.0
4865	The EU should have open borders with poor countries	against	If we need work force, we should look for Europeans to come, not for Afrikans, Arabic, and Muslims.	1	0	0	0	0	0	0	0	1	1	1.0
6200	Payday loans should be banned	in favor of	payday loans are legalized usury and lead families into a debt trap that they can never escape.	0	1	1	0	0	1	0	0	1	0	1.0
3968	We should ban missionary work	in favor of	Missionary workers often travel to foreign countries on false premises, such as to teach or provide aid. But they are really there to spread Christianity.	0	1	0	0	0	0	1	0	1	0	1.0
865	We should abolish the right to keep and bear arms	against	it is a fundamental right of american citizens to keep and bear arms and to remove that right would simply drive arms trading underground.	0	0	0	0	0	1	1	0	1	0	1.0
1431	We should subsidize embryonic stem cell research	against	embryonic stem cell research is controversial and therefore should not receive government funding.	0	1	0	0	0	0	0	0	1	0	1.0
2512	We should adopt an austerity regime	against	we should not  adopt an austerity regime because it will harm a good process.	0	0	0	0	1	1	0	0	1	0	1.0
4720	Triple Talaq should be abolished	against	Triple talaq should happen in three stages with time gaps. This allows time for reconciliation and arbitration. As instant divorce is a misuse of triple talaq, banning the provision itself is not the solution.	0	1	1	0	0	0	1	0	1	0	1.0
5193	We need a combined education and migration policy for Africa and the Middle East.	against	The demographic problems for the EU, which are real, must be solved by encouraging child-bearing and a generous family policy, not through migration. We must celebrate motherhood and Moms. We must realize that raising a child involves serious costs in today's Europe.	0	1	1	0	0	1	0	0	1	1	1.0
4968	There should be no immigration from non-European or non-first-world countries 	in favor of	The migrants that are already (legally) here should be taught western values so they and their families can integrate/assimilate, as the age-old saying goes 'when in Rome, do as the Romans do'.	0	0	0	0	0	1	0	0	1	0	1.0
4961	We do not need immigration from non-European or non-first-world countries 	against	Just arguing to keep migrants out is very shortsighted and unhistorical. By keeping migrants out, migration pressure will not abate. So what do you suggest for next year, 10 years from now?  	0	0	0	0	0	0	0	0	1	1	1.0
6189	Surrogacy should be banned	in favor of	Carrying a baby is an emotionally difficult experience. There are fluctuations in hormones, as well as the potential for depression during and after a pregnancy.	0	1	0	0	0	1	0	0	1	0	1.0
6019	Foster care brings more harm than good	in favor of	children with behavioral problems could not adapt well to new homes	0	1	0	0	0	1	0	0	1	0	1.0
55	We should adopt gender-neutral language	against	we should not adopt gender neutral language because were created as male and female	0	0	0	0	0	0	0	0	1	0	1.0
7134	We should not forget about indigenous Europeans	in favor of	European Union has already forgotten for example about the Ingrian Finnish indigenous nation. We have our own unique flag, our own unique language (that only about 1300 people speak in the entire world), our own land that the Ingrian Finnish lived on before Russia took over Karelia and sent them all to labor work in Siberia, Karelian forests and Estonia.	0	0	0	0	0	0	0	0	1	1	1.0
463	We should adopt atheism	against	many people use religion to connect with their family as well as loved ones that are no longer alive - losing this comforting connection would be devastating for some.	0	1	1	1	0	0	1	0	1	0	1.0
6064	The vow of celibacy should be abandoned	against	Remaining celibate has a long history and a major tenet of some religions	0	0	1	0	0	0	0	0	1	0	1.0
5299	We need an inclusive language for all citizens of the world: the Esperanto.	against	English is ideal as it is spoken internationally as the language of commerce, travel, and political exchange. Esperanto isn't.	1	0	0	0	0	0	0	0	1	1	1.0
1338	We should adopt gender-neutral language	against	we should not adopt gender-neutral language because it is stupid to change the way people been speaking for hundreds of years	0	0	0	0	0	0	0	0	1	1	1.0
177	We should abolish the right to keep and bear arms	against	the right to bear arms is a fundamental right since the creation of  this country, and should be protected.	0	0	0	0	0	1	1	0	1	0	1.0
490	We should limit judicial activism	in favor of	we should limit judicial activism as it goes outside the set laws and eventually could go to far to one person creating their own agendas.	0	0	1	0	0	0	0	0	1	1	1.0
6989	Women can be in combat roles	against	There are no much facilities and infrastructure in Indian Army to allow women in combat roles.	0	0	0	0	0	0	0	0	1	0	1.0
6532	Surrogacy should be banned	in favor of	surrogacy is turning a human life into a commodity and therefore immoral and unethical	0	0	1	0	0	0	0	0	1	1	1.0
49	We should cancel pride parades	in favor of	why should homosexuals have a pride parade?heterosexuals don't have them!	0	0	1	0	0	0	0	0	1	0	1.0
4956	We need an inclusive and pluralistic European society.	in favor of	There need to be some rules for integration:Integration does not mean giving up European values and culture.	0	0	0	0	0	0	0	0	1	0	1.0
5453	The vow of celibacy should be abandoned	against	the vow of celibacy, and those who choose to make that vow, should be respected. it should be a matter of individual choice for the individual.	0	0	0	1	0	0	1	0	1	0	1.0
2652	We should adopt atheism	against	religions produce color to the world and celebrate the diversity of people so it would be a duller world without it, so we should not adopt atheism.	0	1	0	0	0	0	0	1	1	1	1.0
6576	The vow of celibacy should be abandoned	in favor of	if the vow of celibacy is not abandoned, the number of men joining the priesthood will continue to decline.	0	1	0	1	0	0	1	0	1	1	1.0
2298	We should limit judicial activism	in favor of	we should limit it, laws should not be changed for special circumstances	1	0	1	0	0	1	0	0	1	1	1.0
878	We should abandon the use of school uniform	against	school uniforms keep all kids equal while at school learning and that is a great thing so school uniforms should remain.	0	0	1	0	0	1	0	0	1	1	1.0
2323	We should ban whaling	against	whaling is part of the culture of various indigenous population and should be allowed for the purpose of maintaining this tradition and way of life and sustenance, among other uses of a whale.	0	1	0	0	0	0	0	0	1	1	1.0
4727	The Sabarimala verdict is progressive and not a threat to traditions	in favor of	Why everything is seen in a sexual nature? Brahmacharya doesn't mean women cannot worship god. Brahmacharya means observing celibacy. It doesn't mean that there shouldn't be female devotees of reproductive age. Narrow-minded people do not understand the difference between devotion and sexual attraction.	0	0	0	0	0	0	0	0	1	1	1.0
1825	We should adopt gender-neutral language	against	we shouldn't have to change the british language to conform to others' needs	0	0	0	0	0	1	0	0	1	0	1.0
243	We should ban private military companies	in favor of	private military companies should be banned because it is immoral to make money off of war	0	0	0	0	0	0	0	0	1	1	1.0
5587	Assisted suicide should be a criminal offence	in favor of	assisted suicide should be a criminal offence because that is murder	0	0	0	0	0	0	1	0	1	1	1.0
2141	We should adopt atheism	against	one of the most basic human rights is the freedom of religion, and asking anyone to give up that right to believe in whatever they choose is wrong.	0	0	0	0	0	0	1	0	1	0	1.0
4034	We should legalize prostitution	against	prostitution should be banned as still will reduce the dangers women face. legalizing prostitution will make religious people unhappy as this goes against their values.	0	0	0	0	0	1	0	0	1	1	1.0
515	We should abolish the right to keep and bear arms	against	we should not abolish the right to keep and bear arms because it is a constitutional right to own weapons to protect ourselves.	0	1	0	0	0	1	1	0	1	0	1.0
3333	We should limit judicial activism	in favor of	judges should not let their biases come into play when making judicial decisions; they should adhere to a strict interpretation of the constitution.	0	0	1	0	0	1	0	0	1	1	1.0
1856	We should prohibit school prayer	against	school prayer should be allowed in schools, as long as students get the choice of whether or not they want to participate.	0	0	1	0	0	0	1	0	1	0	1.0
396	We should ban the Church of Scientology	against	if people feel personal satisfaction within scientology, i do not see why we have to prohibit it.	0	0	0	1	0	0	1	0	1	1	1.0
1268	We should prohibit school prayer	against	if parents want their kids to pray at school so be it	0	1	0	0	0	0	1	0	1	0	1.0
1898	We should prohibit school prayer	against	people have the right to pray where they want to.	0	0	0	0	0	0	1	0	1	0	1.0
6962	Hindi should be the national language of India	in favor of	English is not native to India, but Hindi is.	0	0	0	0	0	0	0	0	1	0	1.0
3466	We should ban whaling	against	whaling is a tradition with some native groups and they need the meat to survive through winter	0	1	0	0	0	1	0	0	1	1	1.0
3403	We should prohibit school prayer	against	prayer in schools should be allowed as prayer has always been a part of our developing country. this has only come  as an issue as non christian religions have become more prevalent in society.	0	0	0	0	0	0	0	0	1	1	1.0
4080	We should oppose collectivism	in favor of	collectivism focuses on the group as a whole and diminishes the rights of the individual.	0	0	0	0	0	0	1	0	1	1	1.0
6967	It is right to ban Cattle Slaughter 	in favor of	Cow is a sacred animal for Hindus. Killing cows hurts their sentiments.	0	0	0	0	0	0	0	0	1	1	1.0
1402	We should adopt gender-neutral language	against	many philologist said that gender-neutral language is hard to use, takes times to learn and will cost a lot of money.	1	0	0	0	1	1	0	0	1	0	1.0
5916	The vow of celibacy should be abandoned	against	the vow of celibacy is necessary for those embracing a religious career, it helps them focusing on spiritual matters rather than physical needs	0	0	1	0	0	0	0	0	1	0	1.0
1095	We should ban missionary work	in favor of	missionary work can be dangerous to workers.	0	0	0	0	0	1	0	0	1	1	1.0
5879	The vow of celibacy should be abandoned	against	celibate people aren't at risk of sexually transmitted infections or diseases and therefore are healthier, so it shouldn't be abandoned.	0	0	0	0	0	1	0	0	1	0	1.0
1551	We should legalize prostitution	against	legalizing prostitution would erode moral values and reduce the safety of women so it should never be legal.	0	0	1	0	0	1	0	0	1	0	1.0
5929	Homeopathy brings more harm than good	against	homeopathy brings more good than harm when it is used alongside traditional medical treatments for further alleviation of pain.	0	0	0	1	0	1	1	0	1	0	1.0
6043	Surrogacy should be banned	in favor of	surrogacy is a unnatural way of reproducing and should be banned.	0	1	1	0	0	0	0	0	1	0	1.0
4700	Firecrackers should be banned during Diwali, other festivals, and weddings	against	Bursting crackers on Diwali has always been on the to-do list in every family. A Deepavali without firecrackers will definitely be a cut-down in entertainment and recreation for the kids, as well as the elders.	0	0	0	1	0	0	1	1	1	0	1.0
4924	Immigrants should learn the language of their host country.	in favor of	Helping migrants learn the language and culture of the country they are living in are critical to successful integration. Language and norms of the job market and workplace should also be built in.	1	0	1	0	0	1	0	0	1	1	1.0
5129	The current differing legal cultures of the Member States need to be developed into a common legal culture in Europe	against	Legal traditions are different for a reason. They are the result of centuries of organic legal evolution. They cannot be overwritten with a stroke of a pen. 	0	0	1	0	0	0	0	0	1	0	1.0
6978	Temples in India can have Gender-Specific rules	in favor of	Some temples have their own reasons. For example, if we take Sabarimala, Lord Ayyappan is a celibate. So, the temple management opines that allowing women to this temple is against God's will.	0	0	1	0	0	0	1	0	1	0	1.0
5839	The use of public defenders should be mandatory	against	the traditional right to choose your own defender to represent you has worked well for centuries and should never be changed.	0	0	0	0	0	0	1	0	1	1	1.0
6026	Foster care brings more harm than good	in favor of	Children placed in Foster Care do more poorly than children who are left in high-risk homes	1	1	0	0	0	0	0	0	1	1	1.0
634	We should adopt atheism	against	We should not adopt atheism as government should not be able to dictate people's religious freedom.	0	0	0	0	0	0	1	0	1	1	1.0
4876	We need a common migration and asylum policy, based on respect for rights and equal treatment	in favor of	Respect for human rights and effort sharing, and solidarity should be common sense in EU member states. Unfortunately, they're not yet.	0	0	0	0	0	1	1	0	1	1	1.0
1326	We should abolish the three-strikes laws	in favor of	we should abolish the three-strikes laws and just stick to one law, because it may stop reoffending if it's that harsh	0	0	1	0	1	1	0	0	1	1	1.0
4085	We should adopt libertarianism	against	people need rules to maintain a civil society	0	0	1	0	0	1	0	0	1	0	1.0
6367	The vow of celibacy should be abandoned	in favor of	the catholic church is suffering and churches closing due to the lack of priests.  many men choose to leave the priesthood because they want to marry.  ending the vow of celibacy would help end this problem	0	0	0	0	1	0	0	0	1	0	1.0
1292	We should abolish the right to keep and bear arms	against	We should not abolish the right to keep and bear arms as we have a right to defend ourselves given by the constitution.	0	1	0	0	0	1	1	0	1	1	1.0
2579	We should cancel pride parades	in favor of	pride parades sometimes bring out hate and crazy people.	0	0	1	0	0	1	0	0	1	1	1.0
1549	We should limit judicial activism	in favor of	we should limit judicial activism so that we do not depart from the constitution.	0	0	1	0	0	0	0	0	1	0	1.0
5064	The European Union needs to equip itself with the institutional and legal tools to resolve democratic conflicts on sovereignty within its own borders.	in favor of	Every nation with its own language and culture, which demands the same status as a sovereign nation within Europe, must have the right to be recognized and respected by people and other member nations/states.	0	0	0	0	1	0	1	0	1	1	1.0
3336	We should ban the Church of Scientology	against	people should be allowed to believe in whatever they want to as long as they are not harming others	0	0	0	0	0	0	1	0	1	1	1.0
3545	We should ban missionary work	against	the missionaries bring hope and the word of god to those people forgotten by civilization	0	1	0	0	0	0	1	0	1	1	1.0
6319	The vow of celibacy should be abandoned	against	if someone wants to prove themselves by taking such a serious vow, then they should be free to do so.	0	0	1	0	0	0	1	0	1	0	1.0
5138	The European Union, as a Union of values, should limit its support to countries that do not want to adhere to European values and violate the rights of their citizens	against	This is an attempt to combine the 'Multi-speed Europe' concept with the idea that European principles and values can be used as ideological clubs to beat those who engage in wrongthinking over the head with. If you insist on a set of shared EU principles and values that go beyond a mere symbolic declaration, these principles and values must include our real heritage: the Judeo-Christian values that have made Europe great. Traditional family values are first and foremost. All these values must be clearly defined in a legal sense.	0	0	1	0	0	0	0	0	1	0	1.0
1241	We should cancel pride parades	in favor of	people dont want to have gay people thrown in their face if they dont approve of them	0	0	1	0	0	0	1	0	1	0	1.0
4959	We do not want immigration from non-European or non-first-world countries 	in favor of	No more non-European immigration. The native Europeans have said NO.	0	0	0	0	1	0	1	0	1	0	1.0
5063	The EU should focus on pragmatism	in favor of	Pragmatism entails the protection and promotion of European interests, banning top-down ideology, and respecting the cultural and political individuality of every Member state.	0	1	0	0	0	1	1	0	1	1	1.0
1009	We should limit judicial activism	in favor of	judicial activism goes against our system  of what is best for the people.	0	1	1	0	1	1	0	0	1	1	1.0
1828	We should legalize sex selection	against	sex selection could lead to an imbalance of genders	0	0	0	0	0	0	0	0	1	1	1.0
4984	We don't need immigration from non-European or non-first-world countries. 	in favor of	 It is time, to be honest about this! Europeans have the right to self-determination like every other country out there! This is OUR home and a home for everyone is a home for no one.	0	0	0	0	0	1	1	0	1	0	1.0
5700	Homeschooling should be banned	against	parents have an absolute choice to determine how their children should be educated	0	1	0	0	0	0	1	0	1	0	1.0
937	We should abolish the right to keep and bear arms	against	the right to keep and bear arms is an constitutional right that needs to be upheld.	0	0	1	0	0	0	1	0	1	1	1.0
3916	We should abolish the right to keep and bear arms	against	It should not be abolished, it is a tradition, it should be controlled but not removed	0	1	0	0	0	0	1	0	1	0	1.0
3880	We should prohibit school prayer	against	it must be everyone's choice if he wants to participate in school prayers	0	0	0	0	0	0	1	0	1	1	1.0
5543	The vow of celibacy should be abandoned	against	celibacy is needed to connect people on a mental plane rather than purely physical	0	1	1	1	0	0	0	0	1	0	1.0
6946	Indian government should increase the minimum legal age of marriage for girls from 18 to 21 years	against	The age of 18 years is considered a legal adult in India. They have voting rights too. But not giving them the right to marry the partner of their choice may work against their rights. In 2018, the Law Commission recommended lowering the minimum legal age of men from 21 to 18 years and suggested keeping both genders’ minimum legal age for marriage as 18 years.	0	0	0	0	0	0	1	0	1	1	1.0
697	We should cancel pride parades	in favor of	we should cancel pride parades because it is forcing views some people don't agree with in their face	0	0	0	0	0	0	1	0	1	0	1.0
1029	We should adopt a zero-tolerance policy in schools	in favor of	i agree that a zero-tolerance policy in schools is a good idea since it would mean that our children are safer when they go to school.	1	0	1	0	0	1	0	0	1	0	1.0
3766	We should ban missionary work	in favor of	missionary work disrupts indiginous culture and interferes with natural progression of foreign populations.	0	0	0	0	0	1	1	0	1	0	1.0
6977	Temples in India can have Gender-Specific rules	against	Though religions can have personal laws. Religious institutions do not have right to ban women from entering into worship places.	0	0	0	0	0	0	0	0	1	1	1.0
1036	We should subsidize embryonic stem cell research	against	there are other stem cells that aren't from embryos that could be used instead.	1	1	1	0	0	0	0	0	1	1	1.0
537	We should adopt a zero-tolerance policy in schools	in favor of	all schools should adopt a zero-tolerance policy as kids need to know they can not act inappropriately at any given moment when in school.	0	0	1	0	0	0	0	0	1	0	1.0
1232	We should cancel pride parades	in favor of	religious individuals may object to pride parades	0	0	1	0	0	0	1	0	1	0	1.0
3725	We should adopt atheism	against	atheism offends the beliefs of most people. no one should be forced to deny their belief in god	0	0	1	0	0	0	1	0	1	1	1.0
6735	The vow of celibacy should be abandoned	against	the vow of celibacy is a personal choice and should be left to the individual	0	0	0	0	0	0	1	0	1	1	1.0
1649	We should legalize sex selection	against	sex selection could lead to gender inbalance in some societies.	0	0	0	0	0	1	0	0	1	1	1.0
4994	We do not need immigration from non-European or non-first-world countries. 	against	I have no trouble with, non-western, immigrants.  I have trouble with 'mass immigration'.  What happens is when they come in large numbers they do not integrate anymore.  They stick to themselves and become a new tribe that tries to change their host country.'	0	0	1	0	0	1	0	0	1	0	1.0
5126	The EU should ensure a free, independent, and functioning judiciary in its Member States	against	The administration of justice is a member state competence. Shadowy attempts by federalist institutions to enhance their influence at the expense of the sovereign member states are contrary to the letter of the EU Treaties, counter-productive, and have contributed greatly to the crisis of the EU by alienating national institutions. This is especially the case for courts. Several member states' high courts have declared the ECJ ultra vires (acting beyond its powers). This lawlessness on the part of federalist institutions must stop with immediate effect, and we must reaffirm the principles of subsidiarity and conferral. 	1	0	1	0	0	1	0	0	1	0	1.0
5887	Assisted suicide should be a criminal offence	in favor of	assisted suicide should be a criminal offence for the god's law. god decide your life.	0	0	0	0	0	0	0	0	1	1	1.0
5449	Homeopathy brings more harm than good	against	homeopathy often gives people hope to cure some illnesses that will never be cured without modern medicine.	0	1	0	0	0	1	1	0	1	0	1.0
97	We should ban factory farming	in favor of	it should be banned so that it doesn't take away our farms and will cause more global warming	1	0	0	0	0	1	0	0	1	1	1.0
5736	Homeschooling should be banned	in favor of	homeschooling a child denies them valuable lifeskills, particularly interaction with their own age group and all experiences stemming from this.	1	1	1	0	1	1	0	1	1	0	1.0
376	We should adopt gender-neutral language	against	we shouldn't have to adopt a gender neutral language, i think people should just understand that people speak languages in different ways and they should be acceptable of that.	0	0	0	0	0	0	0	0	1	1	1.0
4172	We should ban the Church of Scientology	against	scientology is a cult that must be respected like the rest thanks to our religious freedom	0	0	1	0	0	0	0	0	1	1	1.0
2034	We should subsidize embryonic stem cell research	against	embryonic stem cell research consuming vast amounts of funding that would be better spent on other, more ethical areas of study.	0	1	1	0	0	0	1	0	1	1	1.0
2528	We should adopt a multi-party system	against	multi-party systems lead to more corruption and wasted campaign dollars.	1	1	1	0	1	1	0	0	1	0	1.0
5300	Esperanto should be the common language for the European Union.	in favor of	'Natural' languages were never designed to be used for international communication. They reflect their own cultures and are perfect for use in their own communities, but the international language has different requirements. Esperanto has been specifically designed for this purpose, as an auxiliary language, one that can bring people together. It needs serious consideration!	1	1	0	0	0	1	0	0	1	1	1.0
5132	EU officials should be allowed to use the expression “Ladies and Gentlemen”	in favor of	Stop woke ideology introducing Orwellian newspeak!	0	0	0	0	0	0	1	0	1	1	1.0
5188	We do not need immigration from non-European or non-first-world countries 	against	Migration has been a fact of history and successful societies have found ways to turn migration into strength. In our case in order to alleviate the current challenge in the long term we need to alleviate migration pressure by making it attractive for migrants to stay put and help develop their own countries. Such a helpful project, a European Marshal Plan for Africa would be a good project to invest in. The long-term return on investment would be more than financial: A friendly neighbor continent, good relationships, access to the African market, and natural resources. That is not a short-term fix. And there is no short-term fix. We have to play the long game!	1	1	0	0	1	1	0	0	1	1	1.0
2113	We should prohibit school prayer	in favor of	school prayer violates the seperation of church and state.	0	0	1	0	0	0	1	0	1	1	1.0
2460	We should abolish the right to keep and bear arms	against	the right to keep and bear arms is a constitutional right and provides comfort and safety for families who use them responsibly.	0	1	0	0	0	1	1	0	1	0	1.0
3810	We should introduce compulsory voting	against	compulsory voting violates the freedom of choice.	0	0	0	0	0	0	1	0	1	0	1.0
1201	We should adopt gender-neutral language	against	it would be expensive to change to a gender neutral language and that money could be better spent elsewhere  world hunger for example	0	1	0	0	1	1	0	0	1	1	1.0
5649	Foster care brings more harm than good	in favor of	foster care is often detrimental to children as they are passed through many families and a stable home is often not provided.	0	1	0	0	0	1	0	0	1	0	1.0
6228	The vow of celibacy should be abandoned	against	celibacy is a time honored tradition that allows priests to focus solely on their commitment to the church	0	1	1	0	0	0	0	0	1	0	1.0
4722	Triple Talaq should be abolished	against	It is part of their faith and personal laws can’t be challenged. Article 25 (i) of Indian constitution provides freedom of religion.	0	0	1	0	0	0	0	0	1	0	1.0
1189	We should abolish the Olympic Games	against	we should not abolish the olympic games because it brings the world together to celebrate sporting greatness.	1	0	1	0	0	1	0	0	1	1	1.0
1186	We should abolish the Olympic Games	against	the olympic games allow for a show of strength among a country's athletes in a sportsman like manner, allowing for global participation and unification.	0	0	0	0	1	1	0	0	1	1	1.0
5189	We do not need any immigration from non-European or non-first-world countries 	in favor of	Why can't Arab countries shelter refugees from other Arab countries? Same habits, religion and they have enough wealth.	0	1	0	0	0	1	0	0	1	1	1.0
6592	Assisted suicide should be a criminal offence	in favor of	assisted suicide should be a criminal offence as it is not a human right to play god and may lead to murders rather than assisted suicide .	0	0	1	0	0	1	0	0	1	1	1.0
6059	Homeopathy brings more harm than good	against	homeopathic medicines are usually used for chronic conditions that are not life threatening and may alleviate symptoms for some adherents but if not there is no harm because the substances are natural.	0	0	0	0	0	1	1	0	1	1	1.0
3098	We should adopt atheism	against	atheism should not be adopted as it would be offensive to various religious groups.	0	0	1	0	0	0	0	0	1	0	1.0
4321	We should prohibit school prayer	against	just as those who wish not to pray, the ones that want to pray should have that option.	0	0	0	0	0	0	1	0	1	1	1.0
2804	We should adopt libertarianism	against	libertarianism should not be adopted as rules are needed to ensure law and order and the continued status quo.	0	0	1	0	1	1	0	0	1	0	1.0
1476	We should adopt a multi-party system	against	a multi-party system weakens speed of decision making and ensures no progress is made so we should not adopt it.	0	0	1	0	0	1	1	0	1	0	1.0
1060	We should ban whaling	against	some cultures like inuits rely on whales for many things like food and heating, and they use practically the entire whale.	0	0	0	0	0	1	0	0	1	1	1.0
5926	The vow of celibacy should be abandoned	in favor of	the vow of celibacy should be abandoned to prevent such unattainable pressures being placed upon religious leaders	0	0	0	1	0	1	1	1	1	1	1.0
1173	We should legalize sex selection	against	In societies where sex selection happens, men are favored over women, resulting in a lopsided sex ratio. This leads to many men being unable to wed.	0	1	0	0	0	0	0	0	1	1	1.0
6873	Assisted suicide should be a criminal offence	in favor of	if you help someone commit suicide you are committing murder.	0	1	1	0	0	1	0	0	1	1	1.0
1585	We should cancel pride parades	in favor of	pride parades cause violence and hate	0	0	1	0	0	1	0	0	1	0	1.0
2278	We should ban whaling	against	Whaling is an important industry in some countries for their economical stability.	1	0	0	0	1	1	0	0	1	0	1.0
2426	We should adopt atheism	against	the right to practice religion is a personal freedom that cannot be taken away as it is a source of comfort to many.	0	0	0	0	0	1	1	0	1	0	1.0
3709	We should cancel pride parades	in favor of	we should cancel pride parades because it is not needed to show off people everything what they wanted.	0	0	1	0	0	0	1	0	1	1	1.0
1052	We should subsidize embryonic stem cell research	against	like many other advances in science the government should not have to subsidize the research.  if the benefits are there the private sector will find a way to get results.	0	0	1	0	1	1	1	0	1	0	1.0
1459	We should ban missionary work	in favor of	missionary work disrupts an indigenous culture's natural development.	0	0	0	0	0	1	0	0	1	1	1.0
1626	We should legalize sex selection	against	sex selection could create places where boys outnumber girls by  a lot since there are many places that value boys more than girls, and this could create problems as they get older	0	0	0	0	0	1	0	0	1	0	1.0
4050	We should ban the Church of Scientology	against	we should not ban the church of scientology because people should be able to be whatever religion they want	0	0	0	0	0	0	1	0	1	1	1.0
1966	We should legalize sex selection	against	it should not be legal, it is  costly and morally wrong	0	1	0	0	0	1	0	0	1	0	1.0
3832	We should cancel pride parades	against	we should not cancel pride parades because it is a right in this country to express yourself and they are doing nothing wrong.	0	0	0	0	0	0	1	0	1	1	1.0
6220	Blockade of the Gaza Strip should be ended	in favor of	The blockade has hit Israeli businesses which long sold into Gaza and bought Gaza's fruit, flowers and other goods.	1	0	0	0	1	1	0	0	1	1	1.0
1097	We should ban the use of child actors	against	to tell a story in theater or movies we need children actors. without them stories could only be about adults. stories that have entertained us from lassie to mary poppins would not exist.	0	0	0	1	1	0	0	0	1	0	1.0
3724	We should prohibit school prayer	against	freedom of religion means children should be able to pray where they want to.	0	0	0	0	0	0	1	0	1	0	1.0
5609	The vow of celibacy should be abandoned	against	the holy scriptures say many things that are not accepted by the traditions of the church, so that the man who wants to remain holy must be celibate.	0	1	1	0	0	0	0	0	1	0	1.0
5538	Social media brings more harm than good	in favor of	social media has made it more difficult than ever for people to interact face to face.	1	0	0	1	0	1	0	1	1	0	1.0
1758	We should ban the Church of Scientology	against	the church is like any other church, and after all, there is supposed to be a separation of church and state.	0	0	0	0	0	0	1	0	1	1	1.0
6452	The vow of celibacy should be abandoned	against	The vow of celibacy should not be abandoned as religious people have lived this way for a long time and their traditions should be respected.	0	0	0	0	0	0	0	0	1	0	1.0
6850	Holocaust denial should be a criminal offence	against	freedom of speech is an important part of democracy	0	0	0	0	0	0	1	0	1	0	1.0
6498	Homeschooling should be banned	against	homeschooling is an excellent alternative to public schools for those parents who value family values.	0	1	0	0	0	1	1	0	1	0	1.0
5432	The vow of celibacy should be abandoned	against	celibacy goes in accordance with their religion so it wouldn't make sense to abandon it	0	1	1	0	0	0	0	0	1	1	1.0
3598	We should adopt atheism	against	we shouldn't adopt atheism because it can scare people away from religion.	0	0	0	0	0	0	1	0	1	1	1.0
7066	We should teach Esperanto, a common and neutral language, at all European schools	against	I can't endorse this. Esperanto isn't neutral. It favors Spanish speakers. Meanwhile, Slavic speakers are at a disadvantage. So why not one of the Slavic artificial languages?	0	0	0	0	1	0	0	0	1	1	1.0
4933	Permanent non-EU nationals who are living in the European Union should have more rights.	against	Paying taxes is not enough, if you want to become a citizen with full rights you need to fully embrace the country you live in.	0	0	0	0	0	1	0	0	1	0	1.0
2171	We should oppose collectivism	in favor of	collectivism goes directly against the rights of individuals. individual freedom is what this country was founded on. it is rights violative to put the majority above individuals.	0	0	0	0	0	0	1	0	1	1	1.0
5795	Blockade of the Gaza Strip should be ended	in favor of	Israel's military and economic superiority makes the blockade an imperialistic action.	0	0	1	0	0	1	0	0	1	1	1.0
4074	We should prohibit school prayer	in favor of	school prayer should be banned as all students are not part of one single religion and should not be subject to the prayers of others and it singles them out.	0	0	0	0	0	0	1	0	1	1	1.0
4847	Immigrants should receive help from the EU through integration programs	in favor of	It is essential that European principles and values are taught to migrants, including an explanation of the reasoning behind these principles and values. It would be best that this is provided both in the person's mother tongue and in the language of the host country. 	1	1	0	0	0	0	0	0	1	0	1.0
1010	We should legalize sex selection	against	we shouldn't legalize sex selection because some people can't have children at all, they should be happy that they have blessed with a miracle. if you want to choose a sex then foster or adopt a certain sex	0	1	0	0	0	0	1	0	1	1	1.0
1871	We should adopt atheism	against	this country was founded on christian principles; we cannot abandon these customs.	0	0	0	0	0	0	1	0	1	0	1.0
6103	Surrogacy should be banned	in favor of	surrogacy contributes to emotional issues such as having to part with a child carried for nine months and then the possibility of post-partum depression enhanced with not having the child with them.	0	1	0	0	0	1	0	0	1	0	1.0
3447	We should end mandatory retirement	against	older workers are not as efficient as they age. there comes a point where they need to retire and allow more able bodied younger people to take these jobs.	1	0	0	0	0	1	0	0	1	0	1.0
1878	We should prohibit school prayer	against	school prayer has traditionally brought all pupils together to give thanks to god and prohibiting this removes a tradition many find a comforting start to their day.	0	0	0	0	0	1	0	0	1	0	1.0
5625	The vow of celibacy should be abandoned	against	it is the bedrock of catholisism that priests are celibate and to abandon this would be expecting catholics to rethink or abandon their beliefs to their detriment.	0	0	0	0	0	0	0	0	1	0	1.0
2657	We should ban the Church of Scientology	against	people have the right to follow whatever religion they choose, even if they worship a science fiction novel.	0	0	0	0	0	0	1	0	1	0	1.0
3781	We should ban whaling	against	Whaling is an important cultural practice for the Japanese. Rather than banning it, it should be regulated.	0	0	0	0	0	0	0	0	1	0	1.0
6270	Surrogacy should be banned	in favor of	surrogacy is not natural and may lead to issues with maternal relationships and therefore it should be banned.	0	0	0	0	0	1	0	0	1	1	1.0
3197	We should ban missionary work	against	missionary work has other benefits beyond spreading religion, it makes a huge impact on small communities in poor countries that need help.	0	0	0	0	0	1	0	0	1	0	1.0
2083	We should stop the development of autonomous cars	in favor of	autonomous cars are a step too far in automation.  to rely on automation on the roads with so many unpredictable events that could take place is taking it too far.	0	1	1	0	0	1	0	0	1	0	1.0
2297	We should subsidize embryonic stem cell research	against	embryonic stem cell research is murder	0	0	1	0	0	1	0	0	1	1	1.0
3481	We should adopt gender-neutral language	against	there are two genders and it is not offensive to use those two descriptions when talking about people, it is ridiculous to attempt to include every possible gender identity.	1	0	0	0	0	0	0	0	1	1	1.0
3567	We should abolish the Olympic Games	in favor of	the olympic games has become less about the sports and more about commercialism	0	0	1	0	0	0	1	0	1	1	1.0
1816	We should ban whaling	against	there are still people that live off of whaling and banning it would take away their food and income.	0	0	0	0	1	1	0	0	1	0	1.0
6849	Entrapment should be legalized	against	people's rights are assaulted with entrapmnt	0	0	0	0	0	0	0	0	1	1	1.0
5779	Homeopathy brings more harm than good	against	some people prefer the path of homeopathy to being pumped full of chemicals.  we should let people make their own choices.	0	0	0	0	0	1	1	0	1	1	1.0
4427	We should prohibit school prayer	against	school prayer adds structure to a students life and enables them to display their beliefs.	0	0	1	0	0	1	0	0	1	0	1.0
3081	We should ban missionary work	against	Through faith, missionaries are able to develop deep relationships with the communities they serve and help bring much-needed social change to third-world countries.	0	0	0	0	0	1	0	0	1	0	1.0
4888	We need a common migration and asylum policy, based on respect for rights and equal treatment	against	Each country must have the right to choose based on a democratic vote, how many immigrants they want to accept.  The question of immigrants depends on each country's reality and culture: this must be managed at the local level.	0	0	0	0	1	0	1	0	1	1	1.0
7184	We should increase the role of national parliaments in EU decision-making	in favor of	Parliament and its left-liberal majority have begun to build an independent political-institutional character, based not on citizens’ needs, but on the main pillars of the progressive ideological agenda. This is how the EP has become a forum for discussion on gender and rule of law issues and a pro-migration EU institution. It is clear that the debate on the Future of Europe should also open the question of the future role of the European Parliament. 	0	1	0	0	0	0	0	0	1	1	1.0
6581	The vow of celibacy should be abandoned	against	the vow of celibacy should not be abandoned because there are still people out there that feel this is the right way of life for them and there is nothing wrong with that way of life.	0	0	0	0	0	0	1	0	1	1	1.0
