	Conclusion	Stance	Premise	Achievement	Benevolence	Conformity	Hedonism	Power	Security	Self-direction	Stimulation	Tradition	Universalism	Score
693	We should end mandatory retirement	against	mandatory retirement leaves openings in the job force for those that are stronger and more capable of doing the jobs.	1	1	0	0	1	0	0	0	0	0	1.0
5094	We need a European Clinical Registries Platform	in favor of	A common digital platform where data will be recorded in an anonymized way could also be very helpful for the future not only in case of new pandemic situations. However, as data itself has a market value and as we have learned about the global interdependency in an emergency situation e.g. with vaccines, no company should capitalize on this data.  The data should be accessible for public research and used for monitoring public health e.g. by European institutions	1	0	0	0	0	1	1	0	0	0	1.0
2250	We should oppose collectivism	in favor of	with collectivism, there is less motivation to do more difficult jobs  as everything has a similar pay.	1	0	0	0	1	0	1	0	0	1	1.0
2200	We should oppose collectivism	against	collectivism helps everyone accomplish things better.	1	0	0	0	0	1	1	0	0	1	1.0
843	We should ban algorithmic trading	in favor of	Algorithmic trading allows computers to buy and sell assets suddenly and in massive quantities, creating shifts in the market and making human trading difficult.	1	1	1	0	1	1	0	0	0	0	1.0
2572	We should subsidize journalism	in favor of	Journalism is a vital source of real information and news to make sure people are properly informed about the world so subsidizing it would help ensure that it continues without bias.	1	1	0	0	0	0	1	0	0	1	1.0
3978	We should ban factory farming	against	factory farming is much more efficient and takes up much less space. should we switch, large amounts of habitat would have to be destroyed to accommodate. this would also increase the prices of meat.	1	0	0	0	1	1	0	0	0	1	1.0
7277	We should abolish the 996 overtime system	against	For the poor people, if they can go to the Internet factory, China's 996 overtime system is a blessing, twelve hours a day, six days a week, can also rest a day, quite good.	1	0	0	0	0	1	0	0	0	0	1.0
3391	We should fight for the abolition of nuclear weapons	against	nuclear weapons provide a worthy deterent to states who would otherwise be more aggressive and pose a threat to others.	0	0	0	0	1	1	0	0	0	1	1.0
541	We should subsidize student loans	against	tax payers shouldn't have to pay for other people to have an education when they dint get the same chances.	0	0	0	0	1	0	1	0	0	1	1.0
4884	We need a common migration and asylum policy, based on respect for rights and equal treatment	in favor of	Migrant workers are overrepresented in the most precarious jobs, they are too often underpaid, they work under intolerable working conditions, and live in horrendous housing facilities. Workers are vulnerable to abuse and exploitation. And they continue to encounter inhumane working and living conditions because effective enforcement is lacking. Trade unions are often not allowed on worksites with precarious jobs and migrant workers can therefore not adequately be informed about their labor and trade union rights. Third-country nationals are even more vulnerable than EU migrant/mobile workers. 	0	0	0	0	1	1	0	0	0	1	1.0
2899	We should subsidize journalism	against	if journalism is good, then it will not need a subsidy. if it is bad, then we should not be throwing money at it when there are greater needs in society such as education, health care and housing.	1	0	0	0	0	1	0	0	0	1	1.0
6870	Homeschooling should be banned	against	homeschooling can lead to a better learning outcome for many children who struggle in the traditional classroom.	1	0	0	0	0	0	1	0	0	0	1.0
4835	European Union should help young people to train in refugee countries	in favor of	This should help to tackle the causes of lack of prospects and absconding from these countries in order to increase the willingness of young people to stay in their homes	1	0	0	0	0	1	0	0	0	1	1.0
7200	We should legalize non-violent drug use	in favor of	The 'War on Drugs' gifted to us by the USA is absolute rubbish. Sugar is more dangerous than Cannabis! How many people have died on 'legal highs'? FAR too many. The death toll from Cannabis use = 0. More lives have been destroyed by drug laws than the drugs themselves. Besides, Cannabis is an herb, not a drug. Many herbs have medicinal properties. If any becomes a health issue, that's how it needs to be addressed, as a health problem, not a crime!	1	0	0	1	0	1	1	1	0	1	1.0
5041	The president of the European Commission should be elected by the people of the EU	against	How would the candidates be selected? One per country? That just makes it a tight race between the two countries with the largest population (assuming one vote per person). Why would e.g. a Greek person vote for a Swedish candidate? How would even a Swedish candidate campaign in such a way as to appeal to Greek voters?	0	0	0	0	1	1	1	0	0	1	1.0
6525	Blockade of the Gaza Strip should be ended	in favor of	it should be ended because it has massive implications on the economy in gaza and is holding it back.	0	0	0	0	1	1	0	0	0	1	1.0
2591	We should ban missionary work	against	missionary work is important as it brings relgion to new countries.	0	0	0	0	1	0	0	0	1	0	1.0
3411	We should subsidize journalism	in favor of	Subsidizing journalism decreases the need for profit seeking and competition because the state will pay for most of the costs.	0	0	0	0	1	1	0	0	0	1	1.0
7121	We should not produce unnecessary garbage	in favor of	Things that are supposed to serve us for a long time, like a vehicle or telecommunication device or household implements should be designed to last half a lifetime under normal use. The quality of the building material should matter more in that instance, so less focus on recycling.	1	1	0	0	0	0	0	0	0	1	1.0
824	We should subsidize Wikipedia	against	there is not need to subsidize wikipedia, it does not serve any purpose that cannot be filled elsewhere.	1	0	0	0	0	1	0	0	0	1	1.0
2990	We should adopt libertarianism	against	libertarianism promotes self interest and not that of society as a whole	0	0	0	0	1	1	1	0	0	0	1.0
7013	We should support short-distance economies	in favor of	supporting short-distance economies can help kick off the development of localized small-scale economies.	1	0	0	0	1	0	0	0	0	0	1.0
1179	We should limit executive compensation	in favor of	Executive compensation should be limited so that those who are at the bottom can make more money.	0	0	0	0	1	1	0	0	0	1	1.0
1781	We should end mandatory retirement	against	We should not end mandatory retirement because the current system in countries like Germany where this is common is not broken.	1	0	1	0	0	1	1	0	1	0	1.0
1364	We should ban telemarketing	against	let the free market determine whether telemarketing is a viable option	0	0	0	0	1	0	1	0	0	0	1.0
2047	We should subsidize student loans	in favor of	it is important that student loans are granted, because it helps you increase your quality of life and your economic potential	1	1	0	0	1	1	0	0	0	0	1.0
1189	We should abolish the Olympic Games	against	we should not abolish the olympic games because it brings the world together to celebrate sporting greatness.	1	0	1	0	0	1	0	0	1	1	1.0
731	We should ban cosmetic surgery	against	cosmetic surgery teaches our daughters that they need to look perfect and never age.	0	0	0	1	0	0	1	0	0	1	1.0
7055	We should use the waste from the agri-food industry in the ruminant feed chain	in favor of	The fruit and vegetable sector is able to produce a large quantity of waste products which, if well reused, could be used for animal feed.	1	0	0	0	1	0	1	0	0	0	1.0
6984	Military training should be made compulsory for all in India	against	Some people do not have enough strength to participate in such intense trainings. They may seem normal from outside but may have mental illnesses. Military trainings can be emotionally and physically daunting for them. In such cases compulsory trainings will be a threat to their life.	1	0	0	0	0	1	0	0	0	0	1.0
3062	We should adopt a multi-party system	in favor of	the two-party system is outdated and has proven, lately, that it does not always result in the best possible candidates.	1	0	0	0	0	1	0	0	0	1	1.0
777	We should abolish the three-strikes laws	in favor of	Three strikes laws ruin young people's lives by preventing them from being accessing education and jobs that would pull them out of a life of crime by prolonging their time in jail during their formative years.	1	1	0	0	0	1	1	0	0	1	1.0
6757	Intelligence tests bring more harm than good	in favor of	these tests need to be stopped until they are able to properly assess intelligence in a variety of forms, currently they are discriminatory	1	0	0	0	0	0	0	0	0	1	1.0
810	We should abolish intellectual property rights	against	intellectual property rights protect inventors.	1	1	0	0	0	0	0	0	0	1	1.0
1304	We should limit judicial activism	against	judges are in a position to make a positive change in the world, and should be encouraged to use activism to do so	1	1	0	0	1	0	0	0	0	1	1.0
3595	We should subsidize Wikipedia	against	it is a useful site but no need to subsidize wikipedia. the site can get by with private funding like it has all these years and besides, government has much more important needs to subsidize like health care	0	1	0	0	1	1	1	0	0	1	1.0
2105	We should introduce compulsory voting	against	you can require voting but you can't force people to educate themselves about the candidates and issues	1	0	0	0	0	0	1	0	0	1	1.0
3453	We should abolish capital punishment	in favor of	capital punishment is barbaric, ties up a lot of resources, and doesn't really act as a deterrent to major crimes.	0	0	0	0	1	1	0	0	0	1	1.0
6372	The vow of celibacy should be abandoned	in favor of	the vow of celibacy is unfair because it doesn't help people dealing with physical  needs, sometimes driving them crazy, so no need to give up sex	0	0	1	1	0	0	0	0	0	0	1.0
5507	Intelligence tests bring more harm than good	against	intelligence tests are there to recognize kids who are smarter and to be given proper chance.	1	0	0	0	0	0	1	0	0	1	1.0
7037	We should invest in nuclear energy	in favor of	wind and solar power sources are inherently non-controllable and destroy our landscapes and natural environment, with their multiple harmful impacts on flying species, fauna and flora in general, and even insects.	1	0	0	0	0	0	0	0	0	1	1.0
6916	Referendums are good for the society	against	Referendums weaken the sovereignty of the parliament, where the decisions are made with thorough discussions and debate among the chosen representatives.	0	1	0	0	1	0	1	0	0	0	1.0
3116	We should ban algorithmic trading	against	algorithmic trading enables trades to be made without spikes of emotion or rage on the part of the trader, therefore it can only be seen as positive.	1	0	0	0	1	0	0	0	0	0	1.0
6822	We should subsidize vocational education	in favor of	Vocational education is key to getting more skilled workers,	1	0	0	0	0	1	0	0	0	0	1.0
6046	Entrapment should be legalized	in favor of	It is preferable to legalize entrapment and allow for random tests of civilians obeying the law than to have over-policing and community monitoring which uses more resources and causes more tension with the community.	0	0	1	0	1	1	0	0	0	0	1.0
7328	We should open up three-child policy to encourage childbirth.	in favor of	China's population structure has gradually become aging and has become a burden for economic growth.	1	0	0	0	1	1	0	0	0	0	1.0
111	We should ban algorithmic trading	in favor of	algorithmic trading should be banned because it gives some people an unfair advantage.	1	0	0	0	1	1	0	0	0	1	1.0
1812	We should ban factory farming	against	factory farming requires a load of workforce and provides a lot of jobs opportunities	1	1	0	0	1	1	0	0	0	0	1.0
1354	We should abolish capital punishment	against	Capital punishment makes the risk of committing a crime that you permanently lose your life and everything that matters to you, increasing the deterrence of the legal system.	0	0	1	0	1	1	0	0	0	1	1.0
5371	The EU should integrate the armed forces of its member states	in favor of	Absolutely right. Europe needs an army for continental defense. Conscription must be introduced at the European level. The army must have the most modern weapons to deter Russia, Turkey, and China.	0	0	0	0	1	1	0	0	0	1	1.0
796	We should ban algorithmic trading	in favor of	algorithmic trading is unfair and doesn't allow for the individual to make money that doesn't have the algorithim.	1	0	0	0	1	0	0	0	0	1	1.0
2872	We should ban telemarketing	against	With telemarketing, you get immediate feedback on your product or service.	1	1	1	0	0	0	0	0	0	1	1.0
1716	We should ban algorithmic trading	against	algorithmic trading is an easy way to keep money moving and to make a profit so there is no reason to ban it.	1	0	0	0	1	0	0	0	0	0	1.0
830	We should end the use of economic sanctions	in favor of	they only hurt the poorest of society and are an outdated punishment.	0	1	0	0	1	0	0	0	0	1	1.0
6897	Homeschooling should be banned	against	homeschooling programs use curricula similar to schools so that the kids will be just as prepared as students in regular schools. also, some kids are better at learning one-on-one rather than in a classroom.	1	0	0	0	0	0	1	0	0	1	1.0
5732	The use of public defenders should be mandatory	against	this would cause a decrease in pay for the public defender and lower the quality of representation as too many people will rush to the new employment opportunities regardless of their record..	1	0	0	0	1	1	0	0	0	0	1.0
4690	College education should be free for everyone	in favor of	When college education is free, the number of graduates will drastically increase. At present, many people do not have access to higher education. So many students are not joining colleges due to the financial status of their parents. Free education will be very helpful for them.	1	1	0	0	0	1	0	0	0	1	1.0
638	We should abolish safe spaces	in favor of	safe spaces prevent people from challenging ideas different than their own.	1	0	0	0	0	0	1	0	0	0	1.0
4715	Cryptocurrencies should be legalized	in favor of	The future belongs to technology. Cryptocurrencies make peer-to-peer financial transactions a lot easier. This currency can be sent from any part of the world to any part of the world. Hence there will be no struggle of exchanging currencies like Dollars for the Rupee etc. While traveling the world, there will no hurdle of exchanging our currencies with local currencies.	1	0	0	0	0	1	1	1	0	1	1.0
3712	We should abolish capital punishment	in favor of	capital punishment has done nothing to actually deter serious crime in this country	1	0	0	0	0	1	0	0	0	0	1.0
325	We should ban algorithmic trading	against	ai is the future and algorithmic trading is simply a form of ai that makes the most of trading opportunities which will be the norm in the not to distant future.	1	0	0	0	1	0	0	0	0	1	1.0
7008	We should promote the use of nuclear energy	against	At this stage it is not worth investing money in current nuclear technology, what we should be doing is investing more in research into nuclear fusion energy, which is really the clean and safe energy we need and which we are getting closer and closer to achieving, in order to have those artificial suns working as soon as possible.  	1	0	0	0	0	1	1	0	0	1	1.0
4181	We should subsidize embryonic stem cell research	in favor of	stem cell research is our best hope in finding cures	1	0	0	0	0	1	0	0	0	1	1.0
6991	Reservations in India should be based on economic status	against	In India, it's easy to hide some income resources and to get a false income certificate. Though the situations are changing for the better, it is not that difficult.	0	1	0	0	1	0	0	0	0	0	1.0
2500	We should subsidize embryonic stem cell research	in favor of	embryonic stem cell research is important in helping to cure diseases and defects.	1	1	0	0	0	1	0	0	0	0	1.0
4966	We don't need immigration from non-European or non-first-world countries. 	in favor of	We should halt all immigration from non-European or non-first-world countries into the EU. However, if we want to stop this immigration, we must stop its causes. Indeed, it is war, poverty, and European, Chinese and American neo-colonialism that make the people of African and Middle Eastern countries flee to Europe. So Europe must finally take responsibility and protect these countries from corruption, war, and neo-colonialism and help them to start their economy.	1	1	0	0	0	0	0	0	0	1	1.0
7137	We should impose an IQ test to immigrants	against	IQ is not an effective measure of whether they'll be economically beneficial, suited to European jobs  in high demand, likely to integrate/assimilate, their potential to cause crime etc.	1	0	0	0	0	0	1	0	0	1	1.0
2162	We should legalize cannabis	in favor of	we should legalize cannabis because it is harmless.	0	0	0	1	0	0	1	0	0	0	1.0
538	We should adopt a multi-party system	against	a multiparty system blurs the citizenship of a vision and model of country. we should not adopt a multiparty system because it would waste valuable time to agree	1	0	1	0	0	1	0	0	0	0	1.0
6157	The use of public defenders should be mandatory	in favor of	mandatory use of public defenders will raise the standard of the defenders and level the playing field	1	0	0	0	0	0	0	0	0	1	1.0
1744	We should adopt a multi-party system	against	we should no adopt a multi-party system because nothing would ever get done with varying points of view.	1	0	0	0	1	0	0	0	1	1	1.0
5274	We need Integrated migration and border policy.	against	 Refugees can obtain a visa at an Embassy in one of the 54 African countries. All other immigrants must be returned within a week of arrival.	0	0	1	0	1	0	0	0	0	0	1.0
3578	We should ban algorithmic trading	against	we should not put up barriers to what is essentially the application of technology and intelligent application of maths to trading. this prevents progression	1	0	0	0	0	0	1	0	0	0	1.0
1048	We should abolish the Olympic Games	in favor of	we should abolish the olympic games because  it very expensive to host	0	1	0	0	1	1	0	0	0	0	1.0
7064	We should teach Esperanto, a common and neutral language, at all European schools	in favor of	Makes sense to me, its easy to learn and doesn't come with any nationalist baggage.	1	1	0	0	0	0	1	0	0	1	1.0
7056	We should open free training centers for the EPSO competition	in favor of	A great idea because it definitely lowers the threshold. 	1	0	0	0	0	0	0	0	0	1	1.0
390	We should abolish intellectual property rights	in favor of	intellectual property rights should be abolished since it doesn't allow the sharing of ideas	1	0	0	0	0	0	1	0	0	1	1.0
1896	We should subsidize Wikipedia	in favor of	wikipedia has been supported by voluntary donations for too long.  subsidizing it would give it more credibility, and would allow the volunteers to continue to update it with the most accurate information.	1	1	0	0	0	0	1	0	0	1	1.0
2903	We should legalize prostitution	in favor of	women should have the right to decide what to do with their body and that should include being able to sell it.	0	0	0	0	1	0	1	1	0	0	1.0
5954	We should abandon television	against	television is an important and loved form of entertainment and source of information that is endlessly creative and has much untapped potential for art and entertainment.	0	0	0	1	0	0	1	0	0	1	1.0
5903	We should subsidize vocational education	in favor of	vocational education allows for those who are not academically adept to qualify in a job fielld and continue on into work	1	1	0	0	0	1	1	0	0	1	1.0
3965	We should prohibit school prayer	in favor of	we should prohibit school prayer because religion has no business in school it should be at home and church only	1	0	1	0	0	0	1	0	0	0	1.0
4924	Immigrants should learn the language of their host country.	in favor of	Helping migrants learn the language and culture of the country they are living in are critical to successful integration. Language and norms of the job market and workplace should also be built in.	1	0	1	0	0	1	0	0	1	1	1.0
4073	We should ban cosmetic surgery for minors	against	everybody, including minors, should have access to cosmetic surgery which help with self confidence	1	0	0	0	0	1	1	0	0	1	1.0
3555	We should adopt a multi-party system	in favor of	multi-party systems are proven around the world to work better	1	0	0	0	0	1	0	0	0	0	1.0
6716	We should abandon television	in favor of	Television has led to the laziness of people mentally and physically.	1	0	1	0	0	1	0	0	0	0	1.0
6464	Social media brings more harm than good	in favor of	social media causes people to feel sad about their own lives.	0	0	0	1	0	1	0	0	0	0	1.0
4571	We should encourage people to take part in Fit India Movement	against	‘Fit India Movement’ may not reach the people of below poverty line. To maintain a healthy lifestyle, both physical activity and nutritious food are necessary. But in India, still many people are malnourished and some people do not have access to safe drinking water. So, without solving the issue of poverty and lack of access to affordable nutritious food, a section of people in India will not be able to take advantage of this movement.	1	0	0	0	0	1	0	0	0	1	1.0
180	We should ban the use of child actors	against	not all tv and movies is going to be adults only we need child actors to shows the world as it is	1	0	0	0	0	0	1	0	0	1	1.0
4780	Aadhaar should be made mandatory in India	in favor of	Reduction of complexity in filling ITR's:	1	0	0	0	0	0	0	0	0	0	1.0
929	We should adopt an austerity regime	in favor of	adopting an austerity regime is the best way to reduce the budget deficits we currently are faced with	1	0	1	0	1	1	0	0	0	0	1.0
3462	We should ban private military companies	against	private military companies are trained for combat and can assist the governmental military groups	1	1	0	0	0	1	0	0	0	1	1.0
3511	We should end mandatory retirement	against	young workers won't be able to find a job if no one ever retires	0	1	0	0	1	1	0	0	0	1	1.0
3814	We should abandon the use of school uniform	against	school uniforms prevent students from wearing disturbing clothing, like neo-nazi propaganda pieces, thus allowing students to concentrate on their studies.	1	0	1	0	0	0	0	0	0	1	1.0
3266	We should abolish intellectual property rights	in favor of	ideas should be available to anyone who wishes to persue them.	1	0	0	0	0	0	1	0	0	0	1.0
3651	We should limit judicial activism	against	we have to respect the view of judges so they need to have the freedom to express judicial activism.	0	0	1	0	1	0	1	0	1	0	1.0
408	We should ban factory farming	against	factory farming has allowed the prices of food to drop drastically.	0	0	0	0	1	1	0	0	0	0	1.0
1238	We should adopt a zero-tolerance policy in schools	against	teaching children to think for themselves and learn based on their own actions is important to their growth.  stunting them with zero-tolerance does no one any favors.	1	1	1	0	0	0	1	0	0	1	1.0
780	We should end mandatory retirement	in favor of	just because someone has reached the age of retirement, they are still able to provide a vaulable service with expertise and a vast knowledge of experience.	1	0	1	0	0	0	0	0	0	1	1.0
825	We should limit judicial activism	in favor of	judges who rule based on their own personal and political beliefs usurp the power of our elected officials and are violating our constitutional rights,	0	0	1	0	1	0	0	0	0	1	1.0
688	We should ban private military companies	in favor of	Private military companies have their bottom line as a priority rather than the safety of the country.	0	1	1	0	1	1	0	0	0	1	1.0
4342	We should adopt a multi-party system	against	multi-party systems should not be allowed as it only causes a no win-win situation when the other parties can not agree upon a situation.	1	0	0	0	0	1	0	0	0	1	1.0
1079	We should end the use of economic sanctions	in favor of	economic sanctions can cause hardship and create unnecessary problems.	1	0	0	0	0	1	1	0	0	1	1.0
846	We should subsidize student loans	in favor of	Students are and will always be the backbone of the society. It's compulsory to support these growing students in becoming true, well educated citizens to support the economy.	1	0	0	0	1	1	0	0	0	0	1.0
6594	Blockade of the Gaza Strip should be ended	against	the existence of a truce, which has held since 2014, maintains some form of peace in the area. the gaza strip should be maintained for this reason.	1	0	0	0	0	1	0	0	1	1	1.0
4156	We should ban algorithmic trading	against	it tends to more profitable and eliminates human error	1	0	0	0	1	0	0	0	0	1	1.0
5926	The vow of celibacy should be abandoned	in favor of	the vow of celibacy should be abandoned to prevent such unattainable pressures being placed upon religious leaders	0	0	0	1	0	1	1	1	1	1	1.0
2772	We should subsidize space exploration	against	Subsidies are a zero sum game, by subsidizing space exploration we are neglecting more important fields such as education or affordable housing.	1	1	0	0	1	1	0	0	0	1	1.0
3499	We should abolish the three-strikes laws	against	We should not abolish the three-strikes laws in all cases, but it should be up to judicial discretion, so that the worst criminal are off the streets.	0	0	1	0	1	1	0	0	0	1	1.0
499	We should limit executive compensation	in favor of	excessive wages damage company profitabity and is an abuse of the shareholders	1	1	0	0	1	1	0	0	0	0	1.0
6260	The vow of celibacy should be abandoned	in favor of	the vow of celibacy should be abandoned because it is outdated and usually causes more harm than good because the celibate person looks for release in the wrong places.	0	1	1	1	0	0	0	1	0	0	1.0
3189	We should ban telemarketing	against	we should not ban telemarketing  since it would eliminate many jobs. it also is an effective way for a company to get much needed leads for their products or services if done correctly.	1	0	0	0	1	1	0	0	0	0	1.0
2927	We should end mandatory retirement	against	people working longer than they should prevents employers from hiring new people who might be more useful	1	0	0	0	0	0	0	0	0	1	1.0
596	We should limit executive compensation	against	companies should be able to pay as much as they like as long as it's above minimum wahe	0	0	0	0	1	0	1	0	0	0	1.0
5556	The vow of celibacy should be abandoned	in favor of	celibacy is an unnatural state; when sex drive is repressed, it can manifest in dangerous ways.	0	0	1	1	0	1	1	0	0	1	1.0
3494	We should subsidize student loans	in favor of	student loans should be subsidized because no human being should start their adult life off with thousands of dollars in debt, it's not fair	0	0	0	0	1	1	0	0	0	1	1.0
4032	We should abandon the use of school uniform	in favor of	school uniforms stunt young peoples' creativity.	1	0	0	0	0	0	1	1	0	0	1.0
3217	We should end the use of economic sanctions	in favor of	economic sanctions don't work and result to have enemies abroad	1	0	0	0	1	1	0	0	0	1	1.0
2632	We should end the use of economic sanctions	against	economic sanctions help our country.	1	0	0	0	0	1	0	0	0	1	1.0
2672	We should ban algorithmic trading	in favor of	algorithmic trading has been reported as one of the main causes of the greatest fall in the dow in decades	1	1	0	0	1	1	0	0	0	0	1.0
1367	We should limit executive compensation	in favor of	we should limit executive compensation because it only helps the rich	1	0	0	0	1	1	0	0	0	1	1.0
4477	We should ban algorithmic trading	in favor of	relying on computers to do all this trading for us could lead to technical issues, hacking, or other problems that could lead to a total market crash.	1	0	0	0	0	1	0	0	0	0	1.0
893	We should fight for the abolition of nuclear weapons	against	The risk of nuclear war has made great powers more likely to turn to negotiation and cooperation to settle disputes, and abolishing nuclear weapons would make war less costly and more likely.	0	0	1	0	1	1	0	0	0	1	1.0
3265	We should subsidize Wikipedia	in favor of	wikipedia is a valuable educational source and is free at source so should be promoted through subsidization	1	1	0	0	0	0	1	0	0	1	1.0
2733	We should adopt libertarianism	against	libertarianism is a form of selfishness which promotes the rights of the individual over the rights of everyone.	1	0	0	0	0	1	0	0	0	0	1.0
1766	We should abolish intellectual property rights	against	we should not abolish intellectual property rights because it's not fair for people to steal a genius idea from someone else	1	1	0	0	0	0	0	0	0	1	1.0
3655	We should subsidize student loans	in favor of	students are graduating with huge college loans that make it difficult for them to get started when they leave school.	1	0	0	0	0	1	0	0	0	1	1.0
766	We should stop the development of autonomous cars	against	development of autonomous car will make traffic and parking  easier	1	1	0	0	0	1	0	0	0	0	1.0
4214	We should ban missionary work	against	if we don't ban missionary work, then more people will have jobs.	1	0	0	0	0	1	0	0	0	0	1.0
2061	We should ban algorithmic trading	in favor of	we should ban algorithmic trading because is difficult in some economics	1	0	0	0	1	0	0	0	0	1	1.0
7073	We should improve migration policies 	in favor of	The only meaningful immigration is when there is a member country with a specific vacancy. That member will also be responsible for the integration (at a cost of Euro 167,000). The EU has only to administer the paperwork and supervise if matters spin out of control. 	0	1	0	0	1	0	0	1	0	0	1.0
190	We should ban algorithmic trading	in favor of	algorithmic trading gives people an unfair speed advantage over the rest of the field.	1	0	0	0	1	1	0	0	0	1	1.0
1105	We should subsidize student loans	against	there are more important ways we should be using public money, such as housing and healthcare.	0	1	0	0	1	1	0	0	0	1	1.0
189	We should adopt an austerity regime	in favor of	an austerity regime would eliminate the national debt by directing money to where it really needs to go.	0	1	0	0	1	1	0	0	0	0	1.0
2558	We should adopt a multi-party system	in favor of	a multi-party system allows for the airing of more viewpoints and would require politicians to build coalitions and compromise in order to get things accomplished.	1	0	0	0	1	1	1	0	0	1	1.0
230	We should stop the development of autonomous cars	against	autonomous cars offer the opportunity for people  to spend more time on the things they enjoy doing during their commute rather than having to concentrate.	0	1	0	1	0	0	0	1	0	1	1.0
3359	We should ban telemarketing	against	it is an effective method for lead generation and qualification for marketing.	1	0	0	0	0	0	1	0	0	1	1.0
696	We should abolish intellectual property rights	in favor of	intellectual property rights should be abolished as they stifle innovation and allows the creation of monopolies and giant corporations	1	0	0	0	0	0	1	0	0	0	1.0
1948	We should subsidize Wikipedia	in favor of	to keep it as a source of information and because it does not receive funding it ought to be subsidized	0	1	0	0	1	0	1	0	0	1	1.0
481	We should subsidize Wikipedia	against	those authoring articles on wikipedia are not necessarily experts on the topic and there is risk of inaccurate information being broadcast.	1	0	0	0	0	0	1	0	0	1	1.0
564	We should end the use of economic sanctions	against	economic sanctions do help western countries to  avoid the spread of terrorism.	0	1	0	0	1	1	0	0	0	1	1.0
6463	Homeopathy brings more harm than good	against	homeopathy has been shown to help ease pain.	1	1	0	1	0	1	1	0	0	0	1.0
1281	We should ban the Church of Scientology	in favor of	scientology is an evil cult that is sustained by stealing from its acolytes large sums of money in exchange for nothing	0	1	0	0	1	0	1	0	0	1	1.0
998	We should adopt a multi-party system	in favor of	multi-party systems help decentralize power and better represent the various interests of different socio-economic strata within a nation.	0	0	0	0	1	1	1	0	0	1	1.0
4666	NEET exam should be banned	in favor of	A high score in the NEET exam is required to get admission to government medical colleges in India. It costs approximately Rs.1.25 crores to study in private medical colleges in India. So, many students are forced to go to other countries such as China, Ukraine, Russia, the Philippines, etc. to pursue medical education. In those countries, medical education costs around Rs.35 lakhs. Moreover, they allow students with low NEET scores, but above cut-off marks.	1	1	0	0	0	1	1	0	0	1	1.0
3697	We should ban cosmetic surgery for minors	against	cosmetic surgery can have an enormous impact on increasing self esteem, minors should be allowed to benefit from this as well	1	0	0	0	0	1	1	0	0	1	1.0
245	We should legalize prostitution	in favor of	Legalizing prostitution would make the profession less dangerous and less hazardous to one's health.	1	0	0	1	0	1	0	0	0	0	1.0
1566	We should ban cosmetic surgery	against	we should not ban because it helps people feel good about themselves and improve their confidence.	0	0	0	1	0	1	1	0	0	0	1.0
7228	We should protect the European border	in favor of	Only together and with  Frontex we ensure the management of EU borders. Migrants from Africa and Asia will arrive in increasing numbers in the coming years.	0	0	0	0	1	1	0	0	0	0	1.0
872	We should adopt an austerity regime	against	absolutely not.  the great president donald trump is turning the country around and saving us from the financial disaster that the last eight years were leading the united states towards.	1	0	0	0	1	1	0	0	0	0	1.0
2101	We should legalize prostitution	in favor of	legalizing prostitution would allow for regulations and benefits that would help sex workers via offering protection with rights granted to legal employment as well as financial prosperity.	1	1	0	0	1	1	0	1	0	1	1.0
2743	We should limit executive compensation	in favor of	the people doing the real work are the regular associates and executives shouldn't get rewarded for someone else's work	0	0	0	0	1	0	0	0	0	1	1.0
605	We should ban human cloning	against	human cloning can provide a way for science to overcome negative qualities in humans, such as birth defects, so overall it is a positive technology that should be allowed to flourish.	1	0	0	0	0	1	0	0	0	0	1.0
7353	We should ease the education involution.	against	With a still large graduate base, increasingly high thresholds can only be passed by the top achievers.	1	0	0	0	0	0	0	0	0	1	1.0
7356	We should ease the education involution.	in favor of	Parents' overwhelming fear-dominated anxiety is the greatest enemy of education; the intent of education should be to make a person become a better version of himself.	1	0	0	0	0	0	1	0	0	0	1.0
1322	We should ban human cloning	against	we should not ban human cloning because it can help save lifes	1	1	0	0	0	1	1	0	0	0	1.0
3263	We should ban the use of child actors	against	everyone has the right to develop their maximum potential regardless of whether they are children or adults.	1	0	0	0	0	0	1	0	0	1	1.0
6129	Intelligence tests bring more harm than good	against	Intelligence tests allow employers and schools to locate areas where test takers need to improve.	1	0	0	0	0	0	1	0	0	0	1.0
3099	We should ban the use of child actors	in favor of	we should prohibit this because it affects the development and normal behavior of children	1	1	0	0	0	1	0	0	0	0	1.0
7071	We should improve migration policies 	in favor of	The EU could play an important role in combatting misconceptions about immigration.  Immigration needs to be controlled sensibly and immigrants should be taught European values and principles as well as the language of the host country. 	1	0	0	0	1	1	0	0	1	1	1.0
5788	We should subsidize vocational education	against	subsidising vocational training won't make the quality of training any better so there isn't any point in doing so.	1	0	0	0	0	0	0	0	0	1	1.0
662	We should legalize cannabis	against	cannabis use has been linked to mental problems in youth and shouldn't be legalized.	0	0	0	0	1	0	0	0	0	0	1.0
5290	We need an integrated migration and border policy.	in favor of	The EU member states need to lift together instead of trying to push the burdens onto each other or external nations.	1	1	0	0	0	1	0	0	0	1	1.0
3475	We should subsidize embryonic stem cell research	against	we should not subsidize embryonic stem cell research because doing so would force millions to pay taxes on such when it's highly against their religions.	0	0	0	0	1	0	1	0	1	1	1.0
5323	Foreign Policy at the EU level should be based on an absolute majority, not unanimity	against	Each country should keep its power, which is ensured through the current unanimous voting process in the European Union.	0	1	0	0	1	1	1	0	0	1	1.0
3008	We should adopt a multi-party system	against	a multi-party system could lead to more situations where a majority is not reached. this means that it could be harder to push policies through.	1	0	0	0	0	1	0	0	0	0	1.0
6417	We should subsidize vocational education	in favor of	subsidising vocation education would give a broader range of subjects open to those who may not be as academically well placed as others, to follow an equally useful educational path.	1	1	0	0	0	1	1	0	0	1	1.0
4577	Technology is making us feel less human	in favor of	Our decision-making skills are also getting affected as we are now asking search engines to know what is best. We are depending on the knowledge base of the internet even at offices to finish the work at hand. This affects cognitive skills ( to think, read, learn, remember, and reason), which is an essential quality of humans.	1	0	0	0	0	0	1	0	0	0	1.0
2525	We should abolish capital punishment	in favor of	the capital punishment is a setback of the current civilization	1	0	0	0	0	1	0	0	0	1	1.0
1070	We should ban algorithmic trading	against	algorithmic trading enables a more level playing field in the trading of shares.	1	0	0	0	1	0	0	0	0	1	1.0
5303	We need better ways of migration.	in favor of	Migration is part of being human and has always happened throughout history.    	1	1	0	0	0	0	1	1	1	1	1.0
590	We should introduce compulsory voting	in favor of	more voters would boost voter turnout.	0	0	1	0	1	1	0	0	0	0	1.0
2865	We should legalize sex selection	in favor of	parents should be able to chose the sex of their children.	0	1	0	0	1	0	1	0	0	0	1.0
698	We should abolish intellectual property rights	in favor of	also called intellectual plagiarism none of this makes sense there may be people who think the same and that is not a crime	1	0	0	0	0	0	1	0	0	0	1.0
4517	We should ban the use of child actors	in favor of	Using child actors only makes them more susceptible to drug use later on.	0	1	1	0	1	1	0	0	0	0	1.0
255	We should end the use of economic sanctions	against	economic sanctions can be very effective in bringing about social change	0	1	0	0	1	0	0	0	0	0	1.0
4609	Political parties should be brought under RTI (Right to Information) Act	in favor of	Political parties are central to the functioning of Democracy. Political Parties go on to form the government. The government policies are then governed by the party’s ideology. Thereby, it becomes essential for political parties to come under the ambit of RTI.	1	1	1	0	0	0	0	0	0	0	1.0
4679	We should stop using cash	against	Technical issues in banking can halt access to our money. This can interfere with our daily lives.	0	0	0	1	1	1	1	1	0	0	1.0
6313	We should subsidize vocational education	in favor of	vocational education allows to develop citizens with skills still necessary for our society	1	1	0	0	0	1	0	0	0	0	1.0
421	We should ban the use of child actors	in favor of	making a child work as an actor deprives them of childhood experiences and interactions.	0	1	0	1	0	0	0	0	0	0	1.0
4818	We need stricter and homogeneous environmental legislation across the EU	in favor of	As the sustainability goals of the UN contain working conditions, human rights, environmental & climate issues together with questions of governance, they are ideal to incentivize sustainability in all sectors and fend off unsustainable practices and competition.	1	1	0	0	0	1	0	0	0	1	1.0
181	We should limit judicial activism	against	judicial activism allows for common sense to be applied where necessary	1	0	0	0	1	1	0	0	0	1	1.0
6625	Blockade of the Gaza Strip should be ended	in favor of	the blockade  has failed to overthrow Hamas and only provides an excuse for its governmental inefficiencies	1	1	0	0	0	1	0	0	0	1	1.0
4992	We need a better distribution of refugees	against	The key to successful immigration depends upon the possibility of employment.  So EU members are to decide whom they want to admit.  	0	0	0	0	1	0	1	0	0	0	1.0
4806	The best way to save the world from climate change and protect the environment is to encourage everyone to start with themselves and look at what things they can do to help with this problem	against	This idea is what we have been doing for the last 30 years. It did not produce sufficient results to justify continuing on this path. It is just saying, that problem will solve itself. This proposition is harmful and does not stand on any data that could justify it.   	1	0	0	0	0	0	0	0	0	1	1.0
5800	The vow of celibacy should be abandoned	in favor of	the vow of celibacy puts undue pressure on priests to have a lifestyle that is unnatural and has been linked to child abuse cases because of their frustration.	0	0	0	1	0	1	1	1	0	1	1.0
4130	We should ban algorithmic trading	against	there's no need to ban algorithmic trading as it is a very good system for trading, leading to great gains for the investors.	1	0	0	0	1	0	0	0	0	0	1.0
1574	We should adopt a zero-tolerance policy in schools	in favor of	by adopting a zero-tolerance policy in schools we can cut bullying out since those who do it will be removed from the school.	0	0	1	0	1	1	0	0	0	1	1.0
1081	We should subsidize student loans	in favor of	subsidised student loans would encourage everyone to go to university if they thought they wouldn't have any debt at the end of the studies.	1	0	0	0	0	1	1	0	0	0	1.0
440	We should limit judicial activism	against	judicial activism can highlight wrong legislation, or deliver accurate justice that cannot be addressed through the existing laws	1	0	0	0	1	0	0	0	0	1	1.0
6931	We should abolish the National Register of Citizens (NRC)	against	India has already become a resource-scarce country. We are unable to deliver the basic necessities to genuine Indian citizens, and a large number of additional immigrants will further worsen the conditions. The efficient NRC will help us in identifying illegal immigrants and some steps that can be taken for their deportation.	1	0	0	0	1	1	0	0	0	0	1.0
4905	We need integrated rail transport systems, agreements between various railway operators and a simple and accessible search engine	in favor of	This would help to plan the most efficient and economical itinerary 	1	0	0	0	1	0	0	0	0	0	1.0
4220	We should ban missionary work	against	missionaries are just trying to spread positivity into the world.	0	0	0	1	0	0	0	0	0	0	1.0
3827	We should end mandatory retirement	against	if we end mandatory retirement we make it even harder for the next generation to gain employment and benefit from the same opportunities of openings in the workplace that the retirees had at their age	1	0	0	0	0	1	0	0	0	1	1.0
663	We should abolish intellectual property rights	against	intellectual property rights mean that the people who come up with ideas or products get the financial gains from said product and so makes people more likely to innovate	1	0	0	0	0	0	0	0	0	0	1.0
6718	Intelligence tests bring more harm than good	in favor of	there are many ways to express and assess intelligence  and that might not always be highlighted in standard IQ tests that focus more on the logical, spatial, and verbal portions of human intelligence	1	0	0	0	0	0	1	0	0	1	1.0
2	We should end the use of economic sanctions	against	sometimes economic sanctions are the only thing that will get the corrupt governments to take action	0	0	0	0	1	1	0	0	0	0	1.0
2021	We should ban the use of child actors	against	children are humans too and with their consent and their parent's consent, should be allowed to work	1	1	1	0	0	0	1	1	0	1	1.0
2378	We should legalize prostitution	in favor of	some women need the income to provide for their children and themselves	1	1	0	0	1	1	0	1	0	1	1.0
3386	We should legalize organ trade	in favor of	it would help to get organs faster for the people that need them	1	1	0	0	0	1	1	0	0	0	1.0
3486	We should adopt an austerity regime	against	austerity regimes disproportionally hit the poorest in society hardest.	0	0	0	0	1	1	0	0	0	1	1.0
4788	Nepotism exists in Bollywood	in favor of	The standards of Indian cinemas fall at times because of nepotism. Producers and directors are pushing star kids to launch in their movies, failing to judge their acting skills and screen presence. This leads to flop movies and a loss of quality and standards of the Indian cinemas.	1	0	0	0	0	0	0	0	0	0	1.0
2420	We should subsidize journalism	against	Journalism is a profession and does not need subsidizing as students can pay for themselves to learn and then be recompensed by getting a paid job.	1	1	0	0	1	1	0	0	0	0	1.0
6530	The use of public defenders should be mandatory	against	if a person can afford someone other that a public defend, then that should be their choice.  why should taxpayers pay for an attorney when a person can pay for one themselves.	0	0	0	0	1	1	1	0	0	1	1.0
1160	We should ban cosmetic surgery	against	if people believe that they will be happier after cosmetic surgery, they should not be prevented from seeking that happiness	0	0	0	1	0	1	1	1	0	1	1.0
6637	The use of public defenders should be mandatory	against	The use of public defenders should not be mandatory because the quality of defense will be lower than private defense, which will lead to more wrongful convictions.	1	0	0	0	0	1	1	0	0	1	1.0
4796	Companies should pay for the environmental damage cause by their products	in favor of	In a capitalist system in which all environmental and social and health costs of everybody affected would be internalized in the pricing of a product, the market could solve most problems.	1	1	0	0	0	1	0	0	0	1	1.0
6322	Entrapment should be legalized	in favor of	it is a viable option to catch some criminals	1	0	0	0	0	1	0	0	0	0	1.0
153	We should adopt a multi-party system	in favor of	multi-party systems offer voters more choices and more representation.	0	0	0	0	1	1	1	0	0	1	1.0
4862	The EU needs strong advertising and recruitment strategies for students and qualified employees	in favor of	Compared to most anglophone countries, Europe has been quite timid in attracting talent across the globe. Too few people know of and make use of the EU Blue Card. The EU is a destination of choice for migration and refugees from developing and some neighboring countries.	1	0	0	0	0	0	0	0	0	0	1.0
6022	The vow of celibacy should be abandoned	against	the vow of celibacy removes sexual activity with a view to focusing on a larger purpose - it can be seen as training the mind, and allows otherwise unforeseen advances of thought and discourse.	1	0	1	0	0	0	0	0	1	1	1.0
100	We should ban targeted killing	against	targeted killing should not be banned because it means that dangerous people can be stopped from injuring other people.	0	0	0	0	1	1	0	0	0	1	1.0
303	We should oppose collectivism	in favor of	collectivism reduces productivity from individuals as they have no incentive to do better.	1	0	1	0	0	0	1	0	0	0	1.0
6920	Referendums are good for the society	in favor of	The common man has a say in policymaking as he will be the one living under the new set of rules, he will be the one who will be most affected. So, at times the priorities of people are different from the priorities of the government, referendums can set things straight.	0	1	0	0	1	0	1	0	0	1	1.0
5693	Homeopathy brings more harm than good	against	homeopathy has been proven to have a successful effect on many people, so if the end results are good it has to be worth a shot.	1	0	0	0	0	1	1	0	0	0	1.0
1066	We should subsidize Wikipedia	against	wikipedia often contains false information and so can lead to people believing that have no validity in reality.	1	1	0	0	1	0	0	0	0	1	1.0
6047	Holocaust denial should be a criminal offence	against	Holocaust denial should not be a criminal offence because it is better to let bad ideas be outcompeted by good ideas than to let them fester and grow out of sight like a cancer.	1	0	0	0	0	1	1	0	0	1	1.0
431	We should adopt atheism	against	people are entitled to believe in any god that they choose to believe in. as religion offers comfort, aatheism should not be adopted.	0	0	0	1	0	0	1	0	1	0	1.0
5937	Intelligence tests bring more harm than good	in favor of	intelligence tests bring more harm than good by focusing on strengths and weaknesses.	1	1	0	0	0	0	0	0	0	1	1.0
2333	We should abolish intellectual property rights	in favor of	we should abolish intellectual property rights because it discourages new ideas.	1	0	0	0	0	0	1	0	0	0	1.0
2914	We should introduce compulsory voting	in favor of	compulsory voting will ensure the proper result in an election.	1	0	0	0	1	0	0	0	0	1	1.0
511	We should abolish the three-strikes laws	against	we shouldn't abolish the three strikes law because it is necessary to ensure society understands the ramifications of repeated ill behavior. three felonies is just about enough as far as i'm concerned.	0	1	1	0	1	1	0	0	0	1	1.0
1280	We should ban the Church of Scientology	in favor of	the veracity of scientology has been sufficiently questioned as to not accept churches of scientology	0	1	1	0	1	0	1	0	0	1	1.0
1050	We should abandon the use of school uniform	in favor of	uniform policies detract from more effective efforts to reduce problems in education	1	1	0	0	0	0	1	0	0	1	1.0
6803	Homeschooling should be banned	in favor of	homeschooling deprives children from scocialising and making friends.	0	0	0	1	0	1	0	1	0	0	1.0
5113	The EU should enforce the obligation to respect the Rule of Law within its borders	against	The European Union is not a country and we must respect other countries' electoral choices.	0	0	0	0	1	0	1	0	0	1	1.0
6959	Cattle slaughter should be banned	against	Taking action against illegal slaughterhouses is the right step, but banning entire cattle slaughter may not be the right decision by the central government. There are food security and livelihood security issues. It is the responsibility of the government to respect everyone’s choices equally.	0	0	1	1	0	1	1	0	0	1	1.0
4714	Cryptocurrencies should be legalized	against	There will be no sense of security. We cannot sleep peacefully because the cryptocurrency’s value keeps on fluctuating. Standard currencies fluctuate too, but not as high as cryptocurrencies. If the value of standard currency falls, we can still afford to live in our country, because the fall of currency value impacts all fields. For example, if the prices of groceries rise, so do our salaries. But if the value of cryptocurrencies like bitcoin falls, we will lose our hard-earned money.	0	0	0	0	1	1	0	0	0	1	1.0
5684	We should abandon television	against	television still serves an important role of keeping people informed about the world.	1	0	0	0	0	1	1	0	0	1	1.0
3688	We should cancel pride parades	against	pride parades are a way for people to come together and celebrate being themselves and shouldn't be cancelled.	0	0	0	1	0	1	1	0	0	1	1.0
4315	We should adopt gender-neutral language	against	in many cases, the gender of the subject helps convey meaning	1	1	0	0	1	0	0	0	0	1	1.0
4642	We should forbid neo-banks	in favor of	Commercial banks help to create credit, which leads to increased production, employment, and consumer spending, all of which help to grow the economy.	1	1	0	0	0	1	0	0	0	1	1.0
4660	Social media is making us less social	in favor of	In the book “iGen”, it was mentioned that in the next decade we may see more young people who know just the right emoji for a situation — but not the right facial expression. This can become true if we prefer virtual life over real life.	1	0	1	0	0	1	0	0	0	0	1.0
6030	Homeopathy brings more harm than good	in favor of	homeopathy has utterly no basis in medicine, and is a treatment offered purely to extract money from potentially vulnerable, desperate people in need of hope.	1	1	0	0	0	1	0	0	0	1	1.0
2193	We should fight for the abolition of nuclear weapons	against	Destroying nuclear bombs would work to a nations disadvantage because  they will be vulnerable to attacks	0	0	0	0	1	1	0	0	0	1	1.0
5348	Norway and Iceland should be invited to the European Conference	in favor of	Norway and Iceland can provide their external point of view toward EU policy at the conference. But why only Norway and Iceland? Why not Switzerland? Why not the recognized candidates?   And maybe even UK! I'm sure there are many lessons to learn from their experience in the EU and from the Brexit	0	0	0	0	1	1	0	0	0	1	1.0
3780	We should introduce compulsory voting	against	it is not democratic to force voting. people should have the right to decide if they want to vote.	0	0	0	0	1	0	1	0	1	1	1.0
6593	The vow of celibacy should be abandoned	against	celibacy is the only 100% effective way to prevent pregnancy	1	1	1	0	0	0	0	0	0	1	1.0
1390	We should legalize cannabis	in favor of	we should legalize cannabis because it can relieve pain for people with serious illnesses such as cancer and ms	0	0	0	1	0	1	0	0	0	1	1.0
770	We should ban the use of child actors	against	banning child actors would limit movies and tv shows. anything with children in the story would be unable to be made. television and movies for children would no longer exist either.	0	0	0	1	0	0	1	0	0	0	1.0
7136	We should impose an IQ test to immigrants	against	This is against human rights. I think advocating restricting immigration from non EU countries based on education, work skill and language literacy is a legitimate suggestion, but morally IQ tests are not acceptable and as very akin to what would be expected of a ethno-nationalist  authoritarian regime, not a union of democratic institutions.   	1	1	0	0	0	0	0	0	0	1	1.0
710	We should fight for the abolition of nuclear weapons	against	nuclear weapons provide us security in times of war.	0	0	0	0	1	1	0	0	0	0	1.0
4612	We should subsidize higher education institutions	in favor of	 Though we have been establishing national-level institutes for the past 40 years, we haven’t been investing to maintain their standards. Funds are needed for quality education. Even the top Indian institutes lack proper infrastructure, labs, resources, etc. And even whatever is available is just for the sake of passing the students in the examination and sitting idle the rest of the time.	1	0	0	0	1	0	0	0	0	0	1.0
5901	Intelligence tests bring more harm than good	in favor of	I.Q. tests are much too narrow and potentially dangerous if relied on to classify people	1	0	0	0	0	0	0	0	0	1	1.0
2168	We should end the use of economic sanctions	against	economic sanctions are a way to implement sanctions on a country without the risks of military intervention.	0	0	0	0	1	1	0	0	0	1	1.0
3883	We should legalize prostitution	against	Legalizing prostitution won't do away with it, it will just make it more prevalent and will push more people to sell their body.	0	0	1	1	0	1	1	0	0	1	1.0
4589	We should strengthen laws to fight against terrorism	in favor of	There is a need to act tough on terrorism amid growing threats from terrorists. So, strengthening UAPA is necessary.	0	0	0	0	1	1	0	0	0	0	1.0
4655	Social media is making us less social	against	During the covid pandemic time, social media helped people in maintaining their social life.Social media made it possible to stay connected with friends and loved ones all the time. We can easily know what is happening in their lives. It allowed us to communicate with multiple people at the same time by sharing posts.	0	1	0	1	0	1	0	1	0	0	1.0
1387	We should ban factory farming	against	Raising animals take a lot of land and resources while demand for meat on the market is still steady and important. This is the best way to raise animals by reducing space used and better taking care of animals	1	0	0	0	0	0	0	0	0	1	1.0
488	We should ban algorithmic trading	in favor of	we should ban algorithmic trading because most people have no idea how it works and if it is good for them or not	1	0	0	0	0	0	1	0	0	0	1.0
3387	We should ban algorithmic trading	in favor of	algorithmic trading has its disadvantages which include system failure risks,network connectivity errors, time-lags between trade orders and execution and, most important of all, imperfect algorithms.	1	0	0	0	0	0	1	0	0	1	1.0
6167	We should subsidize vocational education	against	Subsidizing vocational education will lead to it becoming as esoteric and non-productive as liberal arts education.	1	0	0	0	1	0	0	1	0	0	1.0
364	We should legalize sex selection	in favor of	parents should be able to choose what sex child they are going to have.	0	1	0	0	1	0	1	0	0	1	1.0
5036	We need a common EU TV channel free of charge for people in all Member States	in favor of	The language barrier and a weak influence on local thinking, allow local propaganda to pass on distorted and untrue information about what is happening in the EU to their citizens. Local governments have easy work to appropriate the positive things that the EU has achieved and, conversely, seduce its own failure on 'European bureaucracy'.	0	1	0	0	1	0	0	0	0	1	1.0
2057	We should limit executive compensation	in favor of	executives shouldn't be the only ones to get compensation and if that's the case then no one should get any to make it more fair to the rest of the employees.	0	0	0	0	1	1	0	0	0	1	1.0
2313	We should adopt libertarianism	in favor of	it is an interesting concept that even though it hasn't caused much impact yet could possibly be a happy medium between the two existing parties and should be considered.	1	0	0	0	0	1	1	1	0	1	1.0
2161	We should legalize organ trade	in favor of	if someone is willing to sell an organ that should be their right	0	0	0	0	1	0	1	0	0	0	1.0
526	We should oppose collectivism	against	collectivism enables communities to work together for the greater good.	1	0	0	0	0	1	0	0	0	0	1.0
2790	We should subsidize embryonic stem cell research	in favor of	we should subsidize embryonic stem cell research if we want to further medical advancements.	1	0	0	0	0	1	1	0	0	1	1.0
2964	We should abolish the Olympic Games	against	this is the only wide scale event where all countries can put aside all differences in good faith and fair competition	1	1	0	0	0	1	0	0	1	1	1.0
1382	We should adopt libertarianism	in favor of	government today has way too much influence in our daily lives; libertarianism seeks to reduce said interference, while possibly also reducing the amount of money the government spends.	0	0	0	0	1	1	1	0	0	0	1.0
960	We should adopt gender-neutral language	against	gender-neutral language doesn't always help people clearly communicate what they mean	1	1	1	0	0	0	1	0	0	1	1.0
1161	We should limit judicial activism	in favor of	it is not fair for opinion to overrule when there are so many different ones.	1	0	0	0	0	0	0	0	0	1	1.0
4289	We should oppose collectivism	in favor of	collectivism stops creativity and individual thought	1	0	0	0	0	0	1	0	0	1	1.0
1968	We should legalize organ trade	in favor of	financial incentives should be available for live donors and the families of the dead donors.	0	1	0	0	1	1	0	0	0	0	1.0
672	We should ban algorithmic trading	in favor of	algorithmic trading can cause unnatural market movements.	0	0	0	0	1	1	0	0	0	0	1.0
1539	We should subsidize Wikipedia	against	there is not a bottomless well of money to pay for everything, resources like wikipedia should be paid fr by advertisers or by introducing paid for levels of membership to have access to the whole site.	0	0	0	0	1	1	1	0	0	1	1.0
2907	We should end mandatory retirement	against	mandatory retirement makes sure that fresh ideas and fresh bodies keep flowing through business which is a good thing.	1	0	1	0	0	0	1	0	0	0	1.0
6988	Women can be in combat roles	against	Biologically, men are stronger than women. Hence, it may not be wise to deploy people in the field that have less physical strength than the enemy.	1	0	0	0	0	1	0	0	0	0	1.0
6722	Social media brings more harm than good	against	social media allows people that are shy to form friendships they otherwise wouldn't have.	1	1	0	0	0	1	0	0	0	0	1.0
6652	Social media brings more harm than good	against	social media brings together people all over the world with ease.	1	0	0	0	0	1	0	0	0	0	1.0
6466	We should subsidize vocational education	in favor of	subsidizing vocational education will lead more people learning vital skills that could help them get ahead in life	1	1	0	0	1	1	0	0	0	1	1.0
2170	We should subsidize space exploration	in favor of	science is important and can be beneficial to society.	1	1	0	0	0	0	1	1	0	1	1.0
2531	We should abolish the Olympic Games	in favor of	the games serve no positive purpose. there are world games and high level competitions in most sports which make the olympics obsolete. they are also a financial albatross to the country that holds them.	0	1	0	0	1	1	0	0	0	1	1.0
1627	We should cancel pride parades	against	pride parading is the peaceful place for lgbtq people to express themselves freely, demonstrate and require more acceptance from other people	1	0	0	0	0	1	1	0	0	1	1.0
4889	We need a common migration and asylum policy, based on respect for rights and equal treatment	against	We should not bring the problem to Europe, but we should rather help where it is needed in their region! 	0	1	0	0	1	0	0	0	0	1	1.0
6398	Surrogacy should be banned	against	surrogacy shouldn't be banned because it decent payment for the surrogates	1	0	0	0	1	0	1	0	0	0	1.0
4301	We should end the use of economic sanctions	against	economic sanctions provide an easy way to protest and can easily be reversed when situations change.	1	1	0	0	1	1	0	0	0	1	1.0
1708	We should end the use of economic sanctions	against	economic sanctions can put pressure on the regime in power.  it reduces their ability to buy weapons of oppression and the ability to keep their economy healthy.  it can be effective in the right circumstances.	0	0	1	0	1	1	0	0	0	1	1.0
6901	Intelligence tests bring more harm than good	in favor of	intelligence tests bring more harm than good because when one learns their number, then they try to live their life to that number.	1	0	0	0	0	0	0	0	0	1	1.0
5195	There should be a stronger partnership between the EU and the African Union	in favor of	With highly subsidized agricultural products the EU destroys local markets in African countries. This procedure should be stopped as soon as possible. EU agricultural subsidies should be replaced with incentives and support for a sustainable transition. The earlier we abandon these unfair and highly unsustainable subsidies the better for our own future health, social development, and climate future. Also, this will lead to a better relationship with African Union and enable better livelihoods for African farmers and citizens,  	1	0	0	0	0	1	1	0	0	1	1.0
4523	We should ban algorithmic trading	in favor of	algorithmic trading is computer based and does not allow for any type of inspiration in trading.	1	0	0	0	0	0	1	1	0	0	1.0
1890	We should introduce compulsory voting	in favor of	voting is what drives our country and not voting means that the most preferred people do not get elected.	0	0	1	0	1	1	0	0	0	0	1.0
2357	We should adopt libertarianism	against	There is much greater wealth disparity in a libertarian society.	0	0	0	0	1	1	0	0	0	1	1.0
2078	We should end the use of economic sanctions	in favor of	the use of economic sanctions should be ended because it is important to keep a good relationship with the countries we trade with.	0	1	0	0	1	1	0	1	0	1	1.0
2176	We should limit executive compensation	against	without executive compensation talent will be lost to other countries	1	0	0	0	1	0	0	0	0	0	1.0
491	We should stop the development of autonomous cars	against	autonomous cars will allow people to do more instead of wasting time in traffic	1	0	0	1	0	1	1	1	0	0	1.0
2241	We should ban fast food	against	fast food is convenient food and cheap	0	0	0	1	1	1	1	1	0	0	1.0
5689	Social media brings more harm than good	against	social media helps effect real change in the world. entire movements, very important ones, have been born on social media that otherwise wouldn't have gained traction without it.	1	1	0	0	1	1	1	0	0	1	1.0
1122	We should adopt libertarianism	in favor of	libertarianism frees citizens and business owners from expensive regulations	0	0	0	0	1	1	1	0	0	0	1.0
2573	We should ban algorithmic trading	against	algorithmic trading helps people trade with a smaller risk of financial losses.	1	1	0	0	1	0	0	0	0	0	1.0
4261	We should ban human cloning	against	human cloning could allow parents an opportunity to replace a dead child and baby with a new child that is the same. this would help them deal with their original loss.	0	1	0	1	0	1	0	0	0	0	1.0
4333	We should fight for the abolition of nuclear weapons	against	nuclear weapons should be retained as they act as a deterrent and ensure world peace	0	0	0	0	1	1	0	0	0	1	1.0
6282	We should abandon television	in favor of	too much time is wasted looking at a screen	1	1	1	0	0	0	0	0	0	0	1.0
1202	We should end the use of economic sanctions	in favor of	sanctions ultimately only hit the general population of the country affected, especially the vulnerable.  this serves to stir up bad feeling towards the countries implementing the sanction.	1	0	0	0	0	1	0	0	0	1	1.0
3136	We should adopt an austerity regime	in favor of	an austerity regime would stabilize our government	0	0	0	0	1	1	0	0	0	0	1.0
2215	We should ban telemarketing	in favor of	telemarketing is a nuisance that antagonises potential customers of a business	0	0	1	0	1	0	1	0	0	0	1.0
2483	We should subsidize journalism	in favor of	jounalism is extremely important to the general public.	0	0	0	0	1	1	0	0	0	1	1.0
3654	We should fight for the abolition of nuclear weapons	in favor of	Nuclear weapon development takes incredibly intelligent scientists and makes them work on something that is destructive to society, we'd rather they used their intellect to develop helpful technologies which can only happen if we abolish nukes.	1	1	0	0	0	1	0	0	0	0	1.0
7038	We should invest in nuclear energy	in favor of	Nuclear energy is undoubtedly the best form of electricity production, massive and controllable, with no CO²/GHG emissions. 	1	0	0	0	0	0	0	0	0	1	1.0
6835	Homeopathy brings more harm than good	against	when modern medicine avenues have been exhausted, it is a valuable alternative to keep hope many homeopathic medicines are effective and help the patient to stay positive, which is half the battle sometimes	1	1	0	1	0	1	0	0	0	1	1.0
6140	Intelligence tests bring more harm than good	against	Intelligence tests bring more good than harm because they equalize students from rich and poor backgrounds, since money cannot buy intelligence.	1	0	0	0	0	1	0	0	0	1	1.0
1590	We should subsidize embryonic stem cell research	in favor of	stem cell research may be the key to curing many diseases	1	1	0	0	0	1	1	0	0	1	1.0
3463	We should introduce compulsory voting	against	forcing people to vote will cause an unwanted outcome in elections. having no vote is as much speech as voting.	1	0	0	0	0	0	1	0	0	0	1.0
6080	Blockade of the Gaza Strip should be ended	against	israel have the right to protect itself and this blockade will make them check everything going in and out gaza.	0	0	0	0	1	1	0	0	0	1	1.0
6955	Cattle slaughter should be banned	against	70% of the cattle in India is owned by marginal farmers. They cannot afford to maintain their cattle after the cattle stop providing benefits to farmers, like providing milk, dung, etc. The only way for farmers is to sell these old animals to slaughterhouses.	1	0	0	0	1	1	1	0	0	1	1.0
5913	Social media brings more harm than good	against	social media is a great platform to connect and socialize with friends and family.it has become a substitute for newspaper and is very reliable.	1	1	0	1	0	1	0	0	0	1	1.0
1699	We should subsidize student loans	in favor of	we should help students pay to be educated. it is costly, and loans hamper their future.	1	1	0	0	0	1	1	0	0	1	1.0
1356	We should subsidize journalism	in favor of	every journalist should be able to report the news regardless of whether they have the monetary means to do so or not.	1	0	0	0	1	0	1	0	0	1	1.0
4674	We should stop using cash	in favor of	A cashless economy saves so much money for governments because printing money, and sending the money to banks requires money and human resources. The need to purchase or rent land for ATMs will also be eliminated. International payments will also be easier because there is no need to exchange currency.	0	0	0	0	1	1	0	0	0	1	1.0
722	We should stop the development of autonomous cars	against	autonomous cars could help people make better use of their time	1	1	0	1	0	1	1	1	0	0	1.0
5343	 The EU should play a major role in a multipolar world	against	Democracy and civilization are the essences of Europe and the EU must uphold those values. For me, the word civilization is also to be civil, which in some way is the opposite of being militarized.  The EU should not be a superpower.  Nuclear detergence should be enough.   	0	1	1	0	1	1	1	0	1	1	1.0
546	We should subsidize journalism	in favor of	subsidizing journalism would bring more accurate reporting because it would allow for the hiring of more qualified reporters.	1	1	0	0	1	0	0	0	0	1	1.0
3240	We should subsidize journalism	against	we should not subsidize journalism because it acts to protect poorly run and inefficent media companies from normal market forces	1	1	0	0	0	0	0	0	0	1	1.0
275	We should cancel pride parades	against	pride parades are a platforms for minority groups to spread awareness about discrimination and abuse	0	0	0	0	1	1	1	0	0	1	1.0
6864	Social media brings more harm than good	against	it helps to connect people and create relationships	0	0	0	1	0	1	0	0	0	0	1.0
1138	We should adopt a multi-party system	in favor of	the multi-party system works and ensures that everybody has their say	1	0	0	0	1	1	1	0	0	1	1.0
4171	We should introduce compulsory voting	in favor of	too many people do not take responsibility for their part in democracy	1	1	0	0	1	0	0	0	0	0	1.0
1325	We should end the use of economic sanctions	against	economic sanctions must be retained as it is the only way in which dishonest countries can be made to mend their ways.	1	1	1	0	1	1	0	0	0	1	1.0
3410	We should ban telemarketing	against	telemarketing is a cost-effective way of helping businesses reach an audience.	1	1	0	0	1	1	1	0	0	0	1.0
2857	We should subsidize space exploration	against	space exploration should not be subsidized because it is not affordable. there is not enough money available in mostcountries to even support health care and security without space exploration too.	0	1	0	0	1	1	0	0	0	0	1.0
1051	We should abolish safe spaces	in favor of	abolishing safe spaces has to be recognized because people who has such a problems already have support from institutions and doctors.	1	1	1	0	0	0	0	0	0	0	1.0
5188	We do not need immigration from non-European or non-first-world countries 	against	Migration has been a fact of history and successful societies have found ways to turn migration into strength. In our case in order to alleviate the current challenge in the long term we need to alleviate migration pressure by making it attractive for migrants to stay put and help develop their own countries. Such a helpful project, a European Marshal Plan for Africa would be a good project to invest in. The long-term return on investment would be more than financial: A friendly neighbor continent, good relationships, access to the African market, and natural resources. That is not a short-term fix. And there is no short-term fix. We have to play the long game!	1	1	0	0	1	1	0	0	1	1	1.0
1005	We should limit executive compensation	in favor of	ceo's should not get paid thousands of times more than their workers	0	0	0	0	1	1	0	0	0	1	1.0
2239	We should ban whaling	against	we should not ban whaling because it provides jobs and food for people.	1	1	0	0	1	1	0	0	1	0	1.0
133	We should subsidize student loans	in favor of	we should subsidize student loans as these are our future leaders and workers and we want to ensure their success in order to secure the countries success.	1	0	0	0	0	1	0	0	0	0	1.0
4227	We should adopt a multi-party system	in favor of	by having a multi-party system people would be able to support parties with their values and the a larger party may adopt polices from the smaller one for support	1	1	0	0	1	0	1	0	0	1	1.0
5185	There should be no immigration from non-European or non-first-world countries 	in favor of	European citizens are the future of Europe! 	1	0	0	0	0	1	0	0	1	0	1.0
6442	The vow of celibacy should be abandoned	in favor of	vow of celibacy is not fair to put on any human being because everyone has sexual urges which means the priests can commit evil acts of sex on minors. it should be abandoned.	0	0	1	1	0	1	1	0	0	1	1.0
1071	We should legalize prostitution	in favor of	legal and regulated prostitution would protect sex workers from violence and poor health outcomes.	0	1	0	0	1	1	1	0	0	1	1.0
5034	The EU must be confederal and not federal	against	We need a real and effective European democracy, therefore, a European Federation.	1	1	0	0	1	0	1	0	0	0	1.0
2373	We should abandon the use of school uniform	against	school uniforms show pride and community and provide fewer distractions from learning.	1	0	1	0	0	1	0	0	0	0	1.0
4490	We should legalize sex selection	in favor of	couples should be able to select the sex of their child since some may only want boys or may want girls.  they may also already have more then one child of a certain sex and want the other sex next time.	0	1	0	0	1	0	1	0	0	0	1.0
2963	We should ban human cloning	against	we should allow science to further their research even if it includes human cloning.	1	0	0	0	0	0	1	1	0	1	1.0
6479	Social media brings more harm than good	against	social media allows people to communicate frequently and quickly without having to wait for snail mail.	1	1	0	1	0	1	0	0	0	0	1.0
1915	We should abolish intellectual property rights	against	intellectual property rights serve to prevent the sharing of information and ideas, which would allow groundbreaking concepts to develop more quickly for the benefit of all.	1	0	0	0	0	0	1	0	0	1	1.0
1001	We should ban whaling	against	many peoples make there livelihoods on whaling	0	0	0	0	1	1	0	0	1	0	1.0
5591	Homeopathy brings more harm than good	in favor of	people using a homeopathic approach to treatment can accidentally end up overdosing on their herbal treatment and making themselves more sick.	0	0	0	0	1	0	0	0	0	0	1.0
240	We should abolish intellectual property rights	against	intellectual property rights enable people to benefit from what they worked so hard to achieve.	1	0	0	0	1	1	1	0	0	1	1.0
995	We should ban telemarketing	against	Telemarketing involves lower overhead costs and thus saves companies money.	1	0	0	0	1	1	1	0	0	0	1.0
1284	We should fight for the abolition of nuclear weapons	against	Without the guaranteed peace caused by nuclear weapons, countries are more likely to turn to violence and squabbling.	0	0	1	0	1	1	0	0	0	1	1.0
3342	We should limit judicial activism	in favor of	justice can not be subject to personal opinions	0	0	0	0	1	1	1	0	0	1	1.0
151	We should abolish safe spaces	in favor of	safe places are not needed. people need to adjust to the world in which they live in and stop trying to always seek protection from the things they don't like.	1	1	0	0	0	0	1	1	0	0	1.0
5759	Foster care brings more harm than good	against	foster care allows children to stay in a family environment as opposed to institutions	1	1	0	0	0	1	0	0	0	0	1.0
6767	Homeschooling should be banned	against	parents should have the right to choose how to educate their children	1	1	0	0	1	0	1	0	0	0	1.0
5379	The EU should integrate the armed forces of its member states	in favor of	The EU cannot endlessly lean on America or NATO. America has proven to be fickle and NATO has its own problems, such as Turkey, which is outside the EU and has threatened Greece. The EU needs its own independent solution.	0	1	0	0	1	1	1	0	0	0	1.0
5586	The use of public defenders should be mandatory	against	The use of public defenders should not be mandatory because people should be able to provide for their own defense if they wish, since they know their own self interest best.	1	0	0	0	0	0	0	0	0	1	1.0
7215	We should reform Europol towards a European FBI	against	I think Europol should stay an association of regular National Police Departments and not be turned into anything else. However, I do support the creation of a European Criminal Investigations Office that will have full jurisdiction in the EU to investigate kidnappings and missing persons, cross-border and organized crime, terrorism threats, and digital crimes, and apprehend fugitives and suspects. 	1	1	0	0	1	1	0	0	0	1	1.0
7260	We should remove unauthorized asylum seekers or migrants.	in favor of	No more immigration from non-European or non-first world countries.	0	0	0	0	1	1	1	0	0	1	1.0
7162	We should not have any immigration from non-European or non-first-world countries 	against	Halting all immigration to EU from non-European or non-first-world countries will lead to an even more competitive advantage for the USA and other countries as our population is shrinking rapidly. 	1	0	0	0	0	0	0	0	0	1	1.0
6890	Entrapment should be legalized	in favor of	criminals should be caught and not allowed to continue to harm society.  entrapment is an effective means of catching them.	1	0	1	0	0	1	0	0	0	1	1.0
868	We should adopt gender-neutral language	in favor of	gender-neutral language should be adopted so that society can progress and advance. does it really matter if you are a man or woman anymore? it shouldn't.	1	0	1	0	0	1	0	0	0	1	1.0
1256	We should abolish intellectual property rights	against	intellectual property rights shouldn't be abolished because it helps to ensure the originator is reimbursed accurately for their ideas.	1	0	0	0	1	0	1	0	0	1	1.0
2853	We should adopt gender-neutral language	in favor of	gender-neutral language is simpler and more straight forward and respects all genders without bias.	1	1	1	0	0	1	0	0	0	1	1.0
471	We should ban whaling	in favor of	whaling should be banned because it harms economic activity that's generated by whale watching	0	0	0	0	1	0	0	0	0	1	1.0
369	We should end mandatory retirement	against	the companies that have the mandatory retirement policy maintain a rotation of employees fresher and updated with the new times	1	0	0	0	0	0	1	0	0	0	1.0
6106	We should subsidize vocational education	in favor of	vocational education is essential to fill gaps in society for example where there is a lack of builders, plumbers and other tradesmen.	1	1	0	0	0	1	0	1	0	0	1.0
1559	We should adopt an austerity regime	in favor of	We should adopt an austerity regime because the debt to gdp ratio threatens the future stability of the country	0	0	0	0	1	1	0	0	0	0	1.0
1587	We should fight for the abolition of nuclear weapons	against	Nuclear Weapons are a good defense and allows a nation to protect themselves	0	1	0	0	1	1	0	0	0	1	1.0
6534	We should subsidize vocational education	against	vocational education isnt always useful as most of the skills taught are learnt through life experiences and the money spent on it can be spent on more academic study	1	1	0	0	1	0	0	0	0	0	1.0
1201	We should adopt gender-neutral language	against	it would be expensive to change to a gender neutral language and that money could be better spent elsewhere  world hunger for example	0	1	0	0	1	1	0	0	1	1	1.0
5033	There can be no real European democracy without the autonomous fiscal power of the EU.	against	No. If the parliament was given free rein to start taxing people directly, they would of course abuse this power to fund their own pet projects because MEPs want to feel important and increase their own power above all else. It's good that the member states (via council decisions) can explicitly decide the size of the EU budget. And until the democratic deficit and other systemic problems in the EU are fixed, it's good that the budget is kept at 1-2% of the total EU GDP.	0	0	0	0	1	1	0	0	0	1	1.0
3306	We should adopt a multi-party system	against	a multiparty system would be too decentralized	0	0	0	0	1	1	0	0	0	0	1.0
2593	We should subsidize Wikipedia	in favor of	wikipedia provides information that is free and easy to get on any subject	1	1	0	0	0	0	1	0	0	1	1.0
6493	Entrapment should be legalized	in favor of	Entrapment should be legalized as it is a useful tool to catch criminals when other strategies have failed.	1	1	0	0	0	1	0	0	0	0	1.0
3732	We should ban private military companies	in favor of	private military companies only purpose is to make money and as a result they don't focus on protection as much as they should be.	1	1	0	0	0	1	0	0	0	0	1.0
4507	We should ban the use of child actors	against	many films and television shows have child roles which could only be filled by children. as long as the children are protected it means that the finished product will have higher artistic integrity.	1	0	0	1	0	0	1	0	0	0	1.0
1875	We should stop the development of autonomous cars	in favor of	autonomous cars will never become reality.   we need to stop wasting money on this and instead work towards better safety and technology in regular cars.	0	0	0	0	1	0	1	0	0	1	1.0
5308	We need a stand-alone European army.	in favor of	A European army is not only needed to attack and defend but to give weight to European words. 	0	0	0	0	1	1	0	0	0	0	1.0
1207	We should legalize cannabis	in favor of	we should legalize cannabis as it appears to do more good than harm for those that have illnesses.	1	0	0	0	0	1	0	0	0	1	1.0
5639	Homeopathy brings more harm than good	in favor of	there is no reliable scientific evidence that homeopathy does any good and it is potentially dangerous because it may delay people taking conventional medical treatment	1	1	1	0	0	1	0	0	0	1	1.0
1653	We should ban whaling	against	whaling provides food and fuel for many people	1	1	0	0	0	1	0	0	0	0	1.0
492	We should introduce compulsory voting	in favor of	compulsory voting would make the election practice fairer.	0	1	0	0	1	0	0	0	0	1	1.0
4360	We should subsidize journalism	in favor of	journalism provides a needed check on the government.	0	0	0	0	1	0	0	0	0	1	1.0
6063	The use of public defenders should be mandatory	against	Given that the state has near infinite resources to construct a case, defendants should not be constrained in their counsel, especially in a criminal case that could put a defendant in prison.	1	1	0	0	1	1	1	0	0	1	1.0
5881	Foster care brings more harm than good	in favor of	Because foster care is decentralized, it makes oversight for childcare more difficult, and often leads to children living in abusive households or in poor living conditions.	0	1	0	1	0	1	0	0	0	0	1.0
2999	We should adopt an austerity regime	in favor of	for longer term economic benefits, short term sacrifices are necessary to dig the country out of debt, and an austerity regime is the only way to achieve this.	1	0	0	0	1	1	0	0	0	0	1.0
2690	We should subsidize student loans	against	graduates earn more over a lifetime than their peers, this gives them plenty of opportunity to repay their debts.	1	1	0	0	0	1	1	0	0	0	1.0
5018	The EU should improve public management and anti-corruption mechanisms	in favor of	The EU needs to focus on simplifying and standardizing European processes and procedures associated with public management and creating efficient and effective anti-corruption mechanisms. This will reduce the financial resources to be made available to the most relevant areas of intervention at the EU, country, and regional Levels.	1	1	0	0	1	1	0	0	0	0	1.0
6523	Homeschooling should be banned	against	homeschooling is good for children that need the one on one structure that it brings,	1	1	0	0	0	0	1	0	0	0	1.0
1092	We should stop the development of autonomous cars	against	autonomous cars are our future and provide many benefits	1	0	0	0	0	0	0	0	0	1	1.0
263	We should subsidize student loans	in favor of	college is getting more and more expensive each year so students should be getting as much help as they need	1	1	0	0	1	1	0	0	0	0	1.0
5589	Foster care brings more harm than good	against	The overwhelming experience shows that in care and health, decentralized and deinstitutionalized systems perform better and spend less than a massive state apparatus.	0	0	0	0	1	0	1	0	0	0	1.0
5968	The use of public defenders should be mandatory	in favor of	The use of public defenders should be mandatory so that the trial system can be streamlined with more consistent defense practices.	1	0	0	0	0	1	0	0	0	1	1.0
6159	We should subsidize vocational education	in favor of	subsidising vocational education would encourage more people into useful trades where they can find employment at the end of their course.	1	0	0	0	1	1	0	1	0	1	1.0
3320	We should abolish the three-strikes laws	in favor of	criminals shouldn't get extra chances when committing crimes anyway, so the three-strikes law is not necessary.	0	1	1	0	1	1	0	0	0	1	1.0
5064	The European Union needs to equip itself with the institutional and legal tools to resolve democratic conflicts on sovereignty within its own borders.	in favor of	Every nation with its own language and culture, which demands the same status as a sovereign nation within Europe, must have the right to be recognized and respected by people and other member nations/states.	0	0	0	0	1	0	1	0	1	1	1.0
3427	We should adopt an austerity regime	in favor of	the current national debt is unsustainable and will lead to the collapse of our whole government unless we do something about it.  we need to adopt austerity programs immediately to save our country.	1	0	0	0	1	1	0	0	0	0	1.0
3641	We should introduce compulsory voting	in favor of	compulsory voting will increase the number of voter turnout.	1	1	1	0	1	0	0	0	0	0	1.0
3686	We should subsidize space exploration	against	space exploration is a bottomless money pit that completely fails to justify the enornomous quantity of revenue pumped into it.	0	0	0	0	1	1	0	0	0	0	1.0
6249	Blockade of the Gaza Strip should be ended	in favor of	What are we waiting for? Do we want to see old people and babies dying from lack of basic health conditions and bad infrastructure? Well they already are.	0	1	0	0	1	1	0	0	0	1	1.0
2693	We should subsidize space exploration	in favor of	space exploration should be subsidized as it will benefit us in the future with technology advancements.	1	1	0	0	0	0	1	0	0	0	1.0
6993	India is safe for women	in favor of	Women of our country have been and are achieving the epitomes of success and glory every other day. Prominent personalities like Savitribai Phule, Mother Teresa, Sarla Thakral, Kalpana Chawla, Sister Nivedita, Sarojini Naidu, and many more have been conquering their respective fields for centuries. In recent times, Prativa Patil, Meira Kumar, Priyanka N., Mitali Madhumita, Tanushree Pareek are some of the women achievers to be the queens. With such accomplishments happening around, safety can be guaranteed to a big extent.	1	0	0	0	0	1	0	0	0	1	1.0
931	We should subsidize Wikipedia	against	wikipedia is a private entity and is responsible for its own operating costs	1	1	1	0	1	1	1	0	0	0	1.0
6098	We should abandon television	against	television isn't something that needs to be abused. we can watch it and still find time for exercising and a social life.	0	0	0	1	0	1	1	1	0	0	1.0
4084	We should end the use of economic sanctions	against	Economic sanctions are the only way that a country can be warned that we mean business, by harming their economy we can influence those in power to stop their damaging ways.	0	0	1	0	1	1	0	0	0	1	1.0
2383	We should abolish intellectual property rights	in favor of	intellectual property rights are unhelpful to companies who want to copy other people's ideas	1	1	0	0	1	0	1	0	0	0	1.0
4349	We should adopt a multi-party system	against	it can become confusing when voting on a multi-party system	1	1	0	0	0	0	0	0	0	1	1.0
5425	Social media brings more harm than good	against	social media connects family members from around the world.	0	1	0	1	0	1	1	0	0	0	1.0
7022	We should not subsidize large agricultural groups	against	Subsidizing big agricultural companies is not the problem here, it's the criteria by which the subsidies are distributed.	1	0	1	0	0	0	0	0	0	1	1.0
1031	We should introduce compulsory voting	against	compulsory voting should not be necessary because people will vote for anyone without researching which could skew outcomes.	1	0	1	0	0	1	1	0	0	0	1.0
6563	Blockade of the Gaza Strip should be ended	in favor of	blockade of the gaza strip should be ended because the conflicts need to be finished, a resolution should be found and people should be able to get back on track with life	0	0	0	0	1	1	0	0	0	1	1.0
2946	We should subsidize space exploration	against	space exploration is such a costly exercise that subsidising would put an enormous strain on any country's finances that can be ill afforded when there are so many more causes that need supporting on earth.	0	1	0	0	1	1	0	0	0	1	1.0
3389	We should fight for the abolition of nuclear weapons	against	A country is entitled to develop any weapon that will help it defend itself against an enemy.	0	0	0	0	1	1	0	0	0	1	1.0
411	We should ban private military companies	against	the state can not have exclusivity in the creation of weapons, leaving aside private capital as a source of technological innovations for our defense	0	0	0	0	1	1	1	0	0	1	1.0
4789	Nepotism exists in Bollywood	against	Star kids also have an upbringing which is surrounded by the Bollywood industry. This gives them an advantage of getting adjusted and having a clearer overview of the industry. This might help them learn faster and do better which an outsider might not be able to.	1	0	0	0	0	0	1	0	0	0	1.0
5585	We should abandon television	against	Television offers a variety of entertainment and information that families can enjoy together	1	1	0	0	0	0	0	0	0	0	1.0
1298	We should subsidize Wikipedia	in favor of	subsidising wikipedia would give it the funds needed to continue this valuable informative tool without needing to beg for funds.	1	1	0	0	0	0	1	0	0	1	1.0
3699	We should abolish intellectual property rights	in favor of	intellectual endeavors are not isolated and it's possible for more than one individual to have the same ideas and inspiration	1	0	0	0	0	0	1	0	0	1	1.0
3512	We should legalize cannabis	in favor of	it would stop people being locked up for possession and it would generate revenue	0	0	0	0	1	0	1	0	0	1	1.0
2206	We should ban the use of child actors	against	as long as there is proper protection for child actors there is no reason that they should not be able to perform on screen	1	0	1	0	0	0	1	0	0	1	1.0
5762	Homeopathy brings more harm than good	against	homeopathy is an affordable way to treat yourself.	0	0	0	0	1	1	1	0	0	1	1.0
5532	Intelligence tests bring more harm than good	in favor of	it is often difficult to use a standard IQ test to measure the capabilities of people who communicate in a non-standard way	1	0	0	0	0	0	0	0	0	1	1.0
4381	We should adopt a multi-party system	in favor of	a multi party system allows far better choices for the diverse population, meaning they can find someone to vote for that they truly believe in and participate in a democracy better	1	0	0	0	1	0	1	0	0	1	1.0
1841	We should ban fast food	against	people need to be allowed to make their own food choices, for some people ithout thir own kitchen then fast food may be the only way they can ever get a hot meal	0	1	0	1	1	1	1	0	0	0	1.0
6772	Homeschooling should be banned	in favor of	homeschooling should be banned as it prohibits a child from experiences all the opportunities that public and private schools offer.	1	0	0	0	0	0	0	1	0	1	1.0
5082	EU countries should slightly reduce health insurance contributions for all citizens who do not use tobacco products 	in favor of	I think increasing taxes on tobacco could do a similar thing.  But then we would also have to increase the contributions to health insurance for people who overeat sugar, use sunbeds, etc., to be fair. 	0	0	0	0	1	1	0	0	0	1	1.0
2744	We should subsidize student loans	in favor of	for some students taking a student loan is the only way to afford studying	1	0	0	0	0	1	1	0	0	0	1.0
6298	We should abandon television	against	Television is the gateway for many to news and education as well as entertainment, it still provides a very valuable function.	1	0	0	1	0	0	1	1	0	0	1.0
1009	We should limit judicial activism	in favor of	judicial activism goes against our system  of what is best for the people.	0	1	1	0	1	1	0	0	1	1	1.0
496	We should ban whaling	against	most whaling is done under controlled situations, and is done for research purposes.	1	1	1	0	0	0	0	0	0	0	1.0
4485	We should ban the use of child actors	in favor of	the use of child actors should be banned because child actors end up having more money than they know what to do with and thus misuse it.	1	1	1	0	0	0	0	0	0	0	1.0
3506	We should subsidize Wikipedia	in favor of	wikipedia is an important resource for people looking for information	1	0	0	0	0	0	1	0	0	0	1.0
3796	We should introduce compulsory voting	in favor of	compulsory voting would make the opinions of everyone's opinions be taken into account.	0	0	1	0	1	0	1	0	0	1	1.0
4426	We should end mandatory retirement	against	mandatory retirement allows new workers to take the place of older workers that are past their prime and just need to retire.	1	0	0	0	0	0	0	0	0	1	1.0
2137	We should adopt libertarianism	in favor of	we should adopt libertarianism as it would be a system that might individuals have a fair chance in life other than just two major political parties.	1	0	0	0	0	1	1	0	0	1	1.0
5191	We need a better EU migration policy 	in favor of	his is the issue in politics and public sector policy making. No objectives are to be pursued. No problems to be solved. I guess it is the nature of the beast. Balancing conflicting interests. 	1	0	0	0	0	0	0	0	0	1	1.0
4078	We should ban the use of child actors	in favor of	Many child actors end up being exploited by the studios and even their own management and families.	1	1	0	0	0	0	0	0	0	1	1.0
510	We should adopt an austerity regime	in favor of	an austerity regime is the most effective way to reduce the national debt.	1	0	0	0	1	1	0	0	0	1	1.0
5266	We need an inclusive and pluralistic European society	in favor of	Complex problems are faced by deepening study, not by pretending they don't exist.	1	0	0	0	0	0	1	0	0	1	1.0
5436	Homeschooling should be banned	in favor of	children have a right to education and ignorant parents that think they are more qualified than they are should not have tyranny over that right	1	0	1	0	0	1	0	0	0	0	1.0
2770	We should adopt a multi-party system	in favor of	the multi-party system offers voters more choices that may get more people involved in politics	1	0	0	0	1	0	1	0	0	0	1.0
1412	We should ban the use of child actors	in favor of	we should ban the use of child actors because they should be in school and learning	1	0	1	0	0	0	1	1	0	0	1.0
1137	We should ban human cloning	against	human cloning can help doctors find a cure for illnesses we otherwise won't be able to survive	1	1	0	0	0	1	1	0	0	1	1.0
5658	The use of public defenders should be mandatory	in favor of	The use of public defenders should be mandatory in order to make wealthy people invested in the success of the public defender system.	1	1	0	0	0	1	0	0	0	1	1.0
1568	We should oppose collectivism	against	We should support collectivism because many problems like climate change cannot be dealt with on an individual level.	1	0	0	0	0	1	0	0	0	1	1.0
4897	The European Union should implement a EU wide carbon tax	in favor of	Yes, and it should be payed out to every citizen of the EU. Those people with a lower CO2 footprint - typically lower income family - would greatly benefit from it and be incentivized to invest in cleaner energy, heating etc.	0	0	0	0	1	1	0	0	0	1	1.0
2798	We should legalize cannabis	in favor of	it will stop people from buying the drug from the streets, it will also mean that regulations are put in place to ensure the quality of the drug is safe to use, it will also increase tax revenue.	0	1	1	0	1	1	0	0	0	1	1.0
5552	We should abandon television	in favor of	Television contributes to the obesity epidemic because people spend far too much time inside in front of  the tv being inactive.	1	1	1	0	0	1	0	0	0	0	1.0
7161	We should not have any immigration from non-European or non-first-world countries 	against	Halting all immigration from non-European or non-first-world countries is shortsighted. We need to selectively pick people who can and are willing to contribute to the greater good like Australia and Canada and do prescreening instead of banning everyone.  	1	1	0	0	1	0	1	0	0	0	1.0
968	We should adopt a multi-party system	in favor of	we must have more options to choose and leave this bipartisan dictatorship	1	0	0	0	0	1	1	1	0	1	1.0
6006	The vow of celibacy should be abandoned	in favor of	the vow of celibacy should be abandoned because not everyone can hold up to the lifelong commintment	0	0	0	1	0	0	1	1	0	1	1.0
7192	We should stop daylight saving time change	in favor of	 All countries should get back to their geographically correct time zone. It is in public often discussed as a matter of preference. But public health cannot be decided by inquiries about people's preferences. Several scientific and health organizations already published statements to speak up for at least permanent standard time and warn about the health implications of permanent or seasonal daylight saving time. And there is plenty more to list. Education suffers from Daylight Saving Time as much as the Economy, mainly because of productivity loss due to chronic sleep deprivation and disturbances and the increase in health costs.	1	0	0	0	1	1	1	0	0	1	1.0
1358	We should fight for the abolition of nuclear weapons	against	Nuclear armed nations benefit from the power and status of the weapons available within their territory	0	0	0	0	1	1	0	0	0	1	1.0
1065	We should ban algorithmic trading	against	algorithmic trading merely enables better decisions in investments utilising technology and intelligence	1	1	0	0	1	0	0	0	0	1	1.0
460	We should subsidize Wikipedia	against	the open source nature of wikipedia means anyone can add gibberish and falsehood in its contents thereby making it unreliable.	1	1	0	0	0	0	1	0	0	0	1.0
3357	We should subsidize student loans	in favor of	student loans are a massive burden for people getting the degrees necessary to qualify for a job to become a productive member of society.	1	1	0	0	0	1	1	0	0	1	1.0
2616	We should subsidize embryonic stem cell research	in favor of	it can help cure diseases & the research looks promising	1	1	0	0	0	1	0	0	0	1	1.0
5893	We should abandon television	against	television introduces people to ideas they wouldn't otherwise have had - which can lead to otherwise good people being influenced by bad characters.	0	0	0	1	1	0	1	0	0	1	1.0
2369	We should adopt gender-neutral language	in favor of	we should adopt gender-neutral language because it will make communication easier between genders	1	1	0	0	0	1	0	0	0	1	1.0
5275	There should be a single EU policy. 	in favor of	The EU should be a global actor. Merge all Foreign affairs departments from member states into a coordinated European network for international policy and intelligence.	0	0	0	0	1	1	0	0	0	0	1.0
6272	Intelligence tests bring more harm than good	against	Intelligence test provide metrics which cannot be accessed otherwise.	1	0	0	0	0	0	0	0	0	1	1.0
4306	We should introduce compulsory voting	in favor of	everyone should take part in voting and making choices for our country.	0	1	0	0	1	1	0	0	0	1	1.0
6653	The use of public defenders should be mandatory	against	Public defenders are paid poorly and overworked, once people can no longer become private criminal justice lawyers no one will want to be a public defender and you will have a lack of lawyers.	1	0	0	0	1	0	1	0	0	1	1.0
5096	The EU needs a European research center	in favor of	During the pandemic, the EU was unable to produce a vaccine on its own, mainly due to the fact that not enough money is invested in research within its different member states. Gathering the strength of the 27 member states in research and health could be a real asset for the EU and its citizens, but also for its influence overseas and its independence.	0	0	0	0	1	1	1	0	0	1	1.0
6947	Indian government should increase the minimum legal age of marriage for girls from 18 to 21 years	in favor of	At present, many girls are forced to drop out of studies for marriage. So, making the minimum legal age for marriage 21 will allow them to continue their studies. Thereby, many more women will go for higher education.	1	0	0	0	1	0	1	0	0	1	1.0
2534	We should adopt gender-neutral language	against	we should not adopt this, it would be confusing to young children. the way we've done things still works and there's no need to change it.	1	0	0	0	0	0	0	0	1	0	1.0
2546	We should abolish intellectual property rights	against	intellectual property rights protect someone's research and hard work ensuring that they can be recognized and recompensed for their efforts.	1	0	0	0	1	0	1	0	0	0	1.0
147	We should end mandatory retirement	against	Setting a mandatory retirement age allows for the younger generations to move up the ladder and to better support their own families.	1	1	1	0	1	1	0	0	0	0	1.0
2566	We should abolish the three-strikes laws	against	The three-strikes law gives victims peace of mind that the person who perpetuated a crime against them won't one day return and harm them again.	0	0	1	0	1	1	0	0	0	1	1.0
1266	We should oppose collectivism	in favor of	collectivism do more harm than good because isolating individuals is not appropriate and they should be important as individuals and not part of the group.	1	0	0	0	0	0	1	0	1	0	1.0
4391	We should legalize organ trade	in favor of	legalizing organ trade will help people looking for a specific organ to find it easier.	1	1	0	0	0	1	1	0	0	0	1.0
2204	We should stop the development of autonomous cars	in favor of	autonomous cars lack moral judgement.	1	1	0	0	0	1	0	0	0	1	1.0
487	We should introduce compulsory voting	in favor of	turn out figures are unacceptably low, we need to motivate people to be active voters for a representative democracy	0	1	0	0	1	0	0	0	0	0	1.0
7276	We should abolish the 996 overtime system	in favor of	"China's 996 overtime system leaves you with no room to learn and improve, forever trapped in a ""rat trap""."	1	0	0	0	0	1	0	0	0	0	1.0
775	We should subsidize student loans	in favor of	student loans enable poor students to continue with their education and graduate from the university	1	1	0	0	1	1	0	0	0	1	1.0
834	We should subsidize space exploration	against	space exploration is a waste of taxpayers money and should be funded by private enterprises.	0	0	0	0	1	0	0	0	0	1	1.0
4397	We should adopt a multi-party system	in favor of	it will give a stronger representation of the electorate.	0	0	0	0	1	0	0	0	0	1	1.0
2959	We should subsidize space exploration	against	space exploration is too costly and there aren't enough tangible benefits to justify subsidization	0	0	0	0	1	0	0	0	0	1	1.0
753	We should abolish the Olympic Games	against	athletes train their whole lives in hopes that they can represent their country to be the best.	1	0	0	1	0	0	1	1	1	1	1.0
1363	We should oppose collectivism	against	collectivism gives people something to work on as a team and builds relationships.	1	0	0	0	0	1	0	0	0	0	1.0
3637	We should subsidize Wikipedia	in favor of	wikipedia provides a great service which provides a safe place to find info on all types of topics	1	0	0	0	0	0	1	0	0	1	1.0
3106	We should ban factory farming	against	we should not ban factory farming because it gives us another source of food.	1	1	0	0	0	1	0	0	0	0	1.0
6952	Indian government should increase the minimum legal age of marriage for girls from 18 to 21 years	against	At present, child marriages are happening throughout India even after ‘The Prohibition of Child Marriage Act, of 2006’. As per the National Family Health Survey (2019-2021), 1/4th of the women aged 20-24 years were married before attaining the age of 18 years. After the pandemic, the number of child marriages increased significantly. So, the problem lies in the implementation. Hence the law alone cannot bring a change in society without proper implementation. Root causes should be addressed before bringing a law.	1	0	1	0	0	0	0	0	0	1	1.0
2888	We should end mandatory retirement	against	mandatory retirement allows for new people to saturate the workforce and the older generation to relax.  this is a good thing.	1	1	0	1	0	1	0	0	0	0	1.0
3354	We should abolish capital punishment	in favor of	Capital punishment is just another way to oppress and control minorities and certain groups which undermine the mainstreem perceptions	0	1	0	0	1	0	1	0	1	1	1.0
2590	We should abolish intellectual property rights	in favor of	intellectual property rights stifle growth and information by stopping the free-flowing of ideas.	1	0	0	0	0	0	1	0	0	1	1.0
4064	We should subsidize student loans	in favor of	student loans are so unreasonibly expensive we need to help students with them.	0	1	0	0	1	1	0	0	0	0	1.0
6763	Foster care brings more harm than good	in favor of	foster care is a broken system that most people can abuse the kids in the system	1	1	0	0	0	0	0	0	0	1	1.0
5233	There should be no immigration from non-European or non-first-world countries 	in favor of	I am happy to see that the ide of haling all immigration from non-European or non-first-world countries is still going strong. This message needs to be communicated to Brussels very clearly. 	0	0	0	0	1	0	1	0	0	1	1.0
1765	We should end the use of economic sanctions	in favor of	we could not support economic sanctions as it only hurts both countries financially in the long run.	0	0	0	0	1	1	0	0	0	1	1.0
248	We should ban factory farming	against	factory farming helps to produce meat at a lower cost thus enabling those on a lower income to be able to purchase meats.	0	1	0	0	1	1	0	0	0	0	1.0
4366	We should limit executive compensation	against	they are at the top and should be able to make as much as possible.	1	0	0	0	1	0	1	0	0	0	1.0
186	We should subsidize journalism	in favor of	Non-trustworthy news sources and fake news stories abound. We must subsidize investigative journalism in order to ensure we have reliable news sources that report real facts.	1	1	0	0	0	0	1	0	0	1	1.0
5370	The EU should integrate the armed forces of its member states	in favor of	I am in favor of a possible army, but I would like to see it combined with social services and reconstruction. So NGOs and development cooperation must be involved. An army that can fight must also be able to build. We therefore also need a civilian army in Europe. I would also like an army consisting of civilians in uniform, in the same way as the German army. Please also take into account the right to refuse orders due to conscientious objection, also as in the German army.	1	1	0	0	1	1	1	0	0	0	1.0
3768	We should abolish intellectual property rights	against	we shoudn't abolish intellectual property rights because a person should have the rights to change and make plans on something that they own without worrying about someone else stepping in.	1	0	0	0	0	0	1	0	0	1	1.0
6137	Blockade of the Gaza Strip should be ended	against	blockading a terror entity is the only solution other than combating it	1	0	0	0	0	1	0	0	0	1	1.0
6051	Blockade of the Gaza Strip should be ended	against	The blockade of the Gaza Strip should not be ended because Hamas has acted in bad faith in past negotiations and cannot be trusted.	0	1	0	0	1	1	0	0	0	0	1.0
4616	IT recruiters should consider skills instead of a degree in programming	against	Achieving excellence in anything takes time. Through graduation, students gain so much knowledge in the relevant field. So, it’s easier for employers to train these students for the industrial requirements.	1	0	0	0	0	0	0	0	0	0	1.0
3305	We should ban the use of child actors	against	if parents agree for their children to acting in movies, can't see any problem with it.	1	1	0	0	0	0	1	0	0	0	1.0
3580	We should abolish the Olympic Games	in favor of	olympic games often make unnecessary expenses that could be used for other causes	0	1	0	0	1	0	0	0	0	1	1.0
7311	We should protect our privacy in the Internet age.	against	The data provided by privacy can be used to analyze user preferences and needs, and can quickly learn about the shortcomings of the product, correspondingly update more business models, and help achieve business improvement. Help companies gain greater competitiveness.	1	0	0	0	0	0	0	0	0	1	1.0
5459	Homeschooling should be banned	in favor of	homeschooling should be banned because an important part of a child's education is social learning and one cannot grow socially without being around their peers.	0	0	0	0	1	1	0	0	0	0	1.0
982	We should introduce compulsory voting	in favor of	compulsory voting will lead to a far more representative system of parliament because everyone's vote will be taken into consideration.	0	0	0	0	1	1	0	0	0	1	1.0
4237	We should subsidize Wikipedia	in favor of	we should subsidize wikipedia as they have done a tremendous job pulling together a humongous database of facts.	1	1	0	0	0	0	1	0	0	1	1.0
2953	We should legalize cannabis	in favor of	people buy cannabis regardless of whether it is legal or not, so we might as well tax it to make extra money	0	0	1	0	1	0	0	0	0	0	1.0
7212	We should legalize non-violent drug use	in favor of	I fully agree that the recreational drugs that cause the least harm should be legalized. It is an illusion that the smuggling of such drugs can be controlled. Billions of euros have been spent trying to combat smuggling but have not reduced the supply of such drugs. Legalization of the least harmful drugs will allow the quality of the drugs to be controlled (hence reducing harm); reduce exposure to more harmful drugs (because dealers currently introduce users of soft drugs to harder drugs), and cut out a significant source of drug dealer revenues.	0	0	1	0	1	1	0	0	0	1	1.0
1584	We should subsidize student loans	in favor of	education is important to ensure the continued progress of humanity and to move humanity forwards; for this reason we should subsidise loans for students.	1	1	0	0	0	1	0	0	0	1	1.0
2219	We should ban the use of child actors	in favor of	Many child actors are put under a huge amount of pressure to perform well and can be denied most of their childhood by unscrupulous adults that only want to profit from their talents.	0	1	0	1	0	1	1	0	0	1	1.0
1860	We should ban algorithmic trading	in favor of	algorithmic trading gives too much control to machines. humans are better placed to understand the intricacies of the markets.	1	0	0	0	0	0	1	0	0	0	1.0
6556	Homeschooling should be banned	in favor of	homeschooled students do not learn necessary social skills	1	0	1	0	1	1	0	0	0	0	1.0
3559	We should ban missionary work	against	missionary work is important because it gives aid to third-world and poor people that might otherwise be ignored by society.	1	1	0	0	0	0	1	0	0	1	1.0
4662	NEET exam should be banned	against	NEET exam standardizes the entrance criterion for medical education across the country. As a high score is required to get into government medical colleges, the exam ensures meritocracy.	1	1	0	0	0	0	0	0	0	1	1.0
1236	We should adopt a zero-tolerance policy in schools	in favor of	we need to keep other kids safe in schools by enforcing a zero-tolerance policy in schools.   we can't have drugs or weapons in our schools and give those kids a pass.	0	1	1	0	1	1	0	0	0	1	1.0
5557	Entrapment should be legalized	in favor of	it is a simplified method of finding people who's criminal bahaviour may otherwise often fly under the radar for a very long time.	1	1	1	0	0	1	0	0	0	0	1.0
6680	Homeopathy brings more harm than good	against	Homeopathy expands the field of medicine, creating more research and discourse.	1	1	0	0	0	1	1	1	1	1	1.0
7063	We should introduce a European citizenship	in favor of	Why have several EU passports when they actually represent one and the same thing?	1	0	0	0	0	0	0	0	0	1	1.0
5011	We need an inclusive and pluralistic European society	in favor of	Complex problems are faced by deepening study, not by pretending they don't exist.	1	1	0	0	1	1	0	0	0	1	1.0
4234	We should abolish the right to keep and bear arms	in favor of	we are getting to the point where even children cannot go to school and be 100% safe - this has to be stopped.	1	0	0	0	0	1	0	0	0	0	1.0
4154	We should ban the use of child actors	in favor of	kids should be kids and not put to work. especially when some roles can cause emotional trauma and lasting effects when children's understanding of real and fake is often blurred.	1	0	0	1	0	1	0	0	0	1	1.0
3243	We should ban private military companies	against	private military companies are more efficient than government run	1	1	0	0	1	0	0	0	0	1	1.0
1691	We should adopt gender-neutral language	in favor of	adopting gender-neutral language would prevent children from believing they can't do certain things.  for example a girl should be able to have aspirations to be president if she so chose.	1	0	0	0	0	1	1	0	0	1	1.0
5262	The demographic decline should be stopped.	in favor of	The EU is in demographic decline. At the start of the 19th century, Europe accounted for 15% of the world's population. By 2050, it will be 5%. 	1	1	0	0	0	1	0	0	1	1	1.0
4717	Kids' reality shows should be banned	in favor of	Reality shows put enormous pressure on participants to perform well every time. Children cannot handle this stress, and this may cause mental health issues. Almost all reality shows involve the process of eliminating participants one by one at each level. Facing defeat in front of everyone is not that easy for children. This may put an emotional toll on children.	1	0	0	0	0	1	0	0	0	1	1.0
4738	Driverless cars should be allowed in India	in favor of	If driverless cars are allowed in India, they can be used for a variety of other purposes also such as delivery or pickup service, which will also save time and human resources.	1	1	0	0	0	1	0	0	0	0	1.0
1887	We should ban whaling	against	many economies are sustained thanks to whaling	1	0	0	0	1	1	0	0	0	0	1.0
5236	We need a better distribution of refugees.	against	If you want migrants, invite them into your home.	1	1	0	0	0	0	1	0	0	1	1.0
6853	Intelligence tests bring more harm than good	against	Intelligence tests give us the ability to pinpoint topics that students struggle with so that educators can learn where to focus their efforts.	1	0	0	0	0	0	0	0	0	0	1.0
6426	Foster care brings more harm than good	in favor of	foster care brings more harm than good. social workers are being worked too hard and there are too many children that need looking after. many aren't receiving the proper nutrition or psychological care	1	1	0	0	0	1	0	0	0	0	1.0
1967	We should ban cosmetic surgery for minors	in favor of	minors are not fully mentally or emotionally developed enough yet to  be able to process the ramifications of cosmetic surgery on their life.	1	0	1	0	0	1	0	0	0	0	1.0
7003	We should invest in sustainable alternative fuels for aviation	in favor of	Sustainable alternative fuels allow emission reductions of up to 80%.	1	0	0	0	0	0	0	0	0	1	1.0
3429	We should ban the use of child actors	in favor of	they are too young to handle the pressure	1	0	0	0	0	1	0	0	0	1	1.0
2266	We should abolish intellectual property rights	against	companies invest billions into research, if there are no rights it would dissuade companies from conducting research in the first place.	1	0	0	0	1	0	1	0	0	0	1.0
5357	There should be a new EU foreign policy.	in favor of	The stated proposal for a new EU foreign policy is very well thought through.	1	0	0	0	0	0	1	0	0	0	1.0
3480	We should ban the Church of Scientology	in favor of	the church uses slave labor and other intimidation tactics to get what they want	0	1	1	0	1	0	1	0	0	1	1.0
5783	Intelligence tests bring more harm than good	in favor of	intelligence test give some people a false sense of superiority and others a feeling of failure. the test does not tell  how successful a person will be and their ability to function in the real world.	1	1	0	0	0	1	0	0	0	1	1.0
5420	We should abandon television	in favor of	we should abandon television as most of the things that are aired are garbage and as we know, garbage in, garbage out.	1	1	1	0	0	1	1	0	0	0	1.0
7300	We should ban the trading of virtual currencies.	against	Virtual currency improves liquidity and improves the efficiency of economic and social commodity circulation.	1	0	0	0	1	0	0	0	0	0	1.0
7148	We should strengthen Frontex and control immigration.	in favor of	Frontex must be given powers and resources to shut down the migratory routes entirely.	1	0	0	0	1	1	0	0	0	0	1.0
1243	We should ban algorithmic trading	in favor of	"algorithmic trading gives an unfair advantage to those who have access to such technology and results in losses for the ""little guy""."	1	0	0	0	1	1	0	0	0	1	1.0
1494	We should ban telemarketing	against	under any circumstance, telemarketing is a source of employment for many people. banning it will result to tens of thousands losing their jobs.	1	0	0	0	0	1	1	0	0	0	1.0
3282	We should subsidize student loans	in favor of	graduates should not have to start their career with a massive debt to pay off	1	0	0	0	0	1	0	0	0	1	1.0
1610	We should abolish intellectual property rights	against	people deserve to have there inventions protected	1	0	0	0	1	0	1	0	0	1	1.0
4175	We should adopt a multi-party system	in favor of	a multi-party system would bring more choices for people to speak up and vote.	1	0	0	0	1	0	1	0	0	0	1.0
7275	We should abolish the 996 overtime system	in favor of	China's 996 overtime system is very inefficient in enhancing your ability to make money. If you rely on 996 to make money, you are essentially making money by working hard, selling your body.	1	0	0	0	1	1	0	0	0	0	1.0
2855	We should subsidize Wikipedia	in favor of	subsidization would improve the reach and dissemination of wikipedia's information, enabling translation into more marginal languages for example.	1	1	0	0	1	0	1	0	0	1	1.0
1326	We should abolish the three-strikes laws	in favor of	we should abolish the three-strikes laws and just stick to one law, because it may stop reoffending if it's that harsh	0	0	1	0	1	1	0	0	1	1	1.0
6518	Intelligence tests bring more harm than good	against	intelligence tests can be used in schools to give administrators guidelines on what certain students have to work on in order to graduate.	1	1	0	0	0	0	1	0	0	1	1.0
340	We should end mandatory retirement	against	a mandatory retirement age helps employers regularly refresh the workforce with fresh talent	1	0	0	0	1	0	1	1	0	0	1.0
5705	The use of public defenders should be mandatory	against	The use of public defenders should not be mandatory because it will discourage law students from going into criminal litigation, since the pay is much lower for public defenders than private.	1	0	0	0	0	1	0	0	0	0	1.0
1309	We should ban human cloning	against	human cloning allows for the study of genetic disorders, opening the door for huge leaps in medical science and disease cures.	1	0	0	0	0	1	1	0	0	1	1.0
817	We should limit executive compensation	in favor of	executive compensation could encourage money laundering and corruption	0	1	1	0	1	1	0	0	0	1	1.0
4158	We should end the use of economic sanctions	against	economic sanctions should remain as it gives us a leverage against countries who don't obey the rules like  iran and north korea.	0	0	1	0	1	1	0	0	0	0	1.0
3568	We should ban private military companies	against	a lot of private resources are needed for military campaigns, such as weapon manufacture. using a private military company is no different.	1	0	0	0	0	1	0	0	0	1	1.0
3419	We should ban missionary work	against	missionary work should never be banned as this is people doing the lord's work and bringing peace and happiness to the world.	0	0	0	1	0	0	0	0	1	1	1.0
7209	We should reform Europol towards a European FBI	in favor of	In order to be able to fight cross-border crime, Europol should have the same jurisdiction as the FBI in the US. It should focus on domestic EU cross-border crime fighting. It should have the autonomy to act without the intervention of local or national political influence.	1	0	0	0	1	1	1	0	0	0	1.0
5710	The vow of celibacy should be abandoned	in favor of	normal men and women need the ability to respond to their sexual needs.	0	1	0	1	0	1	0	0	0	0	1.0
2762	We should abandon the use of school uniform	against	school uniforms keep school from becoming a fashion show.	0	0	0	0	1	1	0	0	0	0	1.0
2781	We should adopt gender-neutral language	in favor of	the old days of labeling careers as a mailman, etc are sexist and outdated.  women can do anything men can, and adopting a gender neutral language would reinforce that concept.	1	0	0	0	0	0	0	0	0	1	1.0
6039	Homeopathy brings more harm than good	against	the placebo effect is a completely valid form of homeopathy and is used by millions	1	0	0	0	0	1	0	0	0	0	1.0
1359	We should limit executive compensation	against	limiting executive compensation would deter executives from doing their job correctly.	1	0	0	0	1	0	1	0	0	0	1.0
1920	We should legalize organ trade	in favor of	Organ sales can raise many people out of poverty, providing them with more opportunities.	1	0	0	0	1	1	0	0	0	0	1.0
1943	We should limit executive compensation	against	studies have shown that companies that do not limit executive compensation do better and out perform those that do limit. this is better for individual companies and the economy.	1	0	0	0	1	0	0	0	0	1	1.0
3183	We should ban factory farming	against	factory farming is an efficient way of providing affordable for for people. without it the price of meat will escalate and will be beyond the pocket of many people.	1	1	0	0	0	1	0	0	0	0	1.0
1565	We should ban human cloning	against	human cloning should not be banned because it may lead to the ability to generate human organs for transplant which would save many lives	1	0	0	0	0	1	1	0	0	1	1.0
2675	We should ban the use of child actors	against	child actors don't miss out on school as they often have a tutor on the set	1	1	1	0	0	0	0	0	0	0	1.0
1303	We should legalize prostitution	in favor of	Legalization of prostitution will save millions of dollars in state resources that are currently spent cracking completely harmless small time prostitutes.	0	0	0	1	1	1	1	0	0	1	1.0
202	We should ban whaling	against	whaling is an important part of the diet, tradition and economies of many countries, and it is not our place to dictate terms as outsiders to their culture.	0	0	1	0	1	1	1	0	1	1	1.0
4353	We should ban factory farming	against	Factory farming allows for food to be produced at a lower cost than would be possible using other methods.	1	0	0	0	1	1	0	0	0	0	1.0
3938	We should legalize prostitution	in favor of	it allows control of the industry including paying of taxes and checks for stis	0	0	0	0	1	1	1	0	0	1	1.0
6640	The use of public defenders should be mandatory	in favor of	Having separate public and private defenders contributes to economic inequality by making it so  poor people have to pay more long term cost (a convicted felon never getting hired again vs. paying a lawyer one time).	1	0	0	0	0	1	0	0	0	1	1.0
3932	We should end mandatory retirement	against	Older people should be forced to retire at a certain age because the world is steadily changed and their knowledge becomes outdated	1	0	0	0	0	0	0	0	0	0	1.0
1114	We should stop the development of autonomous cars	in favor of	autonomous cars are a danger to everyone on the roads they can not react the way a human driver can.	1	1	0	0	0	1	0	0	1	1	1.0
4588	We should strengthen laws to fight against terrorism	in favor of	Till now, only organizations were designated as terrorist organizations, but not individuals. The loophole in this is the individuals of the banned organizations are forming new organizations and carrying out terror activities. This amendment bill for the Unlawful Activities (Prevention) Act allows the government to designate individuals as terrorists, thereby terror attacks can be prevented.	1	0	0	0	1	1	0	0	0	0	1.0
7066	We should teach Esperanto, a common and neutral language, at all European schools	against	I can't endorse this. Esperanto isn't neutral. It favors Spanish speakers. Meanwhile, Slavic speakers are at a disadvantage. So why not one of the Slavic artificial languages?	0	0	0	0	1	0	0	0	1	1	1.0
1248	We should end the use of economic sanctions	against	we should not end the use of economic sanctions because they help the nations with exports and imports of goods	0	1	0	0	1	1	0	0	0	0	1.0
4496	We should ban private military companies	against	we should not ban private military companies as the national military is not able to perform smaller operations and should not be taken away from their national duties and responsibilities.	1	1	0	0	1	1	0	0	0	0	1.0
4695	India should have 'One Nation - One Election' policy 	in favor of	Less disruption to public life, less road traffic, and less loss to our economy. As all the government staff can be used at a single time, we can also increase vigilance, and factors like black money, booth capturing, etc. can be reduced.	1	0	1	0	1	1	1	0	0	0	1.0
6393	Blockade of the Gaza Strip should be ended	in favor of	the blockade of the gaza strip is not ending the dissention between the countries	1	0	0	0	0	1	0	0	0	1	1.0
5235	Europe should establish a common Army across Europe	in favor of	An EU army independent from NATO and its US commanders is critical to strategic autonomy and avoiding being dragged into destructive US wars in the Middle East like in the past. 	1	1	0	0	1	1	1	0	0	1	1.0
6257	The use of public defenders should be mandatory	against	public defenders don't do as good of a job as a hired lawyer does	1	1	0	0	0	0	0	0	0	1	1.0
5860	We should subsidize vocational education	in favor of	We should subsidize vocational education because it is often inaccessible to low income students.	1	0	0	0	0	0	0	0	0	1	1.0
244	We should abolish safe spaces	in favor of	people need to grow up and realise the world is a hard place	1	1	0	0	0	0	0	0	0	0	1.0
6551	Homeschooling should be banned	in favor of	homeschooling keeps children from learning to work in a group	1	1	0	0	0	1	0	0	0	1	1.0
4226	We should adopt libertarianism	against	states needs laws and governing bodies, otherwise there could be anarchy. we should therefore not adopt libertarianism.	0	0	0	0	1	1	0	0	0	1	1.0
1061	We should ban algorithmic trading	against	trading using an algorithm is more accurate, quicker, and easier.	1	1	0	0	1	1	1	0	0	1	1.0
5321	Every young European should be asked to go live in another country for 1 year at least	against	If young Europeans are living abroad they will feel racism on their own in the country they are living in. 	1	1	0	0	0	1	0	1	0	1	1.0
7085	We should preserve European culture	in favor of	We should embrace and protect our culture which stands at the basis of our successful society.  We also should watch out for some Europhiles in Brussels who think our culture should be replaced by multi-culturalism because it fits the EU plans better.	1	0	0	0	0	0	0	0	1	0	1.0
586	We should abolish intellectual property rights	against	if an individual has created any property it is his to determine it's use	1	0	1	0	1	0	1	0	0	1	1.0
4106	We should adopt an austerity regime	against	austerity regimes are too restrictive, too many cuts and would not benefit the citizens of the united states.	1	1	0	0	1	1	0	0	0	1	1.0
1300	We should legalize organ trade	in favor of	Organs, as part of our bodies, are our property and should not be regulated by the government; we should be free to sell them on an open market.	0	0	0	0	1	0	1	0	1	0	1.0
808	We should abolish the Olympic Games	against	promotes peace and sportsmanship amongst countries	1	0	0	0	1	1	0	1	0	1	1.0
647	We should ban missionary work	against	missionary work allows people in developing countries access to new ways of thinking and possibilities for how they live their life.	1	1	0	0	0	0	0	0	0	0	1.0
3917	We should end the use of economic sanctions	against	economic sanctions are the only way to force other countries to give up certain damaging actions by affecting a larger crowd that simply the government people.	0	0	0	0	1	1	0	0	0	1	1.0
6913	We should promote Zero Budget Natural Farming all over India	against	In the 1960s, the Green revolution increased food grain production with the aim of achieving food security and preventing famines. At present India’s population is increasing. So we need an abundant food supply. This may not be possible if we completely switch to natural farming.	1	1	0	0	0	1	0	0	0	1	1.0
3074	We should abolish capital punishment	in favor of	capital punishment is useless. imprisonment is actually way better since criminal court could incarcerate innocent people	1	1	1	0	0	0	0	0	0	0	1.0
345	We should ban human cloning	against	human cloning gives the chance for individuals to have a child that might not otherwise be able to	1	1	0	1	0	0	1	1	0	1	1.0
5355	The EU should decide its role in a multipolar world	in favor of	The European Union is doing amazingly well in relation to the enormous bad publicity it is receiving from all sides. And as if that were not enough in itself, very large countries from around the world are doing constantly dividing work between member states. As all successes start in your head, perhaps some attention should be allocated to the media. The EU has a clear chance to become one of the major poles of this multipolar world order.	0	0	0	0	1	0	0	0	0	0	1.0
4087	We should abolish intellectual property rights	against	intellectual property rights should be protected, as intellectual property is the same as physical property.	1	0	1	0	1	0	1	0	1	1	1.0
1464	We should end mandatory retirement	in favor of	we should end mandatory retirement because a person should be able to work for as long as they wish as long as they do not pose as a safety threat to those around them.	1	0	0	0	0	0	1	0	0	0	1.0
3113	We should adopt a zero-tolerance policy in schools	in favor of	zero tolerance policies remove troublemakers from schools before they become an even larger problem, which improves the learning environment for other students.	1	1	1	0	0	1	0	0	0	1	1.0
1800	We should cancel pride parades	against	the lgbt world has suffered and fought greatly for equal rights, they deserve to have a parade or march in honor of such.	1	0	0	0	0	1	0	0	0	1	1.0
1124	We should prohibit school prayer	in favor of	kids should be in school to learn. no one should force religion on them.	1	0	0	0	0	0	1	0	0	1	1.0
4344	We should subsidize student loans	in favor of	due to the obligations of the students it is sometimes difficult to get a job, we must help them pay their loans so that they do not leave school	1	0	0	0	0	1	0	0	0	0	1.0
6681	Intelligence tests bring more harm than good	in favor of	intelligence tests bring more harm than good because it gives some people low self-esteem when they don't do good on them	1	0	0	0	0	0	0	0	0	1	1.0
3464	We should introduce compulsory voting	in favor of	compulsory voting makes the population more involved in the election process, and would give results that more accurately reflected the will of the electors.	1	1	0	0	0	1	1	0	0	0	1.0
4435	We should abolish capital punishment	in favor of	Capital punishment has no deterrent effect on crime,	1	0	0	0	0	1	0	0	0	1	1.0
1798	We should end mandatory retirement	in favor of	this measure allows to move pieces in the companies and refresh the work schemes and to adapt to the new times	1	0	0	0	0	0	1	0	0	0	1.0
1571	We should legalize cannabis	in favor of	cannabis is not as harmful to humans as tobacco or alcohol and can have many health benefits	0	0	0	1	0	1	0	0	0	1	1.0
3951	We should abolish the Olympic Games	in favor of	the olympic games are a big business where the only winners are the big capitalists	0	0	0	0	1	0	0	0	0	1	1.0
5166	All workers and unemployed should have access to social protection, including young people	in favor of	We see this problem in many countries and the situation is getting worse - the pandemic, also, took its toll. Stable quality jobs and adequate social protection are necessary if we don't want to see a great strain on social systems in the long term. 	1	1	0	0	0	1	0	0	0	1	1.0
2535	We should fight for the abolition of nuclear weapons	against	the threat of nuclear weapons can keep some of the more radical governments in check.	0	1	1	0	1	1	0	0	0	1	1.0
5344	 The EU should play a major role in a multipolar world	against	There is enough environmental task to handle and Europe have had its wars. But to streamline our powers and therefore try to save huge amounts of money is a no-brainer.	1	1	1	0	1	1	0	0	0	1	1.0
907	We should ban telemarketing	against	we live in a capitalist country and telemarketing  is how many businesses grow and develop.	1	0	0	0	1	1	0	0	1	0	1.0
392	We should ban factory farming	against	factory farming reduces the cost of food	0	0	0	0	1	1	0	0	0	0	1.0
4831	Equal pay for equal work should apply as a principle in the country in which you work, regardless of where you come from	in favor of	This will add to the transparency and fair competition.  Insincere employers shouldn't have an advantage, and in essence, it would be beneficial for all EU members, not just the workers.	0	1	0	0	1	0	0	0	0	1	1.0
6785	Homeschooling should be banned	in favor of	homeschooling makes it difficult for children to socially intereact with their peers.	1	1	0	0	0	1	0	0	0	0	1.0
4404	We should ban factory farming	against	we want cheap food that is readily available at a reasonable price. these methods are cost cutters.	1	0	0	0	0	1	0	0	0	0	1.0
5979	The use of public defenders should be mandatory	against	public defenders are not as good as private lawyers	1	0	0	0	0	0	0	0	0	1	1.0
925	We should ban missionary work	against	it helps small third world countries become more modernized.	1	1	0	0	1	1	0	1	0	1	1.0
5777	We should abandon television	against	television is still a vital line of communication of information for many people and needs to be maintained	1	1	0	1	1	1	1	0	0	1	1.0
142	We should subsidize space exploration	against	there are much more important things to spend money on; space exploration is a low priority and should not be subsidized	0	1	0	0	1	1	0	0	0	1	1.0
6204	Foster care brings more harm than good	in favor of	the foster care system doesn't provide a kid with a stable family life, as kids can be transferred from family to family, sometimes without a care of the well-being of the child.	1	1	0	0	0	1	0	0	0	0	1.0
120	We should abolish the three-strikes laws	against	we need the three strikes as a deterrent	0	0	1	0	1	1	0	0	0	0	1.0
4822	A coordination hub should be set up with representatives of institutions that can act to facilitate the integration of refugees	in favor of	Such a hub could also have a bridging role between local necessities and opportunities at the EU level, such as project funding. 	1	0	0	0	0	1	0	0	0	1	1.0
2317	We should abolish zoos	against	we should not abolish zoos because it makes it so people can see animals that they may not otherwise be able to see due to their location.	0	0	0	1	0	0	0	1	0	0	1.0
2430	We should ban algorithmic trading	against	Algorithmic trading makes it easier to stay ahead in the market and not get blindsided by a sudden crash.	1	0	0	0	0	0	0	0	0	0	1.0
1026	We should adopt an austerity regime	against	austerity regimes tend to increase unemployment, as government reduction of spending of leads to retrenchment of worker	1	1	0	0	1	1	0	0	0	0	1.0
3706	We should adopt an austerity regime	against	an austerity regime will cause taxpayers to have to pay more taxes	0	0	0	0	1	1	0	0	0	0	1.0
1101	We should end the use of economic sanctions	in favor of	economic sanctions don't work because countries can get around them therefore we should end their use as a negotiation tactic	1	0	0	0	0	1	1	0	0	1	1.0
174	We should ban the Church of Scientology	in favor of	the church of scientology is a predatory, litigation-happy organization that serves no good purpose in the world.	1	1	0	0	0	1	0	0	0	0	1.0
274	We should abolish intellectual property rights	against	a person uses his imagination and hard work to write as book or music.  they should be able to benefit from their work.  it should not be in the public domain.	1	0	0	0	1	0	1	0	0	1	1.0
6069	Homeschooling should be banned	against	some children can not succeed in a group setting such as an autistic child.  by working at home without distractions school subjects can better be learned	1	1	0	0	0	0	0	1	0	1	1.0
3375	We should end the use of economic sanctions	against	there are usually totally just reasons for imposing sanctions.  those reasons could be political or even sometimes military based, but are usually done for the greater good of all.	0	0	0	0	1	0	0	0	0	1	1.0
3454	We should adopt an austerity regime	in favor of	the government is putting us more and more into debt with wasteful spending and no real boundaries to it.	0	1	0	0	1	1	0	0	0	0	1.0
1289	We should ban the use of child actors	against	it is right and proper that talented children are able to earn money from acting	0	0	0	0	1	0	1	0	0	0	1.0
757	We should ban telemarketing	in favor of	telemarketing should be banned because it is disruptive to the course of the day for many people.	0	0	1	1	0	0	1	0	0	0	1.0
5930	We should subsidize vocational education	in favor of	we need to provide people with the training they need to get jobs	1	1	0	0	1	1	0	0	0	1	1.0
2825	We should adopt an austerity regime	in favor of	our debt has become so outrageous that an austerity program might be the only way out.	1	1	0	0	0	1	0	0	0	1	1.0
1855	We should subsidize embryonic stem cell research	in favor of	if we subsidize embryonic stem cell research, we can likely find cures for many conditions and diseases.	1	0	0	0	0	1	1	0	0	0	1.0
7039	We should use waste from the agri-food industry in the ruminant feed chain	in favor of	What is edible, should be given to humans. What humans cannot eat, should be available for animals. What both cannot use, should go to biogas plants. The solid waste from biogas plants can be transformed into excellent compost. Runoff from biogas plants can be treated & provide H2. And the heat from biogas plants can provide heating or other forms of energy.	1	1	0	0	0	0	0	0	0	1	1.0
2517	We should stop the development of autonomous cars	in favor of	these cars are too unpredictable and unsafe	0	1	0	0	1	1	0	0	0	1	1.0
1245	We should abolish the three-strikes laws	against	The three-strikes law is a deterrent against crime.	0	0	1	0	1	1	0	0	0	1	1.0
2014	We should subsidize student loans	against	we should not subsidize student loans because people need to work hard to get their education	1	1	0	0	0	0	1	0	0	0	1.0
6072	Intelligence tests bring more harm than good	in favor of	intelligence tests seek to rank people based on an arbitrary test.  it hurts the self esteem of people that probably have proficiency in a different type of intelligence that the test tests.	1	0	0	0	0	0	1	0	0	1	1.0
1914	We should adopt atheism	in favor of	atheism could be of great benefit because it would foster more scientific ideas which could prevent our demise from global warming and other looming challenges	1	0	0	0	0	0	1	0	0	1	1.0
5862	We should subsidize vocational education	against	We should subsidize not vocational education because it is unfair to make taxpayers subsidize some people's education.	0	0	0	0	1	1	1	0	0	1	1.0
5928	Blockade of the Gaza Strip should be ended	against	until there is peace people on both sides require protection	0	0	1	0	1	1	0	0	0	1	1.0
5272	The EU must take the lead for the Middle East.	in favor of	I would like to strongly support the need for Europe to gain back an active role in the diplomatic efforts to try to stabilize the Middle East and in particular to find a just and fair solution to the Israel - Palestine conflict. I remember that the European Union - with the Venice Declaration of June 1980 - played a key role in pushing the Palestinians to the table of negotiations. That text was much criticized at that time, but with the benefit of insights, it was right! Europe has become more and more marginal in the peace process and this has contributed to a much-aggravated situation where problems are even more difficult to resolve than 40 years ago and create room for despair and violence. 	0	0	0	0	1	0	0	0	0	1	1.0
2095	We should ban the use of child actors	against	without child actors there will be no characters for actual children to relate to	1	1	0	0	1	0	1	1	0	0	1.0
4706	India should accept Rohingya refugees	in favor of	Rohingyas have their own set of ethnicity and culture. By accepting them, we will just be adding more culture to the already-vast culture of India.	0	0	0	0	1	1	0	0	0	1	1.0
2445	We should limit judicial activism	against	sometimes politics becomes so corrupt and untenable, that the only way to make change in the country is through judicial activism.	0	0	0	0	1	0	1	0	0	1	1.0
1451	We should introduce compulsory voting	in favor of	looking at the current state of politics around the world it is evident that democracy only exists through vigilance. compulsory voting would help to keep democracy alive when under threat.	1	0	1	0	1	1	0	0	0	0	1.0
4269	We should limit executive compensation	against	executive compensation is one of the mechanisms of governments to cover salaries and benefits	1	0	0	0	1	1	0	0	0	0	1.0
5297	We need an inclusive language for all citizens of the world: the Esperanto.	against	If there are language problems, we need to work on national integration systems, e.g. in France where English is being thought in French. language.	1	0	0	0	0	1	0	0	0	1	1.0
3086	We should abolish the Olympic Games	in favor of	olympic games cost a lot of money for the host city to organise and the money could be spent better elsewhere	0	1	0	0	1	1	0	0	0	1	1.0
6170	Intelligence tests bring more harm than good	against	Intelligence tests allow employers to select and sort job candidates into roles that are best suited for their ability.	1	0	0	0	0	0	0	0	0	0	1.0
3943	We should legalize cannabis	against	more industrial accidents, more injuries, and truancy rates as a result of  marijuana use will hurt businesses by causing loss of productivity	1	1	0	0	1	1	0	0	0	0	1.0
5538	Social media brings more harm than good	in favor of	social media has made it more difficult than ever for people to interact face to face.	1	0	0	1	0	1	0	1	1	0	1.0
2496	We should end mandatory retirement	in favor of	older employees have a wealth of knowledge and experience and forcing them to retire could put a company's productivity at risk.	1	1	1	0	1	1	0	0	0	1	1.0
609	We should subsidize journalism	in favor of	we should  fund journalism to serve the public interest.	0	0	0	1	0	1	0	0	0	0	1.0
1264	We should ban whaling	against	whaling provides jobs for many people	1	1	0	0	1	1	0	0	0	0	1.0
3270	We should limit judicial activism	in favor of	sometimes the laws of the lands contradict a justified action.	0	0	1	0	1	0	0	0	0	1	1.0
5329	 Foreign Policy at the EU level should be based on absolute majority, not unanimity	in favor of	The unanimous vote is the cause of European stagnation. Foreign and security policy requires speed. Unanimity should be replaced with a qualified majority.	1	0	0	0	1	0	1	0	0	1	1.0
4985	We don't need immigration from non-European or non-first-world countries. 	in favor of	Our Europe continent is in debt and doesn't have the resources to care for people who have never paid taxes and continue to disregard our laws! We have enough poor people in Europe already and we need to take care of them!	0	1	1	0	1	1	0	0	0	1	1.0
2832	We should ban human cloning	against	This could provide organs for transplant patients in dire need as well as many other medical advancements.	1	0	0	0	0	1	1	0	0	0	1.0
6195	We should subsidize vocational education	against	vocational education as an option in schools discourages students from pursuing higher education degrees form universities	1	0	0	0	0	0	1	0	0	0	1.0
5632	Entrapment should be legalized	against	Entrapment should not be legalized because the criminal justice system does not have a problem getting convictions, but rather there are too many convictions.	1	1	0	0	0	1	0	0	0	1	1.0
6583	Entrapment should be legalized	in favor of	entrapment can be a useful tool in proving that someone is guilty of a crime when traditional methods have failed.	1	0	0	0	0	1	0	0	0	0	1.0
5107	Public transport in EU cities should be free	in favor of	I think the EU should subsidies troubled cash-strapped cities to reduce ticket prices or completely remove any charges so that people are vivisected to hop on the bus rather than in the car. As I student, I would have been in the city center a lot more and spent money around the shops if I could afford the bus fair in the first place. 	0	0	0	0	1	1	1	1	0	0	1.0
5734	Homeschooling should be banned	against	homeschooling helps those who do not thrive in a school environment	1	1	0	0	0	0	1	0	0	1	1.0
1818	We should adopt a multi-party system	against	multi-party systems encourage the formation of weak and unstable coalitions that achieve little beyond their own day to day survival	1	0	0	0	0	1	0	0	0	0	1.0
4376	We should abolish the right to keep and bear arms	against	it is the right of the people to defend themselves, even with the use of deadly force.	0	0	0	0	1	1	1	0	1	0	1.0
742	We should fight for the abolition of nuclear weapons	against	we must not abolish nuclear weapons because they can be used in situations of extreme need like defending a country	0	0	0	0	1	1	0	0	0	1	1.0
1227	We should abolish capital punishment	in favor of	killing people is wrong, no matter what crime they committed	1	1	0	0	0	0	0	0	0	1	1.0
1228	We should subsidize journalism	in favor of	subsidizing journalism allows the news outlets to be of a higher quality and keep people more informed about the world around them	1	1	0	0	0	0	1	0	0	1	1.0
4089	We should limit executive compensation	against	Limiting executive compensation would deincentivise the most talented in the financial sector who would then go to work in other countries	1	0	0	0	0	0	0	0	0	0	1.0
5872	The vow of celibacy should be abandoned	in favor of	I think it's unhealthy for a couple to not have sex until marriage.   It can create tension and cause some people to cheat and have sex with another person.	0	1	0	1	0	1	1	1	0	1	1.0
2440	We should ban factory farming	against	factory farming provides a faster mass production of food and gives us a way to feed more people than we would if we banned it. there will be less hunger in the world so we shouldn't ban it.	1	0	0	0	1	1	0	0	0	0	1.0
886	We should legalize organ trade	against	people would sell organs because to them money is more important than health, putting them at risk.	0	1	0	0	1	0	1	0	0	0	1.0
2406	We should abolish the Olympic Games	in favor of	the olympic games have become prohibitively expensive to host. it is not worth spending billions for an event that is two weeks long.	0	0	0	0	1	1	0	0	0	0	1.0
5657	Payday loans should be banned	in favor of	cash advances give certain employees an unfair advantage, and it doesnt hold them accountable.	1	1	0	0	1	1	0	0	0	1	1.0
7111	We should impose an IQ test to immigrants	against	This is a huge discrimination.  Everyone should have the chance to develop to a personal level. Or should we all do an IQ-test to stay in our country? Because it could avoid dangerous things like rasicm. 	1	0	0	0	0	0	0	0	0	1	1.0
1480	We should subsidize embryonic stem cell research	in favor of	we should subsidize embryonic stem cell research because we can learn so much from it.	1	1	0	0	0	1	1	0	0	1	1.0
6658	Assisted suicide should be a criminal offence	against	assisted suicide is sometimes the only solution for some people, we should not take it off.	1	0	0	0	0	0	1	0	0	0	1.0
6465	Social media brings more harm than good	in favor of	you dont know whats real or fake on social media	1	1	1	0	0	1	0	0	0	1	1.0
6727	Foster care brings more harm than good	against	The foster care process might be challenging, but creating smiles and offering a stable home for children in need certainly, outweigh all concerns	0	1	0	1	0	1	0	0	0	1	1.0
3947	We should adopt an austerity regime	in favor of	an austerity regime would make for a more powerful and united country	1	0	0	0	1	1	0	0	0	0	1.0
2540	We should abolish intellectual property rights	in favor of	we should abolish intellectual property rights because it create more laws from the copyrights and keeping it protected	1	0	0	0	0	0	1	0	0	0	1.0
2887	We should limit judicial activism	against	judges are going to use their beliefs to interpret laws and we shouldn't limit that once they are elected, we should understand their views before electing them.	0	0	1	0	1	1	0	0	0	1	1.0
476	We should adopt gender-neutral language	against	gender-neutral language will cause confusion if we don't know who is being referred to	1	0	0	0	0	1	0	0	1	1	1.0
6213	Social media brings more harm than good	against	social media connects and assists people in an emergency situation.	1	1	0	0	0	1	0	0	0	0	1.0
5225	There should be a federal Constitution for a European Federation	in favor of	People are willing to volunteer change in relation to involuntary inflicted changes, such as technology, economy, and climate. With this in mind, I hope a European Constitution will be long-lasting and help the people. We have to react to the circumstances and start fast.  	1	1	0	0	0	1	0	0	0	1	1.0
2008	We should ban algorithmic trading	against	algorithmic trading allows for quicker and more effective trading than can be conducted by a human investor.	1	0	0	0	1	0	0	0	0	1	1.0
4668	Companies should fight moonlighting	against	As per a study published by the Academy of Management Journal in 2021, moonlighting can provide a sense of control and motivation, which can improve the productivity of employees.	1	0	0	0	1	0	1	0	0	0	1.0
5813	Homeschooling should be banned	against	we have already proven that home-schooled kids attend more extra-curricular activities than public-school kids	1	0	0	0	0	0	0	1	0	0	1.0
5869	Blockade of the Gaza Strip should be ended	against	we must continue to apply pressure to achieve the objectives that will be the best for both peoples	0	0	1	0	1	1	0	0	0	1	1.0
7230	We should not have any immigration from non-European or non-first-world countries 	against	Halting all immigration to EU from non-European or non-first-world countries will lead to an even more competitive advantage for the USA and other countries as our population is shrinking rapidly.  	1	0	0	0	0	1	0	0	0	1	1.0
2319	We should abolish the Olympic Games	against	the olympic games should not be abolished as they bring the world together to see outstanding sport and encouges young people to take up sport andd strive for success	1	0	0	1	0	1	0	1	0	0	1.0
3352	We should abolish the three-strikes laws	against	three-strikes laws can act as a deterrent for serial criminal behavior.	0	1	1	0	1	1	0	0	0	0	1.0
5555	We should abandon television	in favor of	we need to abandon tv as it is outdated and there are other venues that provide better entertainment	0	0	0	1	0	0	1	1	0	0	1.0
606	We should adopt a multi-party system	in favor of	tywo party systems no longer reflect the growing diversity of political views, only a multi party system can do this.	1	0	0	0	1	1	1	0	0	1	1.0
926	We should subsidize embryonic stem cell research	in favor of	without further research we won't know what amazing potential we have with embryonic stem cells	1	1	0	0	0	1	1	0	0	1	1.0
4620	IT recruiters should consider skills instead of a degree in programming	in favor of	Now, we have so many online course platforms through which we can learn almost any skill from experts. We can also get certificates if we pass the tests. So, as Tim Cook said a 4-year degree seems old and traditional. 	1	0	0	0	0	0	1	0	0	1	1.0
2701	We should adopt a multi-party system	in favor of	more political parties give people more of a choice to support what they believe in.	0	0	0	0	1	0	1	0	0	1	1.0
5676	Homeschooling should be banned	against	homeschooling should be allowed because parents are the first teachers children have and have everything at their disposal to teach their children effectively	1	1	0	0	1	0	1	0	0	0	1.0
5318	There should be a reform of EU trade and investment policy and a relaunch of global multilateralism	in favor of	The EU should be able to contribute to a relaunch of global multilateralism, through a profound reform based on democracy and peace, solidarity, and respect for human, social, and environmental rights.	1	0	1	0	0	0	0	0	0	1	1.0
6925	Consumerism brings more harm than good	against	The middle class benefited tremendously from consumerism. Increased job opportunities, wages, and cheaper goods helped raise their living standards tremendously. The new world order gave them hope that even they could have luxuries like the elite. Through business, they could climb up the social ladder.	1	0	0	0	0	1	0	1	0	0	1.0
887	We should ban cosmetic surgery for minors	against	a person should be allowed to choose what happens to their bodies	0	0	0	1	0	0	1	0	0	0	1.0
3927	We should stop the development of autonomous cars	against	why stop the development? sure delay releasing them to the public until the development is at a stage of safety that surpasses human driving but, there is nothing to be gained from stopping development	1	0	0	0	0	0	0	0	0	1	1.0
6972	MBAs do not make good business leaders	against	The curriculum and the educational procedure in any MBA institutes lack hands-on practice over live projects in order to train them and give them a chance to work on their leadership skills. Instead of focussing on the technical aspects of business marketing, development of leadership along with interpersonal skills is extremely important.	1	0	0	0	0	0	0	0	0	0	1.0
2365	We should stop the development of autonomous cars	against	autonomous cars can help those without the capability of driving be able to have consistent transportation when they don't otherwise.	1	0	0	0	0	1	0	0	0	0	1.0
1174	We should prohibit school prayer	in favor of	School prayers should be prohibited as it indoctrinates people into a particular faith and excludes pupils of other faiths.	1	0	0	0	0	0	1	0	0	1	1.0
6679	Blockade of the Gaza Strip should be ended	in favor of	because of the gaza strip families living in poverty has continuously grown over the years, it should be ended so the country can progress	0	0	0	0	1	1	0	0	0	1	1.0
5885	Homeopathy brings more harm than good	in favor of	homeopathy allows too many unqualified people to use anything they want to try and help people and it can result in people being taken advantage of	1	1	1	0	1	1	0	0	0	0	1.0
1186	We should abolish the Olympic Games	against	the olympic games allow for a show of strength among a country's athletes in a sportsman like manner, allowing for global participation and unification.	0	0	0	0	1	1	0	0	1	1	1.0
6851	Intelligence tests bring more harm than good	in favor of	intelligence tests have been proven to have no predictive value in a person's ability to excel in education or the workforce.	1	1	0	0	0	0	0	0	0	1	1.0
589	We should legalize prostitution	in favor of	legalising prostitution can only be beneficial to the sex workers and their clients from a safety and health point of view.	0	0	0	1	1	1	0	0	0	1	1.0
3433	We should subsidize Wikipedia	in favor of	wikipedia has the potential to be the greatest source of freely accessible information, a subsidy could help to reach this goal whereas currently the funding is becoming a bigger threat to its existence	1	1	0	0	1	0	0	0	0	0	1.0
7090	We should return to the free market capitalist ideals in Europe and stop the advance of socialism and leftist ideology	against	Capitalism and the free market indeed created western wealth. However, the interesting question then is: who benefited from this wealth? Without some sort of regulation and control from the State, companies will continue what they do best, increase profit without any concern for environmental and social matters. 	0	0	1	0	1	1	0	0	0	1	1.0
1478	We should abolish intellectual property rights	against	people working hard to invite something and should be awarded for it.	1	1	0	0	1	0	1	0	0	1	1.0
628	We should abolish intellectual property rights	in favor of	we should abolish intellectual property rights because we never can truly know that someone came up with something.	1	0	0	0	0	0	0	0	0	1	1.0
920	We should oppose collectivism	in favor of	collectivism takes the focus off the individual as well as the ways in which each of us is unique. supporting collectivism means wanting the individual to remain subordinate to society.	0	0	0	0	1	0	1	0	0	1	1.0
2268	We should adopt a multi-party system	against	a multi-party system makes it much more difficult to collaborate on ideas.	1	1	0	0	0	1	0	0	1	0	1.0
748	We should legalize cannabis	in favor of	some states have already done it so we might as well.	0	0	1	1	0	0	0	1	0	1	1.0
5013	The EU should focus more on ensuring the success of the internal market, and on improving its competitiveness	in favor of	The more dynamic the economy, the stronger the innovation and worldwide influence the EU will have, including soft power.	0	0	0	0	1	0	1	0	0	0	1.0
3296	We should subsidize Wikipedia	in favor of	wikipedia plays a vital role in sharing information on the internet, and should be subsidized to continue functioning	1	0	0	0	0	1	1	0	0	1	1.0
4635	Artificial intelligence brings more harm than good	in favor of	We have started losing our basic human habits and instincts, and are actually governed by devices and apps.	1	0	1	0	1	0	0	0	0	0	1.0
4124	We should abolish zoos	against	Zoos offer an easy and  cheap way for people to see and learn about animals from all over the world.	1	0	0	0	0	1	1	0	0	1	1.0
4167	We should abolish the Olympic Games	in favor of	the olympics are unfairly biased in favor of those from industrialized nations who have the time and money to train full time	1	0	0	0	0	0	0	0	0	1	1.0
993	We should end the use of economic sanctions	against	economic sanctions are very effective in dealing with countries who have many human rights abuses on their record.	1	0	1	0	0	1	0	0	0	1	1.0
6917	Referendums are good for the society	in favor of	Referendums can educate citizens politically.	1	0	0	0	1	0	0	0	0	1	1.0
2439	We should adopt an austerity regime	in favor of	an austerity regime can help lower debt throughout the country	0	0	1	0	1	1	0	0	0	0	1.0
5791	We should abandon television	against	television provides entertainment for all ages and can be very enjoyable.	0	0	0	1	0	1	1	1	0	0	1.0
2038	We should adopt gender-neutral language	against	our society needs to be able to label and identify a person as a male or female for many reasons such as taxes, employment, health care, etc, so we should not adopt a gender neutral language.	1	0	1	0	0	0	0	0	1	0	1.0
3422	We should ban fast food	against	fast food restaurants sell all types of food including soups and salads.  people should be able to choose what they want to eat without government interference.	0	0	0	1	0	1	1	0	0	0	1.0
6502	Blockade of the Gaza Strip should be ended	in favor of	The blockade fuels international disagreement with Israel which undermines its diplomatic position.	0	0	0	0	1	1	0	0	0	1	1.0
4284	We should abolish the three-strikes laws	in favor of	the three strikes law make it hard for those criminals who are trying to reform.	1	1	1	0	0	0	0	0	0	1	1.0
75	We should ban whaling	against	There is little difference between the whaling industry  and our farming industries; humans are entitled to hunt animals to eat them and utilize them to our benefit.	1	0	0	0	0	0	1	0	0	0	1.0
6533	Homeopathy brings more harm than good	in favor of	someone with a serious life-threatening disease might put all their trust in homeopathy rather than using more proven medicine.	1	1	0	0	0	1	1	0	0	0	1.0
3288	We should adopt a multi-party system	in favor of	a multi party system would bring many new & fresh ideas into the forefront	0	0	0	0	1	0	1	0	0	1	1.0
2575	We should ban the Church of Scientology	in favor of	it is basically a cult that steals money from naive people.	0	0	1	0	1	1	0	0	0	1	1.0
1008	We should adopt a multi-party system	against	multiple parties make choosing a leader harder	1	1	0	0	0	1	0	0	1	0	1.0
5723	Intelligence tests bring more harm than good	against	intelligence tests are a way to get a good idea of how smart someone is, even if the results aren't necessarily 100% accurate they give a good base to judge people on.	1	0	1	0	1	1	0	0	1	1	1.0
2965	We should ban private military companies	in favor of	the defense of a country can only be trusted with the government, and should not be motivated by money and greed.	1	0	0	0	1	1	0	0	0	1	1.0
6782	Entrapment should be legalized	in favor of	entrapment  is a useful tool to law enforcement	1	0	0	0	0	1	0	0	0	1	1.0
2072	We should introduce compulsory voting	in favor of	voter turnout these days are dropping steadily so we need to make everyone vote to show the true representation of the people	0	1	1	0	1	0	0	0	0	1	1.0
556	We should end the use of economic sanctions	against	economic sanctions can help force countries to provide better treatment for the common people of that country.	0	1	0	0	1	1	0	0	0	1	1.0
3581	We should stop the development of autonomous cars	against	autonomous cars will be highly beneficial in reducing the congestion of larger cities	1	0	0	0	0	1	1	0	0	1	1.0
4997	There should be no illegal migration	in favor of	This is just evidence. Immigration will be one of the most difficult topics in the next decades (or even years) due to the insane demographic rates the world is suffering nowadays, so immigration has to be closely monitored and all illegal immigration has to be blocked.	0	0	1	0	1	1	1	0	0	1	1.0
758	We should subsidize Wikipedia	in favor of	wikipedia would be more accurate if it was subsidized.	1	1	0	0	0	0	0	0	0	0	1.0
642	We should subsidize embryonic stem cell research	against	we should not subsidize embryonic stem cell research as that is done by private companies and they can raiser their own money.	0	0	0	0	1	0	0	0	1	1	1.0
3961	We should legalize cannabis	in favor of	legalizing recreational marijuana will add billions to the economy, create hundreds of thousands of jobs, and save limited police resources	0	0	0	0	1	1	0	0	0	0	1.0
7364	We should vigorously develop the countryside.	in favor of	There is a lack of employment opportunities in rural areas, as well as inadequate education, medical care and infrastructure. Therefore, we must vigorously develop the rural revitalization strategy and related industries, so that young people can return to rural areas.	1	0	0	0	0	1	0	0	0	0	1.0
311	We should adopt a multi-party system	against	multi-party systems slow down what gets done because we have too many different sides trying to come to an agreement	1	0	0	0	1	1	1	0	0	1	1.0
3627	We should oppose collectivism	in favor of	collectivism is a bad form of advancing a nation. some lazy person will profit of other hard work and contribute nothing themselves	1	0	0	0	0	1	0	0	0	1	1.0
6395	Homeschooling should be banned	in favor of	homeschooling is not a  viable option for students as many colleges do not recognize them as accredited.	1	1	0	0	0	1	0	0	0	0	1.0
3718	We should adopt an austerity regime	in favor of	it is important to be sensible and restrained with public spending and ensure that a country lives within its means and maintains a solid balance of resources.	0	1	0	0	1	1	0	0	0	0	1.0
2030	We should ban cosmetic surgery for minors	against	Increased demand for cosmetic surgery increases innovation, helping people who need conventional surgery.	1	1	0	0	0	1	1	0	0	0	1.0
3976	We should limit executive compensation	against	executive compensation should be at the discretion of the company who employs them	0	0	0	0	1	0	1	0	0	0	1.0
3572	We should introduce compulsory voting	in favor of	compulsory voting would make sure that each and every person's voice is heard and provide a more accurate system of making sure the person elected is the one the people really want.	1	0	0	0	1	0	1	0	0	1	1.0
7074	We should improve migration policies 	against	It may be great to admit a few talented immigrants, but the EU is now following its steep nose dive leading to the rapid disappearance of Europe.	1	0	0	0	0	1	0	0	1	0	1.0
6454	Intelligence tests bring more harm than good	against	the use of intelligence tests allows the identification of children who need extra help with their education	1	1	0	0	0	0	0	0	0	1	1.0
3764	We should ban telemarketing	against	banning telemarketing would destroy many businesses leading to masses of forced redundancies.	1	0	0	0	0	1	0	0	0	1	1.0
7299	We should ban the trading of virtual currencies.	against	Portable, because it is a virtual currency, so it is highly portable when it is bought and sold.	1	0	0	0	0	0	0	0	0	0	1.0
332	We should ban factory farming	against	factory farming is efficient and lowers food production costs.	0	1	0	0	1	0	0	0	0	0	1.0
5549	Homeschooling should be banned	against	homeschooling should not be banned because some kids get picked on and a safe home setting is best place to learn.	1	0	0	0	0	1	0	0	0	0	1.0
7172	We should support Frontex.	in favor of	 The EU needs a robust Frontex Agency with the caveat that Frontex missions must report to the member states on whose territories they operate.	1	1	0	0	0	0	0	0	0	0	1.0
1787	We should abolish zoos	against	zoos are an educational and entertaining tool and the animals are well fed and cared for.	1	0	0	1	0	0	1	1	0	1	1.0
5352	We need legal ways of migration.	against	Migrants depend on other countries' social systems.	1	0	0	0	0	1	1	0	0	1	1.0
5404	We should subsidize vocational education	in favor of	We should subsidize vocational education to encourage more trade schools to open.	1	1	0	0	1	1	0	0	0	1	1.0
4110	We should adopt an austerity regime	in favor of	austerity regime can help cities restructure	1	1	0	0	0	1	0	0	0	0	1.0
6283	Blockade of the Gaza Strip should be ended	against	palestine has endangered the nation of israel and they should be punished.	0	0	1	0	1	1	0	0	0	1	1.0
6073	The use of public defenders should be mandatory	against	if someone can afford a good lawyer you are violating their rights by stopping them	0	0	0	0	1	1	1	0	0	0	1.0
1739	We should adopt a zero-tolerance policy in schools	against	A zero tolerance policy in schools is a very old fashioned theory, and it has failed over and over again.	1	1	0	0	0	0	1	0	0	1	1.0
623	We should introduce compulsory voting	in favor of	compulsory voting will eliminate voter suppression which is a big problem in this country	0	0	1	0	1	1	1	0	0	1	1.0
2550	We should prohibit school prayer	in favor of	school is for learning and teaching and anything else apart from that is just wrong.	1	0	1	0	0	0	1	0	0	1	1.0
3550	We should ban cosmetic surgery for minors	in favor of	minors are not mature enough to opt for cosmetic surgery and there is concern that they could later have regrets.	1	1	0	0	0	1	0	0	0	1	1.0
1969	We should ban human cloning	in favor of	human cloning could lead to people replacing themselves with images themselves. this could lead to the end of human evolution which could make us more vulnerable to disease.	1	1	0	0	0	1	0	0	0	1	1.0
5717	We should abandon television	in favor of	television corrupts  peoples brains and takes away from productivity.	1	0	1	0	0	0	1	0	0	0	1.0
5010	There should be no immigration from non-European or non-first-world countries 	in favor of	Marvelous to see this idea of halting immigration receive the most endorsements on the migration topic. This is really not going according to plan for the globalists! 	1	0	0	0	1	1	0	0	0	1	1.0
4276	We should oppose collectivism	against	collectivism ensures that everybody is taken care of	1	1	0	0	0	1	0	0	0	1	1.0
2931	We should ban the use of child actors	against	with proper guidance and protection, children can be a valuable asset to the artistic process.	1	0	0	0	0	0	0	1	0	1	1.0
1905	We should subsidize student loans	in favor of	we need an educated workforce so the loan rate students take should be low and subsidised to get this workforce.	1	1	0	0	0	1	0	0	0	0	1.0
7163	We should not have any immigration from non-European or non-first-world countries 	against	Japan was a global superpower once just behind the USA, however, it has a strict immigration policy. Where is it now in global power rankings?	1	0	0	0	1	0	0	0	0	1	1.0
5405	We should abandon television	in favor of	television should be abandoned because it is an outdated concept that is increasingly being replaced by on demand news and entertainment services	0	0	0	1	1	0	1	1	0	0	1.0
1926	We should ban telemarketing	against	telemarketing provides jobs, and people should be allowed to use telemarketing to earn a living.	1	0	0	0	0	1	1	0	0	0	1.0
4473	We should abolish safe spaces	against	these do not harm to anyone. safe spaces can empower young people and protect them. the world is harsh enough, why not allow a little bit of harmless peace?	1	1	0	0	0	1	0	0	0	1	1.0
5994	The vow of celibacy should be abandoned	against	the vow of celibacy is a unique part of the catholic church and ensures a priest is not splitting themselves between their parishioners and their family, thus giving better spiritual service.	1	0	1	0	0	0	0	0	1	0	1.0
3467	We should end mandatory retirement	in favor of	mandatory retirement is unfair to people who need a job when social security cannot pay the bills	0	0	0	0	1	1	1	0	0	1	1.0
4594	India should store the data within the territorial boundaries of the country	in favor of	India is a big consumer market for many foreign companies. So, India and other developing countries are realizing the economic value of the data and the importance of data localization. With data localization, domestic companies and the country’s economy will be benefited. And we can also ensure the security of the data.	0	0	0	0	1	1	1	0	0	0	1.0
4325	We should oppose collectivism	against	collectivity, a group of people can get far more done than individually.	1	0	0	0	0	0	0	0	0	0	1.0
1106	We should subsidize Wikipedia	against	subsidizing wikipedia is unnecessary. it's isn't in need of a subsidy. it's doing just fine on it's donations. there's no staff to pay, it's all volunteer. there's no need to waste funds on this.	0	1	0	0	1	1	1	0	0	1	1.0
7257	We should remove unauthorized asylum seekers or migrants.	in favor of	Many countries have the view that unauthorized asylum seekers should be removed.	0	0	0	0	1	1	1	0	0	1	1.0
2298	We should limit judicial activism	in favor of	we should limit it, laws should not be changed for special circumstances	1	0	1	0	0	1	0	0	1	1	1.0
7012	We should support short-distance economies	in favor of	Economies within a short distance, decentralization, and localization can be efficient tools for protecting the climate and the environment. Less transportation, consumption of local resources, and a high level of self-reliance in the energy and food sector lead to lower carbon footprints.	1	0	0	0	0	0	1	0	0	1	1.0
3458	We should ban private military companies	in favor of	We should ban private military companies as they are not trained and subject to the same scrutiny as the military.	1	1	0	0	0	1	0	0	0	0	1.0
2891	We should ban telemarketing	against	telemarketing helps introduce customers to new things and services they may not have heard of had they not been prompted into the subject.	1	1	0	0	1	1	1	0	0	0	1.0
2578	We should limit executive compensation	against	by providing a high compensation to the executives of a company you can get a higher quality employee and the business will make more money. therefore we should not limit their pay.	1	0	0	0	1	0	0	0	0	0	1.0
6872	Blockade of the Gaza Strip should be ended	in favor of	Since the blockade began, it has failed to decrease Hamas activity or violence against Israel in any meaningful way, failing at its main objective.	1	0	0	0	1	1	0	0	0	1	1.0
2514	We should adopt a multi-party system	against	more parties will create a more convoluted political system	0	0	0	0	1	1	0	0	1	1	1.0
591	We should end mandatory retirement	in favor of	if a person wants to continue working, that is their right.  they should not be forced to stop based on some arbitrary rule made up by someone.	1	0	0	0	1	0	1	0	0	1	1.0
92	We should introduce compulsory voting	in favor of	compulsory voting makes for more informed voters	0	1	1	0	1	1	0	0	0	1	1.0
7169	We should not have any immigration from non-European or non first-world countries 	in favor of	Saying no to any migration is just stupid and irrealistic.	1	0	0	0	0	0	1	1	0	1	1.0
1029	We should adopt a zero-tolerance policy in schools	in favor of	i agree that a zero-tolerance policy in schools is a good idea since it would mean that our children are safer when they go to school.	1	0	1	0	0	1	0	0	1	0	1.0
6787	We should subsidize vocational education	against	subsidies are unjust unless they are beneficial to all, not just a select few in certain fields.	0	0	0	0	1	0	0	0	0	1	1.0
6739	Social media brings more harm than good	against	social media has been a tremendous asset for movements like the arab spring and the women's march.	0	1	0	0	1	1	0	0	0	1	1.0
2734	We should stop the development of autonomous cars	in favor of	autonomous cars rely on computer software, so like any computer controlled device, they are susceptible to being hacked	1	1	0	0	0	1	0	0	0	1	1.0
3514	We should stop the development of autonomous cars	in favor of	autonomous cars will cause unemployment for people whose only skill is driving.	1	1	0	0	0	1	0	0	0	1	1.0
1733	We should abolish the Olympic Games	against	the olympic games provide addition income to small businesses.	1	0	0	0	1	0	0	0	0	0	1.0
6572	Foster care brings more harm than good	against	there are many capable families who look after foster children and provide a better home than where they were before	1	1	0	0	0	1	0	0	0	0	1.0
6869	Homeschooling should be banned	in favor of	there is little oversight into how the parents teach their children & it should be banned	0	1	1	0	1	0	0	0	0	1	1.0
3691	We should ban algorithmic trading	against	there is no reason why algorithmic trading should be banned , it creates beneficial trading deals and profits for those in the finance sector, and can enhance the value of pension funds for instance.	1	0	0	0	1	0	0	0	0	0	1.0
4645	5G services should be available across India	in favor of	5G in banking will bring much-needed financial inclusion to India’s rural and remote populations, for whom access to a physical bank is not possible.	1	1	0	0	1	1	0	0	0	1	1.0
6127	Foster care brings more harm than good	in favor of	The foster care system is understaffed, and its social workers are overwhelmed and exhausted.	0	1	0	0	1	1	0	0	0	0	1.0
4336	We should subsidize space exploration	against	space exploration is not yielding anything useful to society and should not be subsidized.	1	1	0	0	1	1	0	0	0	1	1.0
1205	We should abolish intellectual property rights	in favor of	it gives more people an opportunity to improve a product already on that market without worrying about copyright infringement.	1	1	0	0	1	1	1	0	0	0	1.0
1469	We should abandon the use of school uniform	in favor of	School uniforms have no positive effect on academic achievement.	1	1	0	0	0	0	0	0	0	1	1.0
1357	We should ban private military companies	in favor of	they have no need in society today with the amount of military we have	1	0	0	0	0	0	0	0	0	1	1.0
6434	We should abandon television	against	Television provides information to those who can not get out of their environment.	1	0	0	1	0	1	1	0	0	1	1.0
5829	We should abandon television	against	many people still rely on television as a source of news and entertainment	0	0	0	1	0	0	1	1	0	1	1.0
5168	All workers and unemployed should have access to social protection, including young people	in favor of	I agree. Stable, quality jobs and adequate social protection for everyone are necessary.  Trade unions have many proposals to achieve more equal and inclusive labor markets.  This goes hand in hand with policies to promote more equal, sustainable, and inclusive societies.  	1	1	1	0	0	1	0	0	0	1	1.0
6557	Holocaust denial should be a criminal offence	against	a person has their right to their own opinion and making denial of the holocaust a criminal offense takes away the rights of that person.	1	0	0	0	0	0	1	0	0	1	1.0
7042	We should include young people in decision-making processes considering climate change	in favor of	Including young people in decision-making processes considering climate change could potentially help to address the gap between the widespread official rhetoric claiming a great interest in involving young people in discussion and policymaking when it comes to climate protection and politics in general and the reality that falls too often too short of these declarations.	1	1	0	0	1	0	0	0	0	1	1.0
1218	We should stop the development of autonomous cars	against	autonomous cars allow those with disabilities that hinder driving to be able to travel to appointments, shopping and social events, and not to live isolated from others.	1	1	1	0	0	1	1	0	0	1	1.0
3301	We should adopt atheism	in favor of	no one has ever been able to prove that god exists. religions convince people of a higher power to get them into church for their own profit,	1	1	0	0	0	1	0	0	0	1	1.0
2908	We should adopt an austerity regime	against	Adopting an austerity regime lowers people's confidence in the economy and discourages investment.	0	0	0	0	1	1	0	0	0	0	1.0
1314	We should adopt atheism	in favor of	atheism fosters intellectual and human development and we must adopt it	1	0	0	0	0	1	0	0	0	1	1.0
7219	We should stop Brussels from imposing ideologies, concrete policies to develop in exchange for financial aid, interference in agricultural production or legislating in judicial matters	against	National identities are important and have to be preserved, but nowadays these are not the key to the success. We need to be united, aligned, and, above all, independent from any extra-EU hegemon!	1	0	0	0	0	1	1	0	0	0	1.0
6761	Foster care brings more harm than good	in favor of	Overworked social workers make the foster care system harmful by not disclosing child background details to foster parents and often dealing with behavioral issues improperly.	1	1	1	0	0	0	0	0	0	1	1.0
3760	We should abolish intellectual property rights	against	abolishing intellectual property rights removes the financial incentive to innovation.	1	0	0	0	1	0	1	0	0	0	1.0
5043	The president of the European Commission should be elected by the people of the EU	against	In Germany, the President of the Executive is not elected by the people directly either. The reason for this is the horrible experience during the Third Reich. The Parliament - as the only constitutional institution being directly elected - has a stronger stand if the President is not elected directly. However I definitely support, that the Parliament becomes stronger and more influential. 	1	0	0	0	1	0	0	0	0	0	1.0
3750	We should legalize organ trade	in favor of	organ trade will allow for more transplants, benefitting society a a whole	1	0	0	0	1	1	0	0	0	0	1.0
3023	We should subsidize student loans	in favor of	most people can't afford to go to college, and we don't want them to graduate with massive debts	1	0	0	0	0	1	0	0	0	0	1.0
3824	We should ban cosmetic surgery for minors	against	we should not bother banning cosmetic surgeries for minors, since this ban will not work- it's just the government current easy fix, creating a hysteric unreasonable rule instead of imposing proper regulation.	1	1	1	0	0	0	1	0	0	0	1.0
367	We should abolish the Olympic Games	against	the olympic games offer a friendly competition meeting where the best athletes around the world can come together to celebrate the best of human physical achievement.	1	0	0	1	0	0	0	1	0	1	1.0
6786	Homeschooling should be banned	in favor of	homeschooling does not provide necessary socialization skills needed in everyday life as well as cooperation among peers.	1	0	0	0	0	1	0	0	0	0	1.0
4936	We need legal ways of migration.	against	Migrants have a complete lack of critical thinking.  	1	0	0	0	0	0	1	0	0	0	1.0
607	We should ban the Church of Scientology	in favor of	scientology is just a business that is trying to scam people out of money.	0	1	1	0	1	0	0	0	0	1	1.0
1929	We should adopt atheism	against	the most basic right we have is freedom of religion, and it is very strong personal belief.  atheism strips that away and should not be encouraged.	1	0	1	0	0	0	1	0	1	1	1.0
7176	We should increase the salaries of artisans	against	I think that people should grow, learn and move into better-paid jobs. Today there are fantastic opportunities, e.g. Artificial General Intelligence is being built, and human anti-aging and even rejuvenation therapies are being developed: these are only a few areas where the most pressing need of humanity is being met. People should move into such jobs. For the manual work - there are robots coming. We should not try to distort market forces and stop development.	1	1	0	0	0	1	1	0	0	0	1.0
904	We should ban human cloning	in favor of	human cloning should be banned as it is unnatural and serves no purpose in the world. individuality would be lost.	0	0	0	0	1	0	1	0	0	1	1.0
6709	Holocaust denial should be a criminal offence	against	people lie about things all the time, so who is to decide which lies are worthy of a criminal offense and which aren't?	0	0	0	0	1	0	1	0	0	1	1.0
6573	We should abandon television	against	no, television is a form of entertainment for people	0	0	0	1	0	0	0	1	0	0	1.0
5696	Blockade of the Gaza Strip should be ended	against	The blockade is an alternative to conventional warfare against Gaza which would cause more harm / death to Palestinians.	0	0	0	0	1	1	0	0	0	1	1.0
4371	We should end the use of economic sanctions	against	economic sanctions help keep dangerous regimes in check	0	0	0	0	1	1	0	0	0	1	1.0
4116	We should ban private military companies	against	private military companies take the pressure away from the regular military leaving them less thin on the ground.	1	0	0	0	0	1	0	0	0	1	1.0
702	We should oppose collectivism	in favor of	collectivism is a communist strategy and we must reject	1	0	0	0	0	1	1	0	0	0	1.0
6888	We should abandon television	against	television is stll the number one place people go for news, and the verification of news - abandoning it would cut off a reliable source of information, effectively disenfranchising huge swathes of society.	0	0	0	1	0	0	1	0	0	1	1.0
5706	Social media brings more harm than good	against	social media has brought a democratization of media to all those who are able to access it, allowing rapid discemination of news and protest groups to further their causes.	1	0	0	0	1	1	1	0	0	1	1.0
7014	We should invest in R&D   	in favor of	Investing in R&D will create an incentive system for businesses to start with green solutions.	0	0	0	0	1	0	1	0	0	1	1.0
7045	We should limit the number of plastic types used for packaging	in favor of	limiting the number of plastic types used for packaging will ease the process of its recycling	1	0	0	0	0	0	0	0	0	1	1.0
6635	Foster care brings more harm than good	in favor of	foster care is simply a band-aid over the real issues and doesn't provide a remedy to the problem that is obviously in need.	1	0	0	0	0	0	0	0	0	0	1.0
4351	We should adopt a multi-party system	in favor of	it would allow more voices to be heard and more choice.	0	0	0	0	1	0	1	0	0	1	1.0
5977	The vow of celibacy should be abandoned	in favor of	the vow of celibacy was originally established to prevent a pope or priest's son from inheriting the entire church should they chose to not be a pope. said concerns are now obsolete.	0	0	0	1	0	0	1	0	0	1	1.0
3485	We should abandon the use of school uniform	in favor of	forcing parents to buy a whole separate wardrobe of often overpriced, synthetic fiber clothing is an unnecessary expense that can really harm poorer families	0	1	0	0	1	1	0	0	0	1	1.0
5922	Intelligence tests bring more harm than good	against	intelligence test help students end up in classes that help them learn the best.	1	1	1	0	0	0	1	0	0	0	1.0
3518	We should abolish intellectual property rights	against	removing ip rights would cause a free for all and no one will have the incentive to do anything since it can just be taken by someone else	1	0	1	0	0	1	1	0	0	1	1.0
6744	Surrogacy should be banned	in favor of	surrogacy is not regulated and can have unforeseen negative outcomes.	0	1	0	0	1	1	0	0	0	0	1.0
5772	We should subsidize vocational education	against	if subsidies were put into place for vocational education then other areas of education would also want subsidies and this would cost the government far too much to implement.	1	1	1	0	1	1	0	0	0	0	1.0
1090	We should cancel pride parades	against	"it would be a huge step backwards, essentially telling the lgbt community not to have ""pride"" in who they are anymore"	1	0	1	0	0	1	0	0	0	1	1.0
1104	We should end mandatory retirement	against	if we end mandatory retirement many older workers that want to retire after many years of service may be denied that right	0	1	1	0	1	0	1	0	0	1	1.0
5531	We should subsidize vocational education	in favor of	not everyone can has the academic requirements for university education. we do still need vocational trades and skills and it makes sense to support people seeking to gain these skills.	1	1	0	0	0	0	1	0	0	0	1.0
6616	Blockade of the Gaza Strip should be ended	against	a blockade is sometimes the only non-violent option available in trying to force a diplomatic hand.	0	0	0	0	1	1	0	0	0	1	1.0
4189	We should abolish intellectual property rights	against	those who produce intellectual projects have certain skills and abilities and should be able to profit from them	1	1	0	0	1	1	0	0	0	0	1.0
7113	We should support local associations for the recovery of bio-waste	in favor of	Making compost out of organic waste and distribute it to gardeners and farmers will help to create value and a better environment.	0	0	0	0	1	1	0	0	0	1	1.0
951	We should ban cosmetic surgery for minors	against	cosmetic surgery might be the only hope for children born with disfigurements that would have severe impact on self-esteem and lead to psychological issues and childhood trauma.	1	1	0	0	0	1	1	0	0	0	1.0
6926	Consumerism brings more harm than good	against	On the economic side, consumerism had a positive impact. Due to the increase in wages, people started buying more. Due to increased demand, aided by increased supply (due to the setting up of factories) entrepreneurial activity got a boost. Businesses were set up, jobs increased, wages improved and living standards improved. Overall, the world took a turn for the better. This made everyone look at consumerism (or for them, vanity) in a different light. Instead of being a stigma, it actually became a boon.	0	0	0	0	1	1	0	0	0	1	1.0
5027	The president of the European Commission should be elected by the people of the EU	in favor of	The undemocratic nature and perception of the presidency and the commission were used very effectively during the Brexit referendum campaign to change the minds of even the most reasonable pro-EU and anti-Brexit voters as EU political representatives were already remote and inaccessible to many people, with unrecognized names, faces, and campaign points.	1	1	1	0	1	1	0	0	0	1	1.0
5674	We should subsidize vocational education	against	vocational education doesn't need to be subsidized.  it's an option and is up to the person to choose it and subsequently pay for it as well.	1	1	1	0	1	0	1	0	0	0	1.0
2024	We should subsidize student loans	against	if we subsidize student loans we could create parasites that never get a degree just to maintain the state subsidy	1	0	1	0	0	1	0	0	0	0	1.0
5565	The use of public defenders should be mandatory	against	Public defenders cost the state too much money.	0	0	0	0	1	0	0	0	0	0	1.0
2356	We should ban algorithmic trading	in favor of	algorithmic trading will destroy traditional trading occupations.	1	0	0	0	1	1	0	0	1	0	1.0
3738	We should fight for the abolition of nuclear weapons	against	Nuclear weapon maintenance is much cheaper than keeping up traditional weapons and infrastructure of war, so we should keep our nuclear weapons in order to maintain the current deterrence against war at the lowest price possible.	0	0	0	0	1	1	0	0	0	1	1.0
5017	The EU should improve public management and anti-corruption mechanisms	in favor of	Bad governance, unreasonable spending, and corruption are damaging and unsustainable which means, we can't afford to leave them alone if we want to have a future. 	0	1	0	0	1	1	0	0	0	0	1.0
219	We should legalize cannabis	in favor of	as a non-addictive natural substance that is less harmful than currently legal ones such as tobacco and alcohol, it seems that cannabis is still illegal simply due to old prejudices.	0	0	0	1	0	0	1	1	0	0	1.0
3502	We should subsidize student loans	in favor of	a student does not have the resources to pay for the high cost of college	1	1	0	0	0	1	0	0	0	0	1.0
6751	Payday loans should be banned	in favor of	payday loans prey on the desperation of low income people and lead them even further into poverty.	0	0	0	0	1	1	0	0	0	1	1.0
2663	We should adopt libertarianism	against	Libertarianism would lead to crumbling infrastructure without taxes to fund the government.	0	0	0	0	1	1	0	0	0	0	1.0
7373	Carbon emissions trading should be limited.	in favor of	Promoting global energy conservation and emission reduction can slow down the trend of China's low-end industries moving to third world countries, thus strengthening its position as a major manufacturing country.	0	0	0	0	1	1	0	0	0	0	1.0
3797	We should adopt a multi-party system	in favor of	a multi-party is essential to allow for democracy and prevent autocratic regimes coming to power.	0	1	0	0	1	1	1	0	0	1	1.0
5866	Payday loans should be banned	in favor of	ppayday loan providers pray on the poor and those unable to manage their money. rather than give helpful advise on how to budget and cut costs they encourage further spending with access to easy money.	0	0	0	0	1	1	0	0	0	1	1.0
5698	Homeschooling should be banned	in favor of	Homeschooling is not regulated and nobody can be sure that the kids have learned anything.	1	1	1	0	1	0	0	0	0	0	1.0
2412	We should ban targeted killing	against	targeted killing is a tool to prevent mass injuries by taking out one particular target	1	0	0	0	1	1	0	0	0	1	1.0
1498	We should subsidize journalism	against	the subsidies could be used on other primary production methods which are very much likely to help boost the economy	1	1	0	0	1	0	0	0	0	0	1.0
6961	Hindi should be the national language of India	against	Some people are arguing that English is not born in India and hence we should avoid using it. This statement lacks logic because all the technological innovations we are now using were born in different parts of the world. We cannot reject things just because they are not Indian.	1	0	0	0	0	0	0	0	0	1	1.0
1975	We should adopt an austerity regime	in favor of	to being a country back to a good financial position, austerity is often the only way forward to balance the books.	0	0	0	0	1	1	0	0	0	0	1.0
1261	We should adopt libertarianism	against	we shouldn't because some people need intervention to make decisions.	0	1	0	0	1	1	0	0	0	1	1.0
4019	We should adopt an austerity regime	in favor of	we are all responsible for doing our part in getting the books back in the black	0	1	0	0	1	1	0	0	0	1	1.0
4667	Companies should fight moonlighting	against	Some people moonlight to pursue their passion when the earnings from their passion cannot replace the salary from their main job. Several entrepreneurs take this route and leave their jobs once they earn enough from their new ventures.	1	0	0	0	1	0	1	0	0	0	1.0
3366	We should adopt a zero-tolerance policy in schools	in favor of	zero tolerance will improve educational standards and behaviour leading to better learning outcomes.	1	1	1	0	0	1	0	0	0	0	1.0
5982	We should subsidize vocational education	in favor of	vocational education should be subsidized because all students don't necessarily need a college education and rack up lots of debt in four year colleges.	0	0	0	0	1	1	0	0	0	0	1.0
4504	We should abolish the Olympic Games	against	the games are a good way to bring nations together in a sense of fun and friendly competition.	0	0	0	1	0	1	0	0	0	1	1.0
2207	We should abolish the right to keep and bear arms	in favor of	the right to keep and bear arms is antiquated.	1	0	0	0	1	1	1	0	0	1	1.0
6009	Surrogacy should be banned	against	when a couple are not blessed with the ability to have their own children surrogacy provides this joy therefore it should not be banned.	0	1	0	1	0	0	1	1	0	0	1.0
4007	We should end mandatory retirement	against	Mandatory retirement should be in place for careers that require good physical health, younger ages and good flexibility such as law enforcement or any first responder career.	1	0	1	0	0	0	0	0	0	0	1.0
7279	We should abolish the 996 overtime system	against	Corporate management seeks to maximize profits, and China's 996 overtime system can reduce operating costs, especially labor costs.	1	0	0	0	1	0	0	0	0	0	1.0
4890	We need a common migration and asylum policy, based on respect for rights and equal treatment	against	Giving immigrants more rights will lead to the forced displacement and eventual erasure of indigenous Europeans. This is criminal. If what's happening to the Uyghurs and Tibetans in China is genocide then so is this. This idea proposal is not grassroots, it's astroturfed lies to hide the fact that our migration policies are totally undemocratic and forced onto native Europeans.	0	0	1	0	1	1	1	0	1	1	1.0
7142	We should remove unauthorized asylum seekers or migrants.	in favor of	Many countries have the view that unauthorized asylum seekers should be removed.	0	0	0	0	1	1	1	0	0	1	1.0
4590	India should store the data within the territorial boundaries of the country	against	At present, India does not have a well-developed infrastructure to ensure the security of data. On the other hand, developed countries already have an efficient infrastructure. So, rushing toward data localization may not be a wise step. Because without efficient infrastructure, the data is prone to cyber-attacks. And the risk is severe here because it is financial data. But as the laws are made, it is a big challenge to develop efficient infrastructure at a faster pace.	1	1	0	0	0	1	0	0	0	1	1.0
3472	We should ban the use of child actors	in favor of	child actors are put through too much at too young.  we should do away with them and just use cgi or something like that.  if a big company can call a cgi movie live action and get away with it, it will work.	1	1	1	0	0	0	0	0	0	1	1.0
6007	We should abandon television	against	people are entitled to leisure time	0	0	0	1	0	0	1	1	0	0	1.0
7282	We should give up developing electric vehicles	against	Electric cars are much cheaper to use than fuel cars over the life cycle of a car.	1	0	0	0	1	1	0	0	0	0	1.0
2503	We should ban the Church of Scientology	in favor of	scientology is a cult that brainwashes people	0	0	0	0	1	0	1	0	0	0	1.0
1054	We should ban targeted killing	in favor of	the goal should always be to capture alive so banning targeted killing will encourage capture instead of kill.	1	0	1	0	1	1	0	0	0	1	1.0
2390	We should legalize sex selection	in favor of	we should legalize sex selection as it is a parents right to choose and many families may want a girl after many boys and so sex selection will help ensure a wanted pregnancy.	0	1	0	0	1	0	1	0	0	0	1.0
652	We should abolish safe spaces	against	safe spaces are a place where minorities of any sort are safe to be who they are and are safe from discrimination, negative comments and harassment and in today's intolerant society are much needed.	0	0	0	1	0	0	0	0	0	1	1.0
5503	Intelligence tests bring more harm than good	in favor of	intelligence tests don't accurately measure intelligence because they are inherently biased towards the type  of people who designed them	1	0	0	0	0	0	0	0	0	1	1.0
2631	We should ban fast food	against	fast food is a cheap treat and to ban it would be to take the joy out of life for many people.	0	0	0	1	0	1	0	0	0	0	1.0
342	We should adopt an austerity regime	in favor of	austerity regimes provide an avenue for the government to balance up financial deficits and save the country from economic collapse	0	0	0	0	1	1	0	0	0	0	1.0
5433	Blockade of the Gaza Strip should be ended	in favor of	blockading the gaza strip is no longer necessary as both sides have come to an agreement	0	0	1	0	1	1	1	0	0	1	1.0
1834	We should fight for the abolition of nuclear weapons	against	we should not fight for the abolition of nuclear weapons since just having nuclear weapons deters another nation from starting a major conflict with us.	0	0	0	0	1	1	0	0	0	1	1.0
5682	Intelligence tests bring more harm than good	in favor of	intelligence tests are really not so much about intelligence but about the ability to take a test so, of course, it does more harm than good in that it will label people wrongly based on their test-taking.	1	0	0	0	0	1	0	0	0	0	1.0
463	We should adopt atheism	against	many people use religion to connect with their family as well as loved ones that are no longer alive - losing this comforting connection would be devastating for some.	0	1	1	1	0	0	1	0	1	0	1.0
764	We should ban fast food	against	this is a free country. people are free to make bad nutritional decisions	0	0	0	1	0	0	1	1	0	1	1.0
2741	We should ban human cloning	against	we should allow scientists to continue to try to clone humans.  just as medical treatments have progressed in the world who can predict what types of improvements in ending disease could occur.	1	0	0	0	0	1	1	0	0	1	1.0
691	We should subsidize embryonic stem cell research	in favor of	we should subsidize embryonic stem cell research because it will help many people as long as it is successfully done.	1	1	0	0	0	1	0	0	0	0	1.0
4758	Chinese products should be banned in India	in favor of	India has a huge trade deficit with China. For the year 2017-18, India's imports from China are worth $76.2 billion dollars, whereas India's exports to China are worth $33 billion dollars. So, there is a need to reduce this trade deficit. 	1	0	0	0	0	1	0	0	0	0	1.0
5647	We should subsidize vocational education	in favor of	schools ought to be required to provide vocational training	1	1	0	0	0	1	0	0	0	1	1.0
4223	We should abolish the Olympic Games	against	the olympic games bring tourism to the place hosting it and that can be very beneficial.	0	0	0	0	1	0	0	1	0	1	1.0
1802	We should end mandatory retirement	in favor of	we should end mandatory retirement these days people need to work longer to afford to live because of inflation.	0	0	0	0	1	1	0	0	0	0	1.0
1845	We should subsidize Wikipedia	against	other places can provide information for free so why should wikipedia get money for doing the same thing?	0	0	0	0	1	0	0	0	0	1	1.0
5350	We need legal ways of migration.	against	Migrants have a complete lack of critical thinking.  	1	0	0	0	0	0	1	0	0	1	1.0
5824	Homeopathy brings more harm than good	against	homeopathy has been proven to work by many different studies.	1	1	0	0	0	0	0	0	0	0	1.0
6806	Intelligence tests bring more harm than good	against	intelligence tests bring more good than harm because they let an individual know exactly what their potential is and can take learning paths accordingly.	1	0	0	0	0	0	0	0	0	0	1.0
4293	We should adopt a zero-tolerance policy in schools	in favor of	Zero tolerance policies provide a consistent framework for discipline, to ensure that issues are treated with the gravity they deserve.	0	0	1	0	1	0	0	0	0	1	1.0
2609	We should adopt an austerity regime	in favor of	an austerity regime helps to balance the nation's budget and reduce national debt.	0	1	0	0	1	1	0	0	0	0	1.0
3747	We should adopt a zero-tolerance policy in schools	in favor of	we need to have the safest possible learning environment, as this enables students to perform at their best.	1	0	0	0	0	1	0	0	0	0	1.0
5789	We should subsidize vocational education	in favor of	We should subsidize vocational education to ensure it is available in more secondary schools.	1	0	0	0	0	1	0	1	0	1	1.0
2629	We should subsidize Wikipedia	in favor of	wikipedia is the only free source of information with references that's guaranteed to be accurate. it's needed, especially for those who can't afford anything else.	1	1	0	0	0	1	0	0	0	1	1.0
2428	We should ban cosmetic surgery	in favor of	cosmetic surgery is a frivolous waste of resources and should be banned. it takes medical time away from those  in need. cosmetic surgery promotes vanity and self absorption.	0	0	1	0	1	0	0	0	0	1	1.0
4793	Biogas plants should be assessed on the basis of their efficiency	in favor of	Maize biogas plants need more energy to operate than they supply. Should a free-area PV plant have a ten-fold higher efficiency on this arable land, the biogas plant should not be supported.	1	1	0	0	0	1	0	0	0	1	1.0
5988	The vow of celibacy should be abandoned	in favor of	someone can dedicate their life to god and their religion and still have a partner and have sex. there is no general benefit in being celibate.	0	0	0	1	0	0	1	0	0	1	1.0
1981	We should subsidize Wikipedia	in favor of	wikipedia provides a vast amount of knowledge to be accessible to all. subsidizing this will ensure this knowledge continues to be available.	1	0	0	0	0	0	1	0	0	1	1.0
2395	We should ban missionary work	in favor of	missionary work is a waste of time and should be completely banned.	1	0	0	0	0	0	0	0	0	0	1.0
6067	Social media brings more harm than good	in favor of	people spend so much time on social media that they neglect real life obligations and relationships.	1	1	1	0	0	0	0	1	0	0	1.0
1103	We should ban human cloning	in favor of	we should ban human cloning because it raises too many legal questions regarding ownership and identity.	0	0	1	0	1	0	1	0	1	0	1.0
2339	We should subsidize space exploration	in favor of	many of the technological advances brought about by space exploration have eventual benefits for society in general.	1	0	0	0	1	1	1	0	0	1	1.0
3874	We should end mandatory retirement	in favor of	A worker should not be forced to retire if he feels he can still adequately produce for his employer.	1	1	0	0	1	0	1	0	0	0	1.0
448	We should stop the development of autonomous cars	against	autonomous cars will reduce the human margin of error to near zero and make for a safer commute.	1	0	0	0	0	1	0	0	0	0	1.0
1891	We should ban factory farming	against	factory farming allows for increased food production for the increasing human population.	0	1	0	0	1	1	0	0	0	1	1.0
4977	The EU should immediately end the refugee deal with Turkey.	against	Immigration should not be part of humanitarian aid. Humanitarian aid should be delivered directly to Africa / Asia. The Turkey deal should eventually be abolished.	1	1	0	0	0	0	1	0	0	1	1.0
4387	We should adopt libertarianism	against	we should not adopt libertarianism because left on their own many people would make a choice that adversely effects their lives without weighing all the consequences.	0	1	0	0	1	0	0	0	0	1	1.0
1564	We should end the use of economic sanctions	in favor of	economic sanctions affect the poor more than the tyrants	0	0	0	0	1	1	0	0	0	1	1.0
5134	The EU should enforce the obligation to respect the Rule of Law within its borders	against	The EU has no business 'promoting democracy' anywhere beyond its borders. Have we not seen sufficiently clearly in the past two decades where 'democracy export' leads?! Freedom bombs and human suffering everywhere.  No, the EU must fully respect the sovereignty and national characters of all nations of this world. And that includes its own member states. The EU must immediately return to the letter of the EU treaties, and reaffirm in the strongest term the principles of conferral and subsidiarity. 	0	0	1	0	1	1	1	0	0	1	1.0
2413	We should ban factory farming	against	factory farming is an efficient way to produce cheap food for the masses.	1	1	0	0	0	1	0	0	0	0	1.0
660	We should subsidize Wikipedia	in favor of	wikipedia is a valuable source of information in all things and would be missed if it were not able to continue due to lack of support	1	0	1	0	0	0	0	0	0	0	1.0
2608	We should ban targeted killing	against	evil has penetrated society, and there are times when there is no other way out to eradicate it than to resort to force, evil can not be overcome with discourses, it is necessary to fight fire with fire.	0	0	0	0	1	1	0	0	0	0	1.0
6838	Intelligence tests bring more harm than good	against	intelligence tests provide data that can help the takers work on their weak points.	1	0	0	0	0	0	0	0	0	1	1.0
666	We should abolish zoos	against	zoos allow people to see many animals in their natural habitat that most people would never see.	0	0	0	1	0	0	1	1	0	1	1.0
321	We should abolish intellectual property rights	against	Intellectual property rights keep people from stealing others' ideas and selling them as their own.	1	1	1	0	0	0	1	0	0	1	1.0
813	We should ban human cloning	against	human cloning is simply another avenue of science to explore, and it is vital to push back the boundaries in order to open up possible potential cures for disease and medical issues.	1	0	0	0	0	1	1	0	0	0	1.0
3628	We should ban telemarketing	against	telemarketing allows people that cannot find other jobs to be contributer to the economy and tax base along with the fact that these calls can be ignored with an answering machine or simply join a no-call list.	0	0	0	0	1	1	0	0	0	0	1.0
7051	We should promote a culture of exchange and sharing of goods and services	in favor of	In this case, the service generates profit, not the product.	1	0	1	0	1	0	0	0	0	0	1.0
4146	We should abolish capital punishment	in favor of	capital punishment is evil in all aspect of kid's life and should be banned by law and government across the world.	0	1	0	0	1	1	0	0	0	0	1.0
4314	We should ban factory farming	in favor of	it would make prices lower for consumers	0	0	0	0	1	1	0	0	0	0	1.0
5594	Payday loans should be banned	against	It is not the government's role to protect citizens from bad decisions.	0	1	0	0	1	0	1	0	0	0	1.0
706	We should adopt a zero-tolerance policy in schools	in favor of	Some violent and extreme behaviours in schools deserve a fierce and sharp reaction.	0	0	1	0	1	1	0	0	0	1	1.0
6307	Social media brings more harm than good	in favor of	social media is addictive to young people to the point where it affects their education because they are distracted from their studies.	1	0	1	0	0	1	0	0	0	0	1.0
4470	We should ban algorithmic trading	against	this should not be banned as it makes trading easier and simpler.	1	0	0	0	0	0	0	1	0	0	1.0
544	We should subsidize journalism	against	we should not subsidize journalism because it is a poor use of public money when things like healthcare and education are short of funding	0	1	0	0	1	1	0	0	0	0	1.0
4904	We need integrated rail transport systems, agreements between various railway operators and a simple and accessible search engine	in favor of	There are countries like Greece to which to my knowledge is no train connection from other EU countries at all. That should be a top priority for the EU! 	1	0	0	0	0	1	0	1	0	1	1.0
3906	We should limit executive compensation	against	Incentive to perform at the highest levels and attractiveness of position are important factors in maintaining a competitive and successful company in a fast moving and aggressive marketplace.	1	0	0	0	1	0	0	1	0	0	1.0
4663	NEET exam should be banned	against	But every year, less than 20% of the students are passing the exam. By this, it is evident that the quality of medical education in other countries where Indian students are studying is not at par with the medical education in India. So, it is very important to take steps to provide affordable and high-quality medical education in India.	1	1	0	0	0	0	0	0	0	0	1.0
500	We should subsidize Wikipedia	in favor of	wikipedia is not free to run even if it is free to users. subsidization would help keep it free for users.	1	1	0	0	0	1	1	0	0	1	1.0
1952	We should ban missionary work	against	missionary work helps bring medicine and food to areas of the world who would otherwise suffer without it. we have a duty to help all humans no matter where they are	0	1	0	0	1	1	0	0	1	1	1.0
1972	We should abolish intellectual property rights	against	people have the right to their ideas and therefore it shouldn't be banned.	1	0	0	0	1	0	1	0	0	1	1.0
5758	Payday loans should be banned	against	payday loans should  not be banned because some peoples last hope is these kinds of stores.	0	1	0	0	1	0	1	0	0	0	1.0
3811	We should ban fast food	against	fast food is a treat that can be enjoyed when eaten sensibly and brings joy and social interaction.	0	0	0	1	0	1	0	0	0	0	1.0
6334	The use of public defenders should be mandatory	in favor of	The use of public defenders should be mandatory so that public defenders are no long stigmatized, which will make them more effective.	1	1	0	0	1	0	0	0	0	1	1.0
862	We should oppose collectivism	in favor of	collectivism and the impingement of the the government results in people blaming others for their problems rather than looking for solutions themselves	1	1	1	0	1	0	1	0	0	0	1.0
2782	We should ban targeted killing	against	in a certain way, the selective assassination in politics is beneficial for countries that have this, as a means to alleviate their problems	1	1	0	0	1	1	0	0	0	0	1.0
3122	We should legalize cannabis	in favor of	cannabis should be legalized with the same limitations as alcohol	0	0	1	1	0	0	1	0	0	0	1.0
1752	We should subsidize embryonic stem cell research	in favor of	embryonic research has proven effective in finding cures for many diseases such as cancer.	1	1	0	0	0	1	1	0	0	0	1.0
6089	Surrogacy should be banned	against	surrogacy allows people who couldn't have children naturally to have their own children through a surrogate parent.	1	1	0	0	1	0	1	1	0	1	1.0
1514	We should ban fast food	against	fast food should not be banned as it is comforting, allows for social events and interaction and is enjoyed by many	0	0	0	1	0	1	1	0	0	0	1.0
1143	We should legalize organ trade	in favor of	there is never going to be enough voluntary donation to meet demand, opening up an organ trade could remedy this drastic gap in supply to help save lives	0	1	0	0	1	1	1	0	0	0	1.0
1893	We should abolish the Olympic Games	in favor of	they are a waste of money, building hype for a short event. money will be better spent elsewhere	0	1	1	0	1	1	0	0	0	1	1.0
5319	The EU should change its internal structure.	in favor of	Expansion by many dissimilar members and in particular the implementation of the EURO has made the EU unmanageable.  The EURO is too strong for the less competitive members and is therefore unsustainable.  	1	1	0	0	0	1	0	0	0	1	1.0
2470	We should adopt an austerity regime	in favor of	as a last ditch effort the government should be allowed to cut programs and spending to stabilize the economy to prevent failing.	1	0	0	0	1	1	0	0	0	0	1.0
7146	We should strengthen Frontex and control immigration	in favor of	 Bigger financial resources for Frontex and military action in Syria will stop immigration.	1	0	0	0	1	1	0	0	0	1	1.0
6042	The use of public defenders should be mandatory	against	if someone has the means to afford the best representation they can, they should be allowed to do so in the interests of them getting the best defence.	1	0	0	0	1	0	1	0	0	1	1.0
1272	We should subsidize journalism	against	there is simply no need, there is enough money in journalism and plenty of valuable, objective sources available	1	0	0	0	0	1	0	0	0	1	1.0
6497	Homeopathy brings more harm than good	in favor of	homeopathy has no scientific support	1	0	0	0	0	1	0	0	0	1	1.0
1839	We should ban telemarketing	against	telemarketing gives us new opportunities and we can often save money on our services.	1	0	0	0	1	1	0	1	0	0	1.0
6721	The vow of celibacy should be abandoned	against	the vow of celibacy is too important to do away with.  it shows that there is nothing more important than the church and is a true goal worth striving for.	1	0	1	0	0	0	0	0	1	0	1.0
7131	We should reduce environment pollution by limiting number of people in Europe	against	Instead we need to reduce inequality in between countries and distribute wealth more evenly around the world.	0	1	0	0	1	1	0	0	0	1	1.0
1735	We should adopt an austerity regime	against	We should not adopt an austerity regime because counter cyclical spending leads to better outcomes for the economy than austerity.	1	0	0	0	1	1	0	0	0	0	1.0
5997	Payday loans should be banned	against	payday loans help individuals that need quick infusion of money to pay bills	0	1	0	0	1	1	0	0	0	0	1.0
7097	We should reduce environment pollution by limiting number of people in Europe	against	We just need to define the values and laws of our utopia and give people the resources to join together in building it.	1	1	0	0	0	1	0	0	0	0	1.0
6884	Payday loans should be banned	against	for some people, a payday loan is all that keeps them from losing it all.  we cannot remove this vital lifeline.	0	0	0	0	1	1	0	0	0	0	1.0
2243	We should ban private military companies	against	i think that we shouldn't ban private military companies for national security	0	0	0	0	1	1	0	0	0	1	1.0
6748	Surrogacy should be banned	against	Surrogacy is a perfect solution for couples who went through hell trying to conceive with no success.	1	1	0	0	0	1	0	0	0	0	1.0
2405	We should limit executive compensation	against	executives who run huge profitable companies that employ many people should be highly compensated for doing so	1	0	0	0	1	0	0	0	0	0	1.0
5663	We should subsidize vocational education	against	vocational education caters to trades that will become obsolete in the future.	1	0	0	0	0	0	1	0	0	1	1.0
2338	We should limit executive compensation	in favor of	workers would be more motivated to do a good job if they were compensated more instead of giving the executives so much	1	0	0	0	1	0	0	0	0	0	1.0
5284	 Foreign Policy at the EU level should be based on an absolute majority, not unanimity.	against	Changing the EU foreign policy voting procedure will cause serious problems.	1	0	1	0	0	1	0	0	1	0	1.0
2810	We should adopt a multi-party system	in favor of	a multi-party system allows for more unqualified people to get into the race	1	0	0	0	0	1	0	0	0	1	1.0
673	We should limit judicial activism	in favor of	judges should be limited to upholding law rather than making it. that job is politicians.	0	1	1	0	1	0	0	0	1	1	1.0
2041	We should introduce compulsory voting	against	if it against their will people will choose randomly and it will negate the choices of others	0	0	0	0	1	0	1	0	0	1	1.0
5021	The EU should equalize the retirement age for all Europeans. 	against	Retirement is often funded by taxes and taxes are decided by each member state. So each member state should also be the one who decides how those taxes are spent. For some countries, a retirement age of 65 may be unaffordable or undesirable, while for others it may not.	0	0	0	0	1	0	1	0	0	0	1.0
4444	We should introduce compulsory voting	in favor of	mandatory voting is the best way to ensure that elected officials truly reflect the will of the people.	0	1	0	0	1	0	0	0	0	1	1.0
7263	We should promote European values and secure a Global Transition to CO2 Neutrality	against	I oppose tying investment to ideological convictions. Generally, there has been way too much ideology in European matters, and conflicts that derive from a conflict of worldviews within Europe have already contributed greatly to the current crisis of the EU this conference hopes to address. Specifically, when it comes to trade, all that should matter are our financial, economic, and strategic interests. Let us leave ideology to that very expensive talking shop: the European Parliament. 	0	0	0	0	1	0	0	0	0	1	1.0
6752	We should abandon television	in favor of	television is an out-dated form of entertainment that has been succeeded by the internet.	0	0	0	1	0	0	1	0	0	1	1.0
1420	We should ban fast food	against	we shouldn't ban fast food in some ocations	0	0	0	1	0	1	1	0	0	1	1.0
875	We should adopt gender-neutral language	in favor of	gender neutral language will allow both genders to be included and liberated to succeed as much as possible.  removing gender benefits all and reduces discrimination and suppression.	0	0	0	0	1	0	0	0	0	1	1.0
751	We should abolish intellectual property rights	in favor of	maintaining intellectual property rights for all is too expensive, and maintaining these rights might restrict innovation in certain sectors.	1	0	0	0	1	1	1	1	0	0	1.0
4795	Companies should pay for the environmental damage cause by their products	in favor of	If all costs, including CO2 emissions of the production, the extraction of resources and its consequences for the region (environment and humans), ecosystem damage, recycling of the waste, and so on and so forth would be monetized and internalized in the costs of the products, many of our problems would be solved. It would simply make the more environmentally friendly products cheaper than the others and their production economically smarter. 	1	0	0	0	1	1	0	0	0	1	1.0
5687	Social media brings more harm than good	in favor of	social media provides an easy way for people to bully others without having to face the person they are bullying.	0	1	1	0	1	1	1	0	0	1	1.0
1495	We should subsidize space exploration	in favor of	space exploratin gives us an advantage over other countries such as satellite usage to target enemy combatants and nuclear arsenals.	1	0	0	0	1	1	0	0	0	1	1.0
3300	We should subsidize Wikipedia	in favor of	wikipedia should be financed different ways	1	0	0	0	0	1	0	0	0	0	1.0
2269	We should ban private military companies	against	private military companies can be useful to countries who do not have their own military.	1	1	0	0	1	1	0	0	0	1	1.0
6056	We should abandon television	in favor of	we should abandon television because people just want to sit around watching and becoming lazy	1	1	1	0	0	0	0	1	0	0	1.0
2125	We should subsidize Wikipedia	against	we shouldn't subsidize wikipedia because pages on wikipedia is user created and isn't always accurate	1	1	0	0	0	0	1	0	0	1	1.0
6912	We should promote Zero Budget Natural Farming all over India	in favor of	We are witnessing farmer suicides in the past few years in several parts of the country. This is mainly because of the high input costs involved in farming. To raise capital, they are forced to take loans and if the crop fails due to various reasons, they are opting for suicide. Zero Budget Natural Farming will prevent farmers from getting trapped in a vicious cycle of debts.	0	1	0	0	1	1	0	0	0	0	1.0
6457	We should abandon television	against	television can be shared by many, allowing to enjoy a show and foster discussion about topics that are being broadcast.	1	0	0	1	0	1	1	1	0	1	1.0
3299	We should abolish zoos	against	zoos protect species and provide learning	1	1	0	0	0	0	0	0	0	1	1.0
2135	We should legalize cannabis	in favor of	cannabis is a holistic and natural cure for cancer patients and should therefore be legalized	1	0	0	0	0	1	0	0	0	1	1.0
5053	We need to ensure improvements to the European Union's decision-making processes with increased transparency and accountability	in favor of	Decision-making is today made unilaterally minding short-term economic interests and employers' demands. We need a social, progressive policy in the EU.	1	0	0	0	0	0	0	0	0	1	1.0
1434	We should ban private military companies	against	private military companies offer a unique way of dealing with a problem, one that keeps our actual government out of it.	1	0	0	0	0	1	1	0	0	1	1.0
2598	We should adopt an austerity regime	against	an austerity regime promotes the continuation and growth of a country's debt which allows dependence on others instead of addressing and repairing issues of a particular country preventing self-growth.	0	0	0	0	1	1	1	0	0	0	1.0
1074	We should adopt atheism	in favor of	we should adopt atheism because you can live your life freely without the worry of being judged by god	1	0	0	0	0	1	1	0	0	1	1.0
1402	We should adopt gender-neutral language	against	many philologist said that gender-neutral language is hard to use, takes times to learn and will cost a lot of money.	1	0	0	0	1	1	0	0	1	0	1.0
3315	We should adopt a zero-tolerance policy in schools	against	children are still growing and forming their own personalities - a zero-tolerance policy allows no room for mistakes, at a time when children are testing boundaries and they need some flexibility to develop	1	1	0	0	0	0	1	0	0	0	1.0
6390	We should abandon television	in favor of	"television is a medium that no longer provides anything but mind-numbing ""entertainment"""	1	0	1	0	0	0	0	0	0	0	1.0
6049	Social media brings more harm than good	in favor of	social media is time consuming and we can spend our time doing something more productive	1	0	1	0	0	0	1	1	0	0	1.0
2980	We should adopt a multi-party system	in favor of	the current  system is broken and doesn't work. neither side can work together so having more options would force politicians to come together and do what's best for the people because no side would be majority	0	0	0	0	1	1	1	0	0	1	1.0
6476	Social media brings more harm than good	against	social media brings more good than harm because users are able to keep in touch with family and friends who do not live close to them.	0	1	0	1	0	1	1	0	0	0	1.0
1974	We should ban private military companies	against	private military companies might be engaged in times of conflict when regular national military service is not eunough	1	1	0	0	1	1	1	0	0	1	1.0
6544	Homeschooling should be banned	in favor of	some parents don't have a suitable education themselves to be able to educate their children.	1	0	0	0	0	0	0	0	0	0	1.0
1270	We should ban factory farming	against	it is the only way we currently have to feed the masses.	1	1	0	0	0	1	0	0	0	0	1.0
4763	Homeschooling should be encouraged in India 	in favor of	Every child is different. Homeschooling allows to design the curriculum based on the student's capabilities and interests.	1	0	0	0	0	0	1	0	0	0	1.0
1919	We should abolish zoos	against	zoos are an excellent way to provide entertainment and togetherness for families. they provide activities that no other venue can provide. they should not be abolished.	0	1	0	1	0	1	0	1	0	0	1.0
2493	We should subsidize embryonic stem cell research	in favor of	embryonic stem cell research could help us find new solutions to health problems	1	1	0	0	0	1	1	0	0	1	1.0
6267	We should subsidize vocational education	against	we should not subsidize vocational education because the responsibility should only fall on those who are wanting to go to school.	1	1	0	0	0	0	1	0	0	0	1.0
891	We should end the use of economic sanctions	against	its the only way to send a hard message	0	0	0	0	1	1	0	0	0	1	1.0
1393	We should abolish zoos	against	zoos provide an excellent learning opportunity for children.	0	1	0	1	0	0	1	0	0	1	1.0
2457	We should ban the use of child actors	in favor of	we should ban the use of child actors because it strips them of childhood, let them be children and play and mess around	0	0	0	1	0	0	1	0	0	0	1.0
4949	We need Integrated migration and border policy.	against	Migration has totally gotten out of control. The EU refuses to see the magnitude of it. Hundreds of millions like to migrate. All people without the right language and fitting education. The massive numbers of immigrants threaten the existence of EU societies, through crime, poverty, and housing shortage.	0	1	1	0	1	1	0	0	1	0	1.0
4691	College education should be free for everyone	in favor of	At present, the rich are getting richer and poor people are getting poorer. A free college education will reduce social inequality too because as everyone can study and learn the skills in college, everyone will have an equal opportunity to settle in the career of their choice.	1	1	0	0	1	1	1	0	0	1	1.0
203	We should subsidize Wikipedia	in favor of	wikipedia is valuable knowledge resource that should not be allowed to go under due to lack of resources and so should be subsidized	1	1	0	0	0	0	1	0	0	0	1.0
3030	We should abolish intellectual property rights	against	intellectual property rights should never be abolished in order to protect the successes of a businesses.	1	0	0	0	1	0	1	0	0	0	1.0
3835	We should subsidize Wikipedia	in favor of	wikipedia is the largest online encyclopedia in the world and we must ensure its proper functioning	1	0	0	0	0	0	1	0	0	0	1.0
6632	We should subsidize vocational education	in favor of	not everyone is suited for a professional job and having a skill or craft may be more suitable.	1	0	0	0	0	1	0	0	0	1	1.0
6221	We should abandon television	against	television is part of the entertainment of people and should not be prohibited	0	0	0	1	0	0	1	1	0	0	1.0
4638	The world does not need religion anymore	in favor of	In the past, every unknown thing dealt with religious beliefs. But now Science & Technology has taken over everything. We know the reasons for drought, earthquakes, windstorms, etc. they are scientific phenomena and not the wrath of gods anymore.	1	0	0	0	0	0	0	0	0	1	1.0
6175	Surrogacy should be banned	against	Surrogates are protected by legal contacts ensuring that they are reimbursed for their time and expenses.	0	1	1	0	1	0	1	0	0	1	1.0
4145	We should limit executive compensation	in favor of	PROFITS FROM A COMPANY SHOULD BE DIVIDED BETWEEN ALL WORKERS NOT JUST MANAGMENT	1	1	0	0	1	0	0	0	0	1	1.0
5501	Homeschooling should be banned	in favor of	homeschooling does not prepare children for the real world.  the child is not getting the top notch education they need in order to succeed in life.  the children deserve better.	1	0	0	0	0	0	1	1	0	0	1.0
5694	Intelligence tests bring more harm than good	against	intelligence tests allow an unbiased mechanism to get extra resources to those that have a higher capacity for learning yet lack the economic mobility to receive these resources.	1	1	0	0	0	1	0	0	0	1	1.0
5187	We do not need immigration from non-European or non-first-world countries 	against	Just arguing to keep migrants out is very shortsighted and unhistorical. By keeping migrants out, migration pressure will not abate. So what do you suggest for next year, 10 years from now?  	1	0	0	0	0	1	0	0	0	1	1.0
1288	We should ban cosmetic surgery for minors	against	minors should be able to make decisions to have cosmetic surgery if it will help their self-confidence.	1	1	0	0	0	1	1	0	0	0	1.0
1630	We should ban telemarketing	against	telemarketing is a form of sales that has been around for years and without it many jobs would be lost.	1	1	0	0	0	1	0	0	0	0	1.0
2448	We should fight for the abolition of nuclear weapons	against	nuclear weapons are effective in creating a stand-off between counties that have them. this can result in less people dying.	0	0	1	0	1	1	0	0	0	1	1.0
1035	We should ban cosmetic surgery	against	cosmetic surgery boosts people's self esteem.	1	0	0	1	0	1	1	0	0	0	1.0
1472	We should subsidize space exploration	in favor of	the future of mankind may depend on the ability to travel in space	1	0	0	0	0	0	0	1	0	1	1.0
4579	Technology is making us feel less human	in favor of	We are increasingly depending on technological devices to guide us. For example, we keep reminders on smartphones and google the questions for answers. We are outsourcing the activities that require intelligence to technology. Thinking, remembering things, and analyzing are essential qualities of humans. Too much dependence on technology is making us less human.	1	0	0	0	0	0	1	1	0	0	1.0
4132	We should stop the development of autonomous cars	in favor of	autonomous cars are dangerous, more dangerous than a single person could ever be.  we're trusting a computer program to make life and death decisions.	1	0	0	0	0	1	0	0	0	0	1.0
2801	We should introduce compulsory voting	against	we should not introduce compulsory voting because some people that are unable to read and or write will be voting	1	0	1	0	0	0	0	0	0	0	1.0
2567	We should abolish zoos	in favor of	zoo's are horrid places that keep animals in tiny cages and then charges the public high prices to see them.	0	0	0	0	1	0	0	0	0	1	1.0
2332	We should ban algorithmic trading	in favor of	algorithmic trading is unfair to the market	0	0	0	0	1	0	0	0	0	1	1.0
1407	We should abolish capital punishment	against	capital punishment is a way to deter heinous crimes.	0	0	1	0	1	1	0	0	0	1	1.0
3260	We should ban telemarketing	in favor of	telemarketing is considered a nuisance to many and other forms of advertising are much more effective and less invasive.	1	0	1	0	0	0	1	0	0	0	1.0
1278	We should fight for the abolition of nuclear weapons	in favor of	Nuclear weapon has lost it's deterrence after the cold war, and so it's not usefull anymore	1	0	0	0	0	1	0	0	0	1	1.0
6629	Intelligence tests bring more harm than good	against	intelligence tests helps to find out gifted kids	1	0	0	0	0	0	0	0	0	0	1.0
3753	We should fight for the abolition of nuclear weapons	in favor of	The material used to build bombs, radioactive and otherwise, could be used for industrial purposes, creating jobs and generally strengthening the economy.	0	1	0	0	1	1	0	0	0	0	1.0
2312	We should abolish capital punishment	against	capital punishment for the most violent crimes is acceptable because it costs thousands of dollars to keep a prisoner incarcerated for life.	0	0	0	0	1	1	0	0	0	1	1.0
5005	We need a better EU migration policy.	in favor of	The EU is driving in the dark with the lights switch off. 	1	1	0	0	0	0	0	0	0	0	1.0
3095	We should subsidize embryonic stem cell research	in favor of	embryonic stem cell research will enable us to make major breakthroughs in regards to the prevention and treatment of diseases.	1	1	0	0	0	1	1	0	0	1	1.0
6813	Homeschooling should be banned	against	homeschooling is a better way to help talented kids get an in-depth knowledge of  the subject they are really good at,	1	0	0	0	0	0	1	0	0	0	1.0
7336	We should prohibit capital monopoly.	against	Monopoly profits are the driving force behind technological progress in areas that require significant investment in research and development.	1	0	0	0	1	0	0	0	0	0	1.0
3973	We should prohibit school prayer	against	prayer can bring students a moment of peace and tranquility to an otherwise hectic school day.	0	0	0	1	0	1	0	0	1	0	1.0
1067	We should ban telemarketing	against	telemarketing allows small businesses to save money by reducing overhead costs.	1	0	0	0	1	0	0	0	0	0	1.0
1203	We should end mandatory retirement	against	it provides more jobs for people that need to earn an income for their families, so mandatory retirement is a good idea	1	1	0	0	1	0	1	0	0	0	1.0
1341	We should ban cosmetic surgery	in favor of	we should ban cosmetic surgery especially for vanity reasons because it makes people look stupid	1	0	0	0	0	1	0	0	0	1	1.0
2934	We should abolish the Olympic Games	against	the olympic games are a way for nations to compete in a friendly way and to encourage people of all ages to take up sport.	1	0	0	0	0	1	1	1	0	0	1.0
1475	We should stop the development of autonomous cars	against	people that can not drive will be able to go wherever they want.	0	1	0	1	0	1	1	1	0	1	1.0
5294	There should be better EU relations with Russia	in favor of	Distance is very important when trading.  Security is even more important in relation to distance.  It is without thought to escalate conflict and it is not in the interest of Europe.  Russia has centuries of history with European allies. It is in the interest of Europe to not leave Russia solely to China. We can all prosper.	0	0	0	0	1	1	1	0	1	1	1.0
4044	We should fight for the abolition of nuclear weapons	against	we should not fight for the abolition of nuclear weapons because a country needs extreme power to show other countries to not mess with them.	0	0	0	0	1	1	1	0	0	1	1.0
5077	EU needs an action plan against digital addiction 	against	Technology brings people together when they are distant, accelerates bureaucratic procedures, it allows us to work from home or from any country in the EU or outside. It allows for an immense flow of information to be easily accessible to us. As long as people do not want to do illegal online activities, it is each person’s individual decision what to do with their own online time or how much time they might want to be online.	1	0	0	0	0	1	1	0	0	1	1.0
4097	We should ban human cloning	against	human cloning not only can aid in securing the longevity of a familial line but aid in research to target diseases that can find a cure.	1	0	0	0	0	1	1	0	0	1	1.0
4487	We should ban telemarketing	against	on rare occasions they can have a benefit, possibly the elderly  can benefit as they are less familiar with the internet.	1	1	0	0	0	0	0	0	0	1	1.0
1430	We should ban algorithmic trading	in favor of	algorithmic trading may be an artificial manipulation of the market.	1	1	0	0	1	0	0	0	0	1	1.0
3413	We should end mandatory retirement	in favor of	a person's value should not be based on a number.  just because you reach a certain age does not mean you do not want or need to work.  mandatory retirement hurts elderly workers.	1	0	1	0	1	1	1	0	0	1	1.0
1156	We should legalize cannabis	in favor of	it`s been proven that cannabis has some relief who helping people suffering from terminal illness.	1	1	0	1	0	1	1	0	0	0	1.0
2949	We should abolish the right to keep and bear arms	against	people have a right to protect themselves with weapons, especially nowadays	0	0	1	0	1	1	1	0	0	0	1.0
6383	We should subsidize vocational education	against	subsidies for vocational education don't work because they do not increase the number of people who choose this career path	1	1	0	0	0	0	0	0	0	1	1.0
2890	We should subsidize space exploration	against	we should not subsidize space exploration since that is a waste of money.	0	0	1	0	1	1	0	0	0	0	1.0
6024	We should abandon television	in favor of	Too much television viewing causes people to become lazy and unable to think for themselves.	1	0	0	0	0	0	1	0	0	0	1.0
4878	We need a common migration and asylum policy, based on respect for rights and equal treatment	in favor of	Across the EU, young people are continuing to face a number of significant challenges to enter and get a  stable position in the labor market. They do not easily obtain good quality jobs with decent wages and are still faced with significant exclusion from regular employment, good-quality education, training opportunities as well as adequate inclusion and coverage in the national social protection systems. Young women and migrants are particularly affected. So we need a fairer migration policy but also consider migrant needs (and challenges) in other policy areas.  	1	0	0	0	1	1	0	0	0	1	1.0
4484	We should fight for the abolition of nuclear weapons	against	nuclear weapons development leads to other non-combative discoveries, such as nuclear energy.	1	0	0	0	0	0	1	0	0	0	1.0
2007	We should fight for the abolition of nuclear weapons	against	nuclear weapons are a symbol of power and strength that can prevent other countries from attacks, giving us a place as a world power.	0	0	0	0	1	1	0	0	0	1	1.0
4580	Technology is making us feel less human	against	Using technology, people are maintaining and improving relationships with their friends, family, and relatives. Many people are also connecting with each other to help the needy and inspire each other. So, now we have better tools to build human connections.	0	1	0	1	0	1	0	1	0	0	1.0
1240	We should adopt an austerity regime	against	an austerity regime will be a disaster.   people will lose jobs as programs are cut and this could lead to riots and unrest as it did in greece in 2011.	0	0	1	0	1	1	0	0	0	1	1.0
5149	The EU needs more effective policies to combat online hate speech	in favor of	Yes, the European Union needs effective policies to combat online hate speech and these need to be regularly updated as technology evolves and to take into account worldwide learning on how to effectively combat online hate speech.	1	1	1	0	0	1	0	0	0	1	1.0
187	We should ban cosmetic surgery for minors	against	We should not ban cosmetic surgery for minors because there are legitimate cases when it would improve a young person's mental health.	1	1	0	0	0	1	1	0	0	0	1.0
2012	We should limit judicial activism	against	some laws may not be the best, and opinions are needed.	0	1	0	0	1	1	0	0	0	1	1.0
2495	We should subsidize Wikipedia	against	wikipedia is too vulnerable to manipulation to be considered a trusted source.	1	1	0	0	0	0	1	0	0	1	1.0
1657	We should limit executive compensation	against	executive compensation provides motivation for executives to act in ways that are beneficial to the company and shareholders.	1	0	0	0	1	0	0	0	0	0	1.0
3159	We should abolish intellectual property rights	against	the rights holder would make less money could their creation would be diluted by copycats	1	0	0	0	1	0	1	0	0	1	1.0
3468	We should subsidize student loans	against	the national debt is out of control and we cannot afford to add to it further.	0	1	0	0	1	1	0	0	0	0	1.0
6855	We should subsidize vocational education	against	vocational education is a hands on learning enviornment where job skills can be learned on the job and therefore doesn't need to be subsidized.	1	0	0	0	0	1	1	0	0	1	1.0
6387	Homeschooling should be banned	against	some students with special needs will need more personalized attention that only homeschooling can provide.	1	1	0	0	0	0	1	0	0	1	1.0
5161	Esperanto should replace English as the first foreign language in schools and universities	in favor of	Esperanto is politically neutral: it is not used by any European nation. Although there is some culture connected to the language, there is no political or economic power imposing it. Also, where English is connected to the US, Canada, Australia, and other countries, Esperanto would be a truly European language.	1	0	0	0	0	1	1	0	0	1	1.0
5300	Esperanto should be the common language for the European Union.	in favor of	'Natural' languages were never designed to be used for international communication. They reflect their own cultures and are perfect for use in their own communities, but the international language has different requirements. Esperanto has been specifically designed for this purpose, as an auxiliary language, one that can bring people together. It needs serious consideration!	1	1	0	0	0	1	0	0	1	1	1.0
6845	Payday loans should be banned	in favor of	Those who offer Payday loans prey on the people who can least afford to repay them.	1	1	1	0	1	1	0	0	0	1	1.0
6550	Intelligence tests bring more harm than good	against	intelligence tests are but one way to give teachers a means to see if a child needs special courses.  an entire course of instruction is not based on just one test, it is only one tool.	1	1	0	0	0	0	0	0	0	1	1.0
3477	We should end the use of economic sanctions	against	economic sanctions are a good way to get things to happen in a target area	1	1	1	0	1	1	0	0	0	0	1.0
3369	We should ban the use of child actors	against	child actors should not be banned just because of a few bad apples.  with good direction, these actors can go on to pay their own college costs and become responsible citizens.	1	1	0	0	0	1	1	0	0	0	1.0
2615	We should ban private military companies	in favor of	private companies have less strict guidelines and less oversight which makes them careless	1	1	1	0	0	1	0	0	0	0	1.0
5328	The EU needs a single market for news	in favor of	We have a deficit in democracy in the EU because of the lack of coverage of European affairs in our media. It's also the reason why people don't know much about the EU and don't understand how it benefits us all.	1	1	0	0	0	0	0	0	0	1	1.0
5325	There should be a president for the EU elected by the people.	in favor of	We need one single president of the Commission that will chair the Commission and the Council. I wonder though how the president of the EU Parliament would be involved in this structure. 	1	1	0	0	1	1	0	0	0	0	1.0
6553	Intelligence tests bring more harm than good	in favor of	this is beneficial only to the people who go to good schools and aern't living in poverty.   these tests are unfair to kids in low income poverty areas.   we should not have them.	1	0	0	0	0	0	0	0	0	1	1.0
6061	We should subsidize vocational education	in favor of	we should subsidize our vocational education so that the workforce is stronger, more educated in their specific field, and more jobs are filled which boosts the economy	1	0	0	0	1	1	1	0	0	1	1.0
776	We should ban factory farming	against	it is the most efficient way to produce food	1	0	0	0	0	1	0	0	0	0	1.0
3221	We should legalize sex selection	in favor of	sex selection would allow the ability to balance the gender gap, allowing for an even capability to increase the population reproductively.	1	1	0	0	0	1	0	0	0	1	1.0
3241	We should subsidize space exploration	in favor of	the technology we get from space exploration alone is worth the cost of it	1	0	0	0	1	0	0	0	0	1	1.0
2234	We should end mandatory retirement	against	mandatory retirement is necessarily, in many cases, to force someone out of a job that their age dictates they can no longer do appropriately.	1	1	0	0	1	0	0	0	0	1	1.0
3922	We should end mandatory retirement	against	mandatory retirement serves a purpose. the job market would be crowded out by those past retirement leaving those entering the work force no jobs. that inceases poverty and throws the economy into chaos.	0	0	0	0	1	1	0	0	0	1	1.0
6044	The vow of celibacy should be abandoned	in favor of	the vow of celibacy represents a time when sex was considered dirty and taboo, instead of merely a part of human nature.	0	0	0	1	0	0	1	0	0	1	1.0
2884	We should ban factory farming	against	The population is growing ever larger and we need efficient ways to produce enough meat for it.	1	1	0	0	0	1	0	0	0	0	1.0
882	We should adopt an austerity regime	against	We should not adopt an austerity regime because this move hurt people that are living on their pensions and people pay more taxes and this hurt a lot of people	1	0	0	0	1	1	1	0	0	1	1.0
4863	The EU should have common taxation and social policy	in favor of	The future is 'work mobility'; thus we need to simplify taxation, enhance remote working opportunities, and enable inter-country recruitment for companies.	1	0	0	0	0	1	1	0	0	0	1.0
1466	We should introduce compulsory voting	against	people should be allowed to not vote as a way to protest the government	1	0	0	0	1	0	1	0	0	0	1.0
2760	We should ban cosmetic surgery	against	cosmetic surgery can help people with self esteem issues	1	1	0	0	0	1	1	0	0	1	1.0
3047	We should introduce compulsory voting	in favor of	compulsory voting would insure that every eligible voting citizen is able to aid in who they want for political offices.	0	1	0	0	1	1	1	0	0	1	1.0
1537	We should end the use of economic sanctions	against	if a government is doing something wrong like apartheid we should not be trading with them as it shows support for that behaviour.	0	1	0	0	1	0	0	0	0	1	1.0
3569	We should ban factory farming	in favor of	Factory agriculture can cause disasters in the economy and cause unfair competition with farmers	1	0	1	0	0	1	0	0	0	1	1.0
4195	We should adopt a multi-party system	in favor of	we should adopt a multi-party system because we need more than one opinion to round out solutions.	1	0	0	0	0	1	1	0	0	1	1.0
4611	We should subsidize higher education institutions	in favor of	Indians as a whole consider educational institutions as job machines, we expect to enter unemployed and come out with employment. We don’t realize that we will have to upgrade our skills to become worthy of employment. This is the reason that more than 80% of engineers are unemployable and the figures are even worse for the non-engineers.	1	0	0	0	0	0	0	0	0	0	1.0
3956	We should ban factory farming	against	we should not ban factory farming as it is the most efficient method of farming to produce enough food for the population.	1	1	0	0	0	1	0	0	0	0	1.0
5900	Intelligence tests bring more harm than good	against	intelligence tests are important for differentiating instruction for students that need it.	1	0	1	0	0	0	1	0	0	1	1.0
3745	We should subsidize student loans	in favor of	better education is good for the nation	1	0	0	0	0	1	1	1	0	1	1.0
4161	We should ban cosmetic surgery for minors	against	we should not ban cosmetic surgery for minors because they should have the freedom to express their beauty even if that means correcting it with surgery. it can improve their self-worth and happiness.	0	0	0	1	0	1	1	0	0	1	1.0
1843	We should legalize cannabis	in favor of	cannabis can help alleviate many medical issues.	0	1	0	1	0	1	0	0	0	0	1.0
6696	Intelligence tests bring more harm than good	in favor of	intelligence tests could label a child as unintelligent when they are not fully developed and so stunt their intellectual growth by placing them in lower levels	1	0	0	0	0	0	0	0	0	1	1.0
410	We should ban algorithmic trading	against	algorithmic trading is faster and more accurate than human guesswork and so provides greater value to shareholders.	1	0	0	0	1	0	0	0	0	1	1.0
1848	We should subsidize space exploration	against	there are already too many problems in the world that could use the resources more than space.	0	0	0	0	1	1	0	0	0	1	1.0
7107	We should impose an IQ test to immigrants	against	IQ tests do not prevent ill-intentioned people from entering our borders. Canada aims to receive 400,000 people each year, and how intelligent or skilled they are does not matter. People working in the agricultural fields are being naturalized, relatives are being naturalized.	1	0	0	0	0	0	0	0	0	1	1.0
5072	The President of the European Commission should be directly elected by direct universal suffrage	against	I don't think the EU needs the same problem as France where the elections are just about which guy people should select and which candidate looks the best to handle the position. 	1	1	0	0	0	0	0	0	0	0	1.0
1645	We should stop the development of autonomous cars	against	we should not because it will cause much less accidents on the road.	1	1	1	0	0	1	0	0	0	0	1.0
3539	We should stop the development of autonomous cars	in favor of	autonomous cars are not trustable in every aspect of safety. we can't trust the robots and their ability to react in such a situation which humans will react in according of situation.	1	0	0	0	0	1	0	0	0	0	1.0
4168	We should fight for the abolition of nuclear weapons	against	Nuclear weapons also provide a safety net for countries in case of an attack  and should not be banned.	1	0	0	0	0	1	0	1	0	1	1.0
3871	We should stop the development of autonomous cars	in favor of	autonomous cars are too risky on the road, hackers can find a way to take control and cause accidents	0	0	1	0	1	1	1	0	0	0	1.0
6053	Social media brings more harm than good	against	social media is a great place to meet new like minded individuals and make new friends	0	0	0	0	1	1	0	0	0	1	1.0
1404	We should ban missionary work	against	missionary work is important to help educate those in third world countries so they can improve their way of life.	1	0	0	0	0	1	1	0	1	0	1.0
989	We should subsidize Wikipedia	in favor of	wikipedia is a valuable resource that deserves funding	1	0	0	0	0	0	1	0	0	1	1.0
5400	Intelligence tests bring more harm than good	in favor of	intelligence tests can prevent someone from pursuing their passion which they may be able to achieve with hard work	1	0	0	0	0	0	1	0	0	0	1.0
3037	We should limit executive compensation	against	executive compensation is a way to reward and incentivize the top employees.	1	0	0	0	1	0	0	0	0	0	1.0
2808	We should end the use of economic sanctions	against	without the use of economic sanctions a country has very little way of objecting to another country's actions without resorting to violence.	1	0	0	0	1	1	0	0	0	1	1.0
3337	We should adopt atheism	in favor of	atheism is simply the end result of rational thinking, refusing to blindly believe in things that are unproven - this is healthier attitude, since religious adherence leads to all mannor of intolerance.	1	0	0	0	0	0	1	0	0	1	1.0
7293	We should ban the trading of virtual currencies.	in favor of	Virtual currency creation does not provide commodities with corresponding value to the market.	1	0	0	0	0	0	0	0	0	1	1.0
1184	We should abolish intellectual property rights	in favor of	intellectual property right stop innovation and progress by not allowing general development of an idea by others who may deserve that opportunity	1	0	0	0	1	0	1	0	0	1	1.0
864	We should abolish intellectual property rights	against	somebody was working hard to make something and then should be rewarded for it. that`s what intellectual property rights all about.	1	0	0	0	1	0	0	0	0	1	1.0
4971	There should be no illegal migration	in favor of	We must stop all loopholes - for example automatically rejecting asylum claims of anyone who enters Europe illegally.	0	0	1	0	1	0	0	0	0	1	1.0
5656	The vow of celibacy should be abandoned	in favor of	celibacy is responsible for the child abuse cover up by the catholic church	0	0	1	0	1	0	1	0	0	1	1.0
1835	We should abandon the use of school uniform	in favor of	school uniforms stifle the ability of kids to be creative in how they dress and express themselves.	0	0	0	1	0	0	1	1	0	0	1.0
3941	We should introduce compulsory voting	against	compulsory voting is not only ridiculous it would also be impossible to enforce.	1	0	0	0	0	0	1	0	1	1	1.0
785	We should adopt a multi-party system	in favor of	A multi-party system would bring in a lot more choice of representation for the people living in the country.	0	0	0	0	1	1	1	0	0	1	1.0
5671	Payday loans should be banned	in favor of	payday loans only serve to get people into more money troubles.	1	1	1	0	1	1	0	0	0	0	1.0
1524	We should subsidize Wikipedia	in favor of	wikipedia is an inexhaustible source of knowledge and we must take care of it	1	0	0	0	0	0	1	0	0	1	1.0
4411	We should fight for the abolition of nuclear weapons	against	we must protect ourselves and these weapons allow us to	1	0	0	0	0	1	0	0	0	0	1.0
6210	Homeschooling should be banned	in favor of	homeschooling does not give children social interaction.	1	0	0	0	0	1	0	1	0	0	1.0
3855	We should abolish capital punishment	against	capital punishment remains a good deterrent for serious crime	0	0	1	0	1	1	0	0	0	0	1.0
5498	Intelligence tests bring more harm than good	in favor of	intelligence tests don't determine someone's real intellect.  that is shown in their everyday lives.	1	0	0	0	0	0	0	0	0	1	1.0
271	We should abolish zoos	against	Zoos are a great and cheap way for children to learn about animals from all over the world.	1	0	0	0	0	0	0	1	0	1	1.0
5512	We should subsidize vocational education	in favor of	subsidies for vocational education would help solve the problem of skills shortages in many trades	1	1	0	0	0	1	0	0	0	0	1.0
2203	We should adopt a multi-party system	against	this would result in inaccurate representation in government. if there where numerous parties, votes would be split all over and the party people least wanted would win resulting in inaccurate representation.	1	1	1	0	0	1	0	0	1	1	1.0
2238	We should introduce compulsory voting	in favor of	Compulsory voting should be introduced to ensure that the results of elections are completely representative of the population.	0	0	0	0	1	1	0	0	0	1	1.0
1970	We should cancel pride parades	against	pride parades help promote a diversity of lifestyle options & thinking	0	0	0	1	0	1	1	1	0	1	1.0
4483	We should end the use of economic sanctions	against	economic sanctions are useful to stop bad actions.	1	0	1	0	1	1	0	0	0	0	1.0
5905	Homeschooling should be banned	in favor of	homeschooling does not compare to regular schooling.  home schooled children tend to learn the bare minimum, with the bare minimum of effort.	1	0	0	0	0	0	0	0	0	1	1.0
4686	We should have psychological counseling in educational institutions	in favor of	Many students struggle with several issues such as anxiety, self-esteem issues, trouble forming friendships, etc. Guidance and support are very important to help them overcome these problems. So, educational institutions should have mental health professionals to help students.	1	1	0	0	0	1	0	0	0	1	1.0
3445	We should subsidize Wikipedia	in favor of	it is a valuable resource so a subsidy would help by allowing the website to produce and edit more quality articles	1	0	0	0	1	0	0	0	0	0	1.0
769	We should abolish the Olympic Games	against	the olympic games brings together the world in a peaceful environment	1	0	0	0	0	1	0	0	0	1	1.0
4811	Intensive livestock farming should disappear	in favor of	In Germany, 60% of the land is used for animal feed. In determining how much subsidy a holding receives, the area of the holding is decisive. In other words, a lot of land, a large amount of subsidy. This results in cheap animal feed and, ultimately, intensive livestock farming. Thus, if the state subsidises animal feed and livestock farming on the basis of their size and not on the basis of sustainability and animal welfare, the concept of intensive livestock farming will be supported.	1	0	0	0	1	0	0	0	0	1	1.0
5246	The EU should join NATO	in favor of	It would be easier if the EU joined NATO. The internal rivalry between the single EU states would stop. Also, the issue of a legitimate European army would be solved. However, I am not sure how this would work out in legal terms. Federations have already joined NATO, rather than individual states, but what would be the status of the EU?	0	0	1	0	1	1	0	0	0	1	1.0
1366	We should subsidize student loans	against	there are better things the government can do with that money.	0	0	0	0	1	1	0	0	0	1	1.0
6087	We should subsidize vocational education	against	schools need to use financial resources on higher priority courses of study.	1	1	0	0	0	0	0	0	0	1	1.0
2145	We should abolish intellectual property rights	in favor of	intellectual property rights eliminate competition which causes higher prices	1	0	0	0	1	0	1	0	0	1	1.0
3377	We should abolish intellectual property rights	against	people have a right to protect their ip from larger corporations who have the finances to exploit other people's ip for their own financial gain.	1	0	0	0	1	0	0	0	0	1	1.0
4438	We should introduce compulsory voting	against	some people don't care about voting and if required would just pick random choices, which could have disastrous consequences.	1	1	0	0	0	1	0	0	0	0	1.0
2555	We should ban cosmetic surgery for minors	in favor of	cosmetic surgery is something that is life long.  which is why minors, who's brains are not fully matured yet, don't have the ability to truly make such a decision for themselves.	1	1	0	0	0	0	0	0	0	1	1.0
2529	We should subsidize student loans	in favor of	we should subsidize students loans so that more kids can get a better education, they are the future after all and we will need doctors, engineers, scientists, etc.	1	0	0	0	1	1	0	0	0	1	1.0
5244	We need a single immigration policy.	in favor of	We do need migrants, from an ethical and practical point of view. Europe is old and archaic in most of its practices. Innovation is failing and the best we can do is defend the status quo and the old people in power.   	1	0	0	0	0	0	1	0	0	1	1.0
4843	Immigrants should receive help from the EU through integration programs	against	No, Europe is not a colony. Immigration has been devastating. Public EU officials who support immigration should be named and the European people must be given a democratic opportunity to remove them from positions of power and influence.	0	1	0	0	1	1	0	0	1	0	1.0
1933	We should end the use of economic sanctions	in favor of	economic sanctions are outdated and does not cause any repercussions.	1	0	0	0	0	1	1	1	0	1	1.0
7253	We should strengthen Frontex and control immigration.	in favor of	 Mass migration is a crime against humanity and has to stop!	0	0	1	0	1	1	0	0	0	1	1.0
2315	We should abandon the use of school uniform	in favor of	school uniforms are unflattering, uncomfortable, and expensive.	0	0	0	1	1	1	1	0	0	1	1.0
3596	We should abolish intellectual property rights	against	intellectual property rights protects the ideas that will lead to a solid invention/investment and therefore need to be protected, not abolished.	1	0	0	1	1	0	1	0	0	0	1.0
112	We should legalize prostitution	in favor of	legalising prostitution will ensure the safety of both the sex trade worker and client	1	0	0	1	1	1	0	0	0	1	1.0
4778	Censorship of movies is an outdated concept	in favor of	Filmmakers spend lot of money and time to make movies. If parts of the movie is cut in the name of censorship, they will be discouraged to make more movies.	1	0	0	0	0	0	1	0	0	0	1.0
2610	We should abolish capital punishment	against	Giving a killer the death sentence will stop them  doing it again	0	0	1	0	1	1	0	0	0	1	1.0
3293	We should fight for the abolition of nuclear weapons	against	nuclear weapons should not be abolished because they provide a safety net.   rogue nations have fear of the power of nuclear weapons.	0	1	0	0	1	1	0	0	0	1	1.0
7229	We should not have any immigration from non-European or non-first-world countries 	against	Halting all immigration from non-European or non-first-world countries is shortsighted. We need to selectively pick people who can and are willing to contribute to the greater good like Australia and Canada and do prescreening instead of banning everyone.  	1	0	0	0	0	0	1	0	0	1	1.0
6126	We should abandon television	in favor of	we should abandon television because it is a waste of time. people could get so much more done without it.	1	1	1	0	0	0	1	1	0	0	1.0
6055	Homeopathy brings more harm than good	in favor of	homeopathy needs to be used with caution as home remedies don't always have what it takes to truly treat a patient.	1	1	0	0	0	1	0	0	0	1	1.0
4169	We should adopt a zero-tolerance policy in schools	in favor of	zero tolerance policies lead to better outcomes in schools	1	1	1	0	0	0	0	0	0	0	1.0
5286	The EU should be a permanent member of the UN Security Council.	in favor of	It is a good idea that France should coordinate its positions on the UN Security Council with the EU or leave its seat to the EU entirely. This way foreign policy decision-making within the EU can be made more straightforward.	1	0	1	0	1	0	1	0	0	0	1.0
5578	Social media brings more harm than good	against	it provides people with connection. you can stay in touch with family or friends frequently and easily that without this platform might not be possible.	1	1	0	1	0	1	0	0	0	0	1.0
4109	We should end mandatory retirement	against	mandatory retirement is useful. creating a scheme in which old workers retired to give place to young workers permits to revive the economy and brings in fresh ideas and innovation	1	0	0	0	1	1	1	0	0	1	1.0
6548	Social media brings more harm than good	against	social media enables people to contact others when they're a long distance away and other means are unsuitable.	1	1	0	1	0	1	0	0	0	0	1.0
6179	We should subsidize vocational education	against	vocational education is positive but to be subsidize from the government is wrong as there is other causes which should be subsidized.	1	0	0	0	0	1	1	0	0	0	1.0
4410	We should subsidize journalism	in favor of	we should subsidize journalism because it's a job market that's needed and financially in trouble because of free online news sources.	1	1	0	0	1	1	0	0	0	1	1.0
2337	We should abolish the three-strikes laws	in favor of	we should get rid of the three-strikes law since it hasn't shown to be effective in deterring crime.	1	0	0	0	0	0	0	0	0	1	1.0
906	We should ban factory farming	against	let the free market decide whether or not we should allow factory farming	1	0	0	0	1	0	1	1	0	1	1.0
6367	The vow of celibacy should be abandoned	in favor of	the catholic church is suffering and churches closing due to the lack of priests.  many men choose to leave the priesthood because they want to marry.  ending the vow of celibacy would help end this problem	0	0	0	0	1	0	0	0	1	0	1.0
5301	The EU should be a permanent member of the UN Security Council	in favor of	The idea that France should coordinate its positions on the UN Security Council with the EU is good because it does not request any specific UN decision (i.e recognizing the EU as a 'State'). It is enough that an internal EU-France agreement determines that the representative of France (appointed by agreement between France and EU) will now represent the EU (with veto right), and at the same time all other EU Member States will reinforce this representation by delegating their best specialists and put their own representation in vacancy. 	1	1	0	0	1	1	1	0	0	0	1.0
3268	We should end mandatory retirement	against	we shouldn't end mandatory retirement it helps the younger generations more likely to find jobs	1	1	0	0	0	1	0	0	0	0	1.0
3640	We should subsidize student loans	in favor of	student loans should be subsidized to allow thos students from poorer backgrounds to get a good education and improve themselves	1	0	0	0	1	0	1	0	0	1	1.0
3802	We should ban algorithmic trading	in favor of	algorithmic trading or computer controlled trading does not allow for last minute trade that take into consideration small rising stocks.	1	0	0	0	0	0	0	0	0	1	1.0
4254	We should ban telemarketing	against	telemarketing is a useful marketing tool for companies to gain new customers.	1	0	0	0	0	0	0	0	0	0	1.0
869	We should fight for the abolition of nuclear weapons	in favor of	we should fight for the abolition of nuclear weapons or else the entire world will destroy itself.	1	1	0	0	0	1	0	0	0	1	1.0
2282	We should subsidize student loans	in favor of	subsidizing student loans would allow those who previously could not afford to go to university, the opportunity to better themselves with good qualifications.	1	0	0	0	0	1	0	0	0	1	1.0
5455	The vow of celibacy should be abandoned	in favor of	clergy should have the option to marry and have a family like everyone else	0	1	0	1	0	0	1	1	0	0	1.0
4625	We should adapt the viable pay incentive scheme	in favor of	Variable pay definitely increases the productivity of employees. High-performing individuals feel well-compensated and rewarded for their efforts, while the under-performing ones also feel motivated to improve.	1	0	0	0	1	1	1	0	0	0	1.0
3560	We should ban the use of child actors	in favor of	child actors do not get a proper education and as such, the use of child actors should be banned	1	0	0	0	0	0	1	0	0	1	1.0
3003	We should oppose collectivism	against	collectivism helps encourage those who are minorities and may not be able to have luxuries others may have.	1	0	0	0	0	1	0	0	0	1	1.0
348	We should limit judicial activism	against	judicial activism is sometimes the best way to get things done	1	0	0	0	0	0	1	1	0	1	1.0
2878	We should ban algorithmic trading	in favor of	algorithmic trading is unfair because traders with faster computers and better connections to the market will have an advantage over others.	1	0	0	0	1	0	0	0	0	1	1.0
2647	We should legalize prostitution	in favor of	legitimate prostitutes as in those not forced into the trade are hurting no one and simply providing pleasure at a cost.  pleasure that some people can't get obtain any other way.	0	1	0	1	1	1	1	1	0	0	1.0
4286	We should oppose collectivism	against	we accept collectivism because it leads to less conflict due to people thinking as a team instead of one person thinking about themselves and causing trouble	1	0	1	0	1	1	0	1	0	1	1.0
2788	We should legalize prostitution	in favor of	by legalizing prostitution we would be making it safer for the prostitute by taking control away from the violent crime organizations	0	1	0	0	1	1	1	0	0	1	1.0
272	We should ban cosmetic surgery	against	Cosmetic surgery is important to repair damaged skin or member of people involved in an accident. This will help them regain confidence and live their life fully	0	1	0	1	0	1	0	0	0	0	1.0
5201	We need a single immigration policy.	against	What we are now seeing are the first waves of a human tsunami. In sub-Saharan Africa, over years the population will have grown to 2,0 billion.  That is more than the people who live in the EU and US today.  At the same time, the Population in the EU is shrinking. When we keep the border open the EU as a viable society will disappear.  Not much of a future for the young Europeans.	1	1	0	0	0	1	1	1	1	1	1.0
1531	We should ban targeted killing	in favor of	targeted killing should be banned as it is no more than assassination which has always been regarded as cowardly and underhand	1	1	1	0	0	0	0	0	0	1	1.0
2347	We should subsidize student loans	against	students should pay for their own education; it isn't fair that everyone has to pay for education through tax regardless of whether they use it.	0	1	0	0	1	0	1	0	0	1	1.0
375	We should adopt libertarianism	in favor of	libertarianism removes the big brother tyranny of big government and allows more freedom for the people	0	0	0	0	1	1	1	0	0	0	1.0
5897	Intelligence tests bring more harm than good	against	I.Q. tests provide genuine insight into an individual's capabilities	1	0	0	0	0	0	0	0	0	1	1.0
4785	There should be a ban on Bandhs	in favor of	Industries are also one of the worst hits. Investors may lose interest to invest in manufacturing sector as bandh by anyone results in the loss to them.	1	0	0	0	1	1	0	0	0	0	1.0
2084	We should abolish the three-strikes laws	in favor of	we should abolish the three strikes law. it doesn't deter crime and it is expensive to implement because it means more people will be prison for life. taxpayers don't deserve to pay for that.	1	1	1	0	1	1	0	0	0	1	1.0
5243	There should be a better post-Brexit European Alliance	against	The EU and its member states have already various partnership or neighborhood programs for Non-EU states.	0	0	1	0	1	1	0	0	0	1	1.0
790	We should adopt a zero-tolerance policy in schools	against	however these policies can impede the advancement of children from troubled backgrounds or with additional needs. they need a safe place to learn in a positive behaviours in a supportive environment.	1	1	0	0	0	1	0	0	0	1	1.0
954	We should subsidize space exploration	in favor of	subsidizing space exploration is a positive move to help advance our space program.	1	1	0	0	0	0	1	1	0	0	1.0
436	We should abolish safe spaces	in favor of	safe spaces should be abolished as this it just makes our society weak.	1	0	1	0	0	1	0	0	1	0	1.0
4852	Migrants should be housed in EU bureaucrats' neighborhoods	in favor of	EU bureaucrats who have enabled immigration must be named and a democratic process for removing them from power must be put into place.  Democracy must prevail over this multicultural fascism.	0	1	0	0	1	0	1	0	1	0	1.0
6232	Intelligence tests bring more harm than good	in favor of	Intelligence tests harm people by enforcing the concept of a uniform, almost two-dimensional intelligence, even though intelligence is a much broader concept.	1	0	0	0	0	0	0	1	0	1	1.0
1037	We should ban cosmetic surgery	against	we should not ban cosmetic surgery people some people don't like how they look and it's their money if they want to change that	0	0	0	1	1	0	1	1	0	0	1.0
1178	We should ban telemarketing	against	we shouldn't ban telemarketing because it is a useful way to make sales and it isn't overly abusive to people	1	0	0	0	1	0	0	0	0	0	1.0
2803	We should end mandatory retirement	in favor of	There is nothing about a younger workforce that is inherently better, and qualified young people will still be able to get jobs without a policy of mandatory retirement.	1	1	0	0	0	1	1	0	0	1	1.0
4258	We should adopt an austerity regime	against	austerity only suppresses the economy and makes the situation worse and for a longer period of time	0	0	0	0	1	1	0	0	0	0	1.0
2804	We should adopt libertarianism	against	libertarianism should not be adopted as rules are needed to ensure law and order and the continued status quo.	0	0	1	0	1	1	0	0	1	0	1.0
6035	Blockade of the Gaza Strip should be ended	in favor of	the blockade is hurting free trade.	1	0	0	0	1	1	1	0	0	1	1.0
5472	We should subsidize vocational education	in favor of	subsidizing vocational education would prepare people for careers and jobs.	1	0	0	0	1	0	1	1	0	0	1.0
4312	We should legalize prostitution	in favor of	prostitution should be legalized as this will allow women to be able to earn money from their services in a more safe way without worry about prosecution.	0	0	0	0	1	0	1	0	0	1	1.0
5176	There should be a common EU migration and asylum policy	against	A common policy is a completely wrong solution. It will only lead to the fact that the system will be fully implemented on the terms of Sweden and Germany, who support open borders, and will bring down the entire EU and the traditional welfare states.	1	0	0	0	0	1	1	0	0	1	1.0
746	We should limit executive compensation	in favor of	executive compensation should be limited to make companies more profitable.	1	1	0	0	1	0	0	0	0	0	1.0
1167	We should limit executive compensation	against	in a competitive market companies have to attract the best talent	1	0	0	0	1	0	0	0	0	0	1.0
5577	We should subsidize vocational education	in favor of	vocational education has previously been an area for the better off, so subsidising it would open vocational studies to everyone regardless of income.	1	0	0	0	0	1	0	0	0	1	1.0
2881	We should ban algorithmic trading	in favor of	we should ban algorithmic trading because algorithms don't always work and will cause people to lose a lot of money	1	1	0	0	1	1	0	0	0	0	1.0
1583	We should limit executive compensation	in favor of	we should limit executive compensation because it will lead to having to pay taxes at the highest tier	1	0	0	0	1	1	0	0	0	0	1.0
3544	We should limit executive compensation	in favor of	executive compensation can be come out of control.	0	0	1	0	1	1	0	0	0	0	1.0
7133	We should promote a plant-based diet	in favor of	In addition to this, schools and companies canteens should be required to serve mainly plant-based meals in order to reduce their impact and to educate their users.	1	0	0	0	0	0	0	0	0	1	1.0
3041	We should abolish capital punishment	in favor of	there is no credible evidence that capital punishment acts as a deterrent	1	1	0	0	0	0	0	0	0	1	1.0
3742	We should stop the development of autonomous cars	against	autonomous cars will facilitate long commute riding	1	0	0	0	0	1	0	0	0	0	1.0
5494	Blockade of the Gaza Strip should be ended	against	the blockade is a way to try to get hamas to stop fire rockets into israel	0	1	0	0	1	1	0	0	0	1	1.0
5183	We do not want immigration from non-European or non-first-world countries 	in favor of	No more non-European immigration. The native Europeans have said NO.	0	0	0	0	1	0	1	0	0	0	1.0
2449	We should abolish capital punishment	against	Capital punishment incentivizes criminals to work with and confess to police as a means of potentially reducing their sentence and avoiding death, even if ti means life without parole.	1	1	1	0	1	1	0	0	0	1	1.0
355	We should ban targeted killing	against	we should not ban targeted killing since they are effective at eliminating terrorists with a smaller number of civilians being killed than most other military weapon	1	0	0	0	0	1	0	0	0	1	1.0
2371	We should legalize cannabis	in favor of	cannabis legalization is a lucrative revenue source	1	0	0	0	1	0	0	0	0	0	1.0
6911	We should promote Zero Budget Natural Farming all over India	against	The name – ‘Zero Budget Natural Farming’ is confusing. If anyone hears the name for the first time, he/she will think that this approach requires no investment. But it requires investment to spend on labor, cow maintenance, and water. The costs are very low when compared with other forms of agriculture, but it is not completely zero. To avoid this confusion, ZBNF was renamed as Subhash Palekar Natural Farming (SPNF). But, it was announced as ZBNF in the budget 2019.	0	1	0	0	1	1	0	0	0	1	1.0
756	We should adopt gender-neutral language	against	other languages such as spanish and french have even more gendered language than we do, and they have no problems	1	0	0	0	0	0	0	0	1	1	1.0
4052	We should subsidize embryonic stem cell research	in favor of	subsidized embryonic stem cell research will advance medical science more rapidly than would otherwise be the case	1	0	0	0	0	0	1	0	0	1	1.0
5794	The vow of celibacy should be abandoned	in favor of	the vow of celibacy is what drives the religious people to commit crimes	0	1	0	1	0	1	1	1	0	0	1.0
2247	We should limit judicial activism	against	every judge is trusted to give their own interpretation of the constitution; there is no way to prevent implicit biases from coming up in their decisions.	0	1	0	0	1	0	1	0	1	1	1.0
4830	Cohesion funds should be provided directly to cities and regions	in favor of	An increased percentage of funds dedicated to cities and regions that are controlled and distributed from the EU institutions directly to the local administrations can bypass the national systems which enable the political dependency in the first place.	0	0	1	0	1	0	1	0	0	0	1.0
3195	We should subsidize embryonic stem cell research	in favor of	this could save and enhance many lives that are already here, living! why should people needlessly suffer when answers could be found yet mostly looked down upon because of biblical reasons.	1	1	0	0	0	1	1	0	0	1	1.0
6597	Intelligence tests bring more harm than good	in favor of	intelligence tests often are inaccurate and give bad results.	1	0	0	0	0	0	0	0	0	1	1.0
446	We should legalize cannabis	in favor of	cannabis is no more harmful than cigarettes or alcohol, and no more addictive than the two.	0	0	0	1	0	0	1	0	0	1	1.0
787	We should abandon the use of school uniform	in favor of	school uniformlimits a childs ability to express themselves, experiment and develop as a person	1	0	0	0	0	0	1	0	0	1	1.0
4893	We need to change the immigration policy to prevent illegal crossing	against	Mass immigration is the biggest existential threat to the EU.  The UNCHR has already 70 million registered refugees, mainly from Africa and the ME. In Africa 400 million like to come to the EU.  Almost all people are without a useful education.  There is no other solution than an, almost, total stop to immigration.	1	0	0	0	0	1	0	0	0	0	1.0
6344	Payday loans should be banned	in favor of	payday loans allow people to spend money they do not have yet and then they have to pay interest on the loan.  this could cause them to need another loan to get through the next pay period.	0	0	0	0	1	1	0	0	0	1	1.0
7197	We should recognize Esperanto as one of the cultural languages of EU citizens	in favor of	The more language communication skills around the closer we can get in this complicated world we live in. The fact it is a popular language around the world but not really recognized in Europe should change. I fully endorse its recognition in Europe.	1	0	0	0	0	1	1	0	0	0	1.0
4849	Immigrants should receive help from the EU through integration programs	in favor of	Working in sectors in ample need of workers, such as the agricultural fields, will help to integrate immigrants once their situation has been legalized. And above all, education is needed, an intensive integration education both in the language (of course) and also culture: history, philosophy, literature, etc.	1	0	0	0	1	1	1	0	1	0	1.0
5569	We should abandon television	against	television is a healthy means of escape from every day stress for millions of people.	0	0	0	1	0	1	0	0	0	0	1.0
4328	We should subsidize student loans	against	no need to subsidize student loans, people can access education by using their own money and time	0	1	0	0	1	1	1	0	0	0	1.0
1317	We should end mandatory retirement	in favor of	if someone can still work they should be allowed. it will cause less strain on social security.	1	0	1	0	1	0	1	0	0	0	1.0
4908	The European Union should enforce the energy transition in its member states	in favor of	why should every country in the EU be sovereign in energy production? Within the countries also not every region is sovereign in this sense. We need to take advantage of the geographic potentials of the european continent for pragmatic solutions	1	1	0	0	1	0	0	0	0	1	1.0
6399	Homeopathy brings more harm than good	against	natural medicine is safer and is proven to work as well as traditional medicine.	1	0	0	0	0	1	1	0	0	0	1.0
6543	The vow of celibacy should be abandoned	against	no need to abandon the vow of celibacy because it tests the faith and devotion of the priest to god. those that are truly good and spiritual don't need have sexual relations when in a relationship with god.	1	0	1	0	0	0	0	0	1	0	1.0
3815	We should introduce compulsory voting	in favor of	compulsory voting would require everyone to participate in our democracy and ensure that a candidate is selected by more than just the 10 or 20 percent of the population that gets out to vote.	0	1	0	0	1	0	0	0	0	1	1.0
3203	We should ban missionary work	against	if people are proud of their religion and want to travel and spread the word, they should be able to freely. first amendment rights!	1	1	0	0	0	0	1	0	1	0	1.0
1973	We should ban algorithmic trading	against	algorithmic trading is fast and efficient and better able to deal with data	1	1	0	0	1	0	0	0	0	1	1.0
3423	We should subsidize journalism	against	journalism is a dying profession that is increasingly corrupt, so why use tax money towards it?	0	1	0	0	1	0	0	0	0	0	1.0
730	We should ban private military companies	against	Private military companies can provide more advanced technology because they are not restricted by governmental red tape.	1	0	0	0	0	1	1	0	0	0	1.0
1428	We should ban algorithmic trading	in favor of	Algorithmic trading causes substantial job loss for employees in the economic sector with few benefits to the market overall.	0	0	0	0	1	1	1	0	0	0	1.0
2393	We should ban algorithmic trading	against	the digitization of the sector raises the field of action of information. as computer models and algorithmic programs	1	0	0	0	1	0	0	0	0	0	1.0
762	We should ban missionary work	in favor of	missionary work is dangerous and not necessary	1	0	0	0	0	1	0	0	0	0	1.0
5508	Intelligence tests bring more harm than good	in favor of	IQ tests can make test-takers discouraged if they receive a bad score. They may not make an effort to succeed, since they already expect to fail.	1	0	0	0	0	0	0	0	0	0	1.0
781	We should limit executive compensation	in favor of	if a company has received enough profits to offer bonuses to their executives, the money could be better spent on giving bonuses to poorer staff members at the bottom of the chain.	0	0	0	0	1	0	0	0	0	1	1.0
6860	Blockade of the Gaza Strip should be ended	in favor of	the blockade makes it harder for the people in that area to make money, and their economy is on the verge of collapse according to world bank.	0	0	0	0	1	1	0	0	0	0	1.0
4858	The EU needs a reorientation of migration and asylum policy	against	The World, in particular Africa and the Middle East, is experiencing a huge population explosion. They seem not to be able to cope with it as China did.  Who is going to take all these millions of refugees which result from it?  Also, consider that the integration of one non-western immigrant costs 167.000 euros.  If the EU intends to survive it has to stop more or less all migration.	0	1	0	0	1	1	0	0	0	1	1.0
4548	We should ban fast food	against	in a fast paced society a quick meal is a blessing	0	1	0	1	0	1	0	0	0	0	1.0
5601	Homeschooling should be banned	in favor of	homeschooling does not give a child time away from home	1	0	0	0	1	0	1	1	0	1	1.0
238	We should ban whaling	against	if people can get food and other products from whaling that helps sustain them, then it shouldn't be banned.	1	0	0	0	0	1	0	0	0	0	1.0
5525	We should subsidize vocational education	against	most vocational jobs will be automated in the future so it is not wise to spend money to subsidize traditional vocational education	0	0	0	0	1	1	0	0	0	1	1.0
2081	We should limit executive compensation	in favor of	executive compensation should be limited because it is not fair that a ceo should not make that much more than the regular workers in a company.	1	1	0	0	0	1	0	0	0	1	1.0
4030	We should end the use of economic sanctions	against	economic sanctions are an effective tool and should be left as is	1	0	0	0	0	1	0	0	0	1	1.0
6950	Indian government should increase the minimum legal age of marriage for girls from 18 to 21 years	in favor of	As several girls are married at 18 years, they are not having financial independence. This is resulting in dependence on their husbands for survival. The dependence will force them to stay in the relationship even if it is abusive. So, raising the minimum legal age for marriage can empower women and can help them in achieving financial independence before marriage.	0	0	0	0	1	0	1	0	0	1	1.0
5985	Entrapment should be legalized	in favor of	luring a criminal in a well controlled way is the best method of capturing them	1	0	0	0	1	1	0	0	0	0	1.0
6340	The use of public defenders should be mandatory	against	if a person is able to afford better, more experienced attorneys to give them a better chance in court, then they should be able to.  public defenders are for those who can not afford the more expensive ones.	1	0	0	0	1	0	1	0	0	0	1.0
641	We should ban factory farming	against	factory farming is an efficient way to grow mass amounts of food for the food supply chain. it pushes innovation and makes farming more efficient and safer outcomes for the food supply.	1	0	0	0	1	0	1	0	0	1	1.0
1192	We should ban human cloning	against	human cloning opens up a path never before filled with benefits for human beings, allowing in the future the eradication of many diseases.	1	0	0	0	0	1	1	0	0	0	1.0
6875	Homeschooling should be banned	against	children who would not thrive in school often achieve better results and all round education being educated at home.	1	0	0	0	0	0	1	0	0	1	1.0
5277	 Foreign Policy at the EU level should be based on an absolute majority, not unanimity.	against	Abolishing the veto right in the current EU foreign policy voting procedure will only serve larger nations in the union and small member states would lose all their power and slowly turn into puppets of the larger nations instead of equal partners 	0	0	0	0	1	0	1	0	0	1	1.0
7357	We should ease the education involution.	in favor of	The overall test-taking ability of students has improved, but the top stream universities and other quality educational resources have not increased proportionally.	1	0	0	0	0	0	0	0	0	0	1.0
4641	We should forbid neo-banks	in favor of	Tech literacy is still very low in India. Traditional banks can meet the banking requirements of less tech-savvy customers or people in rural areas of the country who prefer face-to-face interaction with the manager.	1	1	0	0	1	1	0	0	0	1	1.0
2328	We should subsidize embryonic stem cell research	in favor of	this research will lead to many developments in the treating and curing of a variety of diseases.	1	1	0	0	0	1	1	0	0	1	1.0
1958	We should ban algorithmic trading	against	algorithmic trading is a technological improvement on antiquated methods of trading and should be encouraged and improved.	1	0	0	0	1	0	0	0	0	1	1.0
4184	We should subsidize Wikipedia	against	subsidising wikipedia would open it up to outside influence and could result in a deterioration in the quality of the information as those subsidising it may want information changed to make it more positive	1	1	0	0	0	0	1	0	0	1	1.0
935	We should limit executive compensation	against	if someone has worked hard to get where they are in a company then they should be rewarded accordingly.	1	1	0	0	1	1	0	0	0	1	1.0
3399	We should subsidize embryonic stem cell research	against	there are other avenues of stem cell research that do not require the highly contentious and offensive use of embryonic cells	0	0	0	0	1	0	0	0	0	1	1.0
5268	We don't need immigration from non-European or non-first-world countries. 	against	What are you 5? And what do you mean by first-world? Should we create a task force just to understand what countries are to be considered the first world? Is it the money? The religion? The food? Their political system? And then reevaluate each year? This comment is plain ignorant. 	1	0	0	0	0	0	0	0	0	1	1.0
4802	Electric cars are not a solution to air pollution	against	It's by no means irrelevant what kind of cars people use; 25% renewable + 25% nuclear + 50% combustible is better than 100% combustible gasoline. 	1	0	0	0	0	0	1	1	0	1	1.0
5276	 Foreign Policy at the EU level should be based on an absolute majority, not unanimity.	against	Abolishing the veto right in the current EU foreign policy voting procedure will be the death of European solidarity. It would turn Europe into a polarized entity much like the American system and would firmly divide the European community on every issue.  	0	0	0	0	1	1	0	0	0	1	1.0
6823	We should subsidize vocational education	against	if somebody wants to gain some qualification for some jobs, then they need to go to university to get it and not to be subsidize from government.	1	1	0	0	0	0	1	0	0	0	1.0
1760	We should subsidize student loans	in favor of	student loans is a help for those who do not have resources	1	1	0	0	0	1	0	0	0	1	1.0
320	We should ban human cloning	against	we should allow human cloning as this will be beneficial to scientific advances in the future.	1	1	0	0	0	0	1	0	0	0	1.0
4640	We should forbid neo-banks	in favor of	People don’t trust neo-banks as much because they don’t have a physical presence, which makes them a risk for customers in case of any issues or challenges. In-person customer service may appear more trustworthy to customers.	1	1	1	0	0	1	0	0	0	1	1.0
2027	We should abolish the Olympic Games	against	the olympic games create a tourism boom for the host city which injects a lot of cash which can be used to better locals so it shouldn't be abolished.	1	0	0	0	1	1	0	0	0	0	1.0
2132	We should ban telemarketing	against	telemarketing can help companies reach a wider audience.	1	1	0	0	1	0	0	0	0	0	1.0
4664	NEET exam should be banned	in favor of	As the exam requires additional study, coaching centers are taking advantage of the situation and are charging lakhs of rupees for the coaching for the NEET exam. So, due to this, students who cannot afford the coaching are at a disadvantage.	1	0	0	0	0	0	1	0	0	1	1.0
1239	We should ban the use of child actors	against	children provide unique storytelling opportunities for movies and should not be banned as long as they are properly raised and cared for.	1	1	0	1	1	0	1	0	0	0	1.0
2942	We should ban algorithmic trading	against	Algorithms can be tested against historical data, helping you optimize your trading strategy.	1	0	0	0	1	0	0	0	0	1	1.0
4979	Humanitarian organizations should be financially responsible in relation to illegal immigration.	in favor of	A humanitarian association that helps a migrant to enter the EU illegally, should be required to provide financial support in dignified conditions. 	0	1	0	0	1	1	0	0	0	0	1.0
1447	We should ban telemarketing	against	The telemarketing industry is huge, and any attempt to shut it down will cause a rise is unemployment and will damage the economy.	1	0	0	0	1	1	0	0	0	0	1.0
2962	We should ban algorithmic trading	against	algorihmitic trading is much less expensive for the individual trader.	0	1	0	0	1	0	0	1	0	1	1.0
512	We should abolish zoos	against	zoos bring a lot of money in which can be spent on animal research and stop their extinction.	1	0	0	0	0	0	0	0	0	1	1.0
3694	We should adopt an austerity regime	in favor of	An austerity regime is very important during economically stressful times.	0	0	0	0	1	1	0	0	0	0	1.0
5524	Payday loans should be banned	against	payday loans are the best alternative for those who can not maintain a bank account.	0	0	0	0	1	0	1	0	0	1	1.0
2174	We should ban the use of child actors	against	if a child wants to act they have every right to	1	0	0	0	0	0	1	0	0	0	1.0
3714	We should limit executive compensation	against	an owner of a company should be allowed to make as much money as possible	1	0	0	0	1	0	0	0	0	0	1.0
5983	Intelligence tests bring more harm than good	in favor of	intelligence tests bring more harm than good since not all intelligence can be tested, for instance, one could be gifted socially and this cannot be tested.	1	1	0	0	0	0	1	0	0	1	1.0
3755	We should abandon the use of school uniform	in favor of	School uniforms are bad for children's self-image by making it even easier to compare themselves to other students.	1	0	0	0	0	1	1	0	0	1	1.0
5949	Homeschooling should be banned	against	families should have the continued option of homeschooling because bullying in schools and such exists.	1	1	1	0	0	1	1	0	0	1	1.0
2966	We should ban targeted killing	in favor of	we should ban targeted killing as it is an unfair advantage to those that do not have the same equipment.	1	0	1	0	1	0	0	0	0	1	1.0
5167	All workers and unemployed should have access to social protection, including young people	in favor of	To prevent precarious conditions, we must put in place quality standards, they must be binding for all jobs created under EU and National recovery plans. Better monitoring and trade union involvement are needed to assess and report youth unemployment and NEET rates. At the moment these numbers hide forced mobility, involuntary part-time employment, and work in a grey and informal economy. Urgent measures are needed to fight youth unemployment and precarious working conditions in sectors where young people are overrepresented (tourism; gig economy…).	1	1	1	0	0	1	0	0	0	1	1.0
1372	We should end mandatory retirement	against	ending mandatory retirement would cause people to work longer to the detriment of younger job-seekers	1	1	0	0	1	0	0	0	0	1	1.0
6712	Blockade of the Gaza Strip should be ended	against	The blockade of Gaza pressures Hamas to end rocket attacks and seek peace with Israel.	1	0	0	0	1	1	0	0	0	1	1.0
438	We should oppose collectivism	in favor of	collectivism doesn't allow people to stand up on their own for what they believe in	1	0	0	0	0	0	1	0	0	1	1.0
4532	We should ban cosmetic surgery for minors	in favor of	Minors with cosmetic surgery are less likely to be able to properly take care of the surgical sites, making them more prone to infection afterward.	1	0	0	0	0	1	0	0	0	0	1.0
5442	Blockade of the Gaza Strip should be ended	in favor of	killing innocent people, including kids for years must be stopped and all world should be ashamed to watch and to know that and do nothing.	1	0	0	0	0	1	0	0	0	1	1.0
1701	We should subsidize space exploration	against	space exploration should be privatized and maybe we'd get somewhere.	1	0	0	0	1	0	1	0	0	0	1.0
4503	We should oppose collectivism	in favor of	collectivism does not allow for individual enterprise and it stifles entrepreneurism.	1	0	0	0	1	0	1	0	0	0	1.0
4345	We should ban targeted killing	against	targeted killing can help remove terrorist and other similar threats without having to involve large numbers of people. targeted killing can reduce casualties and provide a better outcome than all out war.	1	0	0	0	0	1	0	0	0	1	1.0
6768	Payday loans should be banned	in favor of	payday loans creates bad habits and promote irresponsibility	0	1	1	0	1	1	0	0	0	0	1.0
123	We should limit executive compensation	against	We should not limit executive compensation as they should get the salary equal to their contribution to the organisation.	1	0	0	0	1	0	0	0	0	1	1.0
4509	We should cancel pride parades	against	we should not cancel pride parades because they have the right to celebrate too.	0	0	0	1	0	0	1	0	0	1	1.0
449	We should subsidize embryonic stem cell research	against	i don't think tax dollars should be going towards researching embryonic stem cells.   there is much better usage for our money than that.   we do not need to subsidize this.	0	0	0	0	1	1	0	0	0	0	1.0
2017	We should oppose collectivism	against	In a collectivist society, everyone is considerate of each another and provides support to one another.	0	1	0	0	1	1	0	0	0	0	1.0
2104	We should ban algorithmic trading	against	algorithmic trading is legal, and all traders have access to some sort of computer-aided tools.	1	0	1	0	0	0	0	0	0	1	1.0
3865	We should stop the development of autonomous cars	against	autonomous cars can help people to do more long distance traveling that will allow them to arrive refreshed and less anxious.	1	0	0	0	0	1	0	1	0	0	1.0
2882	We should fight for the abolition of nuclear weapons	in favor of	nuclear weapons are an  exhorbitantly costly defence strategy that will never be used, just a deterrant at a huge price.	0	0	0	0	1	1	0	0	0	1	1.0
5619	Payday loans should be banned	in favor of	they prey on the poor and charge astronomic interest.	0	1	1	0	1	1	0	0	0	1	1.0
1073	We should ban algorithmic trading	in favor of	algorithmic trading can cause rapid fluctuations in the stock market that are far beyond human control and no safeguards are implemented to stop them as well as giving unfair advantage to large-scale traders.	0	1	0	0	1	1	0	0	0	0	1.0
7233	We should support Frontex.	in favor of	Frontex is a key agency and is called to play a crucial role in the coming years. Yet, it lacks the necessary political support it deserves to carry out its mission. 	1	1	1	0	1	1	0	0	0	1	1.0
1764	We should ban private military companies	against	private military companies are often run by former military men and women and provide a service that allows the military to concentrate on military operations.	0	0	0	0	1	1	0	0	0	1	1.0
2155	We should abolish the Olympic Games	against	the olympics bring people together and form fun rivalries between countries, all vying for a top spot among the world's athletes	1	0	0	1	0	1	0	1	0	1	1.0
7301	We should ban the trading of virtual currencies.	against	Every transaction of virtual currency generated in the blockchain technology Internet cannot be forged, and it will not be manipulated by individuals, so it has a good anti-counterfeiting feature.	0	0	0	0	1	0	0	0	0	1	1.0
5253	The European Parliament should be dissolved and replaced with a global government.	against	We certainly need levels of government at the global, regional, and local levels. Equally, we absolutely need democracy at the global, regional, and local levels. Neither the European nor the national and regional parliaments should be abolished because of the need for global governance for the planet. 	0	0	0	0	1	0	0	0	0	1	1.0
804	We should ban the use of child actors	in favor of	children should be at school and not working. we do not allow children to work in any other way and acting should be no different.	1	1	0	0	0	0	0	0	1	0	1.0
1271	We should ban whaling	against	whaling is an important part of some cultures and provides jobs. you can't take that away from people that rely on it just because you don't like it.	0	0	0	0	1	0	1	0	1	1	1.0
5019	The EU should put more pressure on the non-euro area member states to adopt the single currency	against	There is a reason why these states don't want to join the common currency: their economies are more flexible and doing far better without it. If we really want more countries to start using the euro, we need to make the euro better, not pressure or force others into our inefficient system. 	1	0	0	0	0	0	1	0	0	0	1.0
3925	We should subsidize space exploration	in favor of	The technology developed for space exploration has also had uses in regular life -- subsidizing space exploration would also have positive trickle down effects.	1	1	0	0	0	0	1	0	0	0	1.0
789	We should ban algorithmic trading	against	Algorithmic trading can operate 24 hours a day. While you sleep, your algorithms are making you money.	1	0	0	0	1	0	1	0	0	1	1.0
763	We should stop the development of autonomous cars	against	autonomous cars can give many people the freedom to drive without actually driving, so we should not stop making them.	1	1	0	1	0	1	1	1	0	0	1.0
1589	We should subsidize journalism	in favor of	high-quality journalism requires time, expertise, and research. all of this requires money.	1	0	0	0	0	1	1	0	0	1	1.0
794	We should end mandatory retirement	in favor of	someone should be able to continue working if they want, despite their age.	1	0	1	0	0	1	1	0	0	1	1.0
5766	Surrogacy should be banned	against	surrogacy is a way for couples that are otherwise infertile to have children.	0	1	0	1	1	0	1	1	0	1	1.0
1754	We should adopt a multi-party system	in favor of	the interests of a two party system are very limited and we need to expand with more parties to cater to more views	0	1	0	0	1	0	0	0	0	1	1.0
3872	We should abolish safe spaces	in favor of	people need to learn how to survive in this world so no safe spaces would benefit this	1	0	0	0	0	0	1	0	0	0	1.0
7002	We should invest in sustainable alternative fuels for aviation	in favor of	These fuels currently cost 2 to 5 times more than kerosene. Facilitating and multiplying its production will automatically reduce its cost. 	0	0	0	0	1	1	1	0	0	1	1.0
4104	We should ban private military companies	in favor of	there are not enough safe-guards that oversee private military companies from producing under-par products and they should be banned.	1	1	0	0	0	0	0	0	0	0	1.0
4263	We should adopt libertarianism	in favor of	we should adopt libertarianism because sometimes people need the government to help them make decisions that are best for them	1	0	0	0	1	1	0	0	0	1	1.0
2127	We should abolish the Olympic Games	against	the olympic games bring vast economic benefit to local communities, both through regeneration projects and the influx of vistors spending their cash.	1	0	0	0	1	1	0	0	0	0	1.0
273	We should legalize sex selection	against	sex selection can lead to an over abundance of a favored gender in society	0	0	0	0	1	1	0	0	0	1	1.0
5909	The vow of celibacy should be abandoned	against	celibacy is not a natural state for a human person, and therefore should not be forced on anyone. however, if a person wishes to take a vow of celibacy without being pressured into it, that is acceptable.	0	0	0	1	0	0	1	0	0	1	1.0
3476	We should oppose collectivism	against	we should not oppose this because groups are what make society and should be recognised all together.	1	0	1	0	0	1	0	1	0	1	1.0
6186	Foster care brings more harm than good	in favor of	Many studies have pointed to the deleterious impact of foster care on children physical health, cognitive and academic functioning, and social-emotional wellbeing	1	1	0	0	0	1	0	0	0	0	1.0
2256	We should legalize cannabis	against	cannabis is a illegal drug for a reason, it is harmful dangerous drug that alters your mental capacity and should remain illegal.	1	0	1	0	0	1	0	0	0	0	1.0
97	We should ban factory farming	in favor of	it should be banned so that it doesn't take away our farms and will cause more global warming	1	0	0	0	0	1	0	0	1	1	1.0
2046	We should end mandatory retirement	in favor of	mandatory retirement should be ended because it could force many seasoned veterans to retire every year	1	0	0	0	0	1	1	1	0	1	1.0
1907	We should end the use of economic sanctions	in favor of	we should end economic sanctions as they provide no real value	1	0	0	0	0	1	0	0	0	1	1.0
6425	Intelligence tests bring more harm than good	in favor of	intelligence tests can do more harm than good because it labels the takers as gifted or failure and don't cover other forms of intelligence.	1	0	0	0	0	0	0	0	0	1	1.0
1213	We should subsidize student loans	against	student loans should not be subsidized as the enhanced education they receive will allow the students to go on to better paying jobs.	1	1	0	0	1	0	0	0	0	1	1.0
5989	Entrapment should be legalized	against	it offers someone who hasn't decided to commit a crime an opportunity to commit one	1	0	0	0	0	1	0	0	0	1	1.0
996	We should abolish capital punishment	against	it is the most effective deterrent to the worst crimes it is a waste of hard working people's money to pay for someone that committed atrocious crimes, to stay in a prison for the rest of their lives	0	0	1	0	1	1	0	0	0	1	1.0
3774	We should ban cosmetic surgery for minors	against	More investment into cosmetic surgery has overflow benefits for reconstructive and general surgery to due innovative technology and techniques.	1	0	0	0	0	1	1	0	0	0	1.0
3190	We should abolish intellectual property rights	in favor of	we should abolish intellectual property rights because the rich take advantage of the poor	0	0	1	0	1	1	0	0	0	1	1.0
5637	Surrogacy should be banned	against	the couples who can`t have their own kids this is the only way to get them and should not be banned by all means.	0	1	0	0	1	0	1	0	0	1	1.0
3530	We should subsidize space exploration	against	Space exploration is a field which the private sector is fully capable to fulfill, as Elon Musk shows us.	1	0	0	0	0	0	1	0	0	0	1.0
7280	We should give up developing electric vehicles	against	The electric car is driven by an electric motor and has a direct maximum torque at start-up, which is faster than the fuel car power section.	1	0	0	0	0	0	0	0	0	1	1.0
5402	Homeschooling should be banned	against	homeschooling is a good option for children who are bullied, giving them a safe place to learn	1	0	0	0	0	1	1	0	0	0	1.0
3817	We should adopt an austerity regime	in favor of	we need to find a way for the government to pay its debt	0	0	0	0	1	1	0	0	0	0	1.0
953	We should abolish capital punishment	against	Abolishing death penalty means abandoning the poor -who suffer the most from high crime rates -  only so that the elites could feel good about themselves.	0	1	0	0	1	1	0	0	0	1	1.0
4273	We should end mandatory retirement	in favor of	some people are not ready to retire at the mandatory age and want to keep working	1	1	0	0	1	0	1	0	0	0	1.0
5438	Social media brings more harm than good	against	when a child has gone missing, posting a picture helps to find the child.	1	1	0	0	1	1	0	0	0	0	1.0
6112	We should subsidize vocational education	in favor of	there is too much focus on academic qualifications leading to thousands gaining qualifications that do not get them anywhere. a focus needs to be placed on vocational education	1	1	0	0	0	1	0	0	0	1	1.0
3573	We should subsidize space exploration	in favor of	space mining could help us find valuable minerals that are useful	0	0	0	0	1	0	0	0	0	0	1.0
4497	We should subsidize journalism	in favor of	more people would be able to get into journalism and there would therefore be more news stories available.	1	1	0	0	0	0	1	0	0	1	1.0
6675	Payday loans should be banned	against	if a person needs money between paydays for important things such as medical care, they should be able to take out a payday loan.	1	0	0	0	1	1	1	0	0	0	1.0
5878	We should subsidize vocational education	against	The salaries of vocational school graduates are significantly less than those earned by college graduates with bachelors degrees. Better to subsidize 4-year colleges than vocational schools.	1	0	0	0	1	0	0	0	0	0	1.0
3350	We should ban telemarketing	against	we should not ban telemarketing because it is a way for a company to get business and it also provides people with jobs.	1	1	0	0	1	1	1	0	0	0	1.0
1277	We should abolish the three-strikes laws	in favor of	three -strikes laws take discretion away from judges.  a person committing a minor crime could be sentenced to life if he had a criminal history from long ago.  these laws backlog our courts, cram our prisons.	1	1	0	0	1	0	0	0	0	1	1.0
610	We should abolish intellectual property rights	against	without intellection property rights there is no incentive to research and develop new products	1	0	0	0	0	0	1	0	0	0	1.0
5424	Payday loans should be banned	against	sometimes people need these emergency funds when they have no other available options.	0	1	0	0	1	1	1	0	0	0	1.0
2549	We should abolish intellectual property rights	in favor of	we should have free and open discourse of all ideas.  intellectual property prevents this and stunts our collective growth.	1	0	0	0	1	0	1	0	0	0	1.0
6486	We should abandon television	against	we should not ban television as it is an excellent source of information and entertainment.	1	0	0	1	0	0	1	1	0	1	1.0
80	We should end mandatory retirement	in favor of	the loss of experience and knowledge from mandatory retirement is costly to businesses	1	0	0	0	0	0	0	0	0	1	1.0
3989	We should subsidize embryonic stem cell research	against	it is not scientifically necessary to use embryonic stem cells in research and some people believe their use is immoral and unethical.	1	0	0	0	0	0	0	0	0	1	1.0
814	We should subsidize student loans	in favor of	we should subsidize student loans to ensure all who seek a good education can obtain one. this sets up success for life which also saves the government money when people are self sufficient	1	0	0	0	1	1	0	0	0	0	1.0
3148	We should introduce compulsory voting	in favor of	compulsory voting could improve peoples knowledge of politics if they knew they had to vote they might learn more about politics	1	1	0	0	0	0	1	0	0	1	1.0
1038	We should adopt a zero-tolerance policy in schools	against	We should not adopt zero tolerance policies because they have not improved school discipline in other districts, only introduced more punishments for students.	1	1	0	0	0	0	0	0	0	1	1.0
6711	Foster care brings more harm than good	in favor of	The meager amount of compensation has been the prime reason why foster children receive inadequate care from their foster parents	0	1	0	0	1	1	0	0	0	0	1.0
333	We should limit executive compensation	against	we should not limit executive compensation because it is their company that they started, they have a right to the profits.	1	0	0	0	1	1	0	0	0	0	1.0
3721	We should adopt a multi-party system	against	multi-party systems fragments power so much that nothing ever gets done and government is rendered ineffectual.	1	0	0	0	0	1	0	0	0	0	1.0
419	We should abolish intellectual property rights	against	having intellectual property rights is a deterrent for those that would steal another persons ideas and creations so we must not abolish that.	1	0	1	0	0	0	1	0	0	0	1.0
365	We should abolish intellectual property rights	in favor of	it can be expensive to maintain property rights and therefore it should be abolished so that everyone has an even chance.	1	0	0	0	0	1	1	0	0	1	1.0
5890	We should subsidize vocational education	in favor of	There is a current stigma in society that says that all high school graduates should go to college, and this subsidy would help fight that stigma and drive people towards valuable career fields.	1	1	0	0	0	1	0	1	0	1	1.0
7076	We should increase the EU budget by including more direct contributions	against	So to support European citizens you want to take more money from them? 	0	0	0	0	1	1	0	0	0	1	1.0
2766	We should ban private military companies	against	if a private military company sends it's employees to dangerous places then it saves the lives of soldiers who won't be sent there	0	1	0	0	1	1	0	0	0	1	1.0
4959	We do not want immigration from non-European or non-first-world countries 	in favor of	No more non-European immigration. The native Europeans have said NO.	0	0	0	0	1	0	1	0	1	0	1.0
6491	Payday loans should be banned	in favor of	Payday loans have incredibly abusive interests rates, sometimes in the triple digits, which are unfair to those that are in desperate need of financial assistance.	0	1	0	0	1	1	0	0	0	1	1.0
3684	We should ban the use of child actors	against	child actors are needed in all types of film and movies and therefore should not be banned.	1	0	0	0	0	0	0	0	0	1	1.0
351	We should end mandatory retirement	against	mandatory retirement is needed to keep businesses new and fresh with innovation from the younger generation.	1	0	0	0	1	0	1	0	0	0	1.0
3858	We should abolish the Olympic Games	against	it makes income for the local communities	0	0	0	0	1	1	0	0	0	0	1.0
3447	We should end mandatory retirement	against	older workers are not as efficient as they age. there comes a point where they need to retire and allow more able bodied younger people to take these jobs.	1	0	0	0	0	1	0	0	1	0	1.0
5333	Europe needs an energy partnership with Africa.	in favor of	Only if Europe has an energy partnership with Africa Europe will be able to produce enough clean energy. The EU should develop fair cooperation with the African Union and also offer Africa an alternative to the geopolitical attempts of other powers to establish themselves as global hegemons. 	1	0	0	0	1	1	0	0	0	1	1.0
6930	Nuclear disarmament is necessary	against	Nuclear weapons are extremely lethal and can wipe out life on the Earth, and have actually worked as a deterrence to full-scale wars. We have seen two world wars, and the second one came to an end with a nuclear bomb being dropped by the USA on Japan. Since then, we haven’t seen any open, full-fledged wars, not because there have been no tensions among the countries and we all are living happily, but because of the reason that most of the developed and developing countries have nuclear arms.	0	0	0	0	1	1	0	0	0	1	1.0
7259	We should stop the European Commission’s Ideological bias toward migration.	in favor of	The European’s Commission communication and political thinking on migration are biased, falsely naïve, and Ideological.	1	0	0	0	0	0	0	0	0	1	1.0
7043	We should promote the use of nuclear energy	against	We are still living in a capitalism, so, the price will decide and the price of nuclear energy is the only energy price which is increasing steadily, while renewables become cheaper every year. Nuclear was always only subsidiesed by governments and never really standing on their own. The building process is slow, the price is high, no way, this could be a gain - if it weren't for the military. 	0	0	0	0	1	1	0	0	0	1	1.0
4826	British people who are residents in an EU country should have EU-wide rights	in favor of	I think this is a good idea, but unfortunately it's framed as a British/brexit issue. However, the wider concept of a common EU visa / migration system is a compelling one. Harmonising the system to a common visa regime offers many advantages.	1	0	0	0	0	0	0	0	0	0	1.0
1542	We should limit judicial activism	against	judicial activism will bring forth new interpretations of the constitution and advance our society	1	0	0	0	0	0	1	0	0	1	1.0
3867	We should ban algorithmic trading	against	algorithmic trading makes it easier for poor people to get more money, all they need to do is come up with an algorithm that makes them more money	1	0	0	0	1	1	1	1	0	1	1.0
4648	5G services should be available across India	in favor of	The government will be able to improve its governance and give a boost to its digital India initiative, which aims to ensure the government’s services are made available to citizens electronically, making the country digitally empowered in the field of technology.	1	1	0	0	0	1	1	0	0	0	1.0
4107	We should adopt a zero-tolerance policy in schools	against	it has been shown that children are at a higher risk of dropping out of school if there is a zero-tolerance policy in place	1	0	0	0	0	0	0	0	0	1	1.0
1343	We should abolish intellectual property rights	against	people that come up with intellectual property should have the right to it and not have to share it with others if they don't want to	1	0	0	0	1	0	1	0	0	1	1.0
6924	Consumerism brings more harm than good	against	Though the markets are yet a little controlled, they are freer than before. Consumerism improved the standard of living of the common Indian middle class tremendously. In recent decades, the Indian government has been improving the markets in order to boost entrepreneurial activity.	0	0	0	0	1	1	1	0	0	0	1.0
2073	We should subsidize space exploration	against	space exploration is an expensive vanity project and subsidization could be abused by military and private interests.	0	1	1	0	1	1	0	0	0	1	1.0
5724	We should abandon television	against	we shouldn't abandon television as it is some people's only form of news and entertainment, it could lead to them them being misinformed about certain things	1	1	1	1	0	1	1	1	0	1	1.0
3678	We should adopt gender-neutral language	against	gender neutral language causes confusion and is taking political correctness too far, by all means allow people to be referred to by their preferred gender but people are not 'neutral.'	1	0	1	0	0	0	0	0	0	0	1.0
4899	The European Union's asylum system needs to implement its humanitarian principles	in favor of	Give those who want to come a fair & secure possibility to do so & send those back who really damage your society. Give training, support, opportunities. My guess is that most will pay back with their contributions.	1	0	0	0	0	1	0	0	0	1	1.0
595	We should ban the use of child actors	against	child actors are necessary and children can learn how to work even from an early age	1	0	0	0	1	0	1	0	0	1	1.0
1829	We should ban the use of child actors	against	child actors are supervised constantly, are well taken care of, and have tutors on set to keep them from falling back in school.	1	1	0	0	0	1	0	0	0	0	1.0
5346	We need a plan for receiving asylum/migrants.	in favor of	According to Mrs. Ngozi Okonjat, African countries follow the example of the Asian Tigers. 	0	0	0	0	1	1	0	0	0	1	1.0
4529	We should ban factory farming	against	factory farming is a cheaper way to produce large quantities of food	1	1	0	0	0	1	1	0	0	1	1.0
1889	We should subsidize journalism	in favor of	Subsidizing journalism increases journalist pay, allowing for better journalism.	1	1	0	0	1	0	1	0	0	1	1.0
7240	We should protect the European border	in favor of	Frontex deserves much more political support, especially from the European Commission. It is already playing an important role to manage the border and is called to play a crucial one in the coming years. 	0	1	1	0	1	1	0	0	0	1	1.0
3994	We should ban cosmetic surgery for minors	in favor of	kids should not be allowed to have cosmetic surgery.   they aren't mature enough yet.   this could be a mistake they regret all their life.   there's many risks involved as well with these procedures.	1	1	0	0	0	1	0	0	0	1	1.0
4646	5G services should be available across India	in favor of	The low latency of 5G will enable the inclusion of education in remote areas of India, where children will be able to access good quality education at home without any network lag between them and their favorite tutor. Also, 5G will make it possible to use new-age technologies like AR and VR for more immersive learning in schools and colleges.	1	0	0	0	0	0	1	0	0	1	1.0
5692	The use of public defenders should be mandatory	against	public defenders are a drain on the judicial system because often they do not have their clients best interests at heart.	1	0	0	0	0	0	1	0	0	1	1.0
6623	Homeopathy brings more harm than good	in favor of	homeopathy doesn't have the same scientific backing as traditional medicine	1	0	0	0	1	0	0	0	0	1	1.0
4098	We should legalize organ trade	in favor of	the marketing of organs could take a positive step since there are many people who die young of brain deaths could family members sell their organs would be something positive	0	1	0	0	1	1	1	0	0	0	1.0
6725	Social media brings more harm than good	against	social media allows people with limited interaction with others in their daily life to be able to socialize and interact with other adults on the internet, helping to ease loneliness.	0	0	0	1	0	1	1	1	0	0	1.0
3214	We should ban human cloning	against	we should not ban human cloning because the potential scientists can find a cure for a disease	1	1	0	0	0	1	1	0	0	0	1.0
744	We should adopt an austerity regime	in favor of	austerity regimes needs to be adopted to reduce budget deficits and debt crises	1	1	1	0	0	1	0	0	0	0	1.0
246	We should oppose collectivism	in favor of	collectivism is a facet of socialism, communism, etc. and eliminates individual worth	1	1	0	0	1	1	1	0	0	0	1.0
4810	Intensive livestock farming should disappear	in favor of	The current subsidies with a modular system of incentives should be replaced, as that empowers farmers to choose environmentally, socially, and financially responsible and sustainable solutions that are already available - like natural sequence farming, regenerative agriculture, permaculture, etc. 	1	1	0	0	1	0	0	0	0	1	1.0
2528	We should adopt a multi-party system	against	multi-party systems lead to more corruption and wasted campaign dollars.	1	1	1	0	1	1	0	0	1	0	1.0
970	We should subsidize space exploration	against	we have too many problems here on our own planet to worry about putting money into searching space.	0	0	0	0	1	1	0	0	0	0	1.0
1327	We should ban cosmetic surgery for minors	in favor of	Allowing cosmetic surgery for minors creates more risk for doctors and therefore more frivolous lawsuits and money spent on malpractice insurance. This is bad for the healthcare system overall.	0	1	0	0	1	1	0	0	0	0	1.0
4128	We should end the use of economic sanctions	against	sanctions are good and they can put pressure on a country to make changes	1	1	1	0	1	1	0	0	0	0	1.0
7249	We should strengthen Frontex and control immigration	in favor of	 Bigger financial resources for Frontex and military action in Syria will stop immigration.	1	1	0	0	0	1	0	0	0	1	1.0
5702	Homeschooling should be banned	in favor of	homeschooling cannot provide the quality of education that real teachers and a real school can provide.	1	0	1	0	0	1	0	0	1	1	1.0
1188	We should subsidize student loans	against	we should not subsidize student loans because students should have worked to pay for college instead of going into debt.	1	1	1	0	1	1	1	0	0	0	1.0
5446	We should subsidize vocational education	against	vocational education should not be subsided because everyone who wants to go college should be given the opportunity to do so.  most colleges are not subsidized.	1	0	0	0	0	1	0	0	0	1	1.0
5529	Blockade of the Gaza Strip should be ended	against	international bodies demanding an end to the blockade are dismissing israel's sovereignty.	0	0	0	0	1	0	1	0	0	0	1.0
7319	We should restrict minors from playing online games.	in favor of	Long-term addiction to online games can change the structure of a child's brain. Imagination, thinking and integration skills are not trained.	1	0	0	0	0	0	1	0	0	0	1.0
6792	Intelligence tests bring more harm than good	in favor of	intelligence tests are a waste of money and discriminate against some children	0	0	0	0	1	1	0	0	0	1	1.0
3963	We should adopt a zero-tolerance policy in schools	against	zero-tolerance policy is too harsh not letting a way for even a minor fault. students are terrorized and are no more comfortable for studying	1	1	0	1	0	0	0	0	0	0	1.0
2941	We should ban telemarketing	against	telemarketing is a good medium for businesses to use to expand their client base and make more people aware of their company and products, thus increasing their income	1	0	0	0	1	0	0	0	0	0	1.0
6163	The use of public defenders should be mandatory	in favor of	public defenders do not have an agenda besides the task at hand and are more efficient than a lawyer who is trying to rack up the fees.	1	1	0	0	1	0	0	0	0	1	1.0
5270	Foreign Policy at the EU level should be based on absolute majority, not unanimity	in favor of	Without a change in the voting procedure, Europe will not be capable of doing much in this world.	1	0	0	0	0	0	0	0	0	0	1.0
572	We should subsidize space exploration	against	there is nothing that can come from space research that will help the country so why waste so much money?	0	1	0	0	1	1	0	0	0	1	1.0
1706	We should ban human cloning	against	human cloning should not be banned as it the next step in medicine and will allow for transplantation to be simpler and easier to perform	1	0	0	0	0	1	1	0	0	0	1.0
4122	We should adopt libertarianism	in favor of	in practicing libertarianism we would adopt philosophical and financial customs that would improve our quality of life	1	0	0	0	1	1	1	0	0	0	1.0
1235	We should ban missionary work	against	missionary work allows volunteers to do productive work in a foreign country	1	1	0	0	0	0	0	1	0	1	1.0
6844	Blockade of the Gaza Strip should be ended	against	hamas is too dangerous to allow in & the blockade should continue	0	1	0	0	1	1	0	0	0	0	1.0
2096	We should ban cosmetic surgery	against	cosmetic surgery is a personal choice that people should be allowed	1	1	0	0	1	1	1	1	0	1	1.0
945	We should ban the Church of Scientology	in favor of	scientology is in fact a cult, cults need to be stopped.	0	0	0	0	1	1	1	0	0	0	1.0
4643	We should forbid neo-banks	against	Since neo-banks are completely digital, they operate 24 hours a day and their services can be accessed at any time. They are easy to access from anywhere through a smartphone.	1	1	0	0	1	1	1	0	0	0	1.0
6659	We should subsidize vocational education	in favor of	not everyone is suited to work in an office. we also need mechanics and truck drivers and hair dressers etc. by subsidizing voed for these jobs we will be able to continue to teach the hands on employees.	1	0	0	0	0	1	0	0	0	0	1.0
3889	We should introduce compulsory voting	in favor of	we should introduce compulsory voting because people have a right to vote	0	1	0	0	1	0	0	0	0	1	1.0
957	We should adopt gender-neutral language	in favor of	in a time of equality, knowing the gender of a person isn't important, salesperson is a much more inclusive term than saleswoman.	1	0	0	0	0	1	0	0	0	1	1.0
555	We should abolish the three-strikes laws	in favor of	Three strikes laws reduce the power of judges and discretion in the court room, making judgments shallower.	0	1	0	0	1	1	1	0	0	1	1.0
2436	We should limit executive compensation	against	Executives put more of their time, effort and life to put their company at the top. This effort really merits to be recognized. Only through a high compensation is their efforts be recognized	0	0	0	0	1	0	0	0	0	0	1.0
1342	We should stop the development of autonomous cars	in favor of	Autonomous cars have caused deadly accidents and they will never be safe enough for widespread public use.	1	1	0	0	0	1	0	0	0	0	1.0
1222	We should ban private military companies	against	private military companies provide an armed protection for some that may not have it normally	0	0	1	0	1	1	1	0	0	1	1.0
5051	The EU should synchronize national elections 	in favor of	Synchronizing national elections would allow European citizens to engage in major pan-European campaigns.	0	0	0	0	1	0	0	0	0	0	1.0
5091	We need to move towards drug reform, which will change our outdated drug policy.	in favor of	Tax revenues generated by cannabis could be redirected towards education in poor neighborhoods (increasing teachers' pay in these areas, reducing the number of teachers per class) in order to give these populations a better future. But unlike in the Netherlands, production should also be legal and highly regulated by the state.	1	0	1	0	1	1	0	0	0	1	1.0
1047	We should legalize cannabis	in favor of	this should be legal as it is no worse than alcohol.	0	1	0	1	0	1	1	0	0	1	1.0
2524	We should cancel pride parades	against	We should not cancel pride parades as they provide a great focal point to celebrate and help others to understand the diversity of society.	0	0	0	0	1	1	0	0	0	1	1.0
584	We should cancel pride parades	against	pride parades allow marginalized groups to have a space in order to gather and celebrate and boost their self-esteem.	0	0	0	1	0	1	0	0	0	1	1.0
1175	We should introduce compulsory voting	in favor of	by requiring all citizens to vote, we would be able to elect politicians who more accurately represent the public's will.	0	1	0	0	1	1	1	0	0	1	1.0
7330	We should prohibit capital monopoly.	in favor of	Capital monopoly hinders the efficient allocation of resources and causes waste of resources.	1	0	0	0	1	1	0	0	0	0	1.0
7182	We should promote collaborative civic technologies for enhancing citizen participation as an added value to collaborative urban processes	in favor of	Civic technologies can support the co-creation, co-production, and co-management of public services with citizens and the development of the urban commoning approach.	1	1	0	0	1	1	0	1	0	1	1.0
1872	We should ban fast food	in favor of	fast food has brought so much health damage to our society that control of this type of food is necessary	1	1	0	0	0	1	0	0	0	0	1.0
6182	We should abandon television	against	if television was abandoned millions of people would be made unemployed.	1	0	0	0	1	1	0	0	0	0	1.0
2759	We should abolish intellectual property rights	against	intellectual property rights are vital to ensure those taking the initial financial risks with new concepts are ultimately those who experience the greatest reward, and don't see there work misappropriated.	1	0	0	0	1	0	1	0	0	1	1.0
2758	We should ban fast food	against	in moderation, fast food can be a treat or convenient meal for busy people.  we should allow people to enjoy it.	0	0	0	1	0	1	1	0	0	0	1.0
4713	Marital rape should be criminalized in India	in favor of	Sexual violence violates human rights, irrespective of the relationship between the criminal and the victim. IPC 375, which criminalizes rape, discriminates against married women for using the section on their husbands. Though one can file a case under the domestic violence act for marital rape, not terming marital rape as a crime will deter the victims from filing cases. Every law on the planet is prone to be misused. That doesn’t mean that we should not have laws in order to avoid false cases.	0	0	1	0	1	1	0	0	0	1	1.0
3612	We should end mandatory retirement	in favor of	mandatory retirement is discrimination against older people who may still have something of value to contribute to society.	1	1	1	0	0	1	0	0	0	1	1.0
5553	We should subsidize vocational education	against	we shouldn't subsidize vocational education because it should be up to each individual to support themselves for the career route they want to pursue	1	1	1	0	0	0	1	0	0	0	1.0
3382	We should ban algorithmic trading	against	algorithmic trading makes getting orders out faster	1	0	0	0	0	0	0	0	0	0	1.0
3513	We should ban targeted killing	against	we should not ban targeted killing as this is an effective way to extinguish terrorist threats etc and the use of drones helps to reduce civilian casualties.	1	0	0	0	0	1	0	0	0	1	1.0
269	We should limit executive compensation	in favor of	executive compensation should be limited in order to narrow the wage gap between c-level employees and line workers	0	1	0	0	1	0	0	0	0	1	1.0
5883	Intelligence tests bring more harm than good	against	Intelligence tests can help to identify struggling or gifted students so that educators can accommodate to each individuals needs.	1	1	0	0	0	0	1	0	0	1	1.0
6522	Foster care brings more harm than good	against	foster care is much more personalized than institutions and can provide much better cate	1	1	0	0	0	1	0	0	0	0	1.0
115	We should abandon the use of school uniform	in favor of	if you are not required to wear a uniform, you are free to choose clothing styles that are more favorable to your body type and coloring, which allows you to look your best	0	0	0	1	0	0	1	1	0	0	1.0
3708	We should ban human cloning	in favor of	we need to spend money on people who are already alive and need help before we create new ones	0	1	0	0	1	0	0	0	0	1	1.0
4133	We should cancel pride parades	against	cancelling pride parades would make people less aware of the lgbt movement.	0	0	0	0	1	0	0	0	0	1	1.0
4235	We should abandon the use of school uniform	against	School uniform is adequate. It is useful for leveling people social position and for children concentration in class	1	1	0	0	0	0	0	0	0	1	1.0
3372	We should ban factory farming	against	factory farming produces more quantity resulting in lower prices and more choices.	1	0	0	0	0	1	1	0	0	0	1.0
5016	The EU should equalize the retirement age for all Europeans. 	in favor of	The standardized retirement age would not only be fairer in an open market, but it would also (and even more so in the future) prevent any complexities with being paid their retirement for those who have made their contributions in different Member States throughout their lives. Even though there is to be at least a central system for this (a step in the right direction), one will only receive a share of one's retirement from a particular Member State once one reaches the retirement age of that Member State.	1	1	1	0	1	1	0	0	0	1	1.0
7352	We should ease the education involution.	in favor of	"A society's value of education should not remain ""score-only"" and ""testing-only""."	1	0	0	0	0	0	1	0	0	1	1.0
6774	We should abandon television	against	television can provide an educational experience for people who may not have access to anything else.	1	0	0	1	0	0	1	0	0	1	1.0
5106	Coronavirus protection should be advertised on TV and social media	against	That's a terrible idea. The government propaganda machine is already going at full steam. Do you have any idea what the psychological impact of these kinds of messages is when you blast them at people all day every day for over a year?  Depression, suicides, and domestic violence are all the consequences of living in a hopeless and high-stress environment for a protracted period of time and are at record levels throughout Europe. In this entire covid crisis the so-called 'health experts' have consequently ignored the fact that your mental state has a direct influence on your health. i.e.: If you're stressed out, you're more likely to get sick. Instead, they have willfully created panic. Just like your ad would.	1	0	0	0	0	1	1	0	0	0	1.0
2262	We should subsidize Wikipedia	in favor of	wikipedia has no source of funding and subsidizing it will let it keep providing information	1	1	0	0	0	1	1	0	0	1	1.0
6915	Referendums are good for the society	against	Referendums at times can lead to ill-informed decisions. Since the general public is politically inexperienced, they may not be able to gauge the long-term implications of their decisions.	1	0	0	0	0	0	0	0	0	0	1.0
2065	We should subsidize embryonic stem cell research	in favor of	embryonic stem cell research is extremely valuable in the medical field in coming up with treatments and cures.	1	1	0	0	0	1	1	0	0	1	1.0
2553	We should subsidize space exploration	in favor of	space exploration is needed to see how space can affect us here	1	0	0	0	0	0	1	0	0	1	1.0
447	We should subsidize student loans	in favor of	It's bad enough having to take out a student loan in the first place, but even more students from poorer backgrounds will be reluctant to go into higher education if their student loans aren't subsidized.	1	0	0	0	0	1	1	0	0	1	1.0
5677	The use of public defenders should be mandatory	in favor of	it prevents people from having a better defense than others due to their money.	1	1	0	0	0	0	0	0	0	1	1.0
2071	We should legalize sex selection	in favor of	Legalizing sex selection will help parents to have the exact family makeup they have always dreamed of.	0	1	0	1	0	0	1	0	0	0	1.0
7372	Carbon emissions trading should be limited.	against	Setting tough standards on carbon emissions can suppress industrial upgrading in developing countries and prevent them from challenging the monopoly advantage of EU countries in high-end industries.	1	0	0	0	1	0	0	0	0	0	1.0
4418	We should limit executive compensation	against	the only way to hire the best and brightest executives is to keep giving them larger compensation packages.	1	0	0	0	0	0	1	0	0	0	1.0
3585	We should introduce compulsory voting	in favor of	compulsory voting would ensure that everyone would vote and have a voice in what goes on.	0	0	0	0	1	0	0	0	0	0	1.0
6141	We should subsidize vocational education	in favor of	more people would learn useful skills and be able to support themselves.	1	0	0	0	1	1	1	0	0	0	1.0
7141	We should reduce animal farming.	in favor of	We can work together to encourage plant based diets and make the world a better place.	1	1	0	0	0	0	1	0	0	1	1.0
6297	Homeschooling should be banned	against	homeschooling is necessary in remote areas where there aren't enough children to sustain a school	1	0	0	0	0	1	0	0	0	1	1.0
4875	We need a common migration and asylum policy, based on respect for rights and equal treatment	against	More illegal and legal migration will lead to more unemployment, lower wages, more insecurity, and less sustainable social systems.	0	0	0	0	1	1	0	0	0	0	1.0
6645	Foster care brings more harm than good	in favor of	Foster care children may have many adverse outcomes that persist throughout childhood, such as poor peer relationships, behavioral problems, or other mental health difficulties	1	1	1	0	0	1	0	0	0	0	1.0
3471	We should legalize prostitution	in favor of	women are going to sell their bodies, so why not make it legal so they can do it properly, pay taxes on their income and hopefully stay clean.	0	1	1	0	1	1	0	0	0	1	1.0
3571	We should ban private military companies	in favor of	only the federal government should be allowed to handle any military training.	0	0	0	0	1	0	0	0	0	0	1.0
6591	Payday loans should be banned	in favor of	payday loans are predatory, preying on those in debt and with a low credit score, those who are below the poverty level and are desperate to supply basic necessities.	0	0	0	0	1	1	0	0	0	1	1.0
1097	We should ban the use of child actors	against	to tell a story in theater or movies we need children actors. without them stories could only be about adults. stories that have entertained us from lassie to mary poppins would not exist.	0	0	0	1	1	0	0	0	1	0	1.0
4943	The European Union should be harder towards irreparable migrants, those who do not value their lives in peace, security, and prosperity.	against	Migrants have an enormous amount to offer in energy, new ideas, and cultures. Why this emphasis on imaginary 'takeovers'?	1	0	0	0	0	0	1	1	0	1	1.0
259	We should stop the development of autonomous cars	against	autonomous cars can make trips more relaxing and help the traveler arrive refreshed and happy.  it can also eliminate road rage.	0	1	0	1	0	1	0	1	0	0	1.0
7185	We should make cycling and micromobility the primary modes of transport in all EU cities	in favor of	The bicycle should be the main mode of transport for a majority of citizens because it is faster, it is easier, it is healthier, it is cheaper, it is more convenient, and it is eco-friendly.	1	0	0	0	0	1	0	0	0	1	1.0
2447	We should abolish the right to keep and bear arms	in favor of	the average person has no reason to need a firearm, and most people aren't competent enough to be trusted with something so dangerous.	1	1	0	0	0	1	0	0	0	1	1.0
2124	We should abolish the three-strikes laws	against	the three strikes law teaches criminals you will no longer be able to keep committing crimes and getting away with it.	0	0	1	0	1	1	0	0	0	0	1.0
4252	We should ban private military companies	against	Private military companies provide weapons and other items needed by the military, without them, they would be ill equipped.	1	0	0	0	0	1	0	0	0	0	1.0
5513	The vow of celibacy should be abandoned	in favor of	with the sexual revolution, the vow of celibacy is outdated and has little value in today's society.	0	0	0	1	0	0	1	1	0	0	1.0
6699	Payday loans should be banned	in favor of	payday loans should be banned because it causes people to go into debt	0	0	0	0	1	1	0	0	0	0	1.0
948	We should adopt atheism	against	we should not adopt atheism because everyone should have something to believe in.	0	0	0	1	0	0	1	0	1	0	1.0
2210	We should subsidize Wikipedia	against	anyone can edit the pages, so the information is not guarenteed to be correct.	1	1	0	0	0	1	1	0	0	1	1.0
4624	IT recruiters should consider skills instead of a degree in programming	in favor of	People switch careers even after working in one field for several years because our interests do change. So, when someone can do this while having so many personal responsibilities, it is much easier for youngsters to learn a new skill. 	1	0	0	0	0	0	1	1	0	1	1.0
5474	We should subsidize vocational education	in favor of	Vocational schools teach students - in a relatively short amount of time - professions that have high earning potential. In two years or less, graduates can already be working and making money.	1	0	0	0	1	0	1	0	0	0	1.0
1647	We should adopt an austerity regime	against	We should not adopt an austerity regime because the global economy is now rapidly growing, and the recession is years behind us.	1	0	0	0	1	0	0	0	0	0	1.0
5023	Food health and industry companies should be located within the EU	in favor of	It will bring the EU more jobs, less unemployment, and more added value.	1	0	0	0	1	1	0	0	0	0	1.0
1576	We should ban algorithmic trading	against	we shouldn't ban algorithmic trading because it gets more done than using single instructions and it's more systematic	1	0	0	0	1	0	1	1	0	1	1.0
6389	Homeschooling should be banned	against	homeschooling may be beneficial in certain situations. such as for children who are being bullied.	1	1	1	0	0	0	1	0	0	0	1.0
3025	We should abolish the Olympic Games	against	the olympic games give athletes from all over the world a chance to compete and showcase their talents.	1	0	0	0	0	1	1	0	0	0	1.0
788	We should adopt a zero-tolerance policy in schools	in favor of	zero-tolerance must be mandatory in school and is only way to stop negative stuff which happens so often in schools.	1	1	1	0	1	1	0	0	0	0	1.0
587	We should legalize organ trade	in favor of	legal organ trade would help prevent wait lists	1	1	0	0	0	1	0	0	0	0	1.0
7337	We should prohibit capital monopoly.	against	Monopolies can sometimes protect the public interest in infrastructure areas such as energy and transportation, which are vital to the livelihood of the nation.	1	1	0	0	0	1	0	0	0	0	1.0
5527	We should abandon television	in favor of	television rots peoples brains so should be abandoned.	1	0	0	0	0	0	1	0	0	0	1.0
7314	We should restrict minors from playing online games.	against	Children's addiction to games may not be a problem of games in essence, but a comprehensive problem of family education, children's habits, hobby training and so on.	1	1	1	0	0	0	0	0	0	0	1.0
4174	We should adopt libertarianism	in favor of	libertarianism is the maximum expression of freedom. the state should not be the one who decrees the way of life of citizens. libertarianism brings human, professional and economic growth	1	0	1	0	1	0	1	0	0	1	1.0
2070	We should ban telemarketing	in favor of	telemarketing is too often a waste of time.  in an age where most people have ways to see who is calling, the calls rarely, if ever, actually get through.  it's time to find a new way.	1	0	0	0	0	1	1	0	0	1	1.0
4689	We should have psychological counseling in educational institutions	in favor of	Some students do not even understand what they are going through, they may not even know how to ask for help. Having a counselor at their educational institution will help them a lot in understanding their issues. Moreover, they will learn how to ask for advice and help.	1	1	0	0	0	1	0	0	0	1	1.0
2146	We should abolish intellectual property rights	in favor of	we should abolish intellectual property rights because new ideas are often an extension of old ideas and intellectual property rights can therefore inhibit creativity.	0	0	0	0	1	0	1	0	0	1	1.0
5627	Homeschooling should be banned	in favor of	homeschooling is way too lenient and relaxed for children to even learn anything. they don't learn as much as in a classroom and miss out on socialization.	1	0	1	0	0	1	0	1	0	1	1.0
6017	Payday loans should be banned	against	payday loans can help those in dire situations such as helping with car repairs, bills and groceries.	0	1	0	0	1	1	1	0	0	0	1.0
536	We should subsidize Wikipedia	in favor of	we should subsidize wikipedia because wikipedia helps people to learn about any and everything they want to learn about.	1	0	0	0	0	0	1	0	0	1	1.0
5421	Payday loans should be banned	against	a payday loan company serves the public.  they allow people that need their money now without waiting for the paycheck.  if people want to use these companies why should we stop them..	0	0	0	0	1	1	1	0	0	1	1.0
5084	Rural areas should become more attractive for life and work	in favor of	It seems like a no-brainer to say something like this, but actually the way, we handle soil, must change massively to halt the climate crisis and mitigate its consequences. Thus we need to recultivate and restore abandoned and contaminated places and shift agriculture to regenerative agriculture or restoration agriculture. We need to stabilize family farms and make them ecologically, financially, and socially sustainable. We need between big and medium-sized farms and also highly productive smallholder farms and wildlife reservoirs. This all depends on a lot of labor, engaged people, and legal and conceptual infrastructure. Having all this in place will foster urban areas as well. 	1	0	1	0	0	1	0	1	0	1	1.0
2955	We should end the use of economic sanctions	in favor of	we should end it because it puts restrictions on countries and this way we can freely trade.	1	0	0	0	1	1	1	0	0	0	1.0
1157	We should adopt a multi-party system	against	a multi-party system leads to too much division and there may never be an overall consensus	0	1	0	0	1	1	0	0	1	1	1.0
2144	We should adopt an austerity regime	in favor of	an austerity regime will help the european economy get out of a recession.	1	0	0	0	1	1	0	0	0	0	1.0
6488	The use of public defenders should be mandatory	against	the use of public defenders is a serious drain on the coffers of government departments, and proven criminals have no right to such expenditure.	0	0	0	0	1	1	0	0	0	1	1.0
749	We should abolish the right to keep and bear arms	against	the right to keep and bear arms is important in keeping people safe in a dangerous and uncertain world	0	1	0	0	1	1	0	0	0	0	1.0
2294	We should ban cosmetic surgery	against	cosmetic surgery helps to reconstruct physical aspects such as a person who has had a mastectomy and wants  surgery to restore their breats.	0	1	0	1	0	1	1	1	0	0	1.0
6756	Foster care brings more harm than good	against	foster care is the best option for children needing to not be with their own family.  they're far superior to a group home setting.	1	1	0	0	0	1	0	0	0	0	1.0
2916	We should subsidize student loans	in favor of	All young people whether rich or poor should have the opportunity to better their lives by going to into higher education, the more student loans are subsidized the closer this will become a reality.	1	1	0	0	0	1	0	0	0	1	1.0
6559	Homeschooling should be banned	in favor of	homeschooling deprives the child of learning social behaviors and norms.	1	0	1	0	0	1	0	0	1	1	1.0
1308	We should ban whaling	against	whaling is a traditional occupation of some cultures and their cultural heritage would be lost if they were not able to continue whaling.	1	0	0	0	0	0	1	0	1	1	1.0
3443	We should abolish the Olympic Games	against	the olympic games encourage sports all around the world	1	0	0	1	0	0	0	1	0	0	1.0
2303	We should stop the development of autonomous cars	in favor of	no autonomous car will every be able to make complex judgement calls the way a human can.	1	0	0	0	0	1	0	0	0	1	1.0
6376	We should subsidize vocational education	against	this would be an expensive exercise and probably not affordable for any government.	0	0	0	0	1	1	0	0	0	0	1.0
3765	We should legalize cannabis	in favor of	Legalizing cannabis would allow the authorities to control the quality and strength of the product making it safer to use and could also collect tax from the sale.	1	0	0	0	1	1	0	0	0	0	1.0
1330	We should subsidize space exploration	in favor of	the future of the human race will rely on moving to other planets in the future therefore we need to subsidize space exploration to speed up research.	1	0	0	0	0	1	1	0	0	0	1.0
7237	We should not have any immigration from non-European or non first-world countries 	in favor of	Saying no to any migration is just stupid and irrealistic.	1	0	0	0	0	0	0	0	0	1	1.0
4613	We should subsidize higher education institutions	in favor of	Today no problem has a single solution and no new technology is related to a single discipline. We need multiple inputs from multiple disciplines and our institutes have failed in doing so.	1	1	0	0	0	0	0	0	0	1	1.0
7355	We should ease the education involution.	in favor of	"The most fundamental thing is to improve the basic educational literacy of parents and advocate the educational concept of ""how to be a good person is more important than success and happiness is more important than success""."	1	1	1	0	0	1	0	0	0	0	1.0
3238	We should adopt an austerity regime	in favor of	an austerity regime is the most effective weapon in our arsenal to combat the economic issues we're facing	0	0	0	0	1	1	0	0	0	1	1.0
2334	We should abolish the Olympic Games	in favor of	the olympic games is now redundant as a sporting competition because there are so many professional competitions for sports.	1	0	0	0	0	0	0	0	0	0	1.0
1548	We should ban algorithmic trading	in favor of	algorithmic trading removes the human element of common sense from trading patterns, which has caused many wild mini-crashes and market fluctuations.	1	1	1	0	1	1	0	0	0	0	1.0
4592	India should store the data within the territorial boundaries of the country	in favor of	Data localization laws result in the setting up of multiple data centers locally. This will create many jobs and will help the country’s economy immensely. It will also drive innovation in the field resulting in low-cost solutions.	0	0	0	0	1	1	1	0	0	0	1.0
2006	We should subsidize journalism	in favor of	subsidizing journalism allows more voices to be heard	0	1	0	0	1	1	1	0	0	1	1.0
1076	We should legalize cannabis	in favor of	cannabis is not a harmful drug and can help people cope with mental issues like anxiety	0	0	0	1	0	1	1	0	0	1	1.0
3819	We should abolish the three-strikes laws	in favor of	the three strikes law is an old concept. it doesn't really prevent people from committing  violence, especially because many acts of violence are not premeditated.	1	0	0	0	0	0	0	0	0	1	1.0
5209	The EU should strengthen development cooperation.	in favor of	Europe as a whole is the world’s leading donor. The European Union should strengthen the development cooperation action, focusing on inclusive development	1	1	0	0	0	1	0	0	0	1	1.0
4384	We should limit executive compensation	in favor of	executive compensation has to be limited to permit the company to show a profit	1	0	0	0	1	0	0	0	0	0	1.0
5636	Blockade of the Gaza Strip should be ended	against	israel has the right to defend itself and the blockade is the best defense before using weapons	0	0	0	0	1	1	0	0	0	1	1.0
6649	Homeschooling should be banned	in favor of	the kids do not get the proper socialization and may have more trouble moving on to college educationally and socially.	1	0	0	0	0	1	0	0	0	0	1.0
6644	We should abandon television	against	tv is the only type of entertainment elderly or disabled people have and it shouldn't be taken away.	0	0	1	1	0	0	0	0	0	1	1.0
4628	We should adapt the viable pay incentive scheme	against	 It has been seen that it is difficult to retain employees in lean times when they are on variable pay schemes. Workers who receive commissions do well when business is good, but they do poorly when business is bad. In times of slow business, even top salespeople might have difficulty making enough sales to earn a decent living. If the market is slow and commissioned workers can’t earn enough, they may look for other employment opportunities. In lean times, fixed wages can be more effective at keeping employees from leaving for other opportunities.	1	0	0	0	1	1	0	0	0	1	1.0
6643	Homeschooling should be banned	against	if parents want to home school their kids it is their right to	0	1	0	0	1	0	1	0	1	0	1.0
6172	We should abandon television	against	there has always been types of entertainment and escape.  whether reading books, watching a play, or even attending a bullfight all are a way to enjoy.  tv is just another form of entertainment.	0	0	0	1	0	0	0	1	1	0	1.0
2923	We should limit executive compensation	against	by the time people are at executive level they have worked long and hard and deserved to be recompensed for their work and ideas at a fair level.	1	0	0	0	1	0	0	0	0	1	1.0
773	We should legalize organ trade	in favor of	people are more likely to share their organs if there is financial benefit to them, increasing supply.	0	0	0	0	1	1	1	0	0	0	1.0
3661	We should subsidize embryonic stem cell research	in favor of	embryonic stem call research can lead to the future of medical developments	1	0	0	0	0	1	1	0	0	0	1.0
1339	We should adopt an austerity regime	against	an austerity regime has never been shown to work because there is always someone who insists that his project must be funded	0	0	0	0	1	1	1	0	0	1	1.0
2987	We should legalize sex selection	against	the existence of the human being on the earth and its adaptation, and ecological domination are only the result of their natural destiny, for which the selection of sex should not be legalized	0	0	0	0	1	1	0	0	0	1	1.0
3829	We should adopt a zero-tolerance policy in schools	against	kids needs their freedom and to learn from mistakes	1	1	1	0	0	0	1	0	0	0	1.0
6781	Homeschooling should be banned	in favor of	it's not guaranteed homeschooling provides a good education	1	0	0	0	0	0	0	0	0	0	1.0
6866	We should subsidize vocational education	against	vocational education is unhelpful traditional learning should be encouraged	1	1	0	0	0	0	1	0	1	0	1.0
5410	The vow of celibacy should be abandoned	in favor of	we should abandon the vow of celibacy because if people dont have sex they can get frustrated and might take it out on other people	0	0	0	1	0	1	1	1	0	0	1.0
3840	We should adopt a multi-party system	in favor of	we need better representation of all people. the two party system is broken and only represents a select few.	1	0	0	0	1	1	0	0	0	1	1.0
7333	We should prohibit capital monopoly.	in favor of	Capital monopoly raises the barrier of entry for other enterprises and hinders the high-quality development of the national economy.	1	0	0	0	0	1	0	0	0	1	1.0
3396	We should abolish the three-strikes laws	in favor of	Three-strike laws lead to expensive trials. Three-strike offenders will demand a court trial rather than accept a plea bargain (which costs a fraction of the price of a full-blown trial).	0	1	0	0	1	0	0	0	0	0	1.0
1036	We should subsidize embryonic stem cell research	against	there are other stem cells that aren't from embryos that could be used instead.	1	1	1	0	0	0	0	0	1	1	1.0
1247	We should limit judicial activism	against	judicial activism is necessary to make sound decisions	1	0	0	0	0	0	0	0	0	1	1.0
2441	We should legalize organ trade	in favor of	We should legalize the organ trade so that operations are performed safely by licensed physicians in hospitals.	1	1	1	0	0	1	0	0	0	0	1.0
5652	Homeschooling should be banned	against	homeschooling allows for one on one teaching as well as allowing a student to learn in a safe environment	1	0	0	0	0	0	1	0	0	0	1.0
6211	The use of public defenders should be mandatory	against	some lawyers are superior, and forcing these to be public defenders would chase potential lawyers from the profession.	1	1	0	0	1	0	0	0	0	1	1.0
5865	Intelligence tests bring more harm than good	against	intelligence tests often help children excel by allowing them to be placed in appropriate classes or programs based on their individual abilities.	1	1	0	0	0	0	0	0	0	0	1.0
386	We should fight for the abolition of nuclear weapons	against	nuclear weapons help keep peace. it's an assurance policy. everyone knows that everyone loses if nuclear war breaks out. this keeps countries in line so as not to provoke a nuclear attack.	0	0	1	0	1	1	0	0	0	1	1.0
71	We should abolish the Olympic Games	in favor of	the olympic games cause turmoil and a lot of money.	0	0	0	0	1	1	0	0	0	1	1.0
6620	We should subsidize vocational education	in favor of	our workforce is too focused on white collar jobs and we need hands on dirty work to keep america running	1	1	0	0	0	1	0	0	0	0	1.0
1028	We should abolish the three-strikes laws	against	you can only give someone so many chances. if they have not learnt by the third time it is unlikely they will learn at all.	0	1	1	0	1	1	1	0	1	0	1.0
6613	Intelligence tests bring more harm than good	against	the intelligence tests help to know more about the children's abilities so we can draw better educational strategies for each type of need	1	1	0	0	0	0	0	0	0	1	1.0
5085	Rural areas should become more attractive for life and work	in favor of	If rural areas are to become more attractive to live in and work, it is essential to bet on innovation and the creation of quality jobs	1	0	0	0	0	1	1	0	0	0	1.0
6808	We should abandon television	against	television is an effective means of communicating urgent news and weather reports to the masses in a timely manner	1	0	0	0	0	0	0	0	0	1	1.0
3290	We should subsidize space exploration	in favor of	from exploring other planets we can learn more about our own.	1	0	0	0	0	0	1	0	0	1	1.0
1283	We should subsidize space exploration	in favor of	space exploration advances the frontiers of mankind, and could well discover new resources that will be invaluable due to the depletion of those on earth.	1	1	0	0	1	0	0	1	0	1	1.0
5092	Public transport in EU cities should be free	in favor of	I think a very good transportation system within European cities is very much desirable. There is not enough space for many parking lots anyway, electro-cars won't be able to replace common cars, and urban spaces have to become greener.  In order for many people to accept that the use of cars will have been a thing of the past, they should be offered very good alternatives in the future and, hopefully, appreciate green mobility through good public transport within urban areas.	1	0	0	0	0	1	1	1	0	1	1.0
6691	Homeschooling should be banned	in favor of	homeschooling should be banned as the quality of education received at home is considerably less than what you would receive at a school.	1	0	0	0	0	0	0	0	0	0	1.0
6655	We should abandon television	against	we should not abandon television because it is a form of entertainment for a lot of people and the only form of entertainment for many people that are in hospitals	0	0	0	1	0	0	1	1	0	0	1.0
7285	We should give up developing electric vehicles	in favor of	Power battery energy density is relatively low and stability is not high, the battery industry needs to break through the technical bottleneck or find cost-effective alternative products.	1	0	0	0	0	0	0	0	0	1	1.0
1307	We should adopt an austerity regime	against	we should not allow an austerity regime because it will completely destroy the country by causing worse economic demise.	0	1	0	0	1	1	0	0	0	1	1.0
888	We should abandon the use of school uniform	in favor of	school uniforms limit the ability to express one's self.	0	0	0	0	1	0	1	0	0	1	1.0
289	We should end the use of economic sanctions	in favor of	we should end all economic sanctions because they cause harm to both countries by preventing free trade which in turn will cause an economic downturn.	0	1	0	0	1	1	0	0	0	1	1.0
7232	We should protect the European border.	in favor of	Frontex is the way to protect the European border. It should completely take over every border, land, sea, and air. Otherwise, it will just take over all the good personnel of a member state, causing even more problems at the border.	0	0	0	0	1	1	0	0	0	0	1.0
6296	We should subsidize vocational education	in favor of	vocational education is a great alternative to traditional schools and subsidizing would let more people participate.	1	1	0	0	0	1	0	0	0	1	1.0
2720	We should subsidize journalism	in favor of	we should subsidize journalism because we need people to accurately and thoroughly cover events around the world. the government has historically aided journalism without bias.	1	1	0	0	0	0	0	0	0	1	1.0
4028	We should subsidize embryonic stem cell research	in favor of	embryonic stem cell research could lead to the discovery of new medical treatments that would alleviate the suffering of many people	1	1	0	0	0	1	1	0	0	0	1.0
2996	We should ban human cloning	in favor of	by copying something you can not get a pure copy.  each copy that is made is worse then the other meaning that no one knows what can happen with cloning.	1	0	0	0	0	0	0	0	0	0	1.0
4614	We should subsidize higher education institutions	in favor of	Indian students perform brilliantly when they go to different countries in the field of research. It means that we don’t lack talent, we lack infrastructure and a healthy environment for our sharp minds.	1	1	0	0	0	0	1	0	0	0	1.0
4808	The best way to save the world from climate change and protect the environment is to encourage everyone to start with themselves and look at what things they can do to help with this problem	against	We should arrange our cities, our economy, and politics so that it is easy for people to behave ecologically responsibly. It requires a lot of work now, but it is work that we have to do if we want to transition to something more sustainable. 	1	1	0	0	0	0	0	0	0	1	1.0
3899	We should subsidize journalism	in favor of	journalists put their lives on the line when they report news from war zones, or shootings or natural disasters.	1	1	0	0	0	1	0	1	0	0	1.0
3777	We should prohibit school prayer	against	prayer should be a parental decision and not one made by government and teachers	0	0	0	0	1	0	1	0	1	0	1.0
3990	We should limit executive compensation	against	executives have a hard job and should be compensated for the high stress job they do	0	0	0	0	1	0	0	0	0	1	1.0
1603	We should cancel pride parades	against	it sends a valuable message to the lgbt community that they are free and able to celebrate their lives	0	1	0	1	0	1	1	0	0	1	1.0
6220	Blockade of the Gaza Strip should be ended	in favor of	The blockade has hit Israeli businesses which long sold into Gaza and bought Gaza's fruit, flowers and other goods.	1	0	0	0	1	1	0	0	1	1	1.0
880	We should limit executive compensation	in favor of	executive compensation too often fails to deliver and as such causes working issues, therefore it should not only be limited but stopped completely.	1	0	0	0	1	0	0	0	0	1	1.0
4673	Companies should fight moonlighting	in favor of	In general, companies provide several benefits to employees such as provident fund, health insurance, etc. So, they feel it is unfair when their employees focus their energy and time on a second job, which doesn’t provide any of those benefits.	1	1	1	0	0	0	0	0	0	1	1.0
7075	We should include limited profitability enterprises in the EU treaties	in favor of	I'd like to see inclusive legislation which considers all sorts of social businesses, gives them good protection and possibilities to develop. We need a EU social business lab to help develop, foster and research social businesses. 	1	0	0	0	0	0	0	0	0	1	1.0
6032	Blockade of the Gaza Strip should be ended	against	the gaza strip blockade is a method to protect the people in gaza and aids in preventing an iranian takeover.	0	0	0	0	1	1	0	0	0	1	1.0
5375	The EU should integrate the armed forces of its member states	in favor of	On the one hand, we have Russia killing countless Ukrainians and committing sabotage in Britain and the Czech Republic, and on the other hand, we have reluctant United States that is switching between isolationist and interventionist policies every 4-8 years.   I stand convinced, that in order for the European Union to move forward, it must begin to introduce measures for the security of both, the current member states as well as the future member states that are endangered due to foreign aggression and bring the responsibility of continental safety firmly in our own hands. If Europe is to find the peace it must have the means to create peace by being able to protect itself against hostile foreign influences.	1	1	0	0	1	1	0	0	0	0	1.0
2638	We should ban the use of child actors	in favor of	we should ban the use of child actors as they should be concentrating on getting an education first	1	0	1	0	0	0	1	1	0	0	1.0
4829	Cohesion funds should be provided directly to cities and regions	in favor of	The cohesion funds have become a mechanism for local oligarchs and political elites to maintain their power and influence within national contexts, thus resulting in utilizing EU funds for their own personal or political gains and withholding the benefits from the people in cities and regions.	0	0	1	0	1	0	0	0	0	1	1.0
5175	The EU needs tougher border protection	against	Building walls is a sign of fear and weakness.	1	0	1	0	0	0	0	0	0	0	1.0
7018	We should prohibit the sale of washing machines without suitable filters	in favor of	washing machines without proper filters are a major source of microplastic.	1	0	0	0	0	0	0	0	0	1	1.0
6974	MBAs do not make good business leaders	in favor of	Learning everything by practice consumes time. Through MBA, we can learn management skills and skills to tackle real-life problems in businesses.	1	0	0	0	0	0	0	0	0	0	1.0
3202	We should subsidize journalism	in favor of	we need to subsidize journalism so that it continues to draw in good people	1	1	0	0	0	0	0	0	0	1	1.0
6173	Entrapment should be legalized	against	entrapment should not be legalized because if you have to trap a person to catch them doing wrong, then the enforcement team is not doing a very good job as people are breaking the law constantly.	1	0	1	0	0	1	0	0	0	1	1.0
1085	We should stop the development of autonomous cars	against	autonomous cars will provide a way for people who are blind or handicapped a way to travel	0	1	0	0	1	0	1	0	0	1	1.0
2142	We should abolish the three-strikes laws	against	three-strike laws give a clear message to offenders who may be in danger of re-offending, that doing so would be met with more severity than their first offense. that way it works as a clear deterent.	0	1	1	0	1	1	0	0	0	1	1.0
6355	We should subsidize vocational education	in favor of	vocational education has merits. it provides skill to youth who have left school and reintroduced them in the economic field	1	1	0	0	0	1	1	1	0	0	1.0
2789	We should stop the development of autonomous cars	in favor of	autonomous cars can make driving more dangerous since their programming can not cover every conceivable instance.	1	1	0	0	0	1	0	0	0	0	1.0
2967	We should stop the development of autonomous cars	in favor of	autonomous cars are not able to react to specific scenarios where decisions must be made.	1	0	0	0	0	1	0	0	0	1	1.0
5493	Homeschooling should be banned	in favor of	homeschooling may not be covering core topics or at least not to an adequate level	1	0	0	0	0	0	0	0	0	0	1.0
159	We should ban fast food	against	we all have the right to eat what we want, to prohibit a specific type of food is an abuse of power	0	0	0	1	0	0	1	1	0	1	1.0
2263	We should subsidize Wikipedia	against	If Wikipedia were subsidized it would be less objective by being accountable to a single funding source.	1	1	1	0	0	1	1	0	0	1	1.0
6879	Blockade of the Gaza Strip should be ended	in favor of	the blockade of the gaza strip has gone on way too long and should be ended, this is not the united states fight.	0	1	0	0	1	1	0	0	0	1	1.0
2276	We should abolish the three-strikes laws	in favor of	Three strikes laws are expensive because they increase how long people are incarcerated which must be paid for by tax payers.	0	1	1	0	1	1	0	0	0	1	1.0
4846	Immigrants should receive help from the EU through integration programs	in favor of	Knowledge of the host country's language is essential for integration. When migrants understand the local language, studies show that their values tend towards those of the host countries over time. 	1	1	0	0	0	1	0	0	0	0	1.0
7350	We should crack down on unreasonably high incomes.	against	It is more important to raise the income of the lower class in the distribution system and to lower the cost of living of the lower and middle class than to fight against high income.	1	0	0	0	1	1	0	0	0	1	1.0
3397	We should fight for the abolition of nuclear weapons	in favor of	The cost of developing nuclear weapons in developing states drains cash from infrastructure, education, and welfare funds which hurts the population as a whole.	0	0	0	0	1	1	0	0	0	0	1.0
2992	We should abolish zoos	against	Zoos provide a platform for people to understand the natural and animal world.	1	0	0	0	0	0	1	0	0	1	1.0
4472	We should ban private military companies	in favor of	private military companies provide violence - or threat of violence - for money, are poorly regulated and subject to endless accusation of corruption and bribery.	1	0	1	0	0	1	0	0	0	1	1.0
168	We should legalize cannabis	in favor of	cannabis should be legalized because it is no worse than alchohol.	0	0	0	1	0	1	1	0	0	0	1.0
3538	We should ban factory farming	against	factory farming is a necessary tactic to provide the food resources our population requires, it does not need to be cruel, it can merely be efficient	1	1	0	0	0	1	0	0	0	0	1.0
4800	Gas and nuclear power should be supported with money from European countries	against	If we continue investing in climate and environmentally damaging, regressive, and immensely expensive nuclear power plants or technologies is a mockery of the world and a waste of money and time that we can use for sustainable investments and transformations.	0	0	0	0	1	1	0	0	0	1	1.0
478	We should introduce compulsory voting	against	some people do not feel capable of exercising such a responsibility	1	1	0	0	0	0	1	0	0	0	1.0
3256	We should ban the use of child actors	against	with proper safe-guards in place, including responsible parenting and limited working hours, there is no reason why child actors cannot lead a full life whilst having a career.	1	1	0	0	0	1	1	0	0	0	1.0
1720	We should abolish the Olympic Games	in favor of	the olympic games cost vast sums of money to the host country that would be better spent on essential services such as healthcare and education	1	1	0	0	0	1	0	0	0	0	1.0
4260	We should stop the development of autonomous cars	against	autonomous cars are a thing of the future	1	0	0	0	0	0	0	0	0	0	1.0
6707	We should abandon television	in favor of	television is full of bad influences for our children.	0	1	1	0	1	0	0	0	0	0	1.0
3711	We should ban private military companies	in favor of	military contractors take work away from our own troops, which the government already spends a great deal on.	0	0	0	0	1	1	0	0	0	1	1.0
4958	There should be no immigration from non-European or non-first-world countries 	in favor of	I am happy to see that the ide of haling all immigration from non-European or non-first-world countries is still going strong. This message needs to be communicated to Brussels very clearly. 	0	0	0	0	1	1	1	0	0	0	1.0
1441	We should subsidize student loans	in favor of	Student loans are necessary to be able to afford  the cost of college. Subsidizing the loans allows more people to  gt a degree and not have to leave to earn an income before they finish.	1	1	0	0	0	1	0	0	0	1	1.0
6590	Foster care brings more harm than good	against	In one study, foster care children did not differ from matched family children in their sense of well-being, self-esteem, or incidence of depression or behavior problems	1	1	0	0	0	1	0	0	0	1	1.0
5946	We should abandon television	in favor of	television should be abandoned because it causes people to be lazy and unproductive in their lives.	1	1	1	0	0	1	0	0	0	0	1.0
3896	We should ban private military companies	against	the government cannot keep up with the supply and demand of our military and banning private military companies would prove to be detrimental by creating shortage of supplies.	0	0	0	0	1	1	0	0	0	0	1.0
3011	We should abolish intellectual property rights	against	people should have a right of ownership to their creations, ideas, and concepts that they created themselves.	1	1	0	0	0	0	0	0	0	0	1.0
5799	The use of public defenders should be mandatory	in favor of	using public defenders would be a fairer system ensuring that everyone has the same level of representation, not just those who can afford better.	0	1	0	0	1	1	0	0	0	1	1.0
3311	We should ban cosmetic surgery	against	cosmetic surgery shouldn't be banned because there are plenty of cases and times when someone is in a accident and they actually need it to fix their appearance.	1	0	0	1	0	1	1	0	0	1	1.0
1323	We should abolish the Olympic Games	against	the olympic games are necessary to promote healthy competition in the world and show the cultures of many countries.	0	0	0	1	0	1	0	1	1	1	1.0
840	We should end mandatory retirement	in favor of	mandatory retirement is harsh.  it pushes workers who might still be viable out of the workforce for no other reason than their age, often leaving them to struggle.	1	0	1	0	0	1	1	0	0	1	1.0
4469	We should abolish the right to keep and bear arms	against	the freedom to bear arms has always been a basic right in this country.  people have the right to protect themselves.	1	0	0	0	0	1	1	0	1	0	1.0
2085	We should fight for the abolition of nuclear weapons	against	Nuclear weapons prevent conflicts from dragging onward because once they are used involved countries lose the motivation to continue fighting (re: Hiroshima and Nagasaki).	0	0	0	0	1	1	0	0	0	1	1.0
2651	We should legalize cannabis	in favor of	legalized cannabis can be more closely regulated and taxed. it makes it safer than illegal weed and helps provide tax dollars.	1	1	1	0	1	1	0	0	0	0	1.0
1833	We should introduce compulsory voting	in favor of	the more people participate in the voting process, the better it is for democracy and society as a whole.	0	0	1	0	1	1	0	0	0	1	1.0
452	We should subsidize journalism	in favor of	journalism has been an important profession.	1	0	0	0	0	0	1	0	0	1	1.0
4200	We should end mandatory retirement	against	mandatory retirement is necessary in some fields to let go of the older, more error-prone workers.	1	0	0	0	0	0	0	0	0	0	1.0
4596	India should store the data within the territorial boundaries of the country	against	We are in a globalized world. At present, the world is running on the free flow of people, goods, services, and data. Data localization laws seem to be a part of protectionist policies, which is a threat to the free flow of data.	1	0	0	0	1	0	1	0	0	1	1.0
5770	Homeschooling should be banned	in favor of	all children should receive the same education to ensure a standard of learning is established.	1	0	1	0	1	0	1	0	0	1	1.0
223	We should abolish the right to keep and bear arms	against	we shouldn't abolish the right to keep and bear arms because it can help stop mass shootings if everyone has a gun	1	1	0	0	0	1	0	0	1	0	1.0
1986	We should abolish capital punishment	in favor of	Crimes that get the death penalty are rarely premeditated, which means capital punishment doesn't function as a deterant.	0	0	0	0	1	1	0	0	0	1	1.0
5568	Intelligence tests bring more harm than good	in favor of	it does because it is a test that cant cover a persons full knowledge or personality and may brand someone smart when they're not or stupid when they are smart andit could have a major impact on the person.	1	0	0	0	0	1	0	0	0	0	1.0
7138	We should impose an IQ test to immigrants	against	This just seems like an overtly emotional suggestion that isn't too well thought out. It would cause far more problems that it solves.	1	1	0	0	0	0	0	0	0	1	1.0
4916	The European Union's asylum system needs to implement its humanitarian principles	in favor of	I recently read that especially African families tend to send their smartest, best educated youngsters abroad to improve the family situation. These people are desperately needed both for the future of their home countries and for our future. We need skilled & educated people in many sectors, but sends such people back to their home countries, because they were unfortunate enough to be refugees.	1	1	0	0	0	1	0	1	0	1	1.0
3789	We should abandon the use of school uniform	in favor of	School uniforms limit the ability for students to express themselves.	0	0	0	1	0	0	1	1	0	1	1.0
2416	We should limit executive compensation	against	we shouldn't limit executive compensation. the whole point of becoming an executive is working up the ladder for years in order to receive the six figure salary and lucrative bonuses.	1	0	0	0	1	0	0	0	0	1	1.0
6190	Blockade of the Gaza Strip should be ended	against	given a country right to security and self-preservation, a blockade could be affected in international waters. This has been practiced for some time now, including when Britain and the U.S. blockaded Germany and Japan	0	1	0	0	1	1	0	0	0	1	1.0
3652	We should ban fast food	against	Fast food provides people with jobs and is convenient for busy families.	1	1	0	0	0	1	0	0	0	0	1.0
5014	The EU should focus more on ensuring the success of the internal market, and on improving its competitiveness	in favor of	The Covid-19 pandemic showed us that the European Union is not able to come up with technological innovations that could strengthen our economic position. 	1	1	0	0	1	0	1	0	0	0	1.0
4392	We should ban human cloning	against	human cloning is just a step in the natural progression of science	1	0	0	0	0	0	1	0	0	1	1.0
2490	We should end mandatory retirement	in favor of	Older workers have more experience and expertise than young workers.	1	0	0	0	0	0	0	0	0	1	1.0
195	We should ban telemarketing	against	banning telemarketing has no approval anywhere as customers will not be able to see new products available to buy.	1	0	0	1	0	0	1	0	0	0	1.0
6052	Payday loans should be banned	against	payday loans can provide financial assistance in a crisis, when someone has nowhere else to turn.	0	1	0	0	1	1	0	0	0	0	1.0
700	We should ban algorithmic trading	in favor of	algorithmic trading gives people an unfair advantage because they can trade so much more quickly and therefore it should be banned.	1	1	1	0	1	0	0	0	0	1	1.0
1198	We should introduce compulsory voting	against	we shouldnt because people might just vote for anyone if they have no interest in politics and could sway the vote.	1	1	0	0	1	1	1	0	0	0	1.0
1761	We should subsidize embryonic stem cell research	in favor of	embyronic stem cell research uses cells that would otherwise just be destroyed.	1	0	0	0	0	1	0	0	0	1	1.0
5048	The EU should synchronize national elections 	in favor of	The only thing Europeans don’t do together is politics. This is because national parties - not EU parties - run the show within and across Europe. After 70 years of integration, the EU lacks a European party system capable of fostering a genuine transnational space of political debate and dialogue where citizens can understand, influence, and participate in decision-making affecting their common interests as Europeans. This must change.	0	0	0	0	1	1	0	0	0	1	1.0
604	We should subsidize embryonic stem cell research	in favor of	embryonic stem cell research is an advanced medicine progress that should not be stopped	1	0	0	0	0	1	0	1	0	0	1.0
1936	We should subsidize student loans	in favor of	by subsidizing student loans we can remove one of the stressors from continuing education.	1	1	0	0	0	1	0	0	0	1	1.0
4123	We should ban factory farming	against	factory farming supports our large consumption of meat, and without it people would not be able to meet their demands for meat.	1	1	0	0	0	1	0	0	0	0	1.0
7365	Carbon emissions trading should be limited.	against	Since China's reform and opening up, its economy has developed rapidly, and Western countries have taken advantage of the warming climate to limit the issue of carbon emission rights in order to delay China's development.	1	0	0	0	1	0	0	0	0	0	1.0
5672	We should subsidize vocational education	against	Vocational education is not as expensive as pursuing an academic degree and does not need to be subsidized.	0	1	0	0	1	0	0	0	0	1	1.0
3326	We should end mandatory retirement	in favor of	as quality of life improves and the average lifespan increases, mandatory retirement looks more and more out of step with the modern human life experience.	1	0	0	0	0	0	1	1	0	1	1.0
6205	We should abandon television	in favor of	we should abandon television because it contributes to the laziness and dumbing down of society.	1	0	0	0	0	1	1	0	0	1	1.0
2956	We should subsidize journalism	against	subsidizing journalism is unfair. you're basically paying someone to spread your own beliefs.	1	0	0	0	0	0	1	0	0	1	1.0
6104	The vow of celibacy should be abandoned	against	the vow of celibacy is critical to keeping the priest focused on spiritual matters that are central to his responsibilities in the church and to his congregation.	1	1	1	0	0	0	0	0	1	0	1.0
4623	IT recruiters should consider skills instead of a degree in programming	against	Even though the new programming languages are replacing the old ones, the basic concepts are the same for almost all the programming languages. So, the one who has a degree in coding will have an advantage over the student from a non-IT background.	1	0	0	0	0	0	0	0	0	0	1.0
3792	We should abolish intellectual property rights	in favor of	intellectual property rights stifle creativity since all ideas are built upon the ideas of the past.	1	0	0	0	0	0	1	0	0	1	1.0
5105	The EU government should encourage people to eat less meat	against	I think forcing people to eat a limited amount of meat is totally the wrong way because of the following reasons:  1. It would cause so much more bureaucracy  2. forbidding it would understandably make a lot of people very mad. I mean who likes to be told what to eat?  3. I think it's important to have the freedom to eat what you want I think a much better solution would be to increase the tax on meat. Making it less attractive for people.	0	0	0	1	0	1	1	1	0	1	1.0
3812	We should ban cosmetic surgery	against	a lack of confidence due to appearance can have a crippling impact on poeple's lives and cosmetic surgery can help reduce this.	1	0	0	0	0	1	1	0	0	0	1.0
6045	Homeschooling should be banned	in favor of	many parents aren't educated well enough to teach their children.	1	1	1	0	0	1	0	0	0	0	1.0
1810	We should subsidize journalism	in favor of	When newspapers worry more about the bottom line than the headlines, the quality of the papers goes down resulting in poor pop journalism that panders to the public and the advertisers.	1	0	0	0	0	0	1	0	0	1	1.0
6940	We should develop Web 3.0.	in favor of	Web 3.0 is defined as a decentralized web, where content does not lie in the hands of big corporations. Instead, it uses peer-to-peer infrastructure, so the information cannot be censored by corporations or the government. It is expected to ensure user privacy.	1	0	0	0	1	0	1	0	0	1	1.0
4700	Firecrackers should be banned during Diwali, other festivals, and weddings	against	Bursting crackers on Diwali has always been on the to-do list in every family. A Deepavali without firecrackers will definitely be a cut-down in entertainment and recreation for the kids, as well as the elders.	0	0	0	1	0	0	1	1	1	0	1.0
6665	We should subsidize vocational education	in favor of	vocational education is just as important as college because there is a great need to blue collar workers	1	0	0	0	1	1	0	0	0	1	1.0
2526	We should ban telemarketing	against	It is time saving. You can reach a large number prospects much faster than a sales representative on foot.	1	0	0	0	0	0	0	0	0	1	1.0
5853	Entrapment should be legalized	in favor of	sometimes the only way to catch a criminal is by entrapment.  in these cases entrapment should be legal.	1	0	1	0	0	1	0	0	0	0	1.0
4165	We should legalize prostitution	in favor of	Legalizing prostitution would increase tax revenue for the government.	0	0	0	0	1	1	0	0	0	0	1.0
3133	We should end mandatory retirement	in favor of	Older workers  provide maturity and experience and can be loyal and productive employees past the age of 65 or even 70	1	0	0	0	0	0	1	0	0	1	1.0
5282	The European Union has no other choice than to reject all immigration, except for workers they need.	in favor of	Africa and the Middle East have the highest birthrate in the World. Africa has up to 7 children per woman. The EU has 1,55.  It is this high birthrate that keeps them poor. There is almost nothing the EU can do about it.	1	0	0	0	1	1	0	0	0	0	1.0
4228	We should ban the use of child actors	in favor of	child actors are often exploited by the film industry and should not be used	0	1	1	1	0	0	0	0	0	1	1.0
4865	The EU should have open borders with poor countries	against	If we need work force, we should look for Europeans to come, not for Afrikans, Arabic, and Muslims.	1	0	0	0	0	0	0	0	1	1	1.0
5083	Pay-as-you-go public health insurance funds should only be used for the most serious illnesses	against	This only works if you're young and healthy, otherwise, you're a bad risk for private health insurance and it will become even more expensive	0	0	0	0	1	1	1	0	0	1	1.0
3368	We should subsidize embryonic stem cell research	in favor of	who knows what the future holds in possible medical breakthroughs based on stem cell research.  we need to keep funding this important research to see what discoveries can be made.	1	0	0	0	0	1	1	0	0	1	1.0
4566	We should encourage people to take part in Fit India Movement	in favor of	Due to the inactive lifestyle and stressful lives, many people are getting lifestyle diseases such as diabetes, hypertension, etc. Fit India Movement can encourage people to consume healthy food and maintain physical and mental fitness.	0	0	0	0	1	1	0	0	0	0	1.0
6156	Assisted suicide should be a criminal offence	in favor of	someone who would assist another person attempt suicide should be locked up.  these people need help to be convinced that suicide is not the answer rather than assisted in their task.	1	1	1	0	0	1	0	0	0	0	1.0
4627	We should adapt the viable pay incentive scheme	in favor of	Variable pay helps in retaining valuable employees. This helps in retaining good talent for long periods of time and thereby, less spending on hiring new talents. This provides stability to the organization.	1	1	0	0	0	1	0	0	0	0	1.0
2703	We should end mandatory retirement	against	people simply can't compete with others in the same professional setting once they reach a certain age, mandatory retirement is necessary for fair competition in a limited job market	1	0	0	0	0	1	0	0	0	1	1.0
2240	We should subsidize Wikipedia	in favor of	it needs money and is used by many people.	1	1	0	0	1	0	1	0	0	1	1.0
7166	We should punish illegal Immigrants and only accept legal immigrants.	in favor of	We would have to change asylum rules. Illegal immigrants will claim asylum after entering the country to attempt to make their entry legal. It then becomes a massive pain to deport them. Illegal entries must result in an automatic rejection of asylum claims.	0	0	1	0	1	1	0	0	0	1	1.0
4511	We should limit judicial activism	against	check-balancing government use of power in a democracy is what makes democracy the better governing form. judicial activism will limit government overuse of its power	0	1	0	0	1	0	0	0	0	1	1.0
977	We should limit executive compensation	in favor of	out of control executive compensation raises the disparity between the haves and the have nots.	1	0	0	0	1	0	0	0	0	1	1.0
1328	We should subsidize journalism	in favor of	subsidising journalism will put more resources into good investagative journalism.	1	0	0	0	0	0	1	0	0	1	1.0
2212	We should ban cosmetic surgery for minors	against	if democrats think minors should be allowed to vote, they should be allowed to get cosmetic surgery if they choose to	0	0	0	0	1	0	1	0	0	0	1.0
1621	We should subsidize space exploration	against	we should not subsidize space exploration because that money could be spend on much more pressing matters like helping the homeless and research into cures for cancer.	0	1	0	0	1	1	0	0	0	0	1.0
1049	We should ban missionary work	against	missionaries are necessary as they provide education, health care, and more to those in need.	1	0	0	0	1	1	1	0	1	1	1.0
4026	We should adopt atheism	in favor of	religion has been used as justification for many terrible things in the past. we should base our judgements only on what we know s true, and not what might be true.	1	0	0	0	0	0	0	0	0	1	1.0
771	We should ban private military companies	in favor of	private military companies should be banned they often act as mercenaries and cant be regulated	1	1	1	0	0	1	0	0	0	0	1.0
422	We should oppose collectivism	in favor of	collectivism removes an individual's right to promote their private interests and exercise autonomy	0	0	0	0	1	0	1	0	0	0	1.0
827	We should ban human cloning	against	we should not ban human cloning because it could help with medical research	1	0	0	0	0	1	1	0	0	0	1.0
6462	Blockade of the Gaza Strip should be ended	in favor of	there is no reason the blockade of the gaza strip should still be in effect.  it's costing too much to innocent people.	0	0	0	0	1	1	1	0	0	1	1.0
6192	Homeopathy brings more harm than good	against	when no effective alternatives exist the placebo effects of homeopathy are to be supported.	1	1	0	0	0	1	0	0	0	0	1.0
2708	We should abolish zoos	against	Zoos are a great way for people to learn about animals	1	0	0	0	0	0	1	0	0	1	1.0
3469	We should fight for the abolition of nuclear weapons	against	the threat of nuclear weapons can keep bad actors from doing  great damage	0	0	0	0	1	1	0	0	0	1	1.0
11	We should end the use of economic sanctions	against	economic sanctions provide a non-military sanction to use against countries.	0	0	0	0	1	0	0	0	0	1	1.0
4091	We should abolish zoos	against	Zoos work as educational centers and are not the cause of the extinction of animals, rather they help that this does not happen, that's why we should not abolish zoos	1	0	0	0	0	0	0	0	0	1	1.0
1319	We should adopt an austerity regime	in favor of	it's about getting the deficit down and engaging in austerity regime, the overall impact on the economy is positive in the short term	0	1	0	0	1	1	0	0	0	0	1.0
5721	Entrapment should be legalized	in favor of	Even if you are convicted of a crime because of entrapment, your intention existed to commit a crime, and when determining guilt and punishment intention is ultimately the most important factor.	0	1	1	0	1	1	0	0	0	1	1.0
861	We should abolish intellectual property rights	in favor of	Intellectual property rights slows down the speed with which people have access to technology, goods and ideas that could transfrom their lives so should be abolished.	1	0	0	1	0	1	1	1	0	1	1.0
4791	Electric cars are not a solution to air pollution	in favor of	It would be smarter and cheaper to develop and encourage limited speed, low consumption shared thermal cars, and abandon the myth of owning a car.	1	0	0	0	0	0	0	0	0	1	1.0
5365	There should be a small council of people from all over the world, and identify the problems of every country and solve them.	against	Europe should represent its own interests.	0	0	0	0	1	0	1	0	0	0	1.0
2159	We should abolish safe spaces	in favor of	We should abolish safe spaces because there are better ways to protect people with ptsd like content warnings, rather than safe spaces.	1	1	0	0	0	0	1	0	0	1	1.0
720	We should prohibit school prayer	against	we shouldn't prohibit school prayer because is important for religious education	1	0	0	0	0	0	1	0	1	0	1.0
941	We should limit executive compensation	in favor of	Executive compensation should be limited to ensure the top staff is not taking all of the rewards for companies that are supported by thousands of workers. All employees contribute to the success of a company.	1	0	0	0	1	0	0	0	0	1	1.0
5820	Entrapment should be legalized	in favor of	entrapment allows for the easy arrest of criminals	1	0	1	0	0	0	0	0	0	1	1.0
3488	We should adopt an austerity regime	in favor of	i believe we should adopt an austerity regime because our government has a tremendous debt and has proven over time that they are not capable to reducing the national debt.	0	0	0	0	1	1	0	0	0	0	1.0
740	We should ban private military companies	against	We should not ban because it has been proven to work and can serve specific issues	1	0	0	0	0	1	0	0	0	1	1.0
1598	We should adopt a multi-party system	in favor of	in a multi party system the general population have more of a choice in who their leaders are	0	0	0	0	1	0	1	0	0	0	1.0
7312	We should protect our privacy in the Internet age.	against	If the laws and regulations on privacy protection in one region or country are too stringent, it is likely to lead to the transfer of capital to another region or country.	0	0	0	0	1	0	0	0	0	0	1.0
667	We should limit judicial activism	against	each case has different circumstances and certain things need to be taken into consideration for each one. judicial activism allow the court to consider the circumstances of each crime.	1	1	0	0	0	1	1	0	0	1	1.0
6957	Cattle slaughter should be banned	against	It is not ethical to interfere with the food habits of others.	0	0	1	1	0	0	1	0	0	0	1.0
1131	We should stop the development of autonomous cars	against	autonomous cars are so valuable for the future in an ever more congested world so we need to invest more in them.	1	1	0	0	0	1	0	0	0	1	1.0
6341	Payday loans should be banned	in favor of	payday loans take advantage of people in desperate financial situations, who aren't educated on finances, and often end up in a worse position because of the loan	1	1	1	0	1	1	0	0	0	0	1.0
4639	We should forbid neo-banks	against	Due to their technological nature, neo-banks do not need any physical bank branches, which helps them save on overhead costs (the cost of running the business). Thus, neo-banks are able to offer lower fees and higher interest rates on checking and savings accounts to customers.	1	1	0	0	1	1	1	0	0	1	1.0
1921	We should ban the use of child actors	against	as long as it doesn't interfere with their schooling and they are well looked after i don't see a problem.	0	1	1	1	0	0	1	0	0	0	1.0
4559	We should adopt a zero-tolerance policy in schools	in favor of	adopting a zero-tolerance policy helps to combat violence and drug abuse in schools	0	0	1	0	1	1	0	0	0	1	1.0
4606	Political parties should be brought under RTI (Right to Information) Act	in favor of	Political funding is believed to be the fountainhead of corruption. The citizens have the right to know where the political parties are raising these funds from, how they spend these funds, and the basis of their decisions. Crony capitalism will be hugely curbed if political parties are brought under RTI Act.	0	1	0	0	1	0	1	0	0	1	1.0
6302	We should abandon television	against	television has a larger screen  which families can bond and enjoy them together	0	1	0	1	0	1	0	0	0	0	1.0
7252	We should strengthen Frontex and control immigration.	in favor of	Frontex must be given powers and resources to shut down the migratory routes entirely.	0	0	0	0	1	1	0	0	0	0	1.0
7270	We should shift the EU policy toward the Russian Federation	in favor of	Pushing Russia to the wall will have adverse effects by creating a Russian-Chinese axe, detrimental to the EU. Closer economic ties allow job prospects on both sides and improve scientific research and discoveries that remain within the European continent. A partnership where both sides share and benefit from technological domains (aerospace, AI, energy, fusion, bio-chemicals, etc.).	1	0	1	0	0	1	1	0	0	1	1.0
2705	We should abolish capital punishment	against	the punishment should be equal to the crime. it also might deter others from murder if they know they will lose their own life.	0	0	1	0	1	1	0	0	0	1	1.0
5389	Intelligence tests bring more harm than good	in favor of	some people are highly intelligent but don't do well on testing so intelligence tests can't measure a true value if it's only testing with one method.	1	0	0	0	0	0	0	0	0	1	1.0
687	We should ban telemarketing	against	Telemarketing is an excellent tool if used sensitively and with caution	1	0	1	0	0	0	1	0	0	0	1.0
1004	We should ban algorithmic trading	in favor of	unless everyone is using algorithmic trading, the system would ensure only those that had access to it would have the best chance of making money.	0	0	0	0	1	1	0	0	0	1	1.0
1267	We should abolish intellectual property rights	in favor of	intellectual property rights are absurd, we deserve to express what we think it does not matter if another already thinks so	1	0	0	0	0	0	1	0	0	0	1.0
2773	We should ban the use of child actors	in favor of	children are far too easy to exploit and they sometimes end up being far too precocious at an early age due to fame and all it brings.	1	1	1	0	0	0	0	0	0	1	1.0
1721	We should introduce compulsory voting	in favor of	compulsory voting would increase voter turnout	1	1	0	0	0	1	0	0	0	1	1.0
799	We should end the use of economic sanctions	in favor of	ending economic sanctions would make it so all countries could trade freely with anyone.	1	0	0	0	1	0	1	1	0	1	1.0
4587	We should strengthen laws to fight against terrorism	in favor of	To prevent the violation of human rights, four-stage scrutiny is added. Designating individuals as terrorists is not started by India. The US, European Union, and China also have this provision.	0	1	0	0	1	1	0	0	0	1	1.0
2086	We should ban cosmetic surgery	against	everyone should have a right to be happy.	0	0	0	1	0	1	1	1	0	0	1.0
2623	We should legalize prostitution	in favor of	some women have no other way to support themselves and their children	1	1	0	0	1	1	0	0	0	1	1.0
3465	We should end mandatory retirement	against	mandatory retirement ensures there are places in the workplace for those who are starting their careers	1	0	0	0	0	1	0	0	0	1	1.0
7175	We should protect the European border.	in favor of	Frontex is the way to protect the European border. It should completely take over every border, land, sea, and air. Otherwise, it will just take over all the good personnel of a member state, causing even more problems at the border.	1	0	0	0	0	0	0	0	0	0	1.0
107	We should subsidize space exploration	in favor of	there is so much more to explore and learn about space that subsidising space exploration would bring us closer to learning and understanding what is beyond our planet.	1	0	0	0	0	0	0	0	0	0	1.0
5024	Catalan should be an official language of the European Parliament	in favor of	There are languages that are spoken by fewer people and are official	1	0	0	0	1	1	0	0	0	1	1.0
1666	We should oppose collectivism	against	collectivism provides a common goal for everyone to work towards.	1	0	0	0	0	1	0	0	0	0	1.0
3407	We should abolish capital punishment	in favor of	capital punishment takes too long and has a long appeal process costing taxpayers money.	1	0	0	0	1	1	0	0	0	0	1.0
6558	Blockade of the Gaza Strip should be ended	against	blockade of the gaza strip should not be ended because it is there to keep out certain people	0	0	1	0	1	1	0	0	0	1	1.0
2273	We should ban cosmetic surgery	in favor of	cosmetic surgery is pointless and takes doctors away from other important fields such as family care	1	1	0	0	0	1	0	0	0	0	1.0
5254	The European Parliament should have more powers, so Europe can stand against other world powers.	against	The European Parliament has developed avenues for a common foreign and defense policy and should exercise its role this way. Also, there are prerogatives of a parliament to guide and control the external policies of the EU.	0	1	1	0	1	0	0	0	0	0	1.0
3643	We should abolish safe spaces	in favor of	"safe spaces stop young people from developing the ""thick skin"" required to navigate everyday post-university life. the real world does not care about your feelings."	1	1	0	0	0	0	1	0	0	0	1.0
6285	Intelligence tests bring more harm than good	against	sometimes these tests help identify people's strengths.	1	1	0	0	0	0	0	0	0	0	1.0
3673	We should abolish the three-strikes laws	in favor of	three-strikes laws are a major reason for overcrowding in our prison system.	1	1	0	0	0	0	0	0	0	1	1.0
6014	Intelligence tests bring more harm than good	against	I.Q. testing  allows students to understand and focus on their intellectual strengths	1	1	0	0	0	0	1	0	0	0	1.0
912	We should subsidize student loans	against	it isn't the obligation of any tax payer to give money to help someone else get an education.  that is a personal choice, and if they want to go to college they need to pay for it on their own.	1	1	0	0	1	1	0	0	0	0	1.0
2275	We should limit judicial activism	against	there should be no limits.  how are we to move forward in society if we limit the thought process of judges?	1	0	0	0	0	0	0	0	0	1	1.0
509	We should ban private military companies	against	we shouldn't ban private military companies as they are doing a job and keeping people safe	1	1	0	0	0	1	0	0	0	1	1.0
2280	We should abolish the three-strikes laws	in favor of	Three strikes laws lead to more people being put in jail which ends up being a burden on tax-payers and federal funding.	0	1	0	0	1	1	0	0	0	1	1.0
5055	Council meetings should be open to the public and the press	against	It would render the meetings useless since they would only be able to express official statements and instead negotiate new ideas without pressure.	1	0	0	0	0	0	1	0	0	0	1.0
2775	We should introduce compulsory voting	in favor of	compulsory voting gives everyone in society their say in politics	0	0	0	0	1	0	1	0	0	1	1.0
5780	Social media brings more harm than good	in favor of	it instill a culture of selfish self importance	1	0	0	0	0	1	1	1	0	1	1.0
4554	We should legalize prostitution	in favor of	we should legalize prostitution because freedom should be absolute. if i wish to make money having sex, i should have that right. having it legal will reduce the violence and increase safety.	0	0	0	0	1	1	1	0	0	1	1.0
2605	We should stop the development of autonomous cars	against	globally, over 1 million people die a year in car crashes.   to be able to have self driving safe cars that save that many lives a year would be outstanding.   robots and self driving cars are the future.	1	0	0	0	0	1	0	0	0	1	1.0
522	We should adopt an austerity regime	against	austerity regimes hurt the common man by reducing support for schools and health care.	1	0	0	0	1	1	0	0	0	0	1.0
1406	We should end mandatory retirement	in favor of	seniors want to feel needed and useful so as long as they are doing a good job they shouldn't be forced to retire	1	0	1	0	0	0	1	0	0	1	1.0
7010	We should reintroduce nuclear power in Germany	against	A technology that takes 20 - 40 years to build up on any meaningful scale, and takes many decades to pay its costs, if ever? 	1	0	0	0	0	1	0	0	0	1	1.0
2735	We should ban missionary work	against	we should not ban missionary work because a lot of progress has been made because of it in poor countries.	1	0	0	0	1	0	0	0	0	1	1.0
2749	We should legalize organ trade	in favor of	we should legalize organ trade because it will be better monitored than having organs being sold on the black market	0	0	1	0	1	1	0	0	0	0	1.0
7236	We should not have any immigration from non-European or non first-world countries 	in favor of	We need single and selective migration rules. It is very challenging for Europe to protect its border without harming refugees or financial migrants fleeing their countries, and it cannot be efficient without unified and powerful border security (Frontex). 	1	0	0	0	0	1	1	0	0	1	1.0
5480	The vow of celibacy should be abandoned	in favor of	the vow of celibacy is an ancient law that is a cruel requirement  defying a natural part of a human's life and often deters people from entering certain professions and this should be abandoned.	0	1	0	1	0	0	1	1	0	1	1.0
1395	We should abolish capital punishment	in favor of	Capital punishment often goes wrong and leaves people suffering but still alive.	1	1	0	0	0	0	0	0	0	1	1.0
3586	We should subsidize student loans	against	we should not because it would cost the country millions of pounds and raise everyone's taxes, so the cost of living would go up.	0	1	0	0	1	1	0	0	0	0	1.0
3495	We should ban cosmetic surgery for minors	in favor of	the drive around cosmetic surgery and body modification of minor should be nipped in the bud. a minor should be concerned about academics not cosmetics.	1	0	1	0	0	0	0	0	0	0	1.0
981	We should subsidize student loans	in favor of	student loans should be subsidized so that more kids can go to school, get a better education and contribute to the advancement of society.	1	0	0	0	1	1	1	0	0	0	1.0
2305	We should ban telemarketing	against	no, it would eliminate way to many jobs.	1	1	0	0	1	1	0	0	0	0	1.0
2181	We should ban private military companies	in favor of	we should ban private military companies as they are difficult to legislate and it is difficult to monitor the operations and ensure they are legal and ethical.	1	1	1	0	1	1	0	0	0	1	1.0
932	We should ban missionary work	in favor of	Missionaries try to force their beliefs and values on people.	1	0	0	0	1	0	1	0	1	1	1.0
4991	There should be 6 concrete proposals for migrants on the Balkan route.	in favor of	The proposal of the Sardines to reform EU asylum policy is an excellent proposal, well and thoroughly written.	1	0	0	0	0	0	0	0	0	1	1.0
5372	The EU should integrate the armed forces of its member states	in favor of	In principle, I would be in favor of a European army, but I would tie it to a reform of European decision-making (majority or 2/3 majority). An army is worth nothing if the members cannot agree or if a single country uses it as a means of pressure to push through its own interests.	0	0	0	0	1	1	0	0	0	1	1.0
1352	We should ban the use of child actors	against	providing child actors are still taught school subjects and that they are given time to be children then it is good for them and the money earned will give them freedom as adults to do whatever they want	1	0	0	0	1	0	1	1	0	0	1.0
6766	Blockade of the Gaza Strip should be ended	in favor of	the gaza strip blockade unfairly effects the women and children of the area and causes many hardships to noncombatants.	0	0	0	0	1	1	0	0	0	1	1.0
1687	We should limit executive compensation	against	executive compensation packages are necessary to attract the best qualified people into a company - it is simply market economics, supply and demand.	1	0	0	0	1	0	1	0	0	1	1.0
1939	We should ban whaling	against	whaling is quite a profitable profession.	1	0	0	0	1	0	0	0	0	0	1.0
6589	Foster care brings more harm than good	in favor of	recent studies have shown that young adults exiting in the foster care system are prime targets for predators controlling sex-trafficking bands	1	1	0	0	0	1	0	0	0	1	1.0
1577	We should oppose collectivism	against	collectivism can achieve more that individuals alone	1	0	1	0	0	0	0	0	0	1	1.0
5515	We should subsidize vocational education	in favor of	is absolutely mandatory for all governments to subsidize vocation education as a help for people who trying to gain some qualification for the jobs.	1	0	0	0	0	1	0	0	0	1	1.0
393	We should subsidize space exploration	in favor of	we need to subsidize space exploration in order to find an inhabitable planet we can live on when we finally destroy the one we live on now.	1	0	0	0	0	1	0	1	0	1	1.0
6065	Payday loans should be banned	in favor of	they should not be used as sometimes the money is never repaid	0	1	1	0	1	1	0	0	0	0	1.0
1427	We should subsidize student loans	in favor of	providing help in paying student loans will lift a financial burden off of students and allow them to become more indepedent.	1	0	0	0	1	1	1	0	0	0	1.0
848	We should ban factory farming	in favor of	Factory farming should be banned as it is an unhealthy and uncaring atmosphere in which to raise animals and doesn't result in a good quality product at the end.	1	1	0	0	0	1	0	0	0	1	1.0
4330	We should stop the development of autonomous cars	in favor of	they are not yet ready to be on the roads, they could be very dangerous.	1	0	0	0	0	1	0	0	0	0	1.0
963	We should ban cosmetic surgery for minors	against	children should be allowed to have a procedure if they have their parents permission	0	1	0	1	0	0	1	0	0	1	1.0
5736	Homeschooling should be banned	in favor of	homeschooling a child denies them valuable lifeskills, particularly interaction with their own age group and all experiences stemming from this.	1	1	1	0	1	1	0	1	1	0	1.0
2577	We should fight for the abolition of nuclear weapons	against	nuclear weapons are important in the fight against those who want to hurt their enemies	0	0	0	0	1	1	0	0	0	1	1.0
4665	NEET exam should be banned	in favor of	Students work hard to score well in class 12 exams, but all that hard work is not recognized. And only the NEET score is considered for entry into medical college, which is very unfair. Moreover, the NEET exam is mainly based on the CBSE curriculum. So, state board students have to study additional things to get a good score on the exam.	1	0	0	0	1	0	0	0	0	1	1.0
4357	We should end the use of economic sanctions	against	economic sanctions provide a necessary alternative to military action when dealing with foreign countries who maybe abusing their power.	0	0	1	0	1	1	0	0	0	1	1.0
6704	The vow of celibacy should be abandoned	against	a vow of celibacy is necessary to the clergy so they can focus every bit of their lives to the church and to god without human distractions.	1	1	1	0	0	0	0	0	1	0	1.0
1641	We should ban the use of child actors	in favor of	child actors are robbed of their childhood and can face much emotional turmoil as an adult from missing this important step in childhood.	0	0	0	1	0	1	1	1	0	0	1.0
2409	We should subsidize Wikipedia	in favor of	wikipedia is an invaluable space for knowledge and should be preserved	1	1	0	0	0	0	0	0	0	0	1.0
4927	We need an inclusive language for all citizens of the world: the Esperanto.	against	If there are language problems, we need to work on national integration systems, e.g. in France where English is being thought in French. language.	1	1	0	0	0	0	1	0	0	1	1.0
5460	Blockade of the Gaza Strip should be ended	against	ending the blockade of the gaza strip will only serve to destabilize the region further.	0	0	0	0	1	1	0	0	0	1	1.0
6478	Social media brings more harm than good	against	For a company, social media platforms are a great way to keep in touch with their customer base and showcase new products.	1	0	0	0	0	0	0	0	0	0	1.0
3704	We should subsidize journalism	in favor of	journalism is incredibly important when it comes to unbiased coverage of our government.	1	0	0	0	0	0	0	0	0	1	1.0
6848	We should abandon television	in favor of	people are already starting to cut the cord. television is largely being replaced by other forms of entertainment and should be abandoned before it's too late.	0	0	0	1	0	0	0	0	0	1	1.0
3785	We should adopt libertarianism	against	government is needed. it provides the institutions that can better serve the public. this can be done through good taxation policy and good programs.	1	1	0	0	1	1	0	0	0	0	1.0
7041	We should promote the use of nuclear energy	against	Nuclear energy simply is too expensive and hence economically not viable.	0	0	0	0	1	1	0	0	0	0	1.0
6262	Intelligence tests bring more harm than good	in favor of	iq tests can make people feel like a failure when they are actually smart.	1	0	0	0	0	0	1	0	0	0	1.0
2586	We should legalize prostitution	in favor of	this is a profession that has been going on for thousands of years so we should finally recognize it as a real job for women	1	0	0	0	1	1	0	0	1	1	1.0
1109	We should ban factory farming	against	we should not ban factory farming because it helps to supply the growing demand for food.	0	1	0	0	1	1	0	0	0	1	1.0
3702	We should subsidize embryonic stem cell research	in favor of	embryonic stem cells have already been proven to have the capability to save lives. with more research who knows how many more uses they could have in reducing illness and improving quality of life.	1	0	0	0	0	1	1	0	0	0	1.0
2858	We should subsidize journalism	against	the is enough money in journalism already, and funds available through subsidies should be redirected towards more worthwhile causes such as healthcare.	1	0	0	0	1	1	0	0	0	0	1.0
5026	We need to ensure improvements to the European Union's decision-making processes with increased transparency and accountability	in favor of	Real democracy cannot do without economic democracy. If the major decisions about our future life (investments, inventions, production) are made outside social control, then there is no real democracy.  Without proper social consultation, there is no prospect for a fair Europe.	0	0	0	0	1	0	1	0	0	1	1.0
7296	We should ban the trading of virtual currencies.	against	The organizational structure brought about by the blockchain distributed technology replaces what a beautiful society this is. There is no corruption and it discards all the disadvantages of centralization.	1	0	0	0	1	1	0	0	0	0	1.0
5825	Payday loans should be banned	in favor of	payday loans take advantage of desperate people and do nothing to solve financial problems.	1	0	0	0	0	1	0	0	0	1	1.0
3576	We should end the use of economic sanctions	against	economic sanctions help end bad behaviors.	1	1	1	0	1	1	0	0	0	1	1.0
4885	We need a common migration and asylum policy, based on respect for rights and equal treatment	in favor of	Although there is an immense increase in the number of TCN migrant workers, there is no adequate policy in protecting their rights. Anyone in Europe should be entitled to the same worker’s rights, no matter where they come from. As migration is an issue that is dealt with by all countries, we must find a common answer at the EU level.	0	0	0	0	1	0	0	0	0	1	1.0
2569	We should subsidize student loans	in favor of	student loan debt is an enormous pressure on working people, and should be subsidized.	1	0	0	0	1	1	0	0	0	0	1.0
1505	We should legalize organ trade	in favor of	legalizing the organ trade will help to save the lives of large numbers of people that current don't have access to organs they need to stay alive	1	1	0	0	0	1	0	0	0	1	1.0
6676	We should subsidize vocational education	in favor of	vocational education is beneficial to society and should be subsidized	1	0	0	0	0	1	0	0	0	1	1.0
857	We should adopt atheism	in favor of	we should adopt atheism because for decades we have proven with science that religious explanations are incorrect	1	0	0	0	0	1	0	0	0	1	1.0
597	We should subsidize student loans	in favor of	student loans should be subsidized as this allows those from marginalized or poorer sections of society to access good education	1	0	0	0	0	0	0	0	0	1	1.0
3833	We should subsidize Wikipedia	in favor of	wikipedia should be subsidized as it a valuable educational tool.	1	0	0	0	0	0	1	0	0	0	1.0
3210	We should subsidize journalism	against	subsidizing journalism will create biased reporting	1	0	0	0	1	0	1	0	0	1	1.0
6248	Homeschooling should be banned	against	children who homeschool have surpassed their public school peers in standardized testing by an overall 10% better performance.	1	0	0	0	0	0	0	0	0	0	1.0
5859	We should subsidize vocational education	in favor of	with the rising cost of college tuition vocational education is becoming a more attractive option & should be subsidized	1	1	0	0	0	1	0	0	0	0	1.0
6943	We should link Aadhaar card with the Voter ID	against	There are fake and duplicate aadhaar cards too. So, linking aadhaar cards with voter IDs may complicate the issue.	1	1	0	0	0	1	0	0	0	1	1.0
4432	We should adopt a zero-tolerance policy in schools	in favor of	zero-tolerance policy should be adopted to teach children disciplined and to help prepare them for a life where rules apply.	1	0	1	0	0	0	0	0	0	0	1.0
3779	We should end the use of economic sanctions	in favor of	bad actors can circumvent economic sanctions, meaning the people who suffer the most would be average, law-abiding citizens.	1	1	0	0	0	0	0	0	0	1	1.0
5127	The EPPO’s jurisdiction should be extended to all member states	against	It is unacceptable. Every nation has the right to organize its own prosecution system and no foreign prosecutor should be allowed to operate in independent states, it is a threat to the sovereignty of the member states.	0	0	1	0	1	0	1	0	0	1	1.0
7189	We should reduce subsidies for livestock and fisheries	in favor of	Subsidies for meat production and fishery not only have a negative impact on our environment - but they also destroy the economy in poorer countries in Africa! We really should find a way to stop these and get out of this vicious circle!	1	0	1	0	0	1	0	0	0	1	1.0
6266	Intelligence tests bring more harm than good	against	intelligence tests help to identify people that need extra help and therefore are an essential tool	1	1	0	0	0	0	0	0	0	0	1.0
1925	We should adopt a multi-party system	against	if it ain't broke, don't fix it. it is working and has for a long time.	1	0	0	0	0	1	0	0	1	0	1.0
2480	We should end the use of economic sanctions	in favor of	economic sanctions are not effective.	1	0	0	0	0	1	0	0	0	0	1.0
5066	The president of the European Commission should be elected by the people of the EU	against	The European Commission has to be independent. It is not allowed to take instructions from any country, lobby group, or anyone else. An elected head of the Commission would make nonsense of the principle of independence that is vital to the trust in the Commission's job. He or she would be beholden to the group that elected him or her and make the job impossible.	1	0	0	0	0	0	1	0	0	0	1.0
745	We should end mandatory retirement	against	for people who work in skilled manual jobs it comes to a point where it is no longer safe for them work, the retirement age is used to protect people of a certain age as a safety precaution	1	1	1	0	0	1	0	0	0	0	1.0
5590	Intelligence tests bring more harm than good	in favor of	Intelligence tests have been a tool used by Eugenicists to argue for the culling of certain racial and ethnic groups.	0	0	0	1	0	0	0	0	0	1	1.0
2026	We should adopt libertarianism	in favor of	libertarianism is the ideal for society. it increases freedom and responsibilities. society would flourish, people would be happier.	0	1	0	1	0	1	1	0	0	0	1.0
322	We should abolish the Olympic Games	in favor of	the olympic games are usually a drain on the economy of the host city	0	0	0	0	1	0	0	0	0	0	1.0
3566	We should oppose collectivism	against	We should support collectivism because people have more freedom when they are supported in their choices than when they have to scramble for everything on their own.	0	1	0	0	1	1	1	1	0	0	1.0
5345	Foreign Policy at the EU level should be based on an absolute majority, not unanimity.	in favor of	Giving small countries 'veto rights' is a recipe for disaster that will keep the European Union separated and weak instead of united and reliable in policy making. 	1	1	0	0	1	1	0	0	0	0	1.0
484	We should limit executive compensation	in favor of	we should limit executive compensation for national ecomics	0	0	0	0	1	1	0	0	0	0	1.0
338	We should subsidize embryonic stem cell research	in favor of	we should subsidize embryonic stem cell research because it is necessary for the betterment of the human race. we may find cures for aging, diseases, or create new stronger genes.	1	0	0	0	0	1	1	0	0	0	1.0
5251	The EU should conclude an agreement with the United Kingdom and create together a European pillar of NATO	against	Forty years of UK membership in the European Union have clearly proven that it is not a good idea to conclude agreements with England.	1	0	0	0	0	0	0	0	0	0	1.0
3601	We should adopt an austerity regime	against	doing such a thing will destroy the economy and put people out of jobs	0	1	0	0	1	1	0	0	0	0	1.0
7343	We should crack down on unreasonably high incomes.	in favor of	Strengthen the regulation and adjustment of high income, protect legitimate income according to law, reasonably adjust excessive income, and encourage high-income people and enterprises to give more back to society.	1	1	1	0	0	0	0	0	0	0	1.0
4377	We should ban algorithmic trading	against	algorithmic trading uses computers to analyze vast amounts of data to provide the best decisions in a way that humans are not capable of.	1	0	0	0	0	0	0	0	0	1	1.0
5490	Surrogacy should be banned	against	surrogacy is very important in helping couples who can't procreate have children.	0	1	0	1	0	1	1	1	0	0	1.0
5029	The EU should set up physical offices, where citizens can address their concerns about Europe	in favor of	As we are transitioning into a more extensive digital age every day we still should not forget that as we age it gets harder to be quick with digital news, information, and advances in society. Therefore even right now our current older generations and future older generations need a physical touch point where competent people would be able to introduce on the spot what that one person as a citizen of the European Union can do that exact day to influence the benefit of Europe and their country.	1	1	1	0	0	0	0	0	0	0	1.0
5280	The 19 June plenary meeting of the European Conference should mark a first step in the direction of a stronger and more united EU in the world	in favor of	We need the United States of Europe. A European army, strategic autonomy, and acting as one. To the future of Europe must belong its capacity to act as a global player.  	1	0	0	0	1	1	1	0	0	0	1.0
5088	The EU needs a more rational Green Policy	in favor of	Raising prices in the energy sector cannot be the solution in the fight against climate change. The European Commission allows international firms to increase their prices, and as a result, household costs are rising at an incredible rate. The EU should definitely revoke these decisions, and instead of placing the burden on its own citizens, it should instead support them to lead a more sustainable way of life. The green transition should not be a heavy burden borne on the average citizen’s shoulders 	0	0	1	0	1	1	0	0	0	1	1.0
5221	We don't need immigration from non-European or non-first-world countries. 	in favor of	 It is time, to be honest about this! Europeans have the right to self-determination like every other country out there! This is OUR home and a home for everyone is a home for no one.	0	0	0	0	1	1	1	0	0	0	1.0
5605	Intelligence tests bring more harm than good	against	intelligence tests are just another tool for teachers to use	1	1	0	0	0	0	0	0	0	1	1.0
6337	Entrapment should be legalized	in favor of	it can help to get certain information out of people. it can be easy to twist their words and catch them in a lie.	1	1	1	0	0	1	0	0	0	0	1.0
6412	Homeschooling should be banned	against	this is a free country, people have the right to homeschool their children	0	0	0	0	1	0	1	0	0	0	1.0
5413	Surrogacy should be banned	against	surrogacy shouldn't be banned because sometimes there is a health issue preventing a perfectly good mother from having a baby. she deserves to have a child and a surrogate is the only way to do that.	0	1	0	1	0	0	1	0	0	0	1.0
774	We should cancel pride parades	against	we should not cancel pride parades because people should have the right to express what they want, and how they feel about a certain issue.	1	0	0	0	0	1	1	0	0	1	1.0
1643	We should subsidize space exploration	against	it costs too much money to explor space, it could be used elsewhere to benefit humans	0	1	0	0	1	1	0	0	0	1	1.0
247	We should abolish the Olympic Games	against	The Olympic games provides jobs and is a boost for the economy in the host country.	1	0	0	0	1	0	0	0	1	1	1.0
3607	We should legalize cannabis	against	we shouldn't legalize cannabis because it might get children addicted at a younger age if it's easier to acquire	0	0	1	0	1	1	0	0	0	1	1.0
5659	Blockade of the Gaza Strip should be ended	against	The blockade of Gaza undermines the popularity and economic power of Hamas.	1	0	0	0	1	1	0	0	0	0	1.0
6378	Homeschooling should be banned	in favor of	a lot of times, people who homeschool aren't qualified to teach all the subjects needed for a high school  diploma.	1	0	1	0	0	0	1	0	0	0	1.0
7127	We should invest in integrated photovoltaic (e.g., over agriculturally used land)	in favor of	Agrivoltaic could be a perfect model for an energy cooperation of citizens to own some greenhouses with photovoltaic & rent them for a small fee to a urban gardening cooperation of citizens, for example. 	1	1	0	0	0	0	0	0	0	1	1.0
1148	We should abolish safe spaces	in favor of	"safe spaces are  a waste of time, and, honestly, can't even really be considered all that ""safe."""	1	0	0	0	0	0	1	0	0	1	1.0
5521	The vow of celibacy should be abandoned	against	the marriage would be a big distraction to priests and they should devote their life and time to god and preaching	0	1	1	0	1	1	0	0	1	0	1.0
3623	We should subsidize student loans	against	student loans shouldn't be subsidized because you're limited in the amount that you can borrow	1	0	0	0	1	1	0	0	0	0	1.0
6349	Entrapment should be legalized	in favor of	entrapment should be legal if the perpetrator is wanted badly enough.	1	0	1	0	0	1	0	0	0	1	1.0
4492	We should ban human cloning	against	Human cloning should not be banned as at may prevent the study and advance of medical science.	1	0	0	0	0	1	1	0	0	1	1.0
3589	We should cancel pride parades	against	we need to support price parades because everyone has the right to celebrate their cultures and diversities.	0	0	0	1	0	1	0	0	0	1	1.0
7281	We should give up developing electric vehicles	against	The intelligence of electric cars is much higher than that of fuel cars.	1	0	0	0	0	0	0	0	0	1	1.0
4217	We should subsidize embryonic stem cell research	in favor of	this will help to establish cures for disabilities and diseases	1	1	0	0	0	1	1	0	0	0	1.0
3548	We should adopt an austerity regime	in favor of	to be able to provide a stable economy, an austerity regime is necessary to operate on a balanced budget.	0	0	0	0	1	1	0	0	0	0	1.0
2726	We should legalize prostitution	in favor of	legalizing prostitution would allow the government to regulate prostitution and make it safer.	0	0	1	0	1	1	0	0	0	1	1.0
6071	We should subsidize vocational education	against	education of all types is already being paid for by the cities where the schools are located	1	0	0	0	1	1	0	0	0	0	1.0
4877	We need a common migration and asylum policy, based on respect for rights and equal treatment	against	I disagree, each country must be sovereign to establish its migration policy and no EU quotas should be accepted.	0	0	0	0	1	1	1	0	0	1	1.0
6314	Homeschooling should be banned	in favor of	just the practice of home schooling alone shapes the child in a negative fashion	1	1	1	0	0	1	0	0	1	1	1.0
6743	Intelligence tests bring more harm than good	against	intelligence tests are very useful to determine who needs extra help in core learning and who can be pushed to excel, meaning both high and low scorers are more equipped to reach their full potential.	1	1	0	0	0	0	1	0	0	0	1.0
5518	Social media brings more harm than good	against	social media is used to collect money for the needy, connect friends, and organize group events.	1	1	0	0	1	1	1	0	0	0	1.0
5669	We should subsidize vocational education	in favor of	we subsidize colleges for doctors and lawyers etc so we should also subsidize education for other occupations as well such as mechanics, hair dressers, construction workers and so on.	1	1	0	0	0	0	0	0	0	1	1.0
987	We should subsidize Wikipedia	in favor of	we should subsidize wikipedia because everyone in the world knows it as a household name and if the government pays for libraries why cant they pay for wikipedia which contains probably more information.	1	0	0	0	1	1	1	0	0	0	1.0
1775	We should adopt an austerity regime	in favor of	the national debt is out of control and only by implementing austerity measures will we be able to reduce the budget deficit and guarantee the country's future.	1	0	0	0	1	1	0	0	0	0	1.0
5031	The European Union needs to equip itself with the institutional and legal tools to resolve democratic conflicts on sovereignty within its own borders.	in favor of	In order to promote European peace, prosperity, and precious diversity, a different administration system is needed: a federal Europe, based on a democratic federal constitution instead of anarchy-provoking EU treaties. 	0	0	0	0	1	1	0	0	0	1	1.0
5431	We should subsidize vocational education	in favor of	vocational education is extremely important to this country.   kids learning a trade  will later be able to get a job using what they learned.   government should help schools financially cover these costs.	1	1	0	0	1	1	1	0	0	0	1.0
4917	We need integrated rail transport systems, agreements between various railway operators and a simple and accessible search engine	in favor of	It has to work like with air travel: Book a coherent journey from A to B operated by different companies, and be sure that if something goes wrong, there will be a solution (rebooking, ...).	1	1	0	0	0	0	0	0	0	1	1.0
314	We should end mandatory retirement	against	mandatory retirement creates employment opportunities for the younger generation of workers, who would otherwise be increasingly shunted out.	1	0	0	0	0	0	0	0	0	1	1.0
3174	We should ban human cloning	against	can lead to many medical breakthroughs that may help cure and or treat many different disease	1	1	0	0	0	1	1	0	0	0	1.0
5923	Homeopathy brings more harm than good	in favor of	homeopathic treatments generally don't improve the patients' conditions and are often used as a replacement for conventional care, which would be more helpful.	0	1	0	0	1	1	0	0	0	1	1.0
1736	We should ban telemarketing	against	telemarketing is perfectly fine, when handled by telemarketers appropriately and politely with respect to potential customers	1	1	1	0	1	0	0	0	0	0	1.0
1903	We should subsidize space exploration	against	We should not subsidize space exploration as there are far more important and urgent issues to deal with on earth at this time.	1	1	0	0	0	1	0	0	0	0	1.0
6876	The vow of celibacy should be abandoned	in favor of	priests would be much happier without the constraints of celibacy, as family people they would be better able to understand and help the people in their church, they could relate to them better.	1	1	0	0	0	1	1	0	0	1	1.0
7130	We should reduce environment pollution by limiting number of people in Europe	against	Instead we need to change our behavior, reduce our consumerism and decrease our overall resource use per person.	1	1	1	0	0	0	0	0	0	1	1.0
6199	The use of public defenders should be mandatory	against	because the state pays for public defenders they have a smaller budget, meaning that valuable resources are not available which could compromise cases	1	0	0	0	1	1	0	0	0	1	1.0
3635	We should adopt an austerity regime	in favor of	an austerity regime allows for the restructuring of economic for a country which can provide financial benefits.	1	0	0	0	1	1	0	0	0	0	1.0
5104	The EU needs a European research center	in favor of	I think the problem in the EU is the incompetence to establish inventions in the market. There are lots of inventions that are made and funded by public EU research facilities brought into the market by small startups. In the end, they are picked like ripe fruits by the US or Chinese companies where the big money is made.	1	0	0	0	1	0	0	0	0	1	1.0
5259	There should be no immigration from non-European or non-first-world countries 	in favor of	Marvelous to see this idea of halting immigration receive the most endorsements on the migration topic. This is really not going according to plan for the globalists! 	0	0	0	0	1	0	1	0	0	0	1.0
5814	We should subsidize vocational education	in favor of	vocational education should be subsidized as it will allow people to get the training required for new jobs.	1	0	0	0	1	1	0	0	0	0	1.0
429	We should ban human cloning	against	cloning humans can allow us to advance science and medicine in ways which could save millions of lives by producing organs, stem cells, etc., for those in need.	1	0	0	0	0	1	0	0	0	1	1.0
4759	Chinese products should be banned in India	in favor of	Imports from China are hurting the businesses of Indian manufacturers, especially Medium Small &amp; Micro Enterprises (MSME) sector. China is able to produce products for cheaper prices because of its mass production methods. 	1	0	0	0	0	1	0	0	0	0	1.0
5112	The EPPO’s jurisdiction should be extended to all member states	in favor of	The EU must take a strong position against corruption and be in favor of an independent, supranational proscecutor that is the EPPO.	0	0	0	0	1	0	1	0	0	1	1.0
4962	We do not need immigration from non-European or non-first-world countries 	against	Migration has been a fact of history and successful societies have found ways to turn migration into strength. In our case in order to alleviate the current challenge in the long term we need to alleviate migration pressure by making it attractive for migrants to stay put and help develop their own countries. Such a helpful project, a European Marshal Plan for Africa would be a good project to invest in. The long-term return on investment would be more than financial: A friendly neighbor continent, good relationships, access to the African market, and natural resources. That is not a short-term fix. And there is no short-term fix. We have to play the long game!	1	1	0	0	0	0	1	0	0	1	1.0
3092	We should introduce compulsory voting	in favor of	it would lead to governments better reflecting the public	0	0	0	0	1	1	0	0	0	0	1.0
1586	We should subsidize journalism	in favor of	journalism must be supported by the central government	0	0	0	0	1	1	0	0	0	0	1.0
1928	We should subsidize space exploration	in favor of	we need to find a new planet with resources before we use ours up, putting more into space exploration would help accomplish this.	1	1	0	0	1	0	1	0	0	1	1.0
4126	We should abolish safe spaces	in favor of	we should abolish safe spaces as the appear to be worthless because the extremists always win out.	1	0	0	0	0	0	0	0	0	1	1.0
3322	We should adopt an austerity regime	in favor of	spiralling national debt is unsustainable in the longer term, and the only way to begin reversing this for future generations is to adobt an approach of austerity, no matter how painful.	1	1	0	0	1	1	0	0	0	0	1.0
4429	We should ban targeted killing	against	targeted killing is a tool that allows the military to accomplish their objectives.	1	0	0	0	1	1	0	0	0	0	1.0
5688	Intelligence tests bring more harm than good	in favor of	people that do well at intelligence tests are the ones supporting it, causing inequality in their favor, instead of using other empirically valid test.	1	0	0	0	1	0	0	0	0	1	1.0
5121	The EU should enforce the obligation to respect the Rule of Law within its borders	in favor of	Current concerns about rule of law infringements are simply being brushed off as 'national matters'. If this continues, how can the EU assume authority to promote democracy abroad? More strict and enforceable minimum standards must be introduced, under clearly increasing penalties for non-compliance. If shared values and democracy are indeed a requisite to be a part of the EU, then continued adherence should be a precondition to remain a part of it.	1	1	1	0	1	1	0	0	0	0	1.0
3793	We should ban cosmetic surgery for minors	in favor of	Cosmetic surgery can have really harmful side-effects that minors can't consent to and will not be able to physically handle the way adults do.	1	1	0	0	0	1	0	0	0	1	1.0
5868	Homeopathy brings more harm than good	in favor of	there is no proof that  homeopathy works.	0	1	0	0	1	0	0	0	0	1	1.0
6086	Payday loans should be banned	against	given proper regulation, payday loans can offer a useful way for people to ease financial strain.	1	1	0	0	1	1	1	0	0	0	1.0
1611	We should ban the use of child actors	in favor of	acting takes children away from their education and normal childhood pursuits	1	0	0	0	0	1	0	1	0	0	1.0
3564	We should introduce compulsory voting	against	people who have no clue about the issues and people who are not into politics would be voting for someone they know nothing about.	1	1	0	0	0	0	0	0	0	1	1.0
6610	We should subsidize vocational education	in favor of	not all high school graduates complete a college degree and some of them get jobs that don't even require a degree, vocational education would really help them get better jobs than otherwise available to them.	1	0	0	0	1	1	0	0	0	0	1.0
2151	We should adopt an austerity regime	against	We should not adopt an austerity regime because austerity only made countries like Greece and Argentina poorer.	0	1	0	0	1	1	0	1	0	0	1.0
3415	We should introduce compulsory voting	against	compulsory voting would only cause uneducated votes to be cast and not be a real benefit to the country.	1	0	0	0	1	0	1	0	0	1	1.0
4083	We should end the use of economic sanctions	against	only way to punish, to defend our society from threat countries is economic sanctions and that should be followed all the time.	0	0	0	0	1	1	0	0	0	1	1.0
2110	We should ban factory farming	in favor of	factory farming should be banned because meat quality goes down when animals aren't living in optimal conditions and therefore people are having to eat inferior meat.	1	0	0	0	0	1	0	0	0	1	1.0
1087	We should subsidize Wikipedia	against	if the government gives wikipedia funds, wikipedia would be obligated to lean to their agenda	0	1	0	0	1	0	1	0	0	1	1.0
5186	There should be 6 concrete proposals for migrants on the Balkan route.	in favor of	The proposal of the Sardines to reform EU asylum policy is an excellent proposal, well and thoroughly written.	1	0	0	0	1	1	0	0	0	0	1.0
5819	Foster care brings more harm than good	against	Foster homes provide children with a community where they can talk, listen, cry, and laugh with other people who care about them	1	1	0	0	0	1	0	0	0	0	1.0
5725	Entrapment should be legalized	in favor of	sometimes entrapment is the only way to ensure that criminals are captured and charged, therefore we should legalise it.	1	0	1	0	1	1	0	0	0	1	1.0
4757	Technology is rising Unemployment rates	in favor of	If any business depends heavily on human labour, it tends to fail as it cannot cope up with the competition from the technologically advanced competitors.	1	0	0	0	0	1	0	0	0	0	1.0
472	We should end mandatory retirement	against	certain professions, such as police officer and air traffic controller, have mandatory retirement ages  to ensure that the person who is responsible for the safety of others remains competent to do his job	1	1	1	0	0	1	0	0	0	1	1.0
1700	We should subsidize journalism	against	funding comes with overt or covert strings attached, certain criticisms of the government would vanish	1	0	0	0	0	1	1	0	0	1	1.0
5363	The EU will dissolve within 10 years unless reformed	in favor of	Large bureaucratic organizations such as the EU are the product of the industrial age and unfortunately, without significant reforms, they will not survive the digital age. The digital age leads to decentralization and cost-efficiency such as a decentralized flow of information (e.g. Internet) and money (e.g. Bitcoin) without the need for centralized control which is very expensive to maintain (i.e. EU).	1	0	0	0	1	1	1	0	0	1	1.0
3076	We should adopt an austerity regime	in favor of	an austerity regime allows us to save money when it is needed.	0	0	0	0	1	1	0	0	0	0	1.0
5718	Homeopathy brings more harm than good	against	Homeopathic medicine can be effective for treating certain ailments without using intense modern medicine.	1	0	0	0	0	1	1	0	1	1	1.0
136	We should cancel pride parades	against	pride parades allow people to make connections and widen their social circles.	0	0	0	0	1	1	0	0	0	1	1.0
5012	The EU should focus more on ensuring the success of the internal market, and on improving its competitiveness	in favor of	Whenever you find yourself in crisis, and the EU is in crisis, it is a good idea to return to core business. And in the case of the EU, the core business is economy, trade, and security. That's where the focus should be.	1	0	0	0	1	1	0	0	1	1	1.0
4556	We should ban whaling	against	whaling is profitable for the people that do it and would result in a loss of income and tradition.	0	0	0	0	1	1	0	0	1	0	1.0
3928	We should abolish the right to keep and bear arms	in favor of	we should abolish the right to keep and bear arms because i think we have the proper government and people to take care of and protect us.	0	0	0	0	1	1	0	0	0	0	1.0
3864	We should stop the development of autonomous cars	in favor of	autonomous cars have not been proven to be safe.	1	0	0	0	0	1	0	0	0	0	1.0
1336	We should limit executive compensation	against	executive compensation is simply part of a modern remuneration package, and just as with basic salaries, and attractive compensation scheme is needed to attract the best talent to an organisation.	1	0	0	0	1	0	1	0	0	0	1.0
3365	We should subsidize space exploration	in favor of	space exploration is important for the development and growth of human society and knowledge and should be invested in by the government.	1	0	0	0	0	0	0	0	0	0	1.0
2311	We should subsidize journalism	in favor of	i believe the government should help pay for journalism because it would allow for better coverage of news events, and help pay the high costs of filming.	1	1	0	0	0	1	1	0	0	1	1.0
2740	We should subsidize embryonic stem cell research	in favor of	embryonic stem cell research could potentially save millions of lives and needs  as much support as it can get.	1	1	0	0	0	1	1	0	0	1	1.0
4056	We should stop the development of autonomous cars	against	autonomous cars reduce the impact of human error on the roads, thus saving lives.	1	1	0	0	0	1	0	0	0	0	1.0
2411	We should ban algorithmic trading	in favor of	algorithmic trading is unfair to investors who are trying to invest hard earned money as a second income	0	0	0	0	1	1	0	0	0	1	1.0
154	We should abolish intellectual property rights	against	we cannot abolish intellectual property rights because artists and scientists need to have their ideas and innovations protected so that they can earn a living in their fields	1	0	0	0	1	1	1	0	0	0	1.0
4854	NGO boats should have an government representative on board to make sure they aren't people trafficking	against	NGO boats should be forbidden, only Frontex should intervene to bring them home	0	0	1	0	1	1	0	0	0	1	1.0
5882	Social media brings more harm than good	in favor of	social media allows children to gang up on other children and can lead to mental problems.	1	0	1	0	0	1	0	0	0	0	1.0
3310	We should ban factory farming	against	factory farming provides for lower cost foods to be sent to the consumer, allowing for ease of access to goods by those with minimal incomes.	1	1	0	0	0	1	0	0	0	1	1.0
170	We should ban algorithmic trading	against	we should continue to support algorithmic trading as it gives orders a jump start rather than waiting until the complete order has been produced.	1	0	0	0	1	1	1	0	0	1	1.0
4499	We should oppose collectivism	against	collectivism utilizes the best from many sources	1	0	0	0	1	0	0	0	0	0	1.0
4812	Devices with batteries should be designed so that batteries can be replaced	in favor of	And not just the batteries. The EU should have an overall policy with a clear goal to restrict and reduce planned obsolescence. 	1	1	0	0	0	0	1	0	0	0	1.0
7318	We should restrict minors from playing online games.	against	Rather than restricting minors to play games, parents should set a good example and spend more time with their children.	0	1	0	1	0	0	0	0	0	0	1.0
6510	Intelligence tests bring more harm than good	against	Intelligence tests create a discourse about different forms of education and how they can be measured.	1	1	0	0	0	0	1	0	0	1	1.0
5368	The EU should extend the model of Pooling & Sharing European military resources beyond air transport.	in favor of	Pooling & Sharing integrates military capabilities at the European level and creates a European culture in the military sector.	1	0	0	0	1	1	0	0	1	0	1.0
4857	The EU leadership must enter into strong agreements with the countries where immigrants come from, in order to retain them in their countries	against	If we want to uphold to our standards and what the EU represents, we shall help those immigrants and give them the tools to help us make our homes better and multicultural so when the chance is presented they can then have a way to help their countries. Simply blocking them out of our region and neglecting them won't solve anything. We will only make unnecessary enemies.	1	0	0	0	0	1	0	0	1	1	1.0
5304	We need better ways of migration.	in favor of	The EU needs a humane, civilized, and legal way to manage migration, whether it is for economic reasons or to seek international protection. 	1	1	1	0	0	1	0	0	0	1	1.0
1378	We should legalize cannabis	against	marijuana use harms cognitive function -- especially long-term memory -- and is particularly dangerous to the brain development of children and teens.	1	0	1	0	0	1	0	0	0	0	1.0
2627	We should ban the Church of Scientology	in favor of	the church of scientology is a corrupt organization that preaches extreme values and is detrimental to society.	0	0	0	0	1	1	0	0	0	1	1.0
140	We should ban private military companies	in favor of	only governments can be trusted with armies so we should ban private military companies.	0	1	0	0	1	1	0	0	0	0	1.0
1069	We should end mandatory retirement	in favor of	Mandatory retirement forces people who are still excellent at their jobs to quit working long before they are ready.	1	0	1	0	0	0	1	0	0	0	1.0
1525	We should abolish the three-strikes laws	in favor of	three strikes is too many and dangerous criminals will be on the loose again too quickly.	0	0	1	0	1	1	0	0	0	1	1.0
6380	Intelligence tests bring more harm than good	against	IQ tests allows students to understand and focus on their intellectual strengths.	1	1	0	0	0	0	1	0	0	0	1.0
1177	We should subsidize space exploration	in favor of	we should subsidize space exploration because it is beneficial for educational purposes	1	0	0	0	1	0	1	1	0	1	1.0
2940	We should subsidize Wikipedia	in favor of	wikipedia provides a wealth of information on any subject you can think of. this is highly benificial to the education system and should be subsidized.	1	1	0	0	0	0	1	0	0	0	1.0
3045	We should limit executive compensation	against	executive compensation promotes company success and competition. it's an incentive for ceos to guide the company and help the company do well and make money for all employees.	1	1	0	0	1	0	0	0	0	1	1.0
6311	Homeschooling should be banned	against	homeschooling allows the child to get more direct instruction and can be completed at their speed and not someone else's.	1	1	0	0	0	0	1	0	0	1	1.0
6193	Homeschooling should be banned	against	homeschooling is better that state education providing one-to-one learning opportunities they benefit children.	1	1	0	0	0	0	1	1	0	1	1.0
3316	We should introduce compulsory voting	against	people who don't want to vote and won't take it seriously should not be forced to vote because they will vote frivolously.	1	0	0	0	1	1	0	0	0	1	1.0
3050	We should ban the use of child actors	against	many child actors go on to being adult actors without any problems.  if anything, perhaps more screening of children before allowing them to go into the profession.	1	1	0	0	0	1	0	0	0	0	1.0
651	We should ban fast food	in favor of	fast food is the cause of the ever increasing chronic conditions and obesity in our nation.	0	0	0	0	1	0	0	0	0	0	1.0
4697	India should have 'One Nation - One Election' policy 	against	When state elections are conducted along with the center the regional parties may get marginalized because the same party getting majority in the center may get votes in the state as well.	0	0	0	0	1	0	1	0	0	1	1.0
1276	We should abandon the use of school uniform	against	school uniforms should still be used because they can increase student focus	1	0	1	0	0	1	0	0	1	0	1.0
1226	We should legalize cannabis	in favor of	it can be very beneficial for people with certain illnesses so should be legal	0	1	0	1	0	1	0	1	0	1	1.0
6517	Intelligence tests bring more harm than good	against	intelligence tests provide valuable information about areas of weakness, meaning that the child can benefit from a specially formulated education plan.	1	1	0	0	0	0	0	0	0	0	1.0
2886	We should limit judicial activism	against	judicial review is a crucial fallback to monitor political activity	1	1	1	0	0	1	1	0	0	1	1.0
2639	We should subsidize space exploration	in favor of	space exploration may be of tremendous benefit to mankind but isn't practical for private enterprise to fund because of the enormous costs involved	1	1	0	0	1	1	0	0	0	1	1.0
4573	Technology is making us feel less human	in favor of	Since the invention of machines, the value of workers is decreasing. They are made to work to support the machines. As a result, work revolves around machines and not humans. Workers are forced to work continuously along with the machine. 	1	0	0	0	1	1	0	0	0	1	1.0
1664	We should ban algorithmic trading	against	algorithmic trading allows larger orders to happen that one individual couldn't do without the use of the 'robots'.	1	0	0	0	1	0	0	0	0	1	1.0
1711	We should abandon the use of school uniform	in favor of	we should allow young people to express their individualism.	0	0	0	1	0	0	1	1	0	0	1.0
6601	The use of public defenders should be mandatory	against	the use of public defenders should not be mandatory because a lot of them are not well versed in law.	1	0	0	0	0	0	1	0	0	0	1.0
4185	We should adopt a multi-party system	in favor of	we absolutely need a multi party system. the two party system is a failure. the entire country can't be  split in to only two categories. we need better representation of the people.	0	0	0	0	1	0	1	0	0	1	1.0
218	We should ban fast food	in favor of	is leading to increased obesity and many health problems.	1	0	1	0	0	1	0	0	0	0	1.0
1432	We should ban telemarketing	against	telemarketing is an easy way for people to connect with consumers that are interested in their products.	1	0	0	0	1	1	1	0	0	1	1.0
2746	We should adopt an austerity regime	in favor of	adopting an austerity regime is the best way for the country to reduce its huge debt	1	1	0	0	1	1	0	0	0	1	1.0
5492	Blockade of the Gaza Strip should be ended	in favor of	the blockade of the gaza strip is a humanitarian crisis, with severe economic impacts.	0	0	0	0	1	1	0	0	0	1	1.0
1347	We should subsidize Wikipedia	in favor of	wikipedia provides an invaluable service and we need to secure its ability to exist in the near and distant future	1	1	0	0	0	0	1	0	0	0	1.0
3048	We should ban the use of child actors	in favor of	children should be learning and playing, not working	0	1	0	1	0	0	1	0	0	0	1.0
3324	We should ban cosmetic surgery	against	for some people who suffer from poor self esteem, cosmetic surgery can offer hope.	1	0	0	1	0	1	1	0	0	1	1.0
7188	We should promote mental health	in favor of	A psychological examination should be part of child screening, together with counseling to parents (e.g. dealing with children’s own concerns and fears, or increasing self-confidence among children and parents). It would also make it easier to protect children from violence, for example by overwhelming them, or to recognize them in the home and learn from the outset how to take care of their mental health. 	1	1	0	0	0	1	0	0	0	1	1.0
6554	Foster care brings more harm than good	in favor of	foster kids frequently suffer from depression and turn to drugs later on in life	1	0	1	0	0	1	0	0	0	0	1.0
5095	The EU needs a European research center	in favor of	it would help to further unite the nations.	1	1	0	0	0	1	0	0	0	0	1.0
5547	Surrogacy should be banned	in favor of	surrogacy should be banned as it is put too much emotional drain on the individuals with high expectations that may or may not be possible to deliver.	1	1	0	0	0	1	1	0	0	0	1.0
2198	We should abolish intellectual property rights	against	when someone comes up with an idea it is their idea. they should be the one to profit from that idea. other people shouldn't be able to just take it and make it their own.	1	0	1	0	1	0	1	0	0	1	1.0
6914	Referendums are good for the society	in favor of	It can be said that referendums are a direct form of democracy. As the people directly participate in the decision-making, avoiding any manipulation by their representatives.	0	0	0	0	1	0	1	0	0	1	1.0
2925	We should ban private military companies	against	pmcs can provide security to those countries and organisations that need protection and are capable of paying for it, so should not be banned	1	1	0	0	1	1	0	0	0	1	1.0
2106	We should fight for the abolition of nuclear weapons	against	the threat of mutually assured destruction is the only thing that keeps democracy safe from tin pot dictators, hence we need to keep nuclear weapons.	0	0	0	0	1	1	0	0	0	1	1.0
6325	We should abandon television	against	we should not abandon television because television is the only form of entertainment for some people	0	0	0	1	0	0	0	1	0	0	1.0
2981	We should stop the development of autonomous cars	against	autonomous cars will function as a new form of public transit and alleviate congestion	1	0	0	0	0	1	0	0	0	1	1.0
5950	Homeschooling should be banned	against	homeschooling has proven beneficial for many children	1	1	0	0	0	0	1	0	0	0	1.0
7104	We should stop destabilizing developing countries by subsidized agricultural exports	against	It will take years before the local farmers will be able to give well paid jobs to the local workers. In the meantime you'll have a famine and a genocide. And I didn't even mention the effects of a sudden huge inflation wave.	0	0	0	0	1	1	0	0	0	0	1.0
5299	We need an inclusive language for all citizens of the world: the Esperanto.	against	English is ideal as it is spoken internationally as the language of commerce, travel, and political exchange. Esperanto isn't.	1	0	0	0	0	0	0	0	1	1	1.0
5921	Intelligence tests bring more harm than good	in favor of	intelligence tests limit the possibilities because they are not able to show potential, just current knowledge.	1	0	0	0	0	0	1	0	0	1	1.0
6102	Entrapment should be legalized	in favor of	entrapment is the most effectively way to clearly identify a person committing a crime by catching them in the actual act and should be legalized.	1	0	1	0	0	1	0	0	0	1	1.0
6828	Blockade of the Gaza Strip should be ended	in favor of	The blockade creates discourse around the issue of Hamas and Israel.	1	0	0	0	0	0	1	0	0	1	1.0
1629	We should end the use of economic sanctions	against	we should not end the use of economic sanctions because in the long term they can achieve significant results such as the end of the apartheid regime in south africa	0	0	0	0	1	0	0	0	0	1	1.0
6576	The vow of celibacy should be abandoned	in favor of	if the vow of celibacy is not abandoned, the number of men joining the priesthood will continue to decline.	0	1	0	1	0	0	1	0	1	1	1.0
1742	We should end mandatory retirement	against	we should not end mandatory retirement because people need to retire whether they realize it or not, it is not up to them, they of course have no free will.	0	0	1	0	1	0	0	0	0	0	1.0
4626	We should adapt the viable pay incentive scheme	in favor of	In variable pay schemes, the employees feel content and motivated with their work. They feel that they are an active part of the organization, the organization recognizes them as a part of its growth and values their efforts.	1	0	0	0	1	1	1	0	0	0	1.0
4932	Europe is getting older and should be open to more migration from Asia, and southeast Asia.  	in favor of	We need to accept more immigrants to combat the aging of the European population. Immigrants do also grow old but before then they generally have children.	1	0	0	0	0	1	0	0	0	0	1.0
1212	We should subsidize space exploration	in favor of	The natural resources on earth are dwindling, we have to subsidize space exploration in order to find an outlet for this horrifying situation.	1	0	0	0	0	1	0	0	0	1	1.0
265	We should abolish the three-strikes laws	in favor of	abolishing the three strikes law would save money	0	0	0	0	1	1	0	0	0	0	1.0
3070	We should introduce compulsory voting	in favor of	compulsory voting would see to it that we have the person the people, all the people, truly want in each area of our government.	0	1	0	0	1	1	0	0	0	0	1.0
7145	We should strengthen Frontex and control immigration	in favor of	Bigger financial resources for Frontex and military action in Syria will stop the conflict.	1	1	0	0	1	1	0	0	0	1	1.0
2143	We should ban cosmetic surgery for minors	in favor of	it is a decision that only parents can make until they are old enough to decide	0	1	1	0	1	0	0	0	0	0	1.0
7344	We should crack down on unreasonably high incomes.	against	Individuals cannot be sure that they can continue to have high incomes and that their industry can continue to guarantee high incomes for employees.	1	0	0	0	0	1	0	0	0	1	1.0
1815	We should adopt gender-neutral language	against	adopting gender-neutral language will cost lots of money to fix signs, letters, forms, etc.	0	0	0	0	1	1	0	0	1	0	1.0
841	We should subsidize journalism	in favor of	we should, if it's subsidised it could mean better journalism	1	0	0	0	1	0	0	0	0	1	1.0
4866	The EU should have open borders with poor countries	in favor of	People born in Africa or poor countries look for a better place for their kids to grow up, where there is no war, and where there is food, good education, and health systems.	1	0	0	0	0	1	0	0	0	1	1.0
4749	WikiLeaks is not a bane	in favor of	WikiLeaks has won a number of awards, including The Economist's New Media Award in 2008 and Amnesty International's UK Media Award in 2009.	1	0	0	0	0	0	0	0	0	0	1.0
2205	We should ban algorithmic trading	against	algorithmic trading has increased trading which is good for the economy	1	0	0	0	1	0	0	1	0	0	1.0
1934	We should ban factory farming	against	Factory farming allows us to fill a high demand.	1	1	0	0	1	1	1	0	0	0	1.0
2130	We should end mandatory retirement	against	mandatory retirement helps keep the number of workplace incidents down.	1	1	1	0	0	1	0	0	0	0	1.0
506	We should subsidize student loans	in favor of	people should be able to go to school and better themselves without having to pay back thousands of dollars when they graduate.	1	0	0	0	0	1	1	0	0	1	1.0
464	We should ban private military companies	against	private military companies provide additional soldiers in places where it is necessary	0	0	0	0	1	1	0	0	0	1	1.0
3606	We should stop the development of autonomous cars	in favor of	we should stop the development of autonomous cars because they won't be able to react in some emergency situations like people will	1	0	0	0	0	1	0	0	0	0	1.0
1082	We should ban human cloning	against	we shouldn't ban human cloning as it could help aid genetic medical problems	1	1	0	0	0	1	0	0	0	0	1.0
3082	We should introduce compulsory voting	in favor of	compulsory voting will cause more people to take an interest in politics which, in turn, will benefit everyone	0	1	1	0	1	1	0	0	0	0	1.0
2582	We should adopt libertarianism	against	libertarianism runs roughshod over every collective and communal human right and entitlement.  privileged individuals prosper whilst the rest of society suffers. it should most definitely not be adopted	1	0	0	0	0	1	0	0	0	1	1.0
3001	We should subsidize student loans	in favor of	subsidized student loans allow for those from pooer backgrounds to achieve a good standard of education and progress in their lives	1	0	0	0	0	1	0	0	0	1	1.0
837	We should ban whaling	against	We should not ban whaling because it is important to many aboriginal cultures in the arctic, and it is wrong for the governments of countries like Canada and Russia to oppress those peoples.	1	0	0	0	1	0	1	0	1	1	1.0
4287	We should adopt gender-neutral language	against	there are too many gender conformities that we wouldnt be able to come up with gender-neutral language	1	0	0	0	0	0	0	0	0	1	1.0
6608	Intelligence tests bring more harm than good	against	intelligence tests help teachers to learn how best to teach certain students and are essential in this environment.	1	1	0	0	0	0	0	0	0	0	1.0
4775	We should ban kids' reality shows	against	Reality shows act like a launchpad for children into the film industry. Some of the present singers, choreographers are made into the movies through reality shows for children.	1	0	0	0	0	0	0	0	0	0	1.0
4468	We should ban human cloning	against	human cloning can provide a lot of advancements to medical science. to ban it out of some knee-jerk fear is to deny ourselves all of these potential great advancements	1	1	0	0	0	1	1	0	0	1	1.0
806	We should legalize prostitution	in favor of	Legalizing prostitution will allow prostitutes to push for equitable contracts and conditions, something they can't do in the status quo since their work is illegal.	0	0	0	0	1	1	0	0	0	1	1.0
1949	We should ban telemarketing	against	telemarketing is a useful source of sales for many businesses	1	0	0	0	1	0	0	0	0	0	1.0
2792	We should subsidize Wikipedia	in favor of	this site has proven very popular and useful for those looking for information	1	1	0	0	0	0	0	0	0	1	1.0
5748	We should subsidize vocational education	in favor of	the trades need more workers and we should encourage kids who aren't college material to pick up a trade.	1	1	0	0	1	1	0	0	0	0	1.0
4929	We need better ways of migration.	in favor of	Migration is part of being human and has always happened throughout history.    	1	0	0	0	0	0	1	1	1	1	1.0
5769	Social media brings more harm than good	against	social media is great because it can connect people across the globe. it was never before possible to have a live face to face conversation with someone than we can now with social media video apps.	1	0	0	0	0	1	0	1	0	1	1.0
3520	We should ban the use of child actors	in favor of	children should be free to have fun and enjoy life not made to work in hire pressure situations so we should ban the use of child actors.	1	0	0	1	0	1	1	1	0	0	1.0
1827	We should ban private military companies	against	private military companies are nothing but hired guards.  a company should be able to hire them because they provide a service that is needed.	0	0	0	0	1	1	1	0	0	1	1.0
1888	We should adopt a multi-party system	in favor of	could open up congress and create new opportunities for bargaining and coalition building on unusual lines.	1	0	0	0	1	1	0	0	0	1	1.0
199	We should abolish intellectual property rights	in favor of	we should abolish intellectual property rights to break to the barriers if innovation, barring people from building on and improving ideas is counter productive	1	0	0	0	0	0	1	0	0	0	1.0
4600	India should store the data within the territorial boundaries of the country	in favor of	Data localization is important for data sovereignty, which means the data of the citizens should be owned by the respective governments and not by other countries.	0	1	0	0	1	0	1	0	0	0	1.0
6701	Payday loans should be banned	in favor of	people that get payday loans are being misleads and do not fully understand consequences	0	1	0	0	1	1	0	0	0	1	1.0
5351	We need legal ways of migration.	against	Migrants willingly risk their lives.	1	1	0	0	0	0	0	1	0	0	1.0
4060	We should ban telemarketing	against	telemarketers is a good source of information about new products we could not be aware of.	0	1	0	0	1	0	1	0	0	1	1.0
6945	We should link Aadhaar card with the Voter ID	in favor of	This linking can clear the path to internet voting or e-voting.	1	1	0	0	1	1	1	0	0	1	1.0
2292	We should end mandatory retirement	in favor of	A system that fires the competent along with the incompetent solely because of age is irrational and cruel	1	0	1	0	0	1	1	0	0	1	1.0
5566	Homeopathy brings more harm than good	in favor of	homeopathy is not an accredited professional, thus allowing anyone who wishes to practice to do so, without qualifications or knowledge of the human body.	1	0	0	0	0	0	0	0	0	0	1.0
3351	We should adopt an austerity regime	against	an austerity regime will only cause a small benefit for a small time and should not be utilized at this time	1	0	0	0	0	1	0	0	0	1	1.0
1803	We should subsidize embryonic stem cell research	against	we should not subsidize embryonic stem cell research because these scientists have been working on this a long time.	1	0	0	0	0	0	1	0	0	1	1.0
6600	Social media brings more harm than good	in favor of	children lack social skills when face to face with their peers because they haven't developed skills away from social media.	1	0	1	0	0	1	0	0	0	0	1.0
761	We should ban targeted killing	against	Targeted killing surgically removes enemy actors with no collateral damage, it must be continued.	1	0	0	0	1	1	0	0	0	1	1.0
6568	We should subsidize vocational education	against	subsidizing vocational education gives it unfair advantage over alternative career paths.	1	0	0	0	0	0	0	0	0	1	1.0
1042	We should ban fast food	against	fast food is no more unhealthy than  some gourmet food its just  cheaper and made with less costly ingredients. fast food is not the issue, lack of control in eating it is the reason people are fat.	0	1	1	0	1	1	1	0	0	1	1.0
4906	The European Union should implement a EU wide carbon tax	in favor of	Yes, but the tax should be progressive per capita. This will ensure that we tax mostly overuse of resources and avoid increasing wealth inequality of the poor.	0	0	0	0	1	1	0	0	0	1	1.0
1670	We should limit executive compensation	against	if someone has worked hard  to climb the career ladder then they should receive a reward in the form of executive compensation.	1	0	0	0	1	0	0	0	0	0	1.0
2218	We should ban targeted killing	against	targeted killing shouldnt be banned if its used in the right context as in the case of terrorists who might be killing innocent people	0	0	0	0	1	1	0	0	0	1	1.0
2296	We should limit judicial activism	against	many laws need to change with the times and a judge is in a better position than our elected officials to accurately and fairly review those laws.	1	1	0	0	1	1	1	0	0	1	1.0
6919	Referendums are good for the society	in favor of	Referendums force governments to do what the people actually want.	1	0	0	0	1	0	1	0	0	0	1.0
5070	The European Union needs to equip itself with the institutional and legal tools to resolve democratic conflicts on sovereignty within its own borders.	in favor of	In a democracy, people have the right to decide on any issue that affects their lives. If more than half of the inhabitants of a region want to form an independent state, they have the right to do so. Going against it is going against the will of the majority of citizens, and therefore, against the very essence of democracy.	0	0	0	0	1	0	1	0	0	1	1.0
835	We should adopt a zero-tolerance policy in schools	in favor of	Zero-tolerance policies may seem unfair to the individual but bad and risky behavior at schools spreads faster than wildfire. Sometimes we must make an example of an individual for the greater good.	0	0	1	0	1	0	0	0	0	0	1.0
3318	We should adopt libertarianism	against	libertarianism would never function in practice due to the ruling government having all its authority amputated - chaos and disorder would reign supreme.	0	1	1	0	1	1	0	0	0	0	1.0
4121	We should introduce compulsory voting	in favor of	compulsory voting can help encourage better results during elections	1	1	0	0	1	0	0	0	0	0	1.0
2527	We should oppose collectivism	against	We should support collectivism because it leads to more investment in the community and more growth in the long term.	1	1	0	0	0	0	0	0	0	0	1.0
863	We should legalize cannabis	in favor of	for people undergoing chemotherapy, cannabis can be extremely helpful in regaining appetite for food	1	1	0	1	0	1	1	0	0	0	1.0
428	We should end the use of economic sanctions	against	economic sanctions make items made in foreign countries and shipped here more affordable for struggling americans.	0	0	0	0	1	1	0	0	0	1	1.0
5801	Homeschooling should be banned	against	homeschooling can be best for those with alternative learning needs	1	0	0	0	0	0	1	1	0	1	1.0
2574	We should ban cosmetic surgery for minors	against	minors should have a choice in what to do with their bodies	0	0	0	0	1	0	1	1	0	0	1.0
1985	We should end the use of economic sanctions	against	economic sanctions offer an effective way to deal with international conflict which does not involve military action.	1	0	0	0	0	1	0	0	0	1	1.0
2244	We should ban whaling	against	so long as a limited number are harvested it is ok	1	1	0	0	0	0	1	0	1	1	1.0
6099	Entrapment should be legalized	in favor of	entrapment should be legal because it catches criminals that were already looking to commit the crime anyway.	1	0	1	0	0	1	1	1	0	0	1.0
1512	We should abolish intellectual property rights	against	we should keep intellectual property rights because if a person came up with an idea, they should receive credit for it no matter what the circumstances are, it is only fair.	1	0	0	0	1	1	1	0	0	1	1.0
2318	We should adopt a multi-party system	against	they can lead to too much indecision	0	0	0	0	1	0	0	0	0	0	1.0
5808	Holocaust denial should be a criminal offence	against	it's just freedom of speech, you can't arrest someone for not believing something	1	0	1	0	0	0	1	0	0	0	1.0
6251	Homeopathy brings more harm than good	in favor of	homeopathy does not have enough research to prove it works. therefore people are potentially putting too much faith in something which will not work.	1	0	0	0	0	1	0	0	0	1	1.0
6606	Homeopathy brings more harm than good	against	homeopathic remedies have been shown to be beneficial in many illnesses, reducing the length of the common cold	1	0	0	0	0	1	0	0	0	1	1.0
4505	We should ban factory farming	against	factory farming brings more food to the table at lower prices	1	1	0	0	0	1	0	0	0	0	1.0
6963	Hindi should be the national language of India	in favor of	Hindi is spoken by more than half of India. As no single language is spoken by the entire of India, it is much better to make the majoritarian language the national language. 	1	0	0	0	0	0	1	0	1	1	1.0
2795	We should stop the development of autonomous cars	against	autonomous cars will bring mobility to the disabled.	1	1	0	0	0	1	1	0	0	1	1.0
4712	Marital rape should be criminalized in India	against	The most misused law in the Indian judicial system is Section 498A, which allows women to file a case on a husband and his family in case of dowry harassment. Many women are using this law to extort money and property from their in-laws. If the law on marital rape comes into effect, many innocent men will be at threat.	0	0	0	0	1	0	0	0	0	1	1.0
128	We should end mandatory retirement	against	Mandatory retirement lets companies more easily make space for new workers that have more of an incentive to work hard at a new job.	1	0	0	0	0	0	0	0	0	0	1.0
6951	Indian government should increase the minimum legal age of marriage for girls from 18 to 21 years	against	As per the government data of 2017, the average age of marriage for women is increased to 22.1 years. So, the change is voluntary. The change was mainly due to the improving education among women. So, the solution lies in encouraging education for girls, conducting awareness programs on the importance of education, financial independence and the consequences of teenage pregnancies should be conducted instead of passing a law to bring a real change in society.	1	0	0	0	0	0	1	0	0	0	1.0
5796	Social media brings more harm than good	in favor of	social media can help to  foster radicalism & extremism	0	0	0	0	1	1	0	1	0	1	1.0
5177	The fear of migration is a fear of the unknown and is exacerbated.	against	Fear of the unknown is normal behavior. It has saved our race since ages starting when mankind was a simple monkey among others. 	0	0	0	0	1	1	0	0	0	0	1.0
5719	Entrapment should be legalized	in favor of	valuable information can often be gained through entrapment	1	1	1	0	0	1	0	0	0	0	1.0
2049	We should ban fast food	in favor of	fast food can lead to obesity if eaten too often. banning it would mean people have less access and obesity levels would fall.	0	0	0	0	1	1	0	0	0	1	1.0
6697	Homeschooling should be banned	in favor of	homeschooling does not allow the child or children to socialize with others of their own age.	1	0	0	1	0	1	0	0	0	1	1.0
2194	We should adopt a multi-party system	against	consensus can become difficult in multi party systems	1	0	1	0	1	1	0	0	0	0	1.0
6218	Payday loans should be banned	in favor of	payday loans encourage a cycle of borrowing that is nearly impossible to break without a major and unlikely windfall.	0	0	0	0	1	1	0	0	0	1	1.0
7308	We should protect our privacy in the Internet age.	against	Recording precise data of individuals can improve individual lives; recording huge data of groups can optimize resource allocation.	1	0	0	0	0	1	0	0	0	0	1.0
956	We should abolish the Olympic Games	against	they increase tourist activities and are a boost to the local economy.	1	0	0	1	1	0	0	1	0	0	1.0
7324	We should open up three-child policy to encourage childbirth.	against	Other measures such as subsidizing childbirth, reducing the cost of health care and education for the population, and protecting women more from the law and the workplace are more imminent.	1	0	0	0	0	1	0	0	0	1	1.0
6219	The use of public defenders should be mandatory	against	this takes away freedom of choice in terms of hiring a lawyer that suits your own needs.	1	0	0	0	0	0	1	0	0	0	1.0
6660	We should subsidize vocational education	in favor of	vocational education can be used as the easy way out for students not willing to put in the work of real college	1	0	0	0	0	0	1	0	0	0	1.0
5202	We need a better distribution of refugees	against	The key to successful immigration depends upon the possibility of employment.  So EU members are to decide whom they want to admit.  	1	0	0	0	1	1	1	0	0	0	1.0
2192	We should stop the development of autonomous cars	against	autonomous cars are simply the next logical step in transportation.  years ago people would have said all cars are dangerous and we should all stick to horse and buggy instead.	1	0	0	0	0	0	1	0	0	1	1.0
7029	We should invest in sustainable alternative fuels for aviation	against	sustainable fuel is a fraud that allows industrial sectors (in this case airlines) to be compensated for change management they should themselves pay via R&D	0	1	1	0	1	1	0	0	0	1	1.0
7205	We should legalize non-violent drug offenses	in favor of	Psychedelic medicines specifically have the potential to radically transform our mental health care. 	1	0	0	0	1	1	1	0	0	1	1.0
3171	We should subsidize space exploration	in favor of	the country needs to be prepared against other countries that use space exploration to advance both offensive and defensive strategies	1	0	0	0	0	1	1	0	0	0	1.0
4621	IT recruiters should consider skills instead of a degree in programming	in favor of	In many of India’s engineering colleges, we can easily pass the subjects even if do not have much knowledge in those subjects. That is the reason many companies are not able to find suitable talent even if there are so many eligible graduates. So, the willingness to become an expert in the field is more important than a degree. 	1	1	1	0	0	0	1	0	0	0	1.0
2188	We should adopt an austerity regime	against	an austerity regime can prevent people from having the funds they need to live the life they chose.	0	0	0	0	1	1	1	1	0	0	1.0
1301	We should subsidize embryonic stem cell research	in favor of	embryonic stem cell research can create significant, life saving advancements in medicine.	1	1	0	0	0	1	1	0	0	1	1.0
4463	We should ban fast food	against	Fast food provides a cheap and consistent meal for many people who see it as an occasional meal or treat and this should not be restricted because others cannot make good dietary choices.	0	0	0	1	0	1	1	0	0	0	1.0
7168	We should not have any immigration from non-European or non first-world countries 	in favor of	We need single and selective migration rules. It is very challenging for Europe to protect its border without harming refugees or financial migrants fleeing their countries, and it cannot be efficient without unified and powerful border security (Frontex). 	1	1	0	0	1	1	0	0	0	1	1.0
3920	We should ban private military companies	against	military companies provide valuable expertise to supplement the armed forces	1	1	0	0	0	1	0	0	0	0	1.0
5281	We need to build up European Defence while remaining in NATO	in favor of	Europe’s sovereignty and credibility are at this price. The burden of European defense cannot rest on the back of a small number of countries and potential conflicts are increasing.	0	0	0	0	1	1	1	0	0	1	1.0
4292	We should abolish the three-strikes laws	against	the three-strikes law serves as an effective deterrent and should not be abolished.	1	0	1	0	1	1	0	0	0	0	1.0
3428	We should subsidize Wikipedia	against	we should not subsidize wikipedia because the information contained in it is not validated. if published information is going to be subsidized then it should be from accredited sources.	1	0	0	0	1	0	0	0	0	0	1.0
5767	Intelligence tests bring more harm than good	in favor of	intelligence tests will cause children with alternative learning styles to fall through the cracks in the educational system.	1	0	0	0	0	1	0	0	0	1	1.0
2345	We should ban human cloning	against	human cloning can aid in research for medical issues as well as preserving the continuation of humankind.	0	1	0	0	1	1	0	0	0	0	1.0
4615	We should subsidize higher education institutions	in favor of	We haven’t been paying our teachers on the scale of what their counterparts earn in other countries. As a result, people are reluctant to the idea of teaching as a career. We have also failed to lure successful foreign faculties to our institutes.	1	0	0	0	0	1	0	0	0	1	1.0
6048	Blockade of the Gaza Strip should be ended	against	israel is threatened by terrorists operating in the gaza strip, the blockade is necessary to starve these forces of funds.	0	0	0	0	1	1	0	0	0	1	1.0
373	We should ban the use of child actors	against	child actors should be allowed to work and contribute their talents to society.	1	0	0	0	0	0	1	0	0	1	1.0
5214	The EU should immediately end the refugee deal with Turkey.	against	Immigration should not be part of humanitarian aid. Humanitarian aid should be delivered directly to Africa / Asia. The Turkey deal should eventually be abolished.	1	1	0	0	0	0	0	0	0	1	1.0
3236	We should subsidize space exploration	in favor of	developments in science and technology have been accomplished through space exploration	1	0	0	0	0	0	1	0	0	1	1.0
901	We should stop the development of autonomous cars	in favor of	autonomous cars have already caused multiple fatalities and are being used on public roads right now without being adequately tested. the makers are literally using human lives to beta test their products.	1	1	0	0	0	1	0	0	0	0	1.0
1940	We should adopt atheism	in favor of	Atheism should be the norm for a society who wants to live according to their own rules and ideals.	1	0	0	0	0	1	1	0	0	1	1.0
3894	We should abolish the three-strikes laws	in favor of	Three strikes laws are difficult to understand or conceptualize, so they are ineffective at preventing crime.	1	0	0	0	0	1	0	0	0	0	1.0
2278	We should ban whaling	against	Whaling is an important industry in some countries for their economical stability.	1	0	0	0	1	1	0	0	1	0	1.0
911	We should abolish safe spaces	against	safe spaces provide a valuable service to those who may be suffering from ptsd	1	1	0	0	0	1	1	0	0	1	1.0
871	We should abolish the right to keep and bear arms	against	people should be able to keep weapons as a form self defence to defend their property and themselves	0	1	0	0	1	1	1	0	0	0	1.0
5145	Every human has the right to receive reliable information about the movement and distribution of public funds	in favor of	We pay taxes and we have the right to see where our money goes. It’s very easy to implement through an online platform same as digital banking, but for the state. This will stamp out corruption and thereby free up a huge amount of money that we can spend on the needs of the population. 	0	1	1	0	1	1	0	0	0	1	1.0
7084	We should make pushbacks legal 	in favor of	We need to legalize pushbacks as a tool to limit illegal migration.	1	1	0	0	1	1	1	0	0	0	1.0
1642	We should end mandatory retirement	in favor of	Corporations should decide for themselves whether to keep a worker because they are the ones directly impacted, mandatory retirement encroached on corporate rights.	0	0	1	0	1	0	1	0	0	1	1.0
5160	All workers and unemployed should have access to social protection, including young people	in favor of	The situation of young people is difficult. Temporary jobs, precarious contracts, civic contracts replacing regular employment, forced self-employment, lack of basic social protection, and even age-discriminatory practices (also on the basis of age) are still the norm for millions of young people who are trying to make their way in the labor market. They need urgent help!	1	1	0	0	0	1	0	0	0	1	1.0
83	We should oppose collectivism	in favor of	collectivism prevents original thoughts and discourages people from looking for their own ideas	1	0	0	0	0	0	1	0	0	0	1.0
6749	Homeschooling should be banned	against	homeschooling is sometimes the only possibility for children who live in remote isolated areas	1	0	0	0	0	0	0	0	0	1	1.0
5015	The EU should implement a common pension fund	in favor of	The EU has some rules on how social security systems are coordinated (Regulation 883/2004/EC). EU rules ensure that the pension rights accrued in each country are added together and paid out by the pension insurance institution of the Member State of affiliation. But the bureaucratic nightmare is probably just as guaranteed.  A better solution would be a transparent and digital platform that collects pension entitlements from all EU member states. That way, every citizen would have an overview of his or her pension entitlements at all times, not just until when they are due.	0	1	1	0	1	1	1	0	0	1	1.0
4396	We should ban cosmetic surgery for minors	in favor of	we should ban cosmetic surgery for minors because they don't have the mental capacity to make a life changing decision.	1	1	0	0	0	0	0	0	0	0	1.0
1873	We should abolish intellectual property rights	against	it is only fair that a person or company that created something should have protections against those that want to make money off of another's hard work.	1	1	0	0	0	0	0	0	0	0	1.0
6868	Foster care brings more harm than good	in favor of	some foster carers are doing it just for the money and don't really care about the children.	1	1	0	0	0	1	0	0	0	1	1.0
305	We should subsidize student loans	in favor of	students should be able to pursue higher education without worrying about being able to afford it. subsidizing students loans would make education more accessible.	1	0	0	0	0	1	0	0	0	0	1.0
377	We should ban algorithmic trading	against	algorithmic trading is cost effective because it is timely and accurate.	1	1	0	0	1	0	0	0	0	0	1.0
5572	Homeschooling should be banned	in favor of	homeschooling can lead to children not knowing the curriculum and therefore struggling in later life.	1	0	0	0	0	1	0	0	0	0	1.0
7171	We should support Frontex.	in favor of	Frontex is a key agency and is called to play a crucial role in the coming years. Yet, it lacks the necessary political support it deserves to carry out its mission. 	1	0	0	0	0	0	0	0	0	0	1.0
4563	We should subsidize student loans	against	subsidizing student loans would allow access to funds above the means of the student and the financial consequences in the future, including higher interest rates would be financially detrimental.	0	1	0	0	1	1	0	0	0	0	1.0
5935	Holocaust denial should be a criminal offence	against	Holocaust denial should not be a criminal offence since the public should be educated, and punishment is an ineffective way of achieving this goal	1	0	1	0	0	0	1	0	0	1	1.0
4619	IT recruiters should consider skills instead of a degree in programming	in favor of	The number of IT jobs is increasing at a rapid rate due to the tech revolution. So, there will be more jobs in the IT field. And if the recruiters are very strict about the degree, they may miss a large pool of talent, who are of a non-IT background. 	1	0	0	0	0	1	0	0	0	1	1.0
5340	The European Union should be harder towards irreparable migrants, those who do not value their lives in peace, security, and prosperity.	against	Migrants have an enormous amount to offer in energy, new ideas, and cultures. Why this emphasis on imaginary 'takeovers'?	1	0	0	0	0	1	1	0	0	1	1.0
4479	We should end mandatory retirement	against	mandatory retirement means that there opportunities for younger people become available regularly and people retire  before they become inefficient at their jobs.	1	1	0	0	0	1	0	0	0	1	1.0
3944	We should abolish zoos	against	zoos are the only places many people will be able to get close and observe exotic animals - anything that serves to enhance humans' empathy and understanding of animals is worthy of support.	1	0	0	0	0	0	1	0	0	1	1.0
1215	We should adopt atheism	in favor of	we should adopt atheism, there is not one piece of evidence for religion being fact, yet science is proven. religion is a manipulative tactic based on lies.	1	1	0	0	0	0	1	0	0	1	1.0
4466	We should abolish intellectual property rights	against	for multiple reasons the right of intellectual property should not be abolished since it gives others the participation of making their intellect known and putting it into practice in various activities	1	0	0	0	0	0	1	1	0	0	1.0
2976	We should end the use of economic sanctions	against	the only way to send a strong message to countries who are danger for our western world is economic sanctions which are most effective and successful.	1	0	0	0	1	1	0	0	0	1	1.0
2216	We should subsidize space exploration	against	there are many more practical realms of scientific inquiry that need our support more urgently.	1	0	0	0	0	1	1	0	0	1	1.0
2602	We should end mandatory retirement	in favor of	mandatory retirement forces people to end careers before they are ready	1	0	0	0	0	0	1	0	0	0	1.0
1022	We should subsidize journalism	in favor of	it would make all news fair and the same across the board	1	1	0	0	0	0	1	0	0	1	1.0
2153	We should ban missionary work	against	missionary work brings aid to those in dire circumstances while introducing faith into the lives of those that will benefit from the introductory by missionaries.	0	1	1	0	1	1	0	0	1	0	1.0
5479	Homeschooling should be banned	against	results from homeschooling children are equally as good as those achieved from state schools, and sometimes this can be the only option for a youngster with complex emotional needs.	1	1	0	0	0	1	0	0	0	1	1.0
1135	We should abandon the use of school uniform	against	school uniforms help everyone feel more like each other and takes the focus off their clothes and allows for more focus on learning.	1	0	1	0	1	1	1	0	1	1	1.0
4837	Immigrants should integrate through work	in favor of	I work on a programme in Ireland to help migrants, refugees and asylum seekers get employment and integrate.  The qualifications, skills, experience and resilience they bring is amazing and so valuable to employers and the country.  There is far too much focus on negative aspects of migration, much of it based on incorrect stereotypes.  Migration brings lots of positives to countries but we need to be open to them.	1	0	0	0	1	1	0	0	0	1	1.0
6499	We should subsidize vocational education	in favor of	Many of the careers offered at vocational schools provide  essential services to the community.	1	1	0	0	0	1	1	1	0	0	1.0
4037	We should end mandatory retirement	against	mandatory retirement makes room in the workforce for younger more able bodied individuals to work.	1	0	0	0	0	1	0	0	0	0	1.0
5510	The use of public defenders should be mandatory	against	the government has enough obligations without having to provide court services	1	1	0	0	1	1	1	0	0	0	1.0
3505	We should ban cosmetic surgery for minors	in favor of	plastic surgery is a life altering decision and should not be taken lightly so much so that if you are a minor you should not be allowed to get it	0	1	0	1	0	1	1	0	0	1	1.0
2793	We should limit executive compensation	against	executives work hard for their companies and should be compensated accordingly.	1	0	0	0	1	0	1	0	0	1	1.0
3970	We should ban human cloning	against	human cloning will lead to scientific advancements that will save lives and as such, should not be banned	1	1	0	0	0	1	1	0	0	1	1.0
6887	Payday loans should be banned	against	payday loans can be a life saver if one has a bill due that they need the money for immediately.	0	1	0	0	1	1	0	0	0	0	1.0
4672	Companies should fight moonlighting	in favor of	Some managers are worrying that the employees who moonlight may not be productive in their primary job due to fatigue and increased stress. There are also concerns about working for other companies during the office hours of my primary job.	1	0	1	0	0	1	0	0	0	1	1.0
5058	Voting for European Parliament Elections should be mandatory	against	High voter turnout is usually desirable, but it's a symptom, not the root cause. Forcing people to go to the polls doesn't mean they will make more informed choices. Besides, voter turnout is a good metric that tells us where the potential problems of voter disenfranchisement are which is the first step to addressing them.	1	0	0	0	0	0	1	0	0	1	1.0
1932	We should cancel pride parades	against	people have a right to feel and display pride in what they are.	1	1	0	0	0	1	1	0	0	1	1.0
4732	Women are better managers than men	in favor of	They are good time managers. As most of the women today manage work and home, they can prioritize their time well.	1	1	1	0	0	0	0	0	0	1	1.0
7082	We should make living wages a human right	in favor of	Nations that have adopted living wages for full-time jobs have highly profited from that step. It's been an economic booster because if people who earn & possess little can afford what they need, they will buy. So they increase demand. Demand increases supply. More supply means more jobs, more suppliers, lower costs, etc. 	1	0	0	0	1	1	0	0	0	0	1.0
2924	We should limit judicial activism	in favor of	judges should stick to the law and be unbiased in every ruling.	1	0	1	0	0	0	0	0	1	1	1.0
5462	We should subsidize vocational education	in favor of	vocational education is necessary to ensure that there is not a shortage of qualified trades people in the future, and a subsidy will make this a much more attractive option when deciding a career path.	1	1	0	0	0	1	1	1	0	0	1.0
7081	We should make living wages a human right	in favor of	Many people, even in the richest European countries, work hard, work overtime or have several jobs & cannot sustain themselves. That's humiliating, time-consuming alien to physical & mental health, and poisoning society.  	0	0	0	0	1	1	0	0	0	0	1.0
5162	Esperanto should replace English as the first foreign language in schools and universities	in favor of	To build a common European understanding and to create a European identity, we need our own common language. 	1	0	0	0	1	1	0	0	0	0	1.0
6526	Entrapment should be legalized	in favor of	entrapment allows for officers to capture criminals who are trying to evade police in a manner that they would not expect.	1	0	0	0	0	1	0	0	0	1	1.0
2425	We should subsidize Wikipedia	in favor of	wikipedia is a valuable common resource that need  more money to work better	1	0	0	0	0	0	1	0	0	0	1.0
4528	We should subsidize embryonic stem cell research	in favor of	embryonic stem cell research has the potential to help cure some of the most devastating diseases	1	0	0	0	0	1	0	0	0	1	1.0
1396	We should abolish intellectual property rights	against	we shouldnt abolish intellectual property rights if you have come up with a new idea for something then it should be exclusive to you and you should be acknowledged for it	1	0	0	0	1	0	1	0	0	0	1.0
3101	We should subsidize Wikipedia	against	we should not subsidize wikipedia because the government should spend the money for more useful things	0	0	0	0	1	1	1	0	0	0	1.0
7125	We should label products with environmental impact and climate impacts in clear language	in favor of	Extremely important thing for an informed decision of the citizens e.g. in the supermarket.	1	1	0	0	0	0	1	0	0	1	1.0
5038	The federal features of the European Treaties need to be strengthened.	in favor of	We must move towards full co-decision power for the European Parliament and the abolition of unanimity for climate, energy, social affairs, and taxation policies.	0	0	0	0	1	0	0	0	0	1	1.0
6092	Intelligence tests bring more harm than good	in favor of	"Children identified as ""slow"" or ""learning disabled"" are often put in special classes with lighter workloads, teachers expect less of them, and they end up far behind their peers."	1	1	0	0	0	1	0	0	0	1	1.0
4248	We should subsidize space exploration	against	there are more immediate needs here on earth, there's no reason to explore space.  we have to care for what we have already.	1	1	0	0	0	1	0	0	0	1	1.0
7268	We should shift the EU policy toward the Russian Federation	in favor of	Russia is troublesome with its own agenda and unconventional methods. Perhaps due to a heritage of a system, that is no longer the norm today. Remember, they fought next to us and Russians merit our hand reaching out to them. A policy change to show empathy, foster closer economic ties, and build on bilateral projects and partnerships in various cultural, scientific, trade, or economic programs. 	0	1	0	0	1	1	0	0	0	1	1.0
382	We should adopt an austerity regime	in favor of	It would help people spend less money, which would be good for the economy.	0	0	0	0	1	1	0	0	0	0	1.0
256	We should end mandatory retirement	in favor of	mandatory retirement should be ended as it is unfair on older people.	0	0	1	0	1	0	1	0	0	1	1.0
4864	The EU should have open borders with poor countries	against	Many migrants simply refuse to fight to change things in their own countries. Once a migrant told me 'I want what you have, why should I sweat to build it back in my country when here it's ready to be taken?' No thanks.	1	1	0	0	0	0	0	0	0	1	1.0
1674	We should ban human cloning	against	human cloning could aid medical advances and should therefore be allowed.	1	1	0	0	1	1	1	0	0	1	1.0
3090	We should adopt libertarianism	against	we need more government and less libertarianism.	0	0	1	0	1	0	0	0	0	0	1.0
4446	We should ban factory farming	against	we shouldn't ban factory farming because it can help improve the economy	1	1	0	0	1	1	0	0	0	0	1.0
7269	We should shift the EU policy toward the Russian Federation	in favor of	Including Russia in our sphere of friendship would allow the EU to discuss certain values from within and coax them toward democracy and change. Economic partnerships can act as leverage. Friendly ties, in time, will bring common views to prevail. 	0	0	0	0	1	1	0	0	0	1	1.0
6166	The vow of celibacy should be abandoned	in favor of	it should be abandoned because they have the same desires as every human has	0	0	0	1	0	0	0	1	0	0	1.0
3295	We should legalize prostitution	in favor of	there are different types of prostitution, not all is abusive and exploitative. a regulated industry based upon freedom of choice is a positive liberation and safer than the situation today	0	0	0	0	1	1	1	0	0	1	1.0
4464	We should fight for the abolition of nuclear weapons	against	nuclear weapons serve as a deterrent for other nuclear countries through mutually assured destruction	0	0	0	0	1	1	0	0	0	1	1.0
3102	We should abolish intellectual property rights	against	if abolished it will stiffle creativity and advancement because there will be no incentive if intellectual property is not a right.	1	0	0	0	0	0	1	0	0	0	1.0
7091	We should stop hosting migrants from Muslim countries	in favor of	Islam represents the biggest threat to democracy in the EU since it’s not compatible with European values. Islam, it’s not only a religion but almost a constitution which trying to impose on European society. 	0	0	0	0	1	1	1	0	1	0	1.0
6288	The use of public defenders should be mandatory	in favor of	The right to be defended by competent and effective lawyers is a constitutional right.	1	0	1	0	0	1	1	0	0	1	1.0
938	We should abolish the Olympic Games	in favor of	they are boring and cost too much money	0	0	0	1	1	1	0	1	0	0	1.0
4578	Technology is making us feel less human	in favor of	Many face-to-face communications are also replaced with virtual interactions. Many people are now living in virtual homes, which is the smartphone. As the need for talking with each other is reducing, the ability to communicate with each other which is a basic quality of living beings is declining.	1	1	0	0	0	1	0	0	0	0	1.0
847	We should abolish safe spaces	in favor of	we should abolish safe spaces as policing these areas is costly and it is against human rights to stop freedom of movement into different areas.	0	0	0	0	1	1	1	0	0	1	1.0
5610	Assisted suicide should be a criminal offence	against	assisted suicide should not be a criminal offense as everyone should have the right to end their life peacefully once they are to a point of not being able to get better.	0	0	1	0	1	0	1	0	0	1	1.0
5722	We should subsidize vocational education	against	We should subsidize not vocational education because it will discourage students from going into traditional higher education, and therefore limit their career options.	1	0	1	0	0	1	0	0	1	1	1.0
3805	We should abolish capital punishment	in favor of	capital punishment should be abolished because man is not the one that should be making the decision to take a life, but leave that to the all mighty god.	0	0	0	0	1	0	0	0	1	1	1.0
2599	We should ban human cloning	against	human cloning can give us medical breakthroughs	1	0	0	0	0	1	1	0	0	1	1.0
7005	We should stop subsidies for fossil fuels and expand the EU Emissions Trading System (ETS)	in favor of	Currently the ETS only applies to certain carbon-emitting industries covering 40% of the EU's greenhouse gas emissions. To effectively combat climate change 40% is not enough. That is why the ETS has to be expanded to at least cover agriculture and transport as well.  In Addition to the extension of the ETS the subsidies in fossil fuels (coal, oil and gas) must be cut in the near future.	1	0	0	0	0	0	0	0	0	1	1.0
4631	Artificial intelligence brings more harm than good	in favor of	The huge data we produce every day is analyzed and fed into our devices through algorithms that we end up giving more and more control of our lives to the gadgets. We may feel that we receive all these services for free, but they come at the cost of our precious time and attention.	0	0	0	1	0	1	1	0	0	0	1.0
5640	Surrogacy should be banned	against	surrogacy allows women to have a child who would not otherwise be able to become a mother	1	1	0	0	0	0	1	0	0	1	1.0
6265	Homeopathy brings more harm than good	in favor of	one single fact that when somebody receiving homeopathy there is no quaranties that these substances will be good for the patient.	1	1	0	0	0	1	1	1	0	1	1.0
3211	We should introduce compulsory voting	against	many people are uninformed about the issues and we are better off with them not voting	1	1	0	0	0	1	1	0	0	0	1.0
822	We should subsidize space exploration	in favor of	space exploration needs our support to help us understand the universe and our place in it.	1	0	0	0	0	0	1	0	0	1	1.0
3844	We should ban the use of child actors	in favor of	we should ban the use of child actors because they belong in school	1	0	1	0	0	0	0	0	0	0	1.0
6058	Payday loans should be banned	against	nobody is forced to take out a payday loan; their existence affords the general population a choice of ways to borrow money.	0	1	0	0	1	1	1	0	0	0	1.0
4880	We need a common migration and asylum policy, based on respect for rights and equal treatment	in favor of	In the EU labor market we will need more workers from outside Europe to continue the level of economic activities we are planning. 	1	0	0	0	1	1	0	0	0	0	1.0
5212	We do not need immigration from non-European or non-first-world countries. 	in favor of	There's nothing wrong with not wanting your continent to become chaos and putting your people first, every civilization in this world takes that idea as self-evident. We need to negotiate Remigration deals with the 3rd countries to send their nationals back and we need to use Frontex to push back any migrants coming to our borders.	0	1	1	0	1	1	0	0	0	0	1.0
3988	We should ban human cloning	in favor of	human cloning is against many religions and can have disasterous results if we make a simple mistake. that clone would then have to live with that mistake forever.	0	0	0	0	1	0	0	0	1	1	1.0
4630	We should adapt the viable pay incentive scheme	against	Mostly, sales jobs have a variable component. This might negatively impact the employee’s attitude towards customers. They may force the customers irrationally just to make profits for themselves. They might overstate the price to the customers just to make more profit. Whereas, an employee with a fixed salary would maintain healthy and positive relations with the customers, striking the right balance in their approach.	0	1	1	0	1	0	0	0	0	1	1.0
703	We should abolish capital punishment	against	capital punishment is absolutely needed. it acts as a deterrent to prevent future crime. if a person knows they can be killed for their crime, it deters them and also makes sure they aren't released from prison	0	0	1	0	1	1	0	0	0	1	1.0
5852	The use of public defenders should be mandatory	against	making the use of public defenders madatory would increase the number of miscarriages of justice since the best and most able defence lawyers would go to areas of the law where they can make the most money	1	0	0	0	1	0	0	0	0	1	1.0
4845	Immigrants should receive help from the EU through integration programs	in favor of	Most of the time migrants have trouble fitting into society because of the language barrier and hate. Providing them with language lessons could reduce the tensions around migration, and improve the migrants' integration.	1	1	0	0	0	1	0	0	0	1	1.0
1580	We should ban algorithmic trading	against	Algorithmic trading is more likely to be traceable, making illegal data inputs such as insider information more difficult to use.	0	1	1	0	1	0	0	0	0	1	1.0
2102	We should fight for the abolition of nuclear weapons	against	they are a valuable deterrant to having another world war.	0	0	0	0	1	1	0	0	0	1	1.0
4815	Climate neutrality can be achieved only by nuclear energy	in favor of	if we want stable, reliable energy grid we need a nuclear energy source. Solar energy and wind are not reliable, need a lot of batteries, and can not be a sole solution for the energy grid.	1	1	0	0	0	1	1	0	0	1	1.0
400	We should ban cosmetic surgery	against	we should not ban cosmetic surgery because there are some people that are seriously need it done to improve their lifestyles	0	0	0	1	0	1	1	1	0	0	1.0
4595	India should store the data within the territorial boundaries of the country	in favor of	Data is considered a ‘new form of wealth’. Generally, companies use data to understand the requirements of consumers and also to influence their behavior. New products can be developed by analyzing the data to meet the needs of consumers. So the data has an economic value. In general, developed countries are utilizing this opportunity with their well-developed infrastructure. 	1	0	0	0	1	0	1	0	0	1	1.0
4380	We should ban cosmetic surgery for minors	in favor of	minors should not get plastic surgery because they are not old enough to make the decision nor have their bodies fully developed.	1	1	1	0	0	1	0	0	0	0	1.0
3734	We should subsidize student loans	in favor of	student loans are a good deal for students, student loans allow for some students go to school that may have not been able to go to school before	1	1	0	0	0	1	0	0	0	0	1.0
819	We should ban fast food	against	people should be able to choose what they want to eat	0	0	0	1	0	0	1	0	0	0	1.0
1493	We should abolish safe spaces	against	everyone needs a place where they feel safe	0	1	1	1	0	1	0	0	0	1	1.0
5039	The federal features of the European Treaties need to be strengthened.	in favor of	There is a lack of security and defense policy that can realistically be achieved by strengthening the Euro body as the 28th European army. 	0	0	0	0	1	1	0	0	0	0	1.0
5768	The use of public defenders should be mandatory	against	People have a right to be represented by the best when they are facing potential fines, incarceration, or worse. Mandating public defenders strips people of this right.	0	0	0	0	1	1	1	0	0	1	1.0
1285	We should abolish zoos	against	zoos allow animals to live in safety and to have a constant food source	0	1	0	0	1	1	0	0	0	1	1.0
5152	Ideology should be aimed at popularizing the best human qualities and stopping everything that is directed against a human	in favor of	This will create conditions for the development and education of a Human with a capital “H”, cultivating moral values in each person and society.  We should prohibit propaganda of violence, condemnation, and denunciation of any form of division, aggression, and anti-humane manifestations	1	0	1	0	0	1	0	0	0	1	1.0
347	We should subsidize student loans	against	studen loans cannot be subsidised as not only is it unaffordable in the current climate, it would encourage universities offer degree courses purely for financial gain.	1	0	0	0	0	1	0	0	0	1	1.0
1242	We should limit executive compensation	against	executive compensation encourages them to work for their pay	1	1	1	0	1	0	0	0	0	0	1.0
615	We should subsidize Wikipedia	against	subsidizing wikipedia will lead to bias in the contents. content creators and moderators will be afraid to criticize the people who contribute money to wikipedia	1	0	0	0	0	0	1	0	0	1	1.0
1673	We should subsidize journalism	in favor of	we should subsidize journalism as it is a key element to investigating wrong doings in society	1	0	0	0	1	1	1	0	0	1	1.0
6027	Intelligence tests bring more harm than good	against	intelligence tests bring less harm than good because the envelope of people	1	0	0	0	0	0	1	0	0	1	1.0
6396	Homeschooling should be banned	in favor of	most homeschooled students are not learning the appropriate subjects needed to further their education.	1	0	0	0	0	0	0	0	0	1	1.0
3437	We should adopt an austerity regime	in favor of	it is a good way to control overspending and accumulating more debt	0	1	0	0	1	1	0	0	0	0	1.0
5778	We should subsidize vocational education	against	Vocational education is already pretty inexpensive and a graduate of a vocational school should be able to pay off the fees very quickly.	1	1	1	0	1	1	1	0	0	0	1.0
5940	Entrapment should be legalized	in favor of	we need as many tools as possible to catch illegal activity.	1	0	1	0	0	1	0	0	0	0	1.0
3478	We should ban algorithmic trading	in favor of	it takes away the human component, and machines can easily make mistakes.	1	1	0	0	0	0	0	0	0	1	1.0
6710	Entrapment should be legalized	against	entrapment is unfair and often has the wrong results.	1	0	0	0	0	0	0	0	0	1	1.0
1979	We should abolish the Olympic Games	against	olympic games is useful to countries as it provides a boost to the countries economy by the increased tourism during the time of the tournament.	1	0	0	0	1	0	0	0	0	0	1.0
539	We should abolish capital punishment	against	If capital punishment is unfairly applied we should focus on fixing that, not abolishing it entirely.	1	0	0	0	1	0	0	0	0	1	1.0
3493	We should subsidize space exploration	against	we shouldn't subsidize space exploration because it can be very costly	0	0	0	0	1	1	0	0	0	0	1.0
2208	We should limit judicial activism	against	it is helpful for the judiciary to take public action should they wish to do so as it demonstrates that they are human.	0	0	0	0	1	0	1	0	0	1	1.0
4807	The best way to save the world from climate change and protect the environment is to encourage everyone to start with themselves and look at what things they can do to help with this problem	against	It is not about blaming others. It is about seeing the situation as it is. Recognizing patterns, reasons, and consequences of our behavior. We do not make our choices in a vacuum. If it is easier and cheaper to live not sustainably, people will do it, even if they are conscious of the consequences. 	0	0	0	0	1	0	1	0	0	1	1.0
3875	We should subsidize embryonic stem cell research	in favor of	embryonic stem cell research should be subsidized because it could lead to massive changes in human beings. this type of research could reverse aging, change genes, and learn how to cure diseases.	1	0	0	0	0	1	1	0	0	0	1.0
354	We should ban algorithmic trading	in favor of	even if an algorithm can react quicker than a person, it can't predict markets accurately	1	0	0	0	1	0	0	0	0	1	1.0
1470	We should subsidize student loans	in favor of	Able students are afraid to continue education due to the prohibitive cost of loans, these students could be the answer to curing cancer etc. We need to ensure no one misses out because of cost.	1	0	0	0	1	1	0	0	0	1	1.0
4488	We should abolish intellectual property rights	against	intellectual property rights ensure that people or companies can make profits from what they have spent much time and effort in creating.	1	0	0	0	1	0	0	0	0	0	1.0
40	We should subsidize journalism	in favor of	journalism and free expression of information and exchange of ideas is a basic human right, and subsidizing this would improve its quality and reach.	1	0	0	0	1	0	0	0	0	0	1.0
249	We should prohibit school prayer	against	in today's hectic fast-paced society, it is freeing to take time to sit quietly and pray. it should be encouraged in our schools.	0	0	0	1	0	1	0	0	1	1	1.0
4197	We should ban private military companies	in favor of	inconsistencies arise from private military companies working together and therefore it should be banned.	1	1	1	0	0	0	0	0	0	0	1.0
1113	We should ban telemarketing	against	telemarketing is a perfectly valid marketing approach, and is a primary driver of economic activity.	1	0	0	0	1	0	1	0	0	0	1.0
68	We should abolish safe spaces	in favor of	these are usually located in universities. students need to prepare for the real world and know how to handle conflict. once they leave school they'll have no idea how to handle the constant conflict in life.	1	0	0	0	0	0	1	0	0	1	1.0
2917	We should ban algorithmic trading	in favor of	algorithimic trading, which to all intents and purposes is nothing more than ai-enabled gambling, makes a volatile, destructive and unethical trade even more so.	0	0	1	0	1	1	0	0	0	0	1.0
2149	We should fight for the abolition of nuclear weapons	against	mutually assured destruction is a crucial method of preventing actual conflict and disaster	0	0	0	0	1	1	0	0	0	1	1.0
631	We should ban algorithmic trading	against	algorithmic trading allows for more timely, accurate, and efficient trading.	0	0	0	0	1	0	0	0	0	0	1.0
2468	We should subsidize space exploration	against	space exploration is a waste of time and money and we should focus on sustaining earth	0	1	0	0	1	1	0	0	0	1	1.0
665	We should cancel pride parades	against	thepride parades are part of the empowerment of the lgbt community	1	0	1	0	1	1	1	0	0	1	1.0
5685	Blockade of the Gaza Strip should be ended	in favor of	the only thing a blockade does is affect the people at the bottom as they suffer from the loss of jobs and supplies	1	0	0	0	0	1	1	0	0	1	1.0
2697	We should adopt a zero-tolerance policy in schools	in favor of	adopting a zero tolerance in schools will help reduce the amount of bullying that happens.	1	0	1	0	0	0	0	0	0	1	1.0
6247	Intelligence tests bring more harm than good	in favor of	IQ testing limits children by putting them into stereotyped categories.	1	0	0	0	0	0	1	0	0	1	1.0
3618	We should subsidize embryonic stem cell research	in favor of	we should subsidize embryonic stem cell research so that it can continue research into finding solutions to complex medical needs.	1	0	0	0	0	1	1	0	0	0	1.0
3808	We should oppose collectivism	in favor of	collectivism makes people lazy.  why work hard if other people will do it for you?  we should encourage individualism instead where people are encouraged to be innovative and hard working.	1	1	0	0	0	0	1	0	0	0	1.0
6908	We should promote Zero Budget Natural Farming all over India	in favor of	With ZBNF, the government does not have to spend crores of rupees on loan waiver schemes.	0	0	0	0	1	1	0	0	0	0	1.0
5776	Homeopathy brings more harm than good	against	homeopathy does not cause harm, even the placebo effect has been shown to work for some patients if they believe that it will cure them	1	1	1	0	0	1	1	0	0	0	1.0
7020	We should increase the legal warranty from 2 years to 5 years on all products in Europe	in favor of	It would force manufacturers to build longer-lasting products, and therefore reduce the impact on the environment and resources	1	1	0	0	0	0	0	0	0	1	1.0
4708	India should accept Rohingya refugees	in favor of	Acceptance of the Rohingyas will definitely throw a good impression of the hospitality of our country to the foreign land. This will improve India’s chances to secure permanent membership in United Nations Security Council (UNSC).	0	0	0	0	1	1	0	0	0	1	1.0
6504	We should abandon television	in favor of	the television is no longer a good source of entertainment or information and should be abandoned	1	1	0	1	0	0	1	0	0	1	1.0
4683	All countries should take responsibility for accepting refugees	in favor of	A weak global response is worsening the situation of refugees. The international community should help in rebuilding the war-torn countries, where refugees are coming from, so that safe and dignified returns are possible for refugees. Refugees should not be forcibly sent to their home countries.	0	1	0	0	1	1	1	0	0	1	1.0
4216	We should abandon the use of school uniform	against	school uniforms make life so much easier. there's less for parents to buy, a lot can't afford name brand clothing. less bullying due to clothing. it's easier to get ready in the morning.	1	0	1	0	0	1	0	0	0	1	1.0
3060	We should end mandatory retirement	against	Mandatory retirement ensures that companies and professions are constantly infusing their workforces with fresh talent.	1	0	0	0	0	0	1	0	0	0	1.0
3647	We should subsidize journalism	against	journalism subsidized by authoritarian regimes becomes a propaganda machine used to control people, telling them what to think and spreading lies to hide totalitarian regimes' abuses	0	1	0	0	1	1	1	0	0	1	1.0
1413	We should fight for the abolition of nuclear weapons	against	we shouldn't fight to get rid of nuclear weapons. they provide a deterrent to serious conflict because even the smaller countries who have nuclear weapons pose a threat	0	1	0	0	1	1	0	0	0	1	1.0
5746	The vow of celibacy should be abandoned	in favor of	i consider it a sensitive issue, however, because of the great conflicts that this brought about in the catholic religion it is necessary to abandon this vow.	0	1	1	1	0	1	1	1	0	1	1.0
3553	We should abolish the right to keep and bear arms	against	the right to keep and bear arms is fundamental to our freedom.  we give that right up and we are prisoners to the government.	0	1	0	0	1	1	1	0	0	0	1.0
343	We should subsidize embryonic stem cell research	in favor of	supporting embryonic stem cell research is important because it is the future of medicine and it can help scientists to find new cures for diseases.	1	1	0	0	0	1	1	1	0	0	1.0
5332	The EU should reduce its influence on its member states.	against	We can have a strong federal Europe that will protect the rights of individuals and communities, that will have the power to tackle the climate emergency, and stand up to other superpowers. Let's go forward and make the EU the shared home that we all want to live in, that can lead the world in dealing with the problems we face on our planet.  	1	0	0	0	1	1	0	0	0	1	1.0
5654	We should abandon television	against	Television should not be banned as for elderly and isolated people television is a window into the world whether it's just for entertainment or to gain knowledge.	1	0	1	1	0	1	1	1	0	0	1.0
2718	We should abolish intellectual property rights	in favor of	we need to do away with intellectual property rights so it doesn't slow down innovation	1	0	0	0	1	0	1	0	0	0	1.0
7025	We should tax heavily or refuse to import products not manufactured in the European Union that do not comply with our climate standards	in favor of	Heavy taxation of imported goods will encourage the relaunch of European production, which has better social values	1	0	1	0	0	0	0	0	0	1	1.0
643	We should subsidize student loans	in favor of	we have a tremendous amount of highly intelligent /students who could not go to college without subsidizes. these students could find cures to fatal illnesses and should be subsidized to benefit all of society.	0	0	0	0	1	1	1	0	0	0	1.0
239	We should subsidize student loans	in favor of	it's the only way most people can afford college	1	1	0	0	0	0	1	0	0	0	1.0
6720	Intelligence tests bring more harm than good	against	intelligence tests have been known to help students be comfortable learning and studying among their peers based on aptitude	1	0	0	0	0	0	0	0	0	1	1.0
4898	The EU should promote organizations that teach the national language via Esperanto	in favor of	Esperanto should be promoted as an international lingua franca. Esperanto is an efficient and expressive means of cross-cultural communication, allowing high degrees of inclusion.	1	0	0	0	0	1	0	0	0	1	1.0
5164	All workers and unemployed should have access to social protection, including young people	in favor of	I agree. Young people should have a voice in policymaking. Regulation needs to reduce forms of precarious work.  It is time to expand collective bargaining coverage to all forms of work. It is essential to introduce a right to decent housing and policies capping rents and limiting property market speculation. we urgently need investment to achieve this. Youth is the future, we have to take care of it.	1	1	0	0	1	1	0	0	0	1	1.0
1250	We should ban targeted killing	in favor of	targeted killing is useless and just unfair, no violence should ever be allowed	1	1	0	0	0	1	0	0	0	1	1.0
372	We should ban the Church of Scientology	against	we shouldn't ban the church of scientology because it is a way to study the nature of life	1	0	0	0	0	0	1	0	0	1	1.0
5035	We need to strengthen the participation of citizens in the design and processes of the EU	against	First, we should empower people more: put an emphasis on education and build a control mechanism for internet propaganda, e.g. force transparency on which content is truly human and which is sponsored or created by organizations and companies. Second, we should criminalize deliberate misinformation properly. Third, we should restructure the representation of people in the European Union. After all the above-mentioned, we can think about establishing a more binding role of petitions to the European Parliament.	1	1	1	0	0	1	1	0	0	1	1.0
2932	We should introduce compulsory voting	in favor of	by introducing compulsory voting you will assure that each and every citizen's voice is heard.	1	0	0	0	1	0	0	0	0	1	1.0
6161	Intelligence tests bring more harm than good	against	they help to identify gifted children and help parents to develop their children talents	1	1	0	0	0	0	1	0	0	0	1.0
4685	We should have psychological counseling in educational institutions	in favor of	In general, a few teachers punish students, who are not scoring well in exams but they do not even try to understand whether they have any learning disabilities. This causes self-esteem issues in students. Psychologists can detect these learning disabilities and can detect these issues and can collaborate with teachers to draft teaching strategies that are suitable for students with learning disabilities.	1	1	0	0	0	1	0	0	0	1	1.0
6094	Homeopathy brings more harm than good	in favor of	Homeopathic medicine can be expensive despite providing no benefit.	1	1	0	0	1	1	0	0	0	1	1.0
5774	Entrapment should be legalized	in favor of	entrapment should be allowed to help police in tackling crime.	1	0	1	0	0	1	0	0	0	1	1.0
4902	We need integrated rail transport systems, agreements between various railway operators and a simple and accessible search engine	in favor of	Take as example airplanes - how so, that it is so common to be able to search for tickets using one of many webpages or apps, but we actually cannot do the same for trains? Trains are more ecological.	1	1	0	0	0	0	1	0	0	1	1.0
1158	We should subsidize student loans	in favor of	in the interests of raising the education level of our population we should subsidize student loans.	1	1	0	0	0	1	0	0	0	1	1.0
3935	We should ban cosmetic surgery for minors	against	minors should be allowed to have procedures with parental permission	0	1	0	0	1	0	1	0	0	0	1.0
6650	Homeschooling should be banned	against	homeschooling should not be banned since this allows learning to be specifically tailored to the individual child and produces the optimal learning environment.	1	0	0	0	0	0	0	0	0	0	1.0
5655	We should abandon television	in favor of	television is just another distraction in a long line of things keeping people down.	1	1	1	0	1	1	0	0	0	1	1.0
6630	Homeschooling should be banned	against	homeschooling  can create  a more independent program.	1	0	1	0	1	0	1	1	1	0	1.0
4251	We should adopt a zero-tolerance policy in schools	against	zero tolerance policies don't allow for adminstrators to use their judgement to administer punishment	0	0	0	0	1	0	1	0	0	1	1.0
2148	We should abolish the three-strikes laws	in favor of	three strikes is too many in some cases.  if people know they have three chances, they will not be deterred from using that to their advantage.	0	0	1	0	1	1	0	0	0	1	1.0
3921	We should ban algorithmic trading	against	we should not ban algorithmic trading because computers are smarter than people	1	0	0	0	0	0	0	0	0	1	1.0
2377	We should abolish the Olympic Games	against	the olympic games provide employment of many people and are entertaining	1	0	0	1	0	1	0	0	0	0	1.0
2385	We should stop the development of autonomous cars	in favor of	autonomous cars will  destroy millions of jobs of truck and taxi drivers.	0	1	0	0	1	1	0	0	0	0	1.0
2062	We should subsidize embryonic stem cell research	in favor of	embryonic stem cell research should be subsidized to speed up the rate that cures for serious illness are identified speedily.	1	1	0	0	0	1	1	0	0	0	1.0
3186	We should abandon the use of school uniform	against	the school uniform makes everyone equal and increases learning.	1	0	0	0	0	0	0	0	0	1	1.0
5528	Social media brings more harm than good	against	social media is a wonderful thing.   people have a chance to communicate with their favorite celebrities.   they find new friendships, share life events, and have discussions about current events.	0	1	0	1	0	1	0	1	0	0	1.0
914	We should ban algorithmic trading	in favor of	algorithmic trading can be manipulated and used for nefarious reasons	1	1	1	0	0	0	0	0	0	0	1.0
5025	We need to ensure improvements to the European Union's decision-making processes with increased transparency and accountability	against	The European Parliament in its current form is completely inadequate at representing the interests of all citizens, including the labor force. I cannot agree to give it more power until it is ensured that the MEPs are more responsive to their constituents. Electing them from individual election districts (not lists) and reducing their mandate to 2-3 years would be a good first step. 	1	1	1	0	0	1	0	0	0	1	1.0
139	We should end the use of economic sanctions	in favor of	economic sanctions are used to bully other nations to act in your own interest, by harming the innocent citizens no less	0	1	0	0	1	1	0	0	0	1	1.0
1126	We should limit judicial activism	against	judicial activism allows lawful recourse in circumstances of possible justice miscarriages, and is an extra protection against possible corruption and obstructive 'influence' in the higher court.	1	0	0	0	1	1	0	0	0	1	1.0
1233	We should subsidize journalism	against	journalism can make enough income to support itself as is seen by the countless successful media outlets	1	0	0	0	0	1	1	0	0	1	1.0
1679	We should abolish the three-strikes laws	in favor of	we should abolish the three-strikes laws because they have no effect in detering crime	1	1	0	0	0	1	0	0	0	1	1.0
200	We should oppose collectivism	against	supporting collectivism is important because groups value is most important in the society which we live today.	1	0	1	0	0	1	0	0	0	0	1.0
1452	We should subsidize space exploration	against	space exploration is an extravagance in this era of poverty and injustice, we should concentrate government money on those areas instead.	0	1	0	0	1	0	0	0	0	1	1.0
784	We should end the use of economic sanctions	against	economic sanctions are an effective way to signify that human rights abuses will not be tolerated.	1	0	1	0	0	1	1	0	0	1	1.0
6515	The use of public defenders should be mandatory	against	people have the right to decline counsel, if they so choose.  public defenders are already overworked, which causes them to unintentionally do an incompetent job in their clients' defense	1	0	0	0	0	1	1	0	0	0	1.0
2972	We should ban human cloning	against	Human cloning could provide a great benefit to mankind by eradicating illnesses and disease through replication of people known to be fit, well and healthy.	1	1	0	0	0	1	0	0	0	1	1.0
6561	Homeschooling should be banned	against	homeschooling is a great way for kids to get an education if they live a great distance from the school or their parents can't commute there everyday due to money or distance.	1	0	0	0	0	1	0	0	0	0	1.0
1417	We should subsidize space exploration	against	in times of austerity, no government can afford the costly exercise of subsidising space exploration.	0	0	0	0	1	1	0	0	0	0	1.0
4869	The European Union should support and integrate immigrant people to ensure that they live with dignity and equality with all European citizens	in favor of	Europe is more than rich enough to welcome many immigrants and if they are permitted to work, they will even generate their own income and benefits for the country they arrive in.	1	0	0	0	1	1	0	0	0	0	1.0
2983	We should abolish intellectual property rights	against	intellectual property rights protect the small guy from being gobbled up by large companies who have more money to create a product.	1	0	0	0	0	1	1	0	0	1	1.0
2431	We should ban the use of child actors	against	children should be allowed to work in performing arts or professional sports, a ban does not make sense, nothing bad is being done	0	0	0	0	1	0	1	1	0	0	1.0
854	We should adopt libertarianism	in favor of	lower taxes and more freedom from big government would be the result if we adopted libertarianism.	1	0	0	0	1	1	1	0	0	0	1.0
185	We should ban the use of child actors	against	we should not ban the use of child actors because we would not have the shows and movies that are otherwise available.	1	0	0	1	0	1	1	0	0	1	1.0
336	We should ban factory farming	against	we should not ban factory farming because it helps to keep up with demand for food.	1	0	0	0	0	1	0	0	0	1	1.0
2515	We should subsidize space exploration	in favor of	Space exploration should be subsidized because the information learned from it could provide useful to our planet.	1	1	0	0	0	0	1	0	0	1	1.0
5349	There should be a reform of EU trade and investment policy and a relaunch of global multilateralism.	in favor of	Both, a reform of EU trade and investment policy and a relaunch of global multilateralism are overdue.	0	0	1	0	1	0	1	0	0	1	1.0
5302	The EU should be a permanent member of the UN Security Council	in favor of	It should be the common goal of EU diplomacy to change the workings of the UN as it is. The security council is a relict of the emerging post-WW2 order and the influence of the Cold War.	1	1	0	0	1	1	0	0	0	0	1.0
2654	We should abolish the Olympic Games	in favor of	the olympic games are a hugely expensive enterprise to host, and history is littered with countries left financially broken in the aftermath.	0	0	0	0	1	1	0	0	0	0	1.0
5920	Homeopathy brings more harm than good	in favor of	homeopathy is dangerous when used as the only method to take care of illnesses. it just works as a placebo, not as a real effective cure.	1	1	0	0	0	1	0	0	0	1	1.0
5369	The EU should integrate the armed forces of its member states	in favor of	I am all for the creation of a European army, but for that, the question of the command of this army must also be resolved. And this is where the idea of a European Security Council is very interesting and deserves to be pushed.	0	0	0	0	1	0	0	0	0	0	1.0
4400	We should ban factory farming	against	factory farming is mass food production at a more economical pace which allows us to feed more people faster.	1	0	0	0	0	1	0	0	0	0	1.0
4194	We should adopt a zero-tolerance policy in schools	against	if a zero tolerance policy in schools is adopted, this will impinge on the rights of the pupils to challenge decisions they may deem unfair or unfit.	1	0	0	0	1	0	1	1	0	0	1.0
2562	We should subsidize space exploration	against	the space exploration can be private and get money from private funds, why should we keep it?	0	0	0	0	1	0	0	0	0	0	1.0
4670	Companies should fight moonlighting	against	Moonlighting can help in upskilling. A few people want to learn new skills apart from what they are working on in their primary job. This can help them in developing expertise in their field. Some might get bored with monotonous jobs and hence take up second jobs to learn new skills and thereby make their days exciting.	1	0	0	0	0	0	1	1	0	0	1.0
1229	We should subsidize space exploration	in favor of	space exploration is vital to the future of humanity, when we destroy this planet, we will need to have an alternative	1	0	0	0	0	0	0	0	0	1	1.0
5341	The EU should be a permanent member of the UN Security Council.	in favor of	France should offer its seat on the UN Security Council, so European interests are represented.	1	0	0	0	1	1	0	0	0	1	1.0
3426	We should abandon the use of school uniform	in favor of	school uniforms are often used as a money making exercise by schools, where they inflate the price and parents have no choice but to pay.	0	0	1	0	1	1	1	0	0	0	1.0
6513	Intelligence tests bring more harm than good	in favor of	intelligence tests put the focus at that immediate time of taking the test of whether a person can cope with being under pressure while taking a test, therefore, detrimental.	1	0	1	0	0	1	0	0	0	1	1.0
1365	We should subsidize student loans	in favor of	subsidizing student loans will enable many more people the opportunity to attend college	1	1	0	0	0	0	0	0	0	1	1.0
3547	We should ban factory farming	against	we need to feed a large population & factory farming helps ensure we  can do that	1	1	0	0	0	1	0	0	0	0	1.0
5837	Intelligence tests bring more harm than good	in favor of	some people are very intelligent but have a difficult time when it comes to taking tests.  therefore they could be labeled as less intelligent as they really are.	1	0	0	0	0	0	0	0	0	1	1.0
220	We should ban the use of child actors	against	we must not prohibit the use of child actors because it goes against the right to work. children under the supervision of their parents can develop their artistic talent without affecting their personal growth	1	1	0	0	0	0	1	0	0	1	1.0
6826	Intelligence tests bring more harm than good	against	intelligence tests provide an easy way of assessing the capabilities of individuals.	1	0	0	0	0	0	0	0	0	1	1.0
1540	We should legalize cannabis	against	legalization of marijuana will create a huge industry that utilizes people for profit and targets children	0	1	1	0	1	1	0	0	0	1	1.0
300	We should ban the use of child actors	against	we shouldn't ban the use of child actors because it is a way for children to find a career early in their life	1	0	0	0	0	0	0	0	0	0	1.0
1528	We should abolish intellectual property rights	against	creative work is just as important as physical work and authors should be compensated	1	0	0	0	1	0	1	0	0	0	1.0
4526	We should abolish safe spaces	in favor of	Safe spaces foster echo chambers of one-sided conversations, thus increasing a group's own intolerance and biases.	1	0	0	0	0	0	0	0	0	1	1.0
754	We should adopt an austerity regime	in favor of	we should adopt an austerity regime so that future generations are not left t0 pay the debts that we rack up.	1	1	1	0	1	1	0	0	0	1	1.0
4108	We should ban private military companies	against	private military companies provide valuable security services, and can act as an overflow unit taking pressure from the regular army formations.	1	0	0	0	0	1	0	0	0	1	1.0
905	We should subsidize embryonic stem cell research	against	the nhs has limited funding and this should be spent providing care for those that need it rather than wasting it on research that may not help solve anytihng	1	1	0	0	0	1	0	0	0	1	1.0
2097	We should legalize sex selection	in favor of	allowing sex selection would alleviate the depression faced by mother's who truly wanted one gender over another.	0	1	0	0	1	1	1	1	0	1	1.0
4622	IT recruiters should consider skills instead of a degree in programming	against	If a student from non-IT background chose to start a career in the IT field, the efforts they put into graduation will go in vain.	1	0	0	0	1	0	1	0	0	1	1.0
4716	Kids' reality shows should be banned	against	Reality shows give opportunity for children to bring out their hidden talents and to train their skills. It gives them a sense of purpose and direction from a very young age. The present education system doesn’t include other career options such as singing, acting, dancing, games, etc. Reality shows closes this loophole in the education system.	1	0	0	0	0	0	1	1	0	0	1.0
5744	We should abandon television	in favor of	television makes people lazy and they get fat	1	0	1	0	0	1	1	0	0	0	1.0
1785	We should ban cosmetic surgery for minors	against	cosmetic surgery can provide boost in confidence. everyone should have the right to feel comfortable.	0	0	0	1	0	1	1	1	0	0	1.0
5076	There is a necessity for a European framework for the free movement of intensivists 	in favor of	The pandemic has put European Intensive Care Units (ICUs) under extreme pressure. The most important lesson learned early on in the chaos of the pandemic was that equipment and medicines are necessary to save lives, but without adequately trained human resources, these elements are irrelevant. Ventilators don’t operate themselves.   We saw patients in very critical condition being moved away from their families from one Member State to another to receive treatment while allowing the doctors to move would be much more efficient and less life-threatening for the patients. 	1	0	0	0	0	1	1	0	0	0	1.0
6542	We should subsidize vocational education	against	we should not subsidize vocational education, the same way we should not subsidize college. if people want higher education, they should pay for it themselves.	1	1	0	0	1	1	1	0	0	1	1.0
171	We should end the use of economic sanctions	in favor of	if we end economic sanctions, then it would lead to a more fair trade market.	1	0	0	0	1	0	0	0	0	1	1.0
5101	Alternative medicine should be more accepted	in favor of	Traditional, complementary, and integrative medicine is a safe and efficient way to improve well-being, and happiness and prevent illness. Also, an innumerable amount of people have got significant palliation or even total cure in cases, which the official health care system, unfortunately, couldn't help. This is clearly an area, where countries, civilizations, and schools of thought could learn a lot from each other.	1	0	0	0	0	1	1	0	1	0	1.0
568	We should ban telemarketing	against	telemarketing is a job for some and banning it would take jobs away.	1	0	0	0	0	1	1	0	0	0	1.0
3509	We should introduce compulsory voting	in favor of	less and less people are voting which means we do not get a fair representation of who we have as a government so people need to say what they think.	1	0	0	0	0	1	0	0	0	1	1.0
4972	There should be no immigration from non-European or non-first-world countries 	against	In Conclusion, we should say: 'Europeans go home. Go home, leave every part of the world where we are making business, exploiting cheap labor, rare minerals, selling arms, invading foreign countries and exporting democracy, etc. '	0	0	0	0	1	0	1	0	0	1	1.0
241	We should adopt an austerity regime	against	we should not adopt an austerity regime because people would end up with less money to pay the same amount of bills with.	0	0	0	0	1	1	1	0	0	0	1.0
4498	We should adopt gender-neutral language	in favor of	we should adopt gender-neutral language because it will stop people from being offended from misidentifying them	1	0	1	0	0	0	0	0	0	1	1.0
7093	We should reduce environment pollution by limiting number of people in Europe	against	It makes no difference where we place the population of the world. Either in or out of EU, the western way of living is unsustainable.	1	1	0	0	0	0	0	0	0	1	1.0
5249	There should be a European Common Defence and Security Alliance	in favor of	We need to revisit the idea of a defense union that is independent of NATO. National armies of EU states should be able to cooperate. This includes the same equipment, the same training and the same battle language.  	1	0	0	0	0	1	1	0	0	0	1.0
396	We should ban the Church of Scientology	against	if people feel personal satisfaction within scientology, i do not see why we have to prohibit it.	0	0	0	1	0	0	1	0	1	1	1.0
1883	We should ban cosmetic surgery for minors	against	cosmetic surgery helps build self esteem	0	1	0	1	0	1	0	1	0	0	1.0
5114	The EU needs more effective policies to combat online hate speech	against	I have advice on how you can defend against anything on the Internet. Turn it OFF. And one more piece of advice, try to study something about freedom and responsibility, they are not just mere words. Plato, Socrates, Hayek, Borovský, Auberon Herbert, Herbert Spencer, Roger Scruton, Ronald Reagan (speeches), Ben Shapiro, Jordan Peterson ... There are texts thousands of years old and also recent books ... you can start anywhere you wish ...	1	1	0	0	0	0	1	0	0	0	1.0
5028	The president of the European Commission should be elected by the people of the EU	in favor of	Having leaders with great power across Europe that nobody directly voted for is of great concern. Unless the EU radically democratizes the presidency (creating the position which failed several referenda) as well as the commission, it will be used again and again to stoke anti-EU sentiment.	1	1	0	0	0	1	1	0	0	1	1.0
1780	We should abolish zoos	against	zoos are great educational tools, and it is also a safe place to take care of endangered species.	1	0	0	0	0	0	1	0	0	1	1.0
1259	We should ban private military companies	against	private military companies are made up of soldiers that are probably much better trained than the kids we currently send to military.	1	0	0	0	1	1	0	0	0	1	1.0
2358	We should end the use of economic sanctions	in favor of	economic sanctions have little effect when power is concentrated to an individual like a dictator, because the dictator doesn't care about the suffering of their people.	1	0	0	0	0	1	0	0	0	1	1.0
6268	Entrapment should be legalized	in favor of	where someone is known to have committed a crime but there is insufficient proof to get a conviction, entrapment can provide that proof.	1	1	1	0	0	1	0	0	0	1	1.0
470	We should abolish the Olympic Games	in favor of	the olympic games are too expensive to be held	0	0	0	0	1	1	0	0	0	1	1.0
683	We should ban the use of child actors	in favor of	using child actors keeps the children out of school .	1	0	0	0	0	0	0	0	1	0	1.0
3167	We should abolish the Olympic Games	in favor of	the olympic games are no longer relevant.  they focus on the athletic and competitive nature of humanity.  we must instead focus on the intellectual and collaborative aspects to solve humanity's problems.	1	1	0	0	0	1	0	0	0	0	1.0
4797	Businesses should buy unused emissions by reforesting, restoration, or conservation of habitats sequestrating carbon	in favor of	This would strengthen the carbon sinks across Europa.	1	0	0	0	0	0	0	0	0	1	1.0
1075	We should legalize prostitution	in favor of	we should legalize prostitution so that women as a whole are taught that their place in society is simply as a commodity to be used by someone with more money	0	1	1	0	1	0	0	0	0	0	1.0
3264	We should abolish safe spaces	in favor of	We should abolish safe spaces because they have not been implemented in a way that helps people who need it, but rather to make university administrators look good.	1	0	1	0	0	0	0	0	0	1	1.0
5049	The EU should synchronize national elections 	in favor of	The political composition of the European Council - and therefore the EU’s political center of gravity - continuously changes during the EU political cycle, thus preventing clearer government majorities to emerge within these two European Councils.   	0	0	0	0	1	0	0	0	0	1	1.0
3156	We should adopt a zero-tolerance policy in schools	against	there should be some leeway for pupils otherwise they will have no grounding for future life if all they know is what they can't do and cannot question it.	1	1	0	0	0	0	1	0	0	1	1.0
7180	We should promote collaborative civic technologies for enhancing citizen participation as an added value to collaborative urban processes	in favor of	These platforms are an opportunity to encourage the creation of public value and new forms of citizen participation, especially in urban areas. 	1	0	0	0	1	1	1	0	0	0	1.0
5057	We need to ensure improvements to the European Union's decision-making processes with increased transparency and accountability	in favor of	Europe needs a proper parliament including a right to initiative combined with strong involvement of social partners, e.g. through European Social Dialogue or the partnership principle in regional funds.	1	0	0	0	1	1	0	0	0	1	1.0
1052	We should subsidize embryonic stem cell research	against	like many other advances in science the government should not have to subsidize the research.  if the benefits are there the private sector will find a way to get results.	0	0	1	0	1	1	1	0	1	0	1.0
5022	Food health and industry companies should be located within the EU	in favor of	The COVID crisis has shown, that we are very vulnerable.  Critical industries must stay in Europe. Infrastructure in the EU especially critical infrastructure must remain under full and absolute European control.	0	0	0	0	1	1	0	0	0	0	1.0
1320	We should abolish intellectual property rights	against	people have the right to profit from their ideas	1	0	0	0	1	0	1	0	0	1	1.0
5927	Assisted suicide should be a criminal offence	against	it helps relieve some people from tremendous suffering	1	1	0	1	1	1	1	0	0	1	1.0
6794	Entrapment should be legalized	in favor of	legalize entrapment so we can stop crimes before they happen	0	0	1	0	1	1	0	0	0	0	1.0
4436	We should legalize sex selection	in favor of	legalized sex selection would help couples prepare for the birth of their baby	0	1	0	0	1	0	1	0	0	0	1.0
1789	We should legalize cannabis	in favor of	i think it takes up too much valuable police resources chasing recreational cannabis smokers.also many people with health conditions find cannabis beneficial to them.	0	1	0	1	0	1	0	1	0	1	1.0
961	We should introduce compulsory voting	in favor of	compulsory voting would be beneficial because more people would take an interest in politics, creating a more fair representation in government.	1	0	0	0	1	1	0	0	0	1	1.0
650	We should abandon the use of school uniform	in favor of	school uniforms are a way of stifling the creativity and individuality of students.	1	1	0	0	0	0	0	0	0	0	1.0
6509	The use of public defenders should be mandatory	against	public defenders are not always available and not really engaged for the defense of the accused. they seem to not gain real profit from the cases	1	1	0	0	1	0	1	0	0	1	1.0
4696	India should have 'One Nation - One Election' policy 	against	Holding both elections together will also mean mixing up the national issues with those of the state. The national issues would overpower the state which in turn would get less priority from the politicians.	0	0	0	0	1	0	1	0	0	1	1.0
727	We should subsidize embryonic stem cell research	in favor of	the investigations with mother cells could mean the definitive advance for the human race	1	0	0	0	0	1	1	1	0	0	1.0
1808	We should ban private military companies	in favor of	we should ban private military companies because it relies too much on government funding	1	1	1	0	0	1	0	0	0	1	1.0
5087	The EU needs a more rational Green Policy	in favor of	It shouldn't be the European families who pay for the damage caused by multinational corporations. 	0	0	0	0	1	1	0	0	0	1	1.0
1062	We should subsidize journalism	in favor of	it is important to ensure that the public is able to receive the news.	1	1	0	0	0	1	1	0	0	1	1.0
1544	We should abolish intellectual property rights	in favor of	we should abolish this because it hinders smaller businesses into growing from the beginning and outright stops competition.	1	0	0	0	1	0	0	0	0	1	1.0
684	We should introduce compulsory voting	against	voting should be a choice for every person	0	0	0	0	1	0	1	0	0	0	1.0
5174	Imprisonment of foreign criminals should be carried out in their country	in favor of	This will relieve the European prison system. This would encourage many migrants to take responsibility for the laws of the host countries.	1	1	1	0	0	1	0	0	0	0	1.0
3736	We should ban cosmetic surgery	against	cosmetic surgery increases women's self-esteem and makes them more self-confident	1	0	0	1	0	1	1	0	0	0	1.0
5045	Council meetings should be open to the public and the press	in favor of	Transparency is the first key to real democracy. Although today, Council meetings are partially live-streamed, most of the meetings are behind closed doors. This is an especially big problem with the Eurogroup and Eurosummit, which are shady informal meetings.  Or think about all the meetings between diplomats (Coreper) and civil servants (working groups and committees), where ±90% of decisions are made, for the Council to be rubberstamped. Meetings that most citizens don't even know about. 	0	1	0	0	1	0	0	0	0	1	1.0
4913	The European Union should hold a referendum to decide on immigration	in favor of	Absolutely right! If the eurocrats cared about what the people want, they'd ask them. 	0	0	0	0	1	0	1	0	0	1	1.0
6531	Payday loans should be banned	against	payday loans have really high interest rates only because of how risky it is to loan money to certain individuals.	0	1	0	0	1	1	0	0	0	1	1.0
6394	The use of public defenders should be mandatory	against	public defenders already have an overwhelming work load, making their use mandatory will cripple the criminal justice system.	1	0	0	0	0	1	0	0	0	1	1.0
6789	Homeschooling should be banned	in favor of	homeschooling simply provides an extra opportunity for parents to push extremist beliefs onto children.	1	0	1	0	0	0	1	0	0	0	1.0
1078	We should adopt a multi-party system	in favor of	a multi-party system will help to ensure that more political agendas will be given the chance to represent the people	0	1	0	0	1	1	1	0	0	1	1.0
3503	We should cancel pride parades	against	they enable people to celebrate their sexuality and bring the culture to the wider general public.	0	0	0	1	0	1	0	0	0	1	1.0
1648	We should oppose collectivism	against	society is a collective and the most good comes from working together	1	1	0	0	0	1	0	0	0	1	1.0
6578	The vow of celibacy should be abandoned	against	the vow of celibacy when used honestly means more focus on the flock than the priest's own family so should be kept.	1	1	0	0	0	0	1	0	1	0	1.0
6528	Social media brings more harm than good	against	users acan keep in contact easily with distant friends and share information, such as photographs.	0	1	0	1	0	1	0	1	0	0	1.0
4860	The EU needs strong advertising and recruitment strategies for students and qualified employees	in favor of	The EU should attract the world's most talented and most entrepreneurial. There was an attempt to reform the blue card directive by the Junker commission in order to create a new streamlined EU-wide visa category, similar to the short-lived Schengen visa. The holder of the new blue-card-like visa would have the entire EU labor market at their disposal. 	1	1	0	0	1	1	0	0	0	0	1.0
4564	We should subsidize Wikipedia	against	wikipedia is a very unreliable source of information. many schools do not allow wikipedia to be used as a valid source for term papers.	1	1	0	0	0	0	0	0	0	1	1.0
2716	We should ban factory farming	against	factory farming is necessary to sustain the current population level and is needed in order to make farming profitable at this time in history.	1	1	0	0	1	1	0	0	0	0	1.0
268	We should fight for the abolition of nuclear weapons	against	they serve as a deterant for any rogue dictator to strike an enemy	0	0	0	0	1	1	1	0	0	1	1.0
7254	We should rethink the legal state of Family Reunification.	in favor of	Illegal loopholes in the legislation are enabling illegal migration. Family Reunification has been and remains the biggest channel of migration into the EU.	1	1	1	0	0	0	0	0	0	1	1.0
3481	We should adopt gender-neutral language	against	there are two genders and it is not offensive to use those two descriptions when talking about people, it is ridiculous to attempt to include every possible gender identity.	1	0	0	0	0	0	0	0	1	1	1.0
4546	We should abolish the three-strikes laws	in favor of	Since prison's radicalize more than they rehabilitate, three strikes laws end up creating more re-offenders by putting people away for longer in an environment that radicalizes them.	1	1	1	0	0	1	0	0	0	1	1.0
3969	We should end mandatory retirement	in favor of	people should be able to work as long as they want to.	0	0	0	0	1	1	1	0	0	0	1.0
4739	US-Mexico border wall is a good thing	against	US treaties with Mexico won't let them build anything on the Rio Grande River and the areas around it. Furthermore, most of the areas along the border in Texas are privately owned which leaves a large part of the border uncovered. So, building the wall is not going to bring any change.	1	0	0	0	0	0	0	0	0	1	1.0
1128	We should adopt an austerity regime	in favor of	an austerity regime would help to get our country back on a solid financial footing.	1	1	1	0	1	1	0	0	0	0	1.0
1216	We should ban cosmetic surgery	against	people have the right to fix their perceived flaws and raise their self esteem.	0	0	0	1	0	1	1	0	0	0	1.0
986	We should end mandatory retirement	against	if retirees continue to work past retirement age, there will never be a natural progression through the workplace for the younger generation.	1	0	0	0	1	1	0	0	0	1	1.0
955	We should ban algorithmic trading	against	algorithmic trading can do a job that humans are not able to do	1	1	0	0	0	0	0	0	0	0	1.0
6038	Intelligence tests bring more harm than good	in favor of	intelligence test are not fully accurate.	1	1	0	0	0	0	0	0	0	0	1.0
5060	The European Union needs to equip itself with the institutional and legal tools to resolve democratic conflicts on sovereignty within its own borders.	in favor of	Self-determination is a basic collective human right. Catalans practiced this right in 2017.  Since then the Catalan Republic is kidnaped by Spanish lawfare, with the elected president Puigdemont in exile within Europe and more than 3000 Catalan activists suffering political persecution as a consequence.  Ignoring this conflict within the core of Europe by European Institutions can undermine the EU at its very start.  If you sincerely believe in human rights, recognize the Catalan Republic officially. This crucial step will enforce European democracy, the Democracy of Citizens that feel free and respected within European borders.	1	0	1	0	0	0	1	0	1	1	1.0
3884	We should subsidize Wikipedia	in favor of	wikipedia is a vital rescourse which should be subsidised to keep it going.	1	0	0	1	0	1	1	0	0	1	1.0
7065	We should teach Esperanto, a common and neutral language, at all European schools	in favor of	EU lacks a common language for its citizens, which would be easy to manage for all citizens and strengthen a sense of belonging, a common European identity while preserving their national identities.	1	0	0	0	0	1	0	0	0	1	1.0
1579	We should subsidize journalism	in favor of	Subsidizing journalism will enable higher salaries be paid to journalists and ensure we keep good, talented newspeople reporting the news.	1	0	0	0	1	1	1	0	0	0	1.0
2905	We should prohibit school prayer	against	Prayer can be a good way to unite a school and help children to focus on the day ahead.	1	0	1	0	0	1	0	0	1	0	1.0
225	We should ban algorithmic trading	against	if people want to use it then it is their choice	1	0	0	0	0	1	1	1	0	0	1.0
1996	We should abolish intellectual property rights	against	without ip rights, the market would be awash with cheap imitations	1	1	0	0	1	0	1	0	0	0	1.0
6833	Payday loans should be banned	in favor of	they charge a crazy amount of interest on their loans, driving many people into serious debt.	0	0	0	0	1	1	0	0	0	0	1.0
6139	We should abandon television	against	television provides entertainment and news for all generations	0	0	0	1	0	0	1	1	0	1	1.0
2948	We should abolish zoos	against	zoos are a way of protecting endangered species from extinction and allowing scientific research to combat diseases and reintroduce the animals back into the wild.	1	0	0	0	0	1	0	0	0	1	1.0
612	We should ban targeted killing	against	targeted killing is often the only way to get to the enemy.	1	0	0	0	0	1	0	0	0	1	1.0
5165	All workers and unemployed should have access to social protection, including young people	in favor of	A lot of programs nowadays sound really good on paper, but there always is someone bending the rules. There needs to be outside monitoring in every youth program of that sort 	1	1	1	0	0	0	0	0	0	1	1.0
934	We should ban the use of child actors	against	the usage of child actors should not be banned as they are an important part of the acting field they have adults who can make rationale decisions for them.	1	1	0	0	0	0	1	0	0	0	1.0
4374	We should cancel pride parades	against	pride parades are a support mechanism to allow gay people to feel that they are not alone and can be proud of who they are.	1	0	0	0	0	1	0	0	0	0	1.0
6301	We should subsidize vocational education	in favor of	we should subsidize vocational education because it would improve student life outcomes and improve the economy by filling more jobs	1	0	0	0	1	1	0	0	0	0	1.0
7083	We should make pushbacks legal 	in favor of	Pushbacks may not be a nice way of operating. However, Brussels is causing problems by telling the whole World that everyone (7 billion people) has the right to apply for asylum in the EU.  It would be much better by refusing admission to anyone appearing at the border without papers.  The experience is that over 80% of the immigrants are not refugees in danger.	0	1	1	0	1	1	1	0	0	0	1.0
7298	We should ban the trading of virtual currencies.	against	The total production is controllable and the virtual currency prevents hyperinflation.	0	0	0	0	1	1	0	0	0	0	1.0
6661	We should abandon television	against	we should not abandon television as it is an excellent source of news and information as well as entertainment.	1	0	0	1	0	0	0	0	0	0	1.0
81	We should subsidize student loans	in favor of	student loans set children up to be valuable citizens and the state should support this	1	0	0	0	0	1	0	0	0	0	1.0
4633	Artificial intelligence brings more harm than good	in favor of	After a daily 10-hour shift from Monday to Friday most of us prefer to stay at home on the holidays. We surround ourselves with laptops, TV, and mobile and use them in cycles for Netflix, sports, social media, etc. (thinking that we are relaxing) rather than going out. We prefer and are more comfortable with online chatting instead of talking to people for real. There are fewer meaningful relationships nowadays because of all the above factors. We have started preferring isolation.	0	1	0	1	0	1	1	0	0	0	1.0
4409	We should subsidize journalism	in favor of	Subsidizing journalism can create jobs, thus lowering unemployment.	1	1	0	0	1	1	0	0	0	1	1.0
1631	We should subsidize student loans	in favor of	It is difficult to get a job without a degree these days, so students need help paying to obtain one.	1	1	0	0	0	1	0	0	0	0	1.0
695	We should end the use of economic sanctions	in favor of	economic sanctions often do not work and cutting out countries from the world economy hurts their citizens, not their leaders.	1	0	0	0	0	1	0	0	0	1	1.0
3838	We should ban cosmetic surgery	against	cosmetic surgery gives you the assurance you were lacking physically	1	0	0	1	0	1	1	0	0	1	1.0
962	We should stop the development of autonomous cars	against	developing autonomous cars is a necessity. it would make roads and travel much safer as car accidents account for an incredible amount of deaths. there would be no more drunk and distracted driving accidents.	1	1	0	0	0	1	0	0	0	1	1.0
3752	We should introduce compulsory voting	in favor of	it sends a worthwhile message; that your vote and your opinion is important to a democratic decision. a democracy cannot be representative of the people if vast portions of some demographics don't vote	0	0	0	0	1	0	0	0	0	1	1.0
2158	We should end mandatory retirement	in favor of	Many people that are forced into retirement often do not have the means of supporting themselves financially, and so either turn to part time, low-wage work or welfare to sustain themselves.	0	0	1	0	1	1	1	0	0	0	1.0
4841	Immigrants should receive help from the EU through integration programs	in favor of	It's only anecdotal evidence, but I have noticed in the high schools in my area that the children from migrants are more able to participate in after-school activities when their language is developed further. Children, of course, still go to school on a daily basis, which means that they automatically are taking part in language lessons. However, seeing the positive results in language learning in these children, I can imagine that their parents would benefit in the same way if they were given the opportunity to follow language lessons (ideally low-budget/free).	1	0	0	0	0	1	0	0	0	1	1.0
5951	We should subsidize vocational education	in favor of	we should subsidize vocational education because our ecomics in countries is higih	1	0	0	0	1	1	0	0	0	1	1.0
2860	We should ban the Church of Scientology	in favor of	we should ban the church of scientology as people may not recognise it as a true religion	0	0	1	0	1	1	0	0	0	0	1.0
4637	The world does not need religion anymore	in favor of	Religion has served its purpose of uniting people, setting up structures in society, and developing trust and cooperation. But in the 21st century, we are thriving towards objective realities, and religion is an inter-subjective reality and now the only thing it does is create differences in the world, brainwash people, develop animosity for other beliefs, and provide rituals that are just shortcuts to becoming a good person. (A Muslim may pray 5 times a day; a Hindu may pray daily for hours in temples; a Christian may go to church every day, but still, be involved in immoral activities).	1	1	0	0	0	1	1	0	0	1	1.0
1727	We should cancel pride parades	against	Pride parades allow communities to be open and free about their lifestyles in a way that everyone else can all the time, they are fun, community events that go beyond the LGBTQ communities.	0	1	0	1	0	1	1	0	0	1	1.0
169	We should cancel pride parades	against	we should continue to support pride parades because everyone has the right to do what they want as long as it does not harm others.	0	0	0	1	0	0	1	0	0	1	1.0
2033	We should ban the use of child actors	against	these days, child actors are provided with tutors while on set to ensure their education is minimally disrupted and there is more support than there used to be	1	1	0	1	0	0	1	0	0	0	1.0
1257	We should adopt an austerity regime	against	an austerity regime would be harmful	1	0	0	0	0	0	1	1	0	0	1.0
6229	Intelligence tests bring more harm than good	against	intelligence test ensure people are competent.	1	0	0	0	0	0	0	0	0	0	1.0
3294	We should abolish safe spaces	against	safe spaces can help those hurting from abuse, anger, etc to feel protected	0	1	0	1	0	1	0	0	0	1	1.0
2661	We should subsidize journalism	in favor of	journalism needs diversitiy desperately because only six corporations control ninety percent of all media.	1	0	0	0	0	0	1	0	0	1	1.0
2387	We should oppose collectivism	against	collectivism can achieve more than other forms of societal structure	1	1	0	0	0	1	0	0	0	0	1.0
933	We should subsidize journalism	against	journalists get paid enough, they don't need any more money.	1	0	0	0	1	0	0	0	0	1	1.0
1529	We should subsidize Wikipedia	in favor of	wikipedia is an amazing resource that just about everyone uses.  if it were to disappear many people would lose out.  subsidizing it would be beneficial to all.	1	1	0	0	1	0	0	0	0	1	1.0
903	We should ban private military companies	against	military is a big organization that needs private company to supply their needs	1	1	0	0	1	1	0	0	0	1	1.0
2245	We should end mandatory retirement	in favor of	Mandatory retirement should not be allowed because many people can't live off of their pensions and need to keep working.	1	0	0	0	1	1	1	0	0	0	1.0
3245	We should adopt an austerity regime	in favor of	adopting now an austerity regime will help future generations to cope with the limited  resources  we have.	0	1	1	0	1	1	0	0	0	1	1.0
2400	We should adopt an austerity regime	against	i am against this because an austerity regime increase tax which decreases the economy and would ruin our country financially.	1	0	0	0	1	1	0	0	0	0	1.0
1121	We should oppose collectivism	against	collectivism brings people together	0	1	1	0	1	1	0	0	0	1	1.0
3353	We should limit executive compensation	against	executive compensation provides incentive for people to take on high responsibliity positions that drive the economy to new heights creating even more wealth.	1	0	0	0	1	0	0	0	0	0	1.0
6535	We should subsidize vocational education	in favor of	subsidizing vocational education will improve economy growth and will make people more successful.	1	1	0	0	1	1	0	0	0	0	1.0
3670	We should ban telemarketing	against	telemarketing is still a useful sales tactic	1	0	0	0	0	0	1	0	0	1	1.0
2936	We should adopt atheism	in favor of	people are so afraid of an imaginary punishment that they do not live their lives to the fullest - with atheism, it will be more convincing to live in the present.	1	0	0	0	0	0	1	1	0	1	1.0
4950	We need Integrated migration and border policy.	against	 Refugees can obtain a visa at an Embassy in one of the 54 African countries. All other immigrants must be returned within a week of arrival.	0	0	1	0	1	0	0	0	0	0	1.0
3689	We should end the use of economic sanctions	in favor of	economic sanctions will hit poorer people in the affected country more than politicians.	0	0	0	0	1	0	0	0	0	1	1.0
6458	Homeschooling should be banned	in favor of	homeschooling should be banned because educational institutions still provide a better education.	1	0	0	0	0	0	0	0	0	0	1.0
2926	We should ban cosmetic surgery	against	we should continue to support cosmetic surgery as it helps people correct imperfections that cause poor self-esteem.	0	1	0	0	1	0	1	0	0	1	1.0
4054	We should end mandatory retirement	against	mandatory retirement encourages renewal and revitalization in the workforce and so should be maintained.	1	0	0	0	1	0	0	0	0	0	1.0
2928	We should abolish intellectual property rights	against	intellectual property rights should not be abolished as they ensure that those who have had an original idea, financed research and development get rewarded for their effort and not have their innovation stolen	1	0	0	0	1	0	1	0	0	1	1.0
6899	The vow of celibacy should be abandoned	in favor of	there is no good reason why priests would not be able to balance family and their duties effectively and there is every possibility it would lessen the chance of reducing child abuse in the church	1	1	1	0	0	1	0	0	1	1	1.0
261	We should abolish the Olympic Games	against	The Olympic Games allow for countries around the world to compete in friendly competition and is a healthy outlet for national pride.	1	0	0	0	0	1	0	1	1	1	1.0
2732	We should limit judicial activism	in favor of	judicial activism allows judges to argue their own views instead of making decisions based on existing constitutional law.	1	0	0	0	0	1	0	0	0	0	1.0
1922	We should adopt libertarianism	against	We should not adopt libertarianism because the business cycle would destroy the country's economy without regulation.	0	1	0	0	1	1	0	0	0	0	1.0
4453	We should abolish the Olympic Games	against	the olympic games inspires people around the world to take up sport and live healthier lives.	0	0	0	0	1	1	0	0	0	0	1.0
