	Conclusion	Stance	Premise	Achievement	Benevolence	Conformity	Hedonism	Power	Security	Self-direction	Stimulation	Tradition	Universalism	Score
2556	We should ban fast food	against	fast food is okay in moderation and doesn't need to get banned	0	0	1	0	0	1	1	0	0	0	1.0
999	We should ban telemarketing	in favor of	telemarketing is violative and intrusive. unwanted calls from telemarketers are too much annoying	0	0	1	0	0	1	1	0	0	0	1.0
4390	We should legalize prostitution	against	it should be abolished, not encouraged.	0	0	1	0	0	0	0	0	0	1	1.0
1859	We should abolish the three-strikes laws	against	the three-strikes law is a powerful deterrent that acts as a fixed punishment for people not to develop a life of crime as they are always aware of the power of the law and the fixed penalty.	0	0	1	0	0	1	0	0	0	1	1.0
6022	The vow of celibacy should be abandoned	against	the vow of celibacy removes sexual activity with a view to focusing on a larger purpose - it can be seen as training the mind, and allows otherwise unforeseen advances of thought and discourse.	1	0	1	0	0	0	0	0	1	1	1.0
6474	We should abandon television	in favor of	television is a major reason that childhood obesity exists today.	0	1	1	0	0	1	0	0	0	0	1.0
2896	We should subsidize student loans	against	it isn't the obligation of anyone to assist students with the costs of their education.  if a student wants to get an education they have to realize it comes at a cost and won't be given for free.	0	1	1	0	0	0	1	0	0	1	1.0
2840	We should adopt gender-neutral language	against	gender characteristics are part of a person's identity, by using gender neutral language we invalidate those characteristics	0	0	1	0	0	0	0	0	1	1	1.0
5168	All workers and unemployed should have access to social protection, including young people	in favor of	I agree. Stable, quality jobs and adequate social protection for everyone are necessary.  Trade unions have many proposals to achieve more equal and inclusive labor markets.  This goes hand in hand with policies to promote more equal, sustainable, and inclusive societies.  	1	1	1	0	0	1	0	0	0	1	1.0
6184	Payday loans should be banned	against	Many of the problems with payday loans would be eliminated if there was increased oversight to enforce regulations and proper business practices that are already codified.	0	1	1	0	0	0	0	0	0	1	1.0
3131	We should ban the use of child actors	in favor of	child actors are all too often traumatised or abused so their use should be banned.	0	0	1	0	0	1	0	0	0	1	1.0
4711	Marital rape should be criminalized in India	against	Consensual sex can also be termed as rape if the wife is willing to file a false case. There will be no proof to prove whether it is consensual or not. Punishing men based on the mere words of wives is completely wrong, because of the presumption that women do not lie. Good and bad are not related to gender. There are women criminals too.	0	1	1	0	0	0	0	0	0	1	1.0
7310	We should protect our privacy in the Internet age.	in favor of	Attackers can use their own security-aware enterprise users as a breakthrough to attack from the short end of the barrel, making other enterprise users of the same cloud platform equally dangerous.	0	0	1	0	0	1	0	0	0	0	1.0
6237	Entrapment should be legalized	in favor of	if people are undertaking criminal activities, then entrapment should be allowed so that these criminals can be caught and taken off the streets. It is their choice if they fall for the trap	0	0	1	0	0	1	0	0	0	1	1.0
6520	Assisted suicide should be a criminal offence	in favor of	assisted suicide is murder and should be banned.	0	0	1	0	0	1	0	0	0	1	1.0
3857	We should ban the Church of Scientology	in favor of	the church of scientology should be banned because they espouse a fake science narative and using bullying and terror to keep people quiet.	0	1	1	0	0	0	0	0	0	1	1.0
1511	We should ban telemarketing	in favor of	telemarketing because it upsets people to always have them calling and also they are usually rude	0	1	1	0	0	1	1	0	0	1	1.0
798	We should abolish capital punishment	against	some crimes are so heinous that the only just punishment is the death penalty.	0	0	1	0	0	1	0	0	0	1	1.0
5536	Blockade of the Gaza Strip should be ended	in favor of	The blockade hurts Palestinian civilians that have nothing to do with Hamas and violence against Israel. It is unjust to punish civilians for the actions of terrorists.	0	1	1	0	0	1	1	0	0	1	1.0
5984	Entrapment should be legalized	against	it is a waste of the government's time and resources to prosecute crimes that would not have occurred without its encouragement.	0	1	1	0	0	1	0	0	0	1	1.0
5246	The EU should join NATO	in favor of	It would be easier if the EU joined NATO. The internal rivalry between the single EU states would stop. Also, the issue of a legitimate European army would be solved. However, I am not sure how this would work out in legal terms. Federations have already joined NATO, rather than individual states, but what would be the status of the EU?	0	0	1	0	1	1	0	0	0	1	1.0
5068	The European Union needs to equip itself with the institutional and legal tools to resolve democratic conflicts on sovereignty within its own borders.	in favor of	There are several international treaties, including those of the United Nations and those of the European Union—to which the member states are bound—that recognize the right to self-determination of peoples. Unfortunately, the European Union does not provide any sufficient and appropriate mechanism in order to allow the citizens and the peoples of the Union, i.e. individually and collectively, to enjoy that right. I thus approve and endorse the proposal for a clarity mechanism on the right to self-determination within the European Union, facilitating an internal enlargement process for greater subsidiarity.	0	0	1	0	0	0	1	0	0	0	1.0
915	We should introduce compulsory voting	in favor of	compulsory voting could be used as a way to check population and make sure everyone has current ids.	0	1	1	0	0	1	0	0	0	0	1.0
5722	We should subsidize vocational education	against	We should subsidize not vocational education because it will discourage students from going into traditional higher education, and therefore limit their career options.	1	0	1	0	0	1	0	0	1	1	1.0
6651	Holocaust denial should be a criminal offence	against	holocaust denial is protected under free speech so long as the people are merely denying it and not being violent about it, who are we to say they can't	0	0	1	0	0	0	1	0	0	0	1.0
965	We should prohibit school prayer	against	the basic message in prayer is universal, encouraging people to be considerate and love one another - this is a basic message for every child in school, irrespective of their religion, and should be encouraged.	0	1	1	0	1	0	0	0	1	0	1.0
2530	We should ban human cloning	in favor of	there has to be a limit on what science can ethically do and human cloning is a step too far and should be banned for fear of this science being missued.	0	1	1	0	0	0	0	0	0	0	1.0
752	We should legalize sex selection	against	this should be banned as it is immoral.	0	0	1	0	0	0	0	0	1	1	1.0
2804	We should adopt libertarianism	against	libertarianism should not be adopted as rules are needed to ensure law and order and the continued status quo.	0	0	1	0	1	1	0	0	1	0	1.0
4118	We should ban human cloning	in favor of	we should ban human cloning, the ethical issues this practice would raise are impossible to manage	0	1	1	0	0	0	0	0	0	1	1.0
4531	We should adopt gender-neutral language	against	there is no need to adopt gender-neutral language because people should be addressed with appropriate genders.	0	0	1	0	0	0	1	0	1	0	1.0
1781	We should end mandatory retirement	against	We should not end mandatory retirement because the current system in countries like Germany where this is common is not broken.	1	0	1	0	0	1	1	0	1	0	1.0
4100	We should prohibit school prayer	against	school prayer should not be prohibited because it allows students a period of quiet reflection that may help create the correct atmosphere for study	1	0	1	0	0	1	1	0	1	0	1.0
1595	We should abolish the three-strikes laws	against	we shouldn't abolish the three-strikes laws because everyone deserves a chance and it's a fair system	0	0	1	0	0	1	0	0	0	1	1.0
5496	Holocaust denial should be a criminal offence	in favor of	holocaust denial spreads harmful misinformation that creates an unsafe environment for minorities, especially jewish people.	0	1	1	0	0	0	1	0	0	1	1.0
2496	We should end mandatory retirement	in favor of	older employees have a wealth of knowledge and experience and forcing them to retire could put a company's productivity at risk.	1	1	1	0	1	1	0	0	0	1	1.0
5644	Social media brings more harm than good	in favor of	social media does more harm as it emboldens people to be more self serving and vain as people do stuff on social media for likes and retweets.	0	0	1	0	0	0	1	0	0	0	1.0
2407	We should abolish capital punishment	against	capital punishment disincentives people to commit crimes	0	0	1	0	1	1	0	0	0	0	1.0
5483	The use of public defenders should be mandatory	in favor of	not allowing a public defender for less well of defendants who do not meet the income requirements of the poor will make these people poor with outside legal fees.	0	0	1	0	0	1	0	0	0	1	1.0
287	We should ban targeted killing	in favor of	targeted killing is like hiring a hitman except the government gets away with it.	0	0	1	0	0	0	0	0	0	1	1.0
5961	Surrogacy should be banned	in favor of	surrogacy is often provided by lower income girls for the money	0	1	1	0	0	1	0	0	0	1	1.0
1051	We should abolish safe spaces	in favor of	abolishing safe spaces has to be recognized because people who has such a problems already have support from institutions and doctors.	1	1	1	0	0	0	0	0	0	0	1.0
1313	We should abolish the right to keep and bear arms	in favor of	guns are much too dangerous and often get in the wrong hands	0	0	1	0	0	1	0	0	0	1	1.0
5936	Social media brings more harm than good	in favor of	social media brings more harm than good because it allows bullying and online harrassment to take place completely anonymously	0	1	1	0	0	1	0	0	0	0	1.0
7083	We should make pushbacks legal 	in favor of	Pushbacks may not be a nice way of operating. However, Brussels is causing problems by telling the whole World that everyone (7 billion people) has the right to apply for asylum in the EU.  It would be much better by refusing admission to anyone appearing at the border without papers.  The experience is that over 80% of the immigrants are not refugees in danger.	0	1	1	0	1	1	1	0	0	0	1.0
2029	We should ban the Church of Scientology	against	freedom of religion is freedom of religion.  there is no picking and choosing based on how others feel about it.  let the people do as they please, even if it's church of scientology.	0	0	1	0	0	0	1	0	1	0	1.0
6707	We should abandon television	in favor of	television is full of bad influences for our children.	0	1	1	0	1	0	0	0	0	0	1.0
1797	We should abandon the use of school uniform	against	wearing uniforms decreases discrimination against children who do not have enough money to buy a lot of clothing	0	0	1	0	0	1	0	0	0	1	1.0
3526	We should adopt a zero-tolerance policy in schools	in favor of	adopting zero-tolerance in school will solve the big issues which schools all around country face it today.	1	1	1	0	0	1	0	0	0	0	1.0
5543	The vow of celibacy should be abandoned	against	celibacy is needed to connect people on a mental plane rather than purely physical	0	1	1	1	0	0	0	0	1	0	1.0
1833	We should introduce compulsory voting	in favor of	the more people participate in the voting process, the better it is for democracy and society as a whole.	0	0	1	0	1	1	0	0	0	1	1.0
2379	We should adopt a multi-party system	in favor of	a poll shows that more than 90% of the people are in support of a multi-party system in the usa.	0	0	1	0	0	1	0	0	0	1	1.0
5562	Holocaust denial should be a criminal offence	in favor of	denying the holocaust is an insult to those who lived through it, those who have family that were affected by it, and those that still deal with its effects today.	0	0	1	0	0	1	0	0	0	1	1.0
507	We should adopt a zero-tolerance policy in schools	against	as americans we are granted the right of due process. sometimes there are extenuating circumstances that must be taken into account.	0	1	1	0	0	1	0	0	0	1	1.0
2202	We should ban missionary work	in favor of	missionary work has a long history of being cruel and detrimental and often inhumane to the people the missionaries tried to convert.	0	0	1	0	0	0	1	0	0	1	1.0
1350	We should abolish the right to keep and bear arms	in favor of	weapons are very tentative to commit a crime or create a vendetta against another person, that is why it is important to abolish the possession and carrying of arms.	0	1	1	0	0	1	0	0	0	1	1.0
158	We should limit judicial activism	in favor of	judicial activism relies too heavily upon personal opinion and leads to bias.	0	1	1	0	1	0	1	0	0	1	1.0
2254	We should ban cosmetic surgery	in favor of	it can do more harm than good. it has ruined people's looks for life and thus ruined people's lives.	0	0	1	0	0	1	0	0	0	0	1.0
2539	We should adopt gender-neutral language	in favor of	We should adopt gender-neutral language so we have a word to use instead of he/she, his/her, etc. for gender fluid people who he/she, his her, etc. aren't accurate.	0	0	1	0	0	1	0	0	0	1	1.0
303	We should oppose collectivism	in favor of	collectivism reduces productivity from individuals as they have no incentive to do better.	1	0	1	0	0	0	1	0	0	0	1.0
6404	Homeschooling should be banned	in favor of	homeschooling is not regulated enough.	1	0	1	0	0	1	0	0	0	0	1.0
2755	We should cancel pride parades	in favor of	pride parades cause too many problems in the community.  they disrupt the peace and cause a lot of litter	0	0	1	0	0	1	0	0	0	1	1.0
3320	We should abolish the three-strikes laws	in favor of	criminals shouldn't get extra chances when committing crimes anyway, so the three-strikes law is not necessary.	0	1	1	0	1	1	0	0	0	1	1.0
1756	We should limit judicial activism	in favor of	judges by definition are supposed to be impartial. having activist judges defeats the purpose	0	0	1	0	0	0	0	0	0	1	1.0
5084	Rural areas should become more attractive for life and work	in favor of	It seems like a no-brainer to say something like this, but actually the way, we handle soil, must change massively to halt the climate crisis and mitigate its consequences. Thus we need to recultivate and restore abandoned and contaminated places and shift agriculture to regenerative agriculture or restoration agriculture. We need to stabilize family farms and make them ecologically, financially, and socially sustainable. We need between big and medium-sized farms and also highly productive smallholder farms and wildlife reservoirs. This all depends on a lot of labor, engaged people, and legal and conceptual infrastructure. Having all this in place will foster urban areas as well. 	1	0	1	0	0	1	0	1	0	1	1.0
5931	Blockade of the Gaza Strip should be ended	against	the blockade is necessary in order to protect sovereignty.	0	1	1	0	0	1	0	0	0	1	1.0
3986	We should ban the Church of Scientology	against	people have the right to freedom of religion and should be allowed to be part of the church of scientology as a constitutional right.	0	0	1	0	0	0	1	0	1	0	1.0
6768	Payday loans should be banned	in favor of	payday loans creates bad habits and promote irresponsibility	0	1	1	0	1	1	0	0	0	0	1.0
6342	Intelligence tests bring more harm than good	in favor of	measuring human intelligence based only on a standard iq test is highly deceptive	0	0	1	0	0	0	0	0	0	1	1.0
7307	We should protect our privacy in the Internet age.	in favor of	You can barely recover privacy. It's hard to imagine what companies do with personal information, including who they actually sell it to.	0	0	1	0	0	0	1	0	0	1	1.0
1125	We should ban telemarketing	in favor of	telemarketing can cause distress for people who do not know how to get rid of the callers.	0	0	1	0	0	1	1	0	0	0	1.0
3014	We should abolish the right to keep and bear arms	against	The right to keep and bear arms is a constitutional right and should never be abolished as it allows personal protection	0	0	1	0	0	1	1	0	0	0	1.0
2349	We should ban telemarketing	in favor of	telemarketing should be banned because it is just plain annoying.  if someone really wants a product they will go buy it and not wait for someone to call them about it.	0	0	1	0	0	0	0	0	0	0	1.0
3233	We should abolish capital punishment	against	Capital punishment creates space for potential rehabilitation without prison over-population.	1	0	1	0	1	1	0	0	0	0	1.0
2256	We should legalize cannabis	against	cannabis is a illegal drug for a reason, it is harmful dangerous drug that alters your mental capacity and should remain illegal.	1	0	1	0	0	1	0	0	0	0	1.0
6975	Bullet for Bullet is a right policy	against	"As per Gandhiji's words ""An Eye for an Eye leaves the whole world Blind"", bullet for bullet is not a right policy."	0	1	1	0	0	1	0	0	0	1	1.0
5965	Entrapment should be legalized	in favor of	entrapment should be legalized because it gets a lot of the bad guys off the streets	0	0	1	0	0	1	0	0	0	1	1.0
1069	We should end mandatory retirement	in favor of	Mandatory retirement forces people who are still excellent at their jobs to quit working long before they are ready.	1	0	1	0	0	0	1	0	0	0	1.0
2191	We should cancel pride parades	in favor of	we should cancel pride parades because they put unsavory ideas into our children's heads.	0	1	1	0	0	0	0	0	0	0	1.0
6540	Surrogacy should be banned	in favor of	many people have been let down by surrogates that change their minds about handing over the baby and pocketing the money paid for expenses that it is obvious that lack of regulation means it should be banned.	0	1	1	0	0	0	0	0	0	0	1.0
2231	We should ban telemarketing	in favor of	telemarketing can cause a lot of stress to older and vulnerable members of society who do not know how to deal with it.	0	1	1	0	0	1	0	0	0	1	1.0
6442	The vow of celibacy should be abandoned	in favor of	vow of celibacy is not fair to put on any human being because everyone has sexual urges which means the priests can commit evil acts of sex on minors. it should be abandoned.	0	0	1	1	0	1	1	0	0	1	1.0
6060	Homeschooling should be banned	in favor of	homeschooling leads to unsocial children.	0	0	1	0	0	1	0	1	0	1	1.0
145	We should ban factory farming	in favor of	factory farming treats animals inhumanely, which is wrong and immoral.	0	1	1	0	0	0	0	0	0	1	1.0
1492	We should adopt gender-neutral language	in favor of	i think that we should adopt gender-neutral language because a best comunication	0	1	1	0	0	0	0	0	0	1	1.0
1991	We should subsidize Wikipedia	against	wikipedia has no control in the publications. the information provided may be wrong. the unverified information should not be subsidized	0	1	1	0	0	0	0	0	0	1	1.0
6300	Blockade of the Gaza Strip should be ended	against	it was built as a tool to prevent terrorist attacks, suicide bombers, if it makes the people feel safer then it shouldn't be ended	0	0	1	0	0	1	0	0	0	1	1.0
1222	We should ban private military companies	against	private military companies provide an armed protection for some that may not have it normally	0	0	1	0	1	1	1	0	0	1	1.0
1597	We should abolish intellectual property rights	in favor of	nobody should own the intellectual works because we are not 100% sure that they have not been stolen	0	1	1	0	0	0	1	0	0	1	1.0
7313	We should restrict minors from playing online games.	in favor of	Many teenagers in China use electronic devices to play games as the only entertainment after study. At the same time, the same kind of people in Europe and the United States choose more diverse ways.	1	0	1	1	0	0	0	0	0	0	1.0
2737	We should ban human cloning	in favor of	Human cloning goes against nature and should be banned.	0	0	1	0	0	0	0	0	1	1	1.0
5029	The EU should set up physical offices, where citizens can address their concerns about Europe	in favor of	As we are transitioning into a more extensive digital age every day we still should not forget that as we age it gets harder to be quick with digital news, information, and advances in society. Therefore even right now our current older generations and future older generations need a physical touch point where competent people would be able to introduce on the spot what that one person as a citizen of the European Union can do that exact day to influence the benefit of Europe and their country.	1	1	1	0	0	0	0	0	0	0	1.0
6644	We should abandon television	against	tv is the only type of entertainment elderly or disabled people have and it shouldn't be taken away.	0	0	1	1	0	0	0	0	0	1	1.0
1406	We should end mandatory retirement	in favor of	seniors want to feel needed and useful so as long as they are doing a good job they shouldn't be forced to retire	1	0	1	0	0	0	1	0	0	1	1.0
5292	There should be a reform of EU trade and investment policy and a relaunch of global multilateralism	in favor of	Economic interests should never be at the expense of social and environmental policy. It is of utmost importance that the protection of workers’ rights and the rules we agreed upon with the Paris Agreement on climate change are at the heart of trade and investment policy. As the EU belongs to the global market, we must guarantee decent jobs that are sustainable, as well as collective, independent representation of workers in trade unions.	0	0	1	0	0	1	0	0	0	1	1.0
1729	We should ban fast food	in favor of	fast food is the main culprit for our current obesity epidemic.  we need to get rid of it to restore our health in the future.	0	0	1	0	0	1	0	0	0	1	1.0
7334	We should prohibit capital monopoly.	in favor of	The purpose of anti-monopoly is not to combat a few monopolies, but to oppose the abuse of monopoly.	0	0	1	0	0	0	1	0	0	0	1.0
4059	We should legalize prostitution	against	we do not want to encourage a sexualised society becoming more immoral and oppressive of women	0	0	1	0	0	1	0	0	0	1	1.0
511	We should abolish the three-strikes laws	against	we shouldn't abolish the three strikes law because it is necessary to ensure society understands the ramifications of repeated ill behavior. three felonies is just about enough as far as i'm concerned.	0	1	1	0	1	1	0	0	0	1	1.0
5542	Blockade of the Gaza Strip should be ended	in favor of	The blockade inspires increased terror attacks on the part of individuals enraged by the situation in Palestine.	0	0	1	0	0	1	0	0	0	1	1.0
1077	We should adopt a zero-tolerance policy in schools	in favor of	a zero-tolerance policy in schools shows children that the schools are not playing around when it comes to punishment	0	1	1	0	0	0	0	0	0	1	1.0
4567	We should encourage people to take part in Fit India Movement	in favor of	With high-quality advertisements and marketing practices, junk food manufacturers are manipulating children to buy their foods. This Fit India Movement will make children think about the negative consequences of junk food. As a result, this movement will encourage children to consume healthy food.	0	1	1	0	0	1	0	0	0	1	1.0
7147	We should not have illegal immigrants!	in favor of	We can only employ people in understaffed job fields.	0	1	1	0	0	1	0	0	0	1	1.0
6307	Social media brings more harm than good	in favor of	social media is addictive to young people to the point where it affects their education because they are distracted from their studies.	1	0	1	0	0	1	0	0	0	0	1.0
943	We should adopt libertarianism	against	without regulations and welfare, society would collapse into vast pools of crime and poverty	0	0	1	0	0	1	0	0	0	1	1.0
7078	We should increase the EU budget by including more direct contributions	in favor of	Tax should be compulsory, not voluntary!  Yes, the EU needs to collect direct taxes! For example, taxes on companies, and green taxes (tax on non-recycled items, tax on carbon, etc), as all should be harmonized across the EU.	0	0	1	0	0	1	0	0	0	1	1.0
4988	We need an inclusive and pluralistic European society	against	Europe is full and cannot accept more illegal migrants. Those persons must be sent back and have to ask for approval from their state of origin.	0	0	1	0	1	1	0	0	0	0	1.0
3104	We should ban algorithmic trading	in favor of	since algorithmic trading is all computer based, it opens a door for hackers to infiltrate and corrupt trading platforms.	0	1	1	0	0	1	0	0	0	0	1.0
2043	We should limit judicial activism	in favor of	we should limit judicial activism since that leads to civil unrest do to the nature of activists.	0	0	1	0	0	1	0	0	0	1	1.0
2422	We should abolish zoos	in favor of	zoo's house animals in small enclosures and exploit them for profit.	0	0	1	0	0	0	0	0	0	1	1.0
6592	Assisted suicide should be a criminal offence	in favor of	assisted suicide should be a criminal offence as it is not a human right to play god and may lead to murders rather than assisted suicide .	0	0	1	0	0	1	0	0	1	1	1.0
6415	Homeopathy brings more harm than good	in favor of	none of the products have been tested and some actually have very harmful effects.	0	0	1	0	0	1	0	0	0	0	1.0
2293	We should cancel pride parades	in favor of	pride parades promote improper lifestyles	0	1	1	0	0	0	0	0	1	0	1.0
2150	We should ban human cloning	against	cloning would have strict regulations on how to handle clones and ethical dilemmas. scientific advancements made while working towards cloning can advance the human race.	1	1	1	0	0	0	1	0	0	1	1.0
2215	We should ban telemarketing	in favor of	telemarketing is a nuisance that antagonises potential customers of a business	0	0	1	0	1	0	1	0	0	0	1.0
3114	We should ban targeted killing	in favor of	state sponsored killing should never be sanctioned because it leads down the path of extra-legal activities by the state whenever it can be justified	0	1	1	0	0	1	0	0	0	1	1.0
525	We should limit judicial activism	in favor of	judicial activism undermines the rule of law	0	0	1	0	0	0	0	0	1	1	1.0
3260	We should ban telemarketing	in favor of	telemarketing is considered a nuisance to many and other forms of advertising are much more effective and less invasive.	1	0	1	0	0	0	1	0	0	0	1.0
2039	We should ban algorithmic trading	in favor of	financial trading is already a destructive and unethical sector of the economy and allowing algorithmic trading does not make it any less so.	1	1	1	0	1	1	0	0	0	1	1.0
2622	We should adopt a zero-tolerance policy in schools	in favor of	a zero tolerance policy will lead to safer schools by removing troublemakers immediately	0	1	1	0	0	1	0	0	0	1	1.0
2213	We should legalize cannabis	against	cannabis creates a stoner subculture which is a blight on our society.	0	0	1	0	0	1	0	0	0	0	1.0
7255	We should rethink the legal state of Family Reunification.	in favor of	The procedure of Family Reunification is already causing major problems in the USA. 	0	1	1	0	0	1	0	0	0	1	1.0
2261	We should abolish the right to keep and bear arms	against	We should not abolish the right to keep and bear arms as this is our fundamental right and should not be something for debate.	0	0	1	0	0	0	1	0	1	0	1.0
2749	We should legalize organ trade	in favor of	we should legalize organ trade because it will be better monitored than having organs being sold on the black market	0	0	1	0	1	1	0	0	0	0	1.0
5610	Assisted suicide should be a criminal offence	against	assisted suicide should not be a criminal offense as everyone should have the right to end their life peacefully once they are to a point of not being able to get better.	0	0	1	0	1	0	1	0	0	1	1.0
6171	Homeschooling should be banned	in favor of	homeschooling does not teach a student to get along with others.	0	0	1	0	0	1	0	0	0	0	1.0
5922	Intelligence tests bring more harm than good	against	intelligence test help students end up in classes that help them learn the best.	1	1	1	0	0	0	1	0	0	0	1.0
1525	We should abolish the three-strikes laws	in favor of	three strikes is too many and dangerous criminals will be on the loose again too quickly.	0	0	1	0	1	1	0	0	0	1	1.0
653	We should oppose collectivism	in favor of	people should be encouraged to individuals	0	0	1	0	0	0	0	0	0	0	1.0
5746	The vow of celibacy should be abandoned	in favor of	i consider it a sensitive issue, however, because of the great conflicts that this brought about in the catholic religion it is necessary to abandon this vow.	0	1	1	1	0	1	1	1	0	1	1.0
3113	We should adopt a zero-tolerance policy in schools	in favor of	zero tolerance policies remove troublemakers from schools before they become an even larger problem, which improves the learning environment for other students.	1	1	1	0	0	1	0	0	0	1	1.0
5430	Intelligence tests bring more harm than good	against	intelligence tests help teachers and other school staff identify in where a student, or a whole group, is deficient.	1	1	1	0	0	1	0	0	0	1	1.0
2853	We should adopt gender-neutral language	in favor of	gender-neutral language is simpler and more straight forward and respects all genders without bias.	1	1	1	0	0	1	0	0	0	1	1.0
2034	We should subsidize embryonic stem cell research	against	embryonic stem cell research consuming vast amounts of funding that would be better spent on other, more ethical areas of study.	0	1	1	0	0	0	1	0	1	1	1.0
3579	We should legalize prostitution	in favor of	legalizing prostitution would lead to it being more regulated, therefore, safer to any participants.	0	1	1	0	0	1	0	0	0	1	1.0
1444	We should end mandatory retirement	in favor of	Mandatory retirement affirms problematic stereotypes about the competency of older people which prevents them from being taken seriously when they should be.	0	0	1	0	0	0	1	0	0	1	1.0
852	We should abolish zoos	in favor of	we should abolish zoos to prevent the cruel confinement of wild animals	0	1	1	0	0	0	0	0	0	1	1.0
586	We should abolish intellectual property rights	against	if an individual has created any property it is his to determine it's use	1	0	1	0	1	0	1	0	0	1	1.0
3796	We should introduce compulsory voting	in favor of	compulsory voting would make the opinions of everyone's opinions be taken into account.	0	0	1	0	1	0	1	0	0	1	1.0
2100	We should abolish capital punishment	against	The death penalty can provide families of victims with some closure, which may help them to deal with their suffering.	0	1	1	0	0	1	0	0	0	1	1.0
226	We should legalize organ trade	against	we should not legalize organ trade because then people would be selling their organs just for money	0	1	1	0	0	1	0	0	0	1	1.0
6119	We should abandon television	in favor of	there is a lot of violence and sex on television that is not appropriate for children	0	1	1	0	0	0	0	0	1	0	1.0
6546	Social media brings more harm than good	in favor of	too much social media can detract from normal person to person human interaction	1	0	1	1	0	1	0	0	0	0	1.0
5414	The vow of celibacy should be abandoned	against	keeping moral strength is important to society and refraining from sex is one way to do it	0	1	1	0	0	0	0	0	1	0	1.0
1140	We should legalize organ trade	against	the sale of organs may lead to a black market of such, where people may give birth and raise children just for their organs.	0	0	1	0	0	1	0	0	0	1	1.0
1646	We should abolish the right to keep and bear arms	in favor of	we should abolish the right to keep and bear arms because too many guns get into the hands of kids	0	1	1	0	0	1	0	0	0	0	1.0
6268	Entrapment should be legalized	in favor of	where someone is known to have committed a crime but there is insufficient proof to get a conviction, entrapment can provide that proof.	1	1	1	0	0	1	0	0	0	1	1.0
6771	Assisted suicide should be a criminal offence	in favor of	assisted suicide involves murdering someone which is illegal and should be treated as such.	0	0	1	0	0	0	0	0	0	1	1.0
4393	We should legalize organ trade	against	legalizing the organ trade would encourage illegal ways of procuring organs for the profit	0	0	1	0	0	1	0	0	0	0	1.0
3108	We should prohibit school prayer	against	School prayer provides a quiet moment of contemplation for students in a busy world and teaches them the power of prayer and trust.	0	1	1	0	0	1	0	0	1	0	1.0
1286	We should abolish safe spaces	against	young people aren't conscious of what effect what they say has on someone else and a safe space prevents them from doing anything to anyone else	0	0	1	0	0	1	1	0	0	0	1.0
7234	We should support Frontex.	in favor of	 The EU needs a robust Frontex Agency with the caveat that Frontex missions must report to the member states on whose territories they operate.	0	1	1	0	1	1	0	0	0	0	1.0
3345	We should oppose collectivism	against	we should not oppose collectivism because everyone should work together.	0	1	1	0	0	1	0	0	0	1	1.0
341	We should ban targeted killing	in favor of	there is never a justifiable reason to kill someone.	0	0	1	0	0	0	0	0	0	1	1.0
2866	We should ban the use of child actors	in favor of	child actors are really doing labor and child labor is against the law.	0	0	1	0	0	0	0	0	0	1	1.0
2507	We should ban private military companies	in favor of	Private military companies should be banned as they are not obliged to follow the strict rules of engagement that the military must which results in abuse of civilians.	0	1	1	0	0	1	0	0	1	0	1.0
2837	We should ban private military companies	in favor of	we should ban private military companies because they are just hired hit men	0	0	1	0	0	1	0	0	0	1	1.0
309	We should abolish the Olympic Games	in favor of	without being able to completely erradicate drug taking the olympic games is not an accurate representation of the skill of the sportsmen, making it an outdated and irrelevant competition.	0	1	1	0	0	0	0	0	0	1	1.0
3470	We should legalize organ trade	in favor of	legalizing organ trade would add a level of scrutiny and regulation that would make it much safer for all involved.	0	0	1	0	0	1	0	0	0	1	1.0
301	We should end mandatory retirement	in favor of	some older workers love their job and would be devastated to be forced to stop working	0	0	1	0	0	1	0	0	0	0	1.0
3617	We should abandon the use of school uniform	against	the school uniform creates routine and discipline in the students. the use of the school uniform teaches students respect and to follow and comply with the rules	0	1	1	0	0	1	0	0	0	1	1.0
6443	Assisted suicide should be a criminal offence	in favor of	suicide is never the answer and it is wrong	0	1	1	0	0	0	0	0	0	1	1.0
3855	We should abolish capital punishment	against	capital punishment remains a good deterrent for serious crime	0	0	1	0	1	1	0	0	0	0	1.0
1784	We should adopt a zero-tolerance policy in schools	against	the school is designed to educate not to accept student abuse	0	1	1	0	0	0	0	0	0	1	1.0
7130	We should reduce environment pollution by limiting number of people in Europe	against	Instead we need to change our behavior, reduce our consumerism and decrease our overall resource use per person.	1	1	1	0	0	0	0	0	0	1	1.0
6472	Entrapment should be legalized	in favor of	it should be legal so that police can get all the drug dealers off the streets	0	0	1	0	0	1	0	0	0	0	1.0
4848	Immigrants should receive help from the EU through integration programs	against	For more than 50 years immigration has been going on uncontrolled and unchecked. No changes need to be made before we have an agreement that people ignoring our immigration laws should be detained in repatriation facilities with no chance of re-entering the EU. Once we agree on that we can start talking about funds and resources for those who do deserve help. 	0	0	1	0	0	1	0	0	0	1	1.0
3975	We should ban targeted killing	in favor of	target killing is just another word for assassinations which are against international laws.	0	0	1	0	0	0	0	0	0	0	1.0
3237	We should end the use of economic sanctions	against	economic sanctions have a measurable impact; if that impact is severe enough, otherwise reluctant parties may agree to negotiations in order to find relief.	0	1	1	0	1	0	0	0	0	1	1.0
1236	We should adopt a zero-tolerance policy in schools	in favor of	we need to keep other kids safe in schools by enforcing a zero-tolerance policy in schools.   we can't have drugs or weapons in our schools and give those kids a pass.	0	1	1	0	1	1	0	0	0	1	1.0
5756	Blockade of the Gaza Strip should be ended	against	the blockade is there to protect the citizens and prevent more violence	0	0	1	0	0	1	0	0	0	1	1.0
323	We should cancel pride parades	in favor of	there are things at pride parades that young children should not see, regardless of one's sexual preferences.	0	1	1	0	0	0	0	0	1	0	1.0
6099	Entrapment should be legalized	in favor of	entrapment should be legal because it catches criminals that were already looking to commit the crime anyway.	1	0	1	0	0	1	1	1	0	0	1.0
1362	We should legalize prostitution	against	prostitution is a dangerous profession	0	0	1	0	0	1	0	0	0	0	1.0
2467	We should end mandatory retirement	against	mandatory retirement allows for youger generations to enter the workplace	1	1	1	0	0	0	0	0	0	1	1.0
1552	We should legalize sex selection	against	we shouldn't legalize sex selection because is moral action in society	0	0	1	0	0	1	0	0	1	0	1.0
3005	We should ban missionary work	in favor of	missionary work sometimes forces religion on people	0	0	1	0	0	0	0	0	0	0	1.0
4705	India should accept Rohingya refugees	against	Accommodating refugees will cause resettling of some Indians. The Indian government tried to give shelter to Rohingyas by resettling some in the Jammu region. This may not be the right step and will cause distress to the resettled Indians.	0	0	1	0	0	1	1	0	0	0	1.0
3496	We should abolish safe spaces	against	people should not be forced to be in uncomfortable or distasteful situations and safe spaces provide a haven from this.	0	0	1	0	0	1	0	0	0	1	1.0
5109	The EU should prohibit, and end funding for activities that presuppose the destruction of human embryos, in particular in the areas of research, development aid, and public health	in favor of	Juridical protection of dignity, right to life, and integrity of every human being from conception are of fundamental importance for the future of Europe.  The dignity and integrity of the human embryo must be respected. This is enounced by the ECJ in the Brüstle vs Greenpeace case, which recalls the definition of the human embryo as the beginning of the development of the human being. To ensure consistency in areas of its competence where the life of the human embryo is at stake, the EU should prohibit that presuppose the destruction of human embryos.	0	0	1	0	0	0	0	1	0	1	1.0
4160	We should ban the Church of Scientology	in favor of	the church of scientology is no more than a cult and can sometimes endanger the health of children.	0	0	1	0	0	1	1	0	0	1	1.0
2403	We should abolish the right to keep and bear arms	against	if the right to keep and bear arms were abolished would be taking away another fundamental right of americans and this cannot happen.	0	1	1	0	0	1	1	0	0	0	1.0
3139	We should adopt a zero-tolerance policy in schools	in favor of	an effective measure to avoid bullying is to adopt zero tolerance and more severe punishments	0	1	1	0	0	0	0	0	0	1	1.0
161	We should ban missionary work	in favor of	missionaries are intrusive to other countries and very invasive to the culture.	0	0	1	0	0	0	1	0	1	1	1.0
6333	The use of public defenders should be mandatory	in favor of	public defenders should be provided to all charged persons to ensure they receive representation and a fair trial.  all persons deserve qualified representation regardless of their ability to pay.	1	1	1	0	0	0	0	0	0	1	1.0
6420	Holocaust denial should be a criminal offence	in favor of	denying that millions of people died and suffered should require those people to be punished for their beliefs.	0	1	1	0	0	0	0	0	0	1	1.0
6324	Holocaust denial should be a criminal offence	against	holocaust denial is disgusting but it's still free speech	0	0	1	0	0	0	1	0	0	1	1.0
1588	We should legalize organ trade	against	people will sell their organs risking their lives	0	0	1	0	0	1	0	0	0	0	1.0
1548	We should ban algorithmic trading	in favor of	algorithmic trading removes the human element of common sense from trading patterns, which has caused many wild mini-crashes and market fluctuations.	1	1	1	0	1	1	0	0	0	0	1.0
6957	Cattle slaughter should be banned	against	It is not ethical to interfere with the food habits of others.	0	0	1	1	0	0	1	0	0	0	1.0
6994	India is safe for women	against	The National Crime Records Bureau states that happenings of crimes against women have risen from 273 per day in 2001 to 313 per day in 2015. This is not a good sign in terms of safety in India.	0	0	1	0	0	1	0	0	0	1	1.0
5802	Assisted suicide should be a criminal offence	in favor of	assisted suicide is murder by another name and should remain illegal	0	0	1	0	0	1	0	0	0	1	1.0
459	We should adopt gender-neutral language	in favor of	if everything was spoken about gender neutrally then no one would be offended.	0	1	1	0	0	0	0	0	0	1	1.0
4320	We should legalize cannabis	against	cannabis use leads to the use of other drugs.	0	1	1	0	0	1	0	0	0	0	1.0
3082	We should introduce compulsory voting	in favor of	compulsory voting will cause more people to take an interest in politics which, in turn, will benefit everyone	0	1	1	0	1	1	0	0	0	0	1.0
1605	We should adopt a multi-party system	against	a multi party system will lead to the rise of fringe groups that do not represent the will of the people.	0	0	1	0	0	1	0	0	1	0	1.0
6010	Homeschooling should be banned	in favor of	homeschooling should be banned because the children will be kept at home and no social with other children and the children very likely in an abusive situation to where nobody knows about it	0	1	1	0	0	1	0	1	0	1	1.0
2038	We should adopt gender-neutral language	against	our society needs to be able to label and identify a person as a male or female for many reasons such as taxes, employment, health care, etc, so we should not adopt a gender neutral language.	1	0	1	0	0	0	0	0	1	0	1.0
3123	We should adopt a zero-tolerance policy in schools	in favor of	we should adopt a zero-tolerance policy in schools then all the children will more likely behave	0	0	1	0	0	0	0	0	0	0	1.0
772	We should subsidize journalism	in favor of	Journalism plays an essential role as watchdog of democracy, and keeping citizens informed. Such a valuable industry deserves government subsidization.	0	1	1	0	1	1	0	0	0	1	1.0
7261	We should restrict immigration.	in favor of	Foreigners and immigrants must not be provided the same services and advantages as native people.	0	0	1	0	0	1	1	0	0	1	1.0
6413	Surrogacy should be banned	in favor of	"surrogacy will eventually and inevitably become commercialised, with mothers ""hiring out"" their wombs to the highest bidder"	0	1	1	0	0	1	0	0	1	0	1.0
2382	We should abandon the use of school uniform	in favor of	school unifoorm creates a sense of community and takes away some aspects that can lead to bullying	0	0	1	0	0	1	0	0	0	0	1.0
2851	We should adopt a zero-tolerance policy in schools	in favor of	it is a good measure, since our youth currently lack responsibility and discipline, and with this we favor more that ability	0	1	1	0	0	1	0	0	1	0	1.0
7029	We should invest in sustainable alternative fuels for aviation	against	sustainable fuel is a fraud that allows industrial sectors (in this case airlines) to be compensated for change management they should themselves pay via R&D	0	1	1	0	1	1	0	0	0	1	1.0
2872	We should ban telemarketing	against	With telemarketing, you get immediate feedback on your product or service.	1	1	1	0	0	0	0	0	0	1	1.0
2010	We should prohibit school prayer	in favor of	separation of church and state applies here since schools are sponsored by the state. mandatory prayer would be a major violation of this.	0	0	1	0	0	0	1	0	1	0	1.0
3826	We should legalize cannabis	in favor of	legalizing marijuana will free up police resources because instead of arresting people for pot police would focus on more serious crimes	0	0	1	0	0	1	0	0	0	0	1.0
5172	All workers and unemployed should have access to social protection, including young people	in favor of	All workers and unemployed should have access to social protection, including young people. It is embedded in the core principle of the European Pillar of Social Rights, but those high and lofty principles must become a reality for all workers, old and young!	1	1	1	0	0	1	0	0	0	1	1.0
166	We should subsidize student loans	against	a person's education should be the responsibility of themselves	0	1	1	0	0	0	1	0	0	0	1.0
3090	We should adopt libertarianism	against	we need more government and less libertarianism.	0	0	1	0	1	0	0	0	0	0	1.0
4909	Serious crimes should lead to rapid expulsion from the EU	in favor of	Not only for committing, but also planning. Especially if an immigrant gets caught planning a terrorist act, he/she must be removed from EU permanently.	0	0	1	0	0	1	0	0	0	0	1.0
3366	We should adopt a zero-tolerance policy in schools	in favor of	zero tolerance will improve educational standards and behaviour leading to better learning outcomes.	1	1	1	0	0	1	0	0	0	0	1.0
5124	We need family and child protection against political agendas until their adulthood	in favor of	In fact, political NGOs advocating for any cause whatsoever should be banned from schools and kindergartens. 	0	0	1	0	0	0	1	0	0	1	1.0
3672	We should ban human cloning	in favor of	human cloning is unnatural and against the laws of nature	0	0	1	0	0	0	0	0	1	1	1.0
3733	We should ban telemarketing	against	if someone does not want to engage with telemarketers they can just hang up or sign off	0	0	1	0	0	0	1	0	0	1	1.0
4911	The European Union should implement a EU wide carbon tax	in favor of	In my point of view it will be essential to impose some compensatory levies on products from third countries to ensure that they will not have a competitive advantage.	0	0	1	0	0	0	0	0	0	1	1.0
843	We should ban algorithmic trading	in favor of	Algorithmic trading allows computers to buy and sell assets suddenly and in massive quantities, creating shifts in the market and making human trading difficult.	1	1	1	0	1	1	0	0	0	0	1.0
6753	Payday loans should be banned	in favor of	payday loans should be banned as they take further financial advantage of a person.	0	1	1	0	0	0	0	0	0	1	1.0
4012	We should adopt gender-neutral language	in favor of	in order that gender-neutral people feel comfortable and not exluded from society, gender-neutral language should be adopted.	0	0	1	0	0	1	0	0	0	1	1.0
1490	We should cancel pride parades	in favor of	being lgbt is against many large religions, people should not be forced to witness such parades because of such.	0	0	1	0	0	0	0	0	1	0	1.0
207	We should limit judicial activism	in favor of	a judge shouldnt be able to show their personal views.	0	1	1	0	0	0	0	0	0	1	1.0
1104	We should end mandatory retirement	against	if we end mandatory retirement many older workers that want to retire after many years of service may be denied that right	0	1	1	0	1	0	1	0	0	1	1.0
7258	We should stop the European Commission’s Ideological bias toward migration.	in favor of	The European Commission’sportrays migration as an opportunity only, a Fatality that cannot be stopped, and the only solution against aging.	0	1	1	0	0	0	1	0	0	1	1.0
5842	Blockade of the Gaza Strip should be ended	against	the blockade should not be ended because the people of israel have every right to determine what goods, service, and people enter the territory.	0	0	1	0	1	0	1	0	1	0	1.0
6358	Holocaust denial should be a criminal offence	against	holocaust denial, although hurtful, is protected free speech.	0	0	1	0	0	0	1	0	0	0	1.0
885	We should adopt atheism	in favor of	We should adopt atheism as then there would be no arguments about religion which seems to be the cause of most wars and disagreements in society.	0	0	1	0	0	1	0	0	0	1	1.0
6543	The vow of celibacy should be abandoned	against	no need to abandon the vow of celibacy because it tests the faith and devotion of the priest to god. those that are truly good and spiritual don't need have sexual relations when in a relationship with god.	1	0	1	0	0	0	0	0	1	0	1.0
4117	We should abolish capital punishment	in favor of	no one on earth has the right to sentence another individual to death	0	1	1	0	0	1	0	0	0	1	1.0
7335	We should prohibit capital monopoly.	in favor of	Anti-capital monopoly prevents operators from abusing their dominant market position.	0	1	1	0	0	0	0	0	0	1	1.0
260	We should ban human cloning	in favor of	WE SHOuld ban human cloning because it causes huge issues in terms of rights and ownership	0	0	1	0	0	1	0	0	0	1	1.0
5174	Imprisonment of foreign criminals should be carried out in their country	in favor of	This will relieve the European prison system. This would encourage many migrants to take responsibility for the laws of the host countries.	1	1	1	0	0	1	0	0	0	0	1.0
1547	We should legalize prostitution	against	legalizing prostitution would lead to an increase of child abductions for the sex trade.	0	0	1	0	0	1	0	0	0	0	1.0
5995	Foster care brings more harm than good	in favor of	Foster care brings more harm than good because you do not know who the foster parents really are. They may be nice people in front of you but behind close door no one knows.	0	1	1	0	0	1	0	0	0	0	1.0
4535	We should ban the Church of Scientology	in favor of	we should ban the church of scientology because  scientologists become hostile toward anything that is critical toward the religion	0	0	1	0	0	1	1	0	0	0	1.0
6304	Homeopathy brings more harm than good	in favor of	homeopathy causes harm because it is unregulated.	0	1	1	0	0	1	0	0	0	1	1.0
5877	Assisted suicide should be a criminal offence	in favor of	no one has the right o take - or help take - another person's life. causing the death of another human being is nothing but murder which is against the law.	0	0	1	0	1	0	0	0	0	1	1.0
5167	All workers and unemployed should have access to social protection, including young people	in favor of	To prevent precarious conditions, we must put in place quality standards, they must be binding for all jobs created under EU and National recovery plans. Better monitoring and trade union involvement are needed to assess and report youth unemployment and NEET rates. At the moment these numbers hide forced mobility, involuntary part-time employment, and work in a grey and informal economy. Urgent measures are needed to fight youth unemployment and precarious working conditions in sectors where young people are overrepresented (tourism; gig economy…).	1	1	1	0	0	1	0	0	0	1	1.0
6040	Holocaust denial should be a criminal offence	in favor of	denying the holocaust is deeply offensive to survivors and their family and should not be allowed.	0	0	1	0	0	0	0	0	0	1	1.0
6326	The vow of celibacy should be abandoned	against	churches that promote celibacy do so for reasons of their faith and we have no right to say they should abandon those beliefs.	0	0	1	0	0	0	0	0	1	1	1.0
582	We should abandon the use of school uniform	against	uniforms allow students to look the same and not have to follow the fashion while at school	0	0	1	0	0	1	0	0	0	1	1.0
5361	There should be a reform of EU trade and investment policy and a relaunch of global multilateralism	in favor of	The present international economic system and trade institutions are too much a product of the not-so-glorious colonial past. We should put more democracy, more rights for people, and more equality into the international economic order.  	0	0	1	0	0	0	0	0	0	1	1.0
3784	We should ban human cloning	in favor of	we should ban human cloning because it is against the natural law and it is morally wrong	0	0	1	0	0	0	0	0	0	1	1.0
1326	We should abolish the three-strikes laws	in favor of	we should abolish the three-strikes laws and just stick to one law, because it may stop reoffending if it's that harsh	0	0	1	0	1	1	0	0	1	1	1.0
5504	Social media brings more harm than good	in favor of	people are meaner to each other online because they can't see each other.	0	1	1	0	0	0	0	0	0	0	1.0
4228	We should ban the use of child actors	in favor of	child actors are often exploited by the film industry and should not be used	0	1	1	1	0	0	0	0	0	1	1.0
1656	We should adopt gender-neutral language	in favor of	gender-neutral language should be adoppted in todays society where peoples sex  is self determined and more fluid, because it avoids offence or discrimination	0	0	1	0	0	1	0	0	0	1	1.0
3344	We should legalize organ trade	against	organs should never be allowed to be sold as it would create a market where people could be murdered for their organs to help a wealthy person. organ sale would prey on the poor for the benefit of the wealthy.	0	0	1	0	0	1	0	0	0	1	1.0
6556	Homeschooling should be banned	in favor of	homeschooled students do not learn necessary social skills	1	0	1	0	1	1	0	0	0	0	1.0
7149	We should strengthen Frontex and control immigration.	in favor of	 Mass migration is a crime against humanity and has to stop!	0	0	1	0	0	1	0	0	0	1	1.0
5254	The European Parliament should have more powers, so Europe can stand against other world powers.	against	The European Parliament has developed avenues for a common foreign and defense policy and should exercise its role this way. Also, there are prerogatives of a parliament to guide and control the external policies of the EU.	0	1	1	0	1	0	0	0	0	0	1.0
6155	Assisted suicide should be a criminal offence	in favor of	assisting with suicide is helping kill someone, and should be treated as such. the intent of the victim doesn't matter, murder is murder.	0	0	1	0	0	0	0	0	0	0	1.0
2423	We should subsidize embryonic stem cell research	against	embryonic stem cell research are using human eggs to grow in a lab.  these eggs could have been humans.  we are trying to play god and going beyond human rights.	0	0	1	0	0	0	0	0	0	1	1.0
2094	We should abolish the three-strikes laws	against	three-strikes laws makes criminals less likely to reoffend.	0	1	1	0	0	1	0	0	0	1	1.0
4022	We should abolish the Olympic Games	in favor of	the olympic games are a waste of money and time and should be abolished	0	0	1	0	1	1	0	0	0	0	1.0
3641	We should introduce compulsory voting	in favor of	compulsory voting will increase the number of voter turnout.	1	1	1	0	1	0	0	0	0	0	1.0
1451	We should introduce compulsory voting	in favor of	looking at the current state of politics around the world it is evident that democracy only exists through vigilance. compulsory voting would help to keep democracy alive when under threat.	1	0	1	0	1	1	0	0	0	0	1.0
6253	The vow of celibacy should be abandoned	against	celibacy is connection to the god and any banning on it would be sin and should not be touched.	0	0	1	0	0	0	0	0	1	0	1.0
4527	We should ban the use of child actors	in favor of	children shouldn't be in the eye of the public all the time and banning child actors would enable all children to grow up out of the spotlight.	0	1	1	0	0	0	1	0	0	1	1.0
5885	Homeopathy brings more harm than good	in favor of	homeopathy allows too many unqualified people to use anything they want to try and help people and it can result in people being taken advantage of	1	1	1	0	1	1	0	0	0	0	1.0
297	We should adopt a zero-tolerance policy in schools	in favor of	zero-tolerance policies keep schools safer by immediately removing the problem	0	0	1	0	0	1	0	0	0	1	1.0
1651	We should abolish the three-strikes laws	against	with this law, the victim is given more security and we make sure that the perpetrator does not relapse in other crimes.	0	1	1	0	0	1	0	0	0	1	1.0
4640	We should forbid neo-banks	in favor of	People don’t trust neo-banks as much because they don’t have a physical presence, which makes them a risk for customers in case of any issues or challenges. In-person customer service may appear more trustworthy to customers.	1	1	1	0	0	1	0	0	0	1	1.0
2645	We should abolish the right to keep and bear arms	against	we can't arbitrarily overturn a constitutional amendment.	0	0	1	0	0	1	1	0	1	0	1.0
5229	Europe must help Ukraine	against	Ukraine is infamous for its black market for weapons. Helping Ukraine by dumping weapons into such a country is folly.	0	1	1	0	0	1	0	0	0	1	1.0
5643	Assisted suicide should be a criminal offence	against	to assist the suicide of a loved one is one of the most selfless acts one can do, bringing an end to the suffering of a terminally ill person.	0	1	1	0	0	1	1	0	0	1	1.0
6558	Blockade of the Gaza Strip should be ended	against	blockade of the gaza strip should not be ended because it is there to keep out certain people	0	0	1	0	1	1	0	0	0	1	1.0
3913	We should abolish the three-strikes laws	against	we shouldn't abolish the three-strikes law because it does give criminals a fair warning which is two chances of bad behavior and then if you do it again, you're no longer in society. violent crime is reduced	0	1	1	0	0	1	0	0	0	1	1.0
1312	We should abolish the three-strikes laws	against	We should not abolish the three-strikes laws, because crime has fallen since they were introduced.	0	0	1	0	0	1	0	0	0	1	1.0
2361	We should prohibit school prayer	against	school prayer unites children and teachers together	0	1	1	0	0	1	0	0	1	1	1.0
2918	We should adopt an austerity regime	in favor of	an auserity program will reduce the national debt.	0	0	1	0	0	1	0	0	0	0	1.0
5900	Intelligence tests bring more harm than good	against	intelligence tests are important for differentiating instruction for students that need it.	1	0	1	0	0	0	1	0	0	1	1.0
5832	The vow of celibacy should be abandoned	against	this is a fundamental part of being a priest or nun. they don't need this distraction.	0	0	1	0	0	0	0	0	1	0	1.0
5835	We should abandon television	in favor of	television encourages people to be lazy and as a consequence they put on weight.	0	0	1	0	0	1	0	0	0	0	1.0
6067	Social media brings more harm than good	in favor of	people spend so much time on social media that they neglect real life obligations and relationships.	1	1	1	0	0	0	0	1	0	0	1.0
2287	We should cancel pride parades	in favor of	pride parades are offensive to a lot of people	0	0	1	0	0	1	0	0	0	0	1.0
2487	We should introduce compulsory voting	in favor of	compulsory voting would increase political activism	1	1	1	0	1	1	0	0	0	1	1.0
5091	We need to move towards drug reform, which will change our outdated drug policy.	in favor of	Tax revenues generated by cannabis could be redirected towards education in poor neighborhoods (increasing teachers' pay in these areas, reducing the number of teachers per class) in order to give these populations a better future. But unlike in the Netherlands, production should also be legal and highly regulated by the state.	1	0	1	0	1	1	0	0	0	1	1.0
6345	Social media brings more harm than good	in favor of	people use social media to spam people.	0	1	1	0	0	0	1	0	0	0	1.0
2206	We should ban the use of child actors	against	as long as there is proper protection for child actors there is no reason that they should not be able to perform on screen	1	0	1	0	0	0	1	0	0	1	1.0
5717	We should abandon television	in favor of	television corrupts  peoples brains and takes away from productivity.	1	0	1	0	0	0	1	0	0	0	1.0
1172	We should adopt libertarianism	against	we would crumble without services provided to us via the government - roads, fire stations, and more.	0	0	1	0	0	1	0	0	0	0	1.0
4726	India is becoming intolerant	in favor of	Incidences of mob lynchings were increased these days in the name of unofficial beef ban. And the sad thing is that culprits are left unpunished.	0	1	1	0	0	1	0	0	0	1	1.0
1080	We should ban the use of child actors	in favor of	we should ban child actors as a part of banning child labour. exploitation of a child through working is wrong regardless of the specific job role	0	1	1	0	0	1	0	0	0	1	1.0
4720	Triple Talaq should be abolished	against	Triple talaq should happen in three stages with time gaps. This allows time for reconciliation and arbitration. As instant divorce is a misuse of triple talaq, banning the provision itself is not the solution.	0	1	1	0	0	0	1	0	1	0	1.0
4728	The Sabarimala verdict is progressive and not a threat to traditions	in favor of	Some other temples also ban women, and some temples ban men. If it is the same situation with Sabarimala, people wouldn't have bothered about it. But treating menstruation as impure and banning women of reproductive age is regressive and need to address. Menstruation is just a biological process. Not allowing menstruating women in temples sends a wrong message to people and future generations.	0	0	1	0	0	1	0	0	0	1	1.0
3829	We should adopt a zero-tolerance policy in schools	against	kids needs their freedom and to learn from mistakes	1	1	1	0	0	0	1	0	0	0	1.0
7165	We should not have any immigration from non-European or non-first-world countries 	against	Halting all immigration from non-European or non-first-world countries is definitely not the way to go! That’s not how human societies should work!  What we need is a proper policy of integration and welcoming of refugees, that is both fair and respectful of human rights	0	1	1	0	0	1	1	0	0	1	1.0
5595	The vow of celibacy should be abandoned	against	we live in a free and open society if people choose to be celibate then we should respect their choice.	0	0	1	0	0	0	1	0	1	1	1.0
5056	The European Union needs to equip itself with the institutional and legal tools to resolve democratic conflicts on sovereignty within its own borders.	in favor of	According to the International Covenant on Civil and Political Rights (the ICCPR), ‘[a]ll peoples have the right of self-determination. By virtue of that right, they freely determine their political status and freely pursue their economic, social and cultural development. The right to self-determination also has its economic content which gives the people the right to freely ‘dispose of their natural wealth and resources without prejudice to any obligations arising out of international economic cooperation, based upon the principle of mutual benefit, and international law.'	0	0	1	0	0	0	1	0	0	0	1.0
307	We should fight for the abolition of nuclear weapons	in favor of	There is no justification for mass destruction. Therefore, nuclear weapons are inherently immoral. Same as private persons should not be able to own assault weapons, the states should be barred from creating and owning nuclear weapons.	0	1	1	0	0	1	0	0	0	1	1.0
2566	We should abolish the three-strikes laws	against	The three-strikes law gives victims peace of mind that the person who perpetuated a crime against them won't one day return and harm them again.	0	0	1	0	1	1	0	0	0	1	1.0
1165	We should abolish capital punishment	against	recent investigations consistently demonstrate a strong link between executions and reduced murder rates	0	0	1	0	1	1	0	0	0	1	1.0
228	We should abolish the three-strikes laws	in favor of	Three strikes laws often punish those who have been pushed into crime by their socioeconomic background, which is unjust.	0	1	1	0	0	0	0	0	0	1	1.0
4718	Kids' reality shows should be banned	in favor of	These days, many songs and dances in movies are not supposed to be seen by children. Singing and dancing to these obscene songs will exploit children’s innocence and creates confusion in their minds. 	0	1	1	0	0	0	1	0	0	1	1.0
7342	We should prevent the disorderly expansion of capital.	in favor of	The means by which the giants seized the market was essentially by selling below cost, which is unfair competition, and then using their monopoly position to raise prices, which is divorced from the intent of a market economy.	0	0	1	0	0	1	0	0	0	1	1.0
2198	We should abolish intellectual property rights	against	when someone comes up with an idea it is their idea. they should be the one to profit from that idea. other people shouldn't be able to just take it and make it their own.	1	0	1	0	1	0	1	0	0	1	1.0
5129	The current differing legal cultures of the Member States need to be developed into a common legal culture in Europe	against	Legal traditions are different for a reason. They are the result of centuries of organic legal evolution. They cannot be overwritten with a stroke of a pen. 	0	0	1	0	0	0	0	0	1	0	1.0
1927	We should adopt a zero-tolerance policy in schools	in favor of	zero-tolerance policies are the only effective system to keep schools safe from the threats of drugs and school shootings	0	1	1	0	0	1	0	0	0	1	1.0
4222	We should ban the use of child actors	against	if there are problems with kids and acting then just regulate it more and don't ban it completely	0	0	1	0	0	0	1	0	0	1	1.0
2563	We should oppose collectivism	against	collectivism helps to keep everyone in line since the group can ban anyone that steps out.	0	0	1	0	0	1	0	0	0	0	1.0
4574	Technology is making us feel less human	in favor of	People are now engaging in trolling and cyberbullying. Hiding behind devices is giving them the courage to harass other people, which they may not do face-to-face. This is the deterioration of moral values.	0	1	1	0	0	0	0	0	0	1	1.0
5627	Homeschooling should be banned	in favor of	homeschooling is way too lenient and relaxed for children to even learn anything. they don't learn as much as in a classroom and miss out on socialization.	1	0	1	0	0	1	0	1	0	1	1.0
5099	The EU government should encourage people to eat less meat	against	I have no illusions that rich and influential people will find a way to get as much meat as they want and then distribute it on the black market.	0	1	1	0	0	0	0	0	0	1	1.0
4274	We should abolish the right to keep and bear arms	against	its a constitutional right, we cant just take that away from people.	0	0	1	0	0	0	1	0	1	1	1.0
2978	We should abolish zoos	in favor of	it is unfair to trap animals from their natural habitat and confine them to small spaces for entertainment.	0	0	1	0	0	0	0	0	0	1	1.0
2421	We should introduce compulsory voting	in favor of	voting is so important. voter turnout would be much higher if compulsory voting was introduced.	0	1	1	0	0	1	1	1	0	0	1.0
4671	Companies should fight moonlighting	in favor of	Companies fear information and sensitive data theft and the possibility of sharing it with their rival companies.	1	1	1	0	0	0	1	0	0	0	1.0
4970	There should be no illegal migration	in favor of	Entering the EU without a permit automatically excludes a person from any right to receive asylum. 	0	1	1	0	0	1	0	0	0	1	1.0
6046	Entrapment should be legalized	in favor of	It is preferable to legalize entrapment and allow for random tests of civilians obeying the law than to have over-policing and community monitoring which uses more resources and causes more tension with the community.	0	0	1	0	1	1	0	0	0	0	1.0
2402	We should ban the use of child actors	in favor of	too many child actors can't handle the pressure and end up turning to drugs and other crimes to cope.	0	0	1	0	0	1	0	0	0	1	1.0
7022	We should not subsidize large agricultural groups	against	Subsidizing big agricultural companies is not the problem here, it's the criteria by which the subsidies are distributed.	1	0	1	0	0	0	0	0	0	1	1.0
687	We should ban telemarketing	against	Telemarketing is an excellent tool if used sensitively and with caution	1	0	1	0	0	0	1	0	0	0	1.0
3648	We should ban cosmetic surgery	against	a ban would only increase the already concerning trend to go to dangerous surgeons abroad	0	0	1	0	0	1	1	0	0	0	1.0
2511	We should ban fast food	against	fast food is itself not harmful but it is the number of times it is eaten and the quantity that is unhealthy	0	1	1	0	0	1	1	0	0	0	1.0
6760	Entrapment should be legalized	in favor of	if someone is willing to commit a crime then they are a criminal and must be stopped.  if one way to stop them is to entrar them in a fake crime so what.  it catches a person who will do bad,	0	0	1	0	0	1	0	0	0	1	1.0
1624	We should abolish safe spaces	against	for minority groups used to all manner of persecutionl, safe spaces provide a metaphorical 'breathing space' where they can connect with themselves in a fear-free environment.	0	0	1	0	0	0	0	0	0	1	1.0
5344	 The EU should play a major role in a multipolar world	against	There is enough environmental task to handle and Europe have had its wars. But to streamline our powers and therefore try to save huge amounts of money is a no-brainer.	1	1	1	0	1	1	0	0	0	1	1.0
3289	We should abolish intellectual property rights	against	intellectual property rights are vital to protect innovation from those wishing to exploit it further along the developmental cycle, and equally vital to encourage entrepreneurs in the first place.	1	0	1	0	0	0	1	0	0	0	1.0
1223	We should abolish the right to keep and bear arms	in favor of	not allowing guns would help to keep crime down	0	1	1	0	0	1	0	0	0	1	1.0
842	We should introduce compulsory voting	in favor of	elections are supposed to be won by the opinion of the people.  if only a select few people vote, then the result only reflects their opinions, not that of the whole population.	0	0	1	0	1	0	0	0	0	1	1.0
3096	We should ban cosmetic surgery for minors	in favor of	minors are not mature enough to make these decisions	0	1	1	0	0	0	0	0	0	1	1.0
1096	We should adopt gender-neutral language	against	we should not adopt gender-neutral language because the majority of people do identify with a gender and want to be addressed as such.	0	0	1	0	0	1	1	0	1	0	1.0
1712	We should ban private military companies	in favor of	private military companies are in it for the financial gain and does not adhere to the morals of civilian casualties.	0	1	1	0	0	1	0	0	0	1	1.0
7150	We should rethink the legal state of Family Reunification.	in favor of	Illegal loopholes in the legislation are enabling illegal migration. Family Reunification has been and remains the biggest channel of migration into the EU.	0	0	1	0	0	0	0	0	0	0	1.0
2721	We should abandon the use of school uniform	against	uniform is important to give students a sense of school identity and to make all pupils equal, where there is no uniform it is easier for rich students to bully those who do not have the most expensive clothes.	0	0	1	0	0	1	0	0	0	1	1.0
1534	We should abolish the right to keep and bear arms	in favor of	there are too many incidents of people getting shot either by accident or because people shoot first and ask questions later or even people suddenly becoming unhinged and going on shooting sprees.	0	0	1	0	0	1	0	0	0	1	1.0
1820	We should limit executive compensation	in favor of	we should limit executive compensation because most make an unbalanced amount of salary in comparison to their real worth.	0	0	1	0	0	0	0	0	0	1	1.0
2298	We should limit judicial activism	in favor of	we should limit it, laws should not be changed for special circumstances	1	0	1	0	0	1	0	0	1	1	1.0
3612	We should end mandatory retirement	in favor of	mandatory retirement is discrimination against older people who may still have something of value to contribute to society.	1	1	1	0	0	1	0	0	0	1	1.0
2450	We should adopt atheism	against	we shouldn't adopt atheism because it will lead to most hostile arguments against the religious trying to shove their belief down your throat	0	0	1	0	0	1	1	0	0	1	1.0
5545	The use of public defenders should be mandatory	in favor of	Right now people can essentially pay their way out of jail by hiring a fancy lawyer, if everyone has to use public defenders the rich and poor will be on a more even playing field.	0	0	1	0	0	0	0	0	0	1	1.0
5429	Entrapment should be legalized	in favor of	entrapment is sometimes a necessary tool to get the needed proof of criminal activity.	0	0	1	0	0	1	0	0	0	0	1.0
1121	We should oppose collectivism	against	collectivism brings people together	0	1	1	0	1	1	0	0	0	1	1.0
2092	We should ban the Church of Scientology	against	the church of scientology is a choice of religion by many and a constitutional right to freedom of religion that needs to be upheld and respected.	0	0	1	0	0	0	1	0	1	1	1.0
6160	Holocaust denial should be a criminal offence	in favor of	holocaust denial is a preposterous denial of documented fact and is the seed to more dangerous opinions and actions that allow anti-semitism to fester and spread.	0	1	1	0	0	0	0	0	0	1	1.0
1826	We should abandon the use of school uniform	against	school uniform stops students from being bullied for their clothing	0	1	1	0	0	0	0	0	0	0	1.0
5786	Foster care brings more harm than good	against	foster care do not bring more harm than good because there are many trusted institutions that are taking care people more properly especially the older ones.	0	1	1	0	0	1	0	0	0	0	1.0
1549	We should limit judicial activism	in favor of	we should limit judicial activism so that we do not depart from the constitution.	0	0	1	0	0	0	0	0	1	0	1.0
4834	Europe should have stronger borders	in favor of	Europe can no longer afford to neglect to defend its external borders and promote policies that favor illegal migration and fuel human trafficking. Strong and effective borders are the pre-condition to any aspect of a common migration policy.	0	0	1	0	0	1	1	0	0	0	1.0
7235	We should punish illegal Immigrants and only accept legal immigrants.	in favor of	We would have to change asylum rules. Illegal immigrants will claim asylum after entering the country to attempt to make their entry legal. It then becomes a massive pain to deport them. Illegal entries must result in an automatic rejection of asylum claims.	0	0	1	0	0	0	0	0	0	1	1.0
5765	The vow of celibacy should be abandoned	against	celibacy is a major tenant of the catholic church and should be allowed to remain it is a freedom of practice of religion concept. it is a show of faithfulness to god,  a degree of purity most will never have.	0	0	1	0	0	0	1	0	1	0	1.0
5695	Social media brings more harm than good	in favor of	it is a platform that can harbor bullying and intimidation.	0	1	1	0	0	1	0	0	0	1	1.0
2801	We should introduce compulsory voting	against	we should not introduce compulsory voting because some people that are unable to read and or write will be voting	1	0	1	0	0	0	0	0	0	0	1.0
1777	We should legalize cannabis	against	cannabis can potentially provide a route into experimenting with harder drugs.	0	1	1	0	0	1	0	0	0	0	1.0
4084	We should end the use of economic sanctions	against	Economic sanctions are the only way that a country can be warned that we mean business, by harming their economy we can influence those in power to stop their damaging ways.	0	0	1	0	1	1	0	0	0	1	1.0
784	We should end the use of economic sanctions	against	economic sanctions are an effective way to signify that human rights abuses will not be tolerated.	1	0	1	0	0	1	1	0	0	1	1.0
5482	Payday loans should be banned	in favor of	payday lenders charge exorbitant interest rates which result in the borrower's financial situation getting much worse and the lenders prey on these desperate people	0	0	1	0	0	1	0	0	0	1	1.0
1769	We should limit judicial activism	in favor of	the judicial system requires independence, judicial activists undermine this independence and the practice should be limited.	0	0	1	0	0	0	1	0	0	1	1.0
5838	Entrapment should be legalized	in favor of	if entrapment can be used to get criminals off the streets, why should it be banned?	0	0	1	0	0	1	0	0	0	1	1.0
1317	We should end mandatory retirement	in favor of	if someone can still work they should be allowed. it will cause less strain on social security.	1	0	1	0	1	0	1	0	0	0	1.0
6789	Homeschooling should be banned	in favor of	homeschooling simply provides an extra opportunity for parents to push extremist beliefs onto children.	1	0	1	0	0	0	1	0	0	0	1.0
2056	We should end mandatory retirement	against	people are not always aware of their failing mental faculties and mandatory retirement is necessary.	1	0	1	0	0	0	0	0	0	1	1.0
1861	We should adopt a multi-party system	against	a multi-party system spreads votes out to thin,so as one leader can be victorious even though they did not receive the majority of the peoples' votes.	0	0	1	0	0	1	0	0	1	1	1.0
5792	Surrogacy should be banned	in favor of	surrogacy is just another term for baby selling which is against the law.	0	0	1	0	0	0	0	0	1	0	1.0
7080	We should legalize cannabis in the whole EU	against	Europeans must embrace true values that enhance life and standards of living.  Anything related to drugs, in whatever form, degenerates humanity.  Soon enough we will be legalizing 'theft' in an effort to improve GDP and growth, as European colonialists have done in Africa and Asia where oppression and exploitation ruled. 	0	1	1	0	0	1	0	1	1	1	1.0
3569	We should ban factory farming	in favor of	Factory agriculture can cause disasters in the economy and cause unfair competition with farmers	1	0	1	0	0	1	0	0	0	1	1.0
5309	Foreign Policy at the EU level should be based on an absolute majority, not unanimity	against	Vetos are occurring only rarely in the current EU voting procedure, which is focused on unanimity.	0	0	1	0	0	0	0	0	0	1	1.0
5499	Holocaust denial should be a criminal offence	in favor of	any argument that denies proven facts is classed as hate speech, not only is this toxic but it is also a verbal & mental attack, nobody seems to have this issue with the german's, so why is this any different?	0	1	1	0	0	1	0	0	0	1	1.0
4695	India should have 'One Nation - One Election' policy 	in favor of	Less disruption to public life, less road traffic, and less loss to our economy. As all the government staff can be used at a single time, we can also increase vigilance, and factors like black money, booth capturing, etc. can be reduced.	1	0	1	0	1	1	1	0	0	0	1.0
7114	We should make zero/low waste products more affordable	in favor of	We should tax items based on the sustainability goals of the United Nations. They are internationally recognized & very precise. As far as I know, all or most countries have agreed on these goals. The financial sector is starting to implement them and there are already internationally recognized lists which specify the details.	0	0	1	0	0	0	0	0	0	1	1.0
7166	We should punish illegal Immigrants and only accept legal immigrants.	in favor of	We would have to change asylum rules. Illegal immigrants will claim asylum after entering the country to attempt to make their entry legal. It then becomes a massive pain to deport them. Illegal entries must result in an automatic rejection of asylum claims.	0	0	1	0	1	1	0	0	0	1	1.0
7067	We should limit the use of fireworks	in favor of	Fireworks are an especially selfish source of entertainment.	0	1	1	0	0	1	0	0	0	1	1.0
811	We should limit judicial activism	against	judicial activism,  bringing a personal touch of the judge,  is  the best way to apply laws and rules for our society.	0	0	1	0	0	1	1	0	0	1	1.0
5067	We need to ensure improvements to the European Union's decision-making processes with increased transparency and accountability	in favor of	We all want to see transparent, democratic, and value-based policy-making.  The right to good administration is embedded in the Charter of Fundamental Rights and should guide the EU's actions.	0	1	1	0	0	0	0	0	1	1	1.0
5291	The EU should engage in development cooperation with the global South.	in favor of	The EU must ensure that all products entering the EU are grown, manufactured, and grown to certain standards. This should ensure that people in the south have a dignified life. To achieve this goal might be helpful to have European Law state that all imports should have certain labels such as Fair Trade, etc.	0	0	1	0	0	1	0	0	0	1	1.0
2067	We should ban telemarketing	in favor of	telemarketing intrudes on the personal lives of people through unwanted calls and unsolicited mail, therefore it should be banned.	0	0	1	0	0	1	1	0	0	0	1.0
4205	We should subsidize embryonic stem cell research	against	there is no place for embryonic stem cell research in modern society and he practice should not be encouraged through subsidization.	0	0	1	0	0	1	1	0	0	0	1.0
3051	We should legalize prostitution	against	We should not legalize prostitution as it will only lead to more people trafficking and underage people being lured into this kind of work as people seek to make more money .	0	0	1	0	0	1	0	0	0	1	1.0
1837	We should ban missionary work	in favor of	missionaries basically bribe the poor to change to their religion.	0	0	1	0	0	0	1	1	1	0	1.0
3561	We should adopt a zero-tolerance policy in schools	in favor of	being permissive of disruptive behavior is unfair to well-behaved students.	0	1	1	0	0	1	0	0	0	1	1.0
5645	Entrapment should be legalized	against	it makes some people do things they usually would not do and that isn't right	0	1	1	0	0	0	0	0	0	1	1.0
892	We should ban targeted killing	in favor of	targeted killings need to stop because the bad guys need to be caught and brought to trial if possible	0	1	1	0	0	1	0	0	0	1	1.0
93	We should adopt libertarianism	against	there are so many people in the world we all have to appreciate that we need to adopt certain rules and etiquette which everyone follows, if everyone pleased themselves no one would help each other.	0	1	1	0	0	1	0	0	0	0	1.0
1189	We should abolish the Olympic Games	against	we should not abolish the olympic games because it brings the world together to celebrate sporting greatness.	1	0	1	0	0	1	0	0	1	1	1.0
2292	We should end mandatory retirement	in favor of	A system that fires the competent along with the incompetent solely because of age is irrational and cruel	1	0	1	0	0	1	1	0	0	1	1.0
5946	We should abandon television	in favor of	television should be abandoned because it causes people to be lazy and unproductive in their lives.	1	1	1	0	0	1	0	0	0	0	1.0
3248	We should oppose collectivism	against	collectivism is a way to keep people in line and following the group.	0	0	1	0	0	1	1	0	0	1	1.0
1819	We should abolish capital punishment	in favor of	we should abolish capital punishment because sometimes people are wrongfully accused and once dead cannot bring them back so life in prison is better	0	1	1	0	0	1	0	0	0	1	1.0
5724	We should abandon television	against	we shouldn't abandon television as it is some people's only form of news and entertainment, it could lead to them them being misinformed about certain things	1	1	1	1	0	1	1	1	0	1	1.0
3332	We should abolish the three-strikes laws	against	we should not abolish the three-strikes laws because they result in reduced crime rates	0	0	1	0	0	1	0	0	0	0	1.0
3055	We should abolish the three-strikes laws	against	the three-strikes law shouldn't be abolished because by having the law it keeps repeat offenders in prisons and gets them off of the streets.	0	0	1	0	0	1	0	0	0	0	1.0
6527	Holocaust denial should be a criminal offence	against	if one does not believe that the holocaust occurred, then that is there right to practice freedom of speech as defined in the constitution.	0	0	1	0	0	0	1	0	0	0	1.0
1779	We should ban telemarketing	in favor of	we should ban telemarketing because it is annoying and there is no way to tell if the offer is legitimate.	0	1	1	0	0	1	1	0	0	0	1.0
893	We should fight for the abolition of nuclear weapons	against	The risk of nuclear war has made great powers more likely to turn to negotiation and cooperation to settle disputes, and abolishing nuclear weapons would make war less costly and more likely.	0	0	1	0	1	1	0	0	0	1	1.0
6861	Entrapment should be legalized	in favor of	entrapment will allow the authorities to arrest those with inclination towards crime and wrongdoing making society safer as a whole	0	0	1	0	0	1	0	0	0	0	1.0
4063	We should abolish the three-strikes laws	against	if someone is habitually offending, they deserve to be punished on the harshest level.	0	1	1	0	0	1	0	0	0	1	1.0
2190	We should adopt libertarianism	against	allowing unfettered libertarianism will result in more crime and more income disparity	0	0	1	0	0	1	0	0	0	1	1.0
6666	Holocaust denial should be a criminal offence	in favor of	holocaust denial is a hate crime, and should be punished accordingly.	0	1	1	0	0	1	0	0	0	1	1.0
1944	We should ban the Church of Scientology	in favor of	We should ban the Church of Scientology as it does not behave in an open and transparent manner, and therefore causes issues in society.	0	1	1	0	0	1	0	0	0	0	1.0
5761	Entrapment should be legalized	against	entrapment shouldn't be legal because it forces people into uncomfortable situations and can put truly innocent people in prison because of a choice they were forced to make because a cop tricked them.	0	1	1	0	0	1	1	0	0	1	1.0
5674	We should subsidize vocational education	against	vocational education doesn't need to be subsidized.  it's an option and is up to the person to choose it and subsequently pay for it as well.	1	1	1	0	1	0	1	0	0	0	1.0
2802	We should ban private military companies	in favor of	private military companies are dangerous.  they are nothing more than mercenaries following the whims of their boss.	0	0	1	0	0	1	0	0	0	1	1.0
4765	Uniforms should be mandatory in schools	in favor of	If the children are used to uniforms, they will no issues in the future if their profession demands uniform.	0	0	1	0	0	0	0	0	0	0	1.0
2441	We should legalize organ trade	in favor of	We should legalize the organ trade so that operations are performed safely by licensed physicians in hospitals.	1	1	1	0	0	1	0	0	0	0	1.0
6538	Assisted suicide should be a criminal offence	in favor of	assisted suicide should be a criminal offense because it's just a different name for murder	0	1	1	0	0	1	0	0	0	0	1.0
3746	We should cancel pride parades	in favor of	pride parades do the exact opposite of what they're meant to.  instead of making themselves part of the community, they're making themselves stand apart	0	0	1	0	0	1	0	0	1	1	1.0
1378	We should legalize cannabis	against	marijuana use harms cognitive function -- especially long-term memory -- and is particularly dangerous to the brain development of children and teens.	1	0	1	0	0	1	0	0	0	0	1.0
242	We should adopt gender-neutral language	in favor of	many people do not feel comfortable with their gender and feel offended when we use inappropriate words	0	1	1	0	0	1	0	0	0	1	1.0
3931	We should adopt gender-neutral language	in favor of	with todays progression it only makes sense, then we wont insult people.	0	0	1	0	0	0	0	0	0	1	1.0
1795	We should legalize cannabis	against	the use of cannabis does not stop there.  many go for the next high of hashish.  then on to other drugs.  cannabis should not be allowed to stop this progressions.	0	1	1	0	0	0	0	0	0	0	1.0
2433	We should ban missionary work	in favor of	missionary work often only benefits the missionary.  those that are targeted are often left worse off after the missionary leaves, having been given a taste of first world things then left to rot	0	0	1	0	0	0	0	0	0	1	1.0
204	We should adopt a zero-tolerance policy in schools	in favor of	a zero tolerance policy will scare the children into behaving and following the rules.	0	0	1	0	0	0	0	0	0	0	1.0
461	We should ban missionary work	against	Missionary work has helped to civilize entire socities.	0	1	1	0	0	1	0	0	1	0	1.0
1234	We should adopt gender-neutral language	in favor of	"the words ""he"" and ""she"" are a way of labeling human beings and not everyone feels like they fit into either of these categories. by doing away with gender specific words you will make everyone feel the same."	0	1	1	0	0	1	0	0	0	1	1.0
5210	There should be no immigration from non-European or non-first-world countries 	against	In Conclusion, we should say: 'Europeans go home. Go home, leave every part of the world where we are making business, exploiting cheap labor, rare minerals, selling arms, invading foreign countries and exporting democracy, etc. '	0	1	1	0	0	0	1	0	0	1	1.0
1551	We should legalize prostitution	against	legalizing prostitution would erode moral values and reduce the safety of women so it should never be legal.	0	0	1	0	0	1	0	0	1	0	1.0
463	We should adopt atheism	against	many people use religion to connect with their family as well as loved ones that are no longer alive - losing this comforting connection would be devastating for some.	0	1	1	1	0	0	1	0	1	0	1.0
3124	We should abolish the three-strikes laws	against	Three strike laws take habitual offenders off the street, reducing overall crime.	0	0	1	0	0	1	0	0	0	1	1.0
503	We should legalize cannabis	against	sale of cannabis should not be legalized because it is a dangerous drug and as such is a public health concern	0	0	1	0	0	1	0	0	0	0	1.0
2316	We should ban private military companies	in favor of	the do not abide by the same rules and regulations of a government run military and need to be banned.	0	0	1	0	0	0	0	0	0	1	1.0
7264	We should introduce digital identity authentication on social media that has more than 100,000 users	in favor of	A good idea to end online trolls and haters. Easy to set up, it is a very good short-term solution, but fake news, unfortunately, escapes this regulation. So there is a need for other measures to attack the algorithms of the social networks themselves.	0	1	1	0	0	0	0	0	0	1	1.0
4882	We need a common migration and asylum policy, based on respect for rights and equal treatment	against	The EU should treat economic migrants with more vigilance. They cannot be the solution to the aging European population. We need more focus on border control to curb illegal migration. 	1	1	1	0	1	1	1	0	0	0	1.0
3039	We should ban human cloning	in favor of	if we begin to play god with our scientific advances that could very well lead to our demise.	0	0	1	0	0	1	0	0	0	1	1.0
2535	We should fight for the abolition of nuclear weapons	against	the threat of nuclear weapons can keep some of the more radical governments in check.	0	1	1	0	1	1	0	0	0	1	1.0
6025	Homeopathy brings more harm than good	in favor of	homeopathy can be dangerous and is not regulated	0	1	1	0	1	1	0	0	0	1	1.0
5723	Intelligence tests bring more harm than good	against	intelligence tests are a way to get a good idea of how smart someone is, even if the results aren't necessarily 100% accurate they give a good base to judge people on.	1	0	1	0	1	1	0	0	1	1	1.0
4721	Triple Talaq should be abolished	in favor of	Triple Talaq does not follow Quranic guidelines of discussion, arbitration to settle disputes, witnesses to divorce, the specified time period to reconcile, or even a genuine attempt to resolve differences.	0	0	1	0	0	0	0	0	0	1	1.0
4923	The Commission should take care of the administration of camps where migrants and asylum seekers are kept.	against	All refugee camps should be closed. And illegals moved back to the last country they left. 	0	0	1	0	0	1	0	0	0	1	1.0
598	We should legalize prostitution	against	legalizing prostitution can many women as well as children vulnerable to the dangerous and immoral legal acceptance of prostitution.	0	1	1	0	0	1	0	0	0	0	1.0
5771	Holocaust denial should be a criminal offence	against	Criminalizing holocaust denial gives alt-right organizations a way to play the victim of the state and boost popularity and recruitment.	0	0	1	0	0	1	1	0	0	1	1.0
2277	We should abolish the right to keep and bear arms	in favor of	Guns are designed to kill people, we should be doing everything possible to destroy them and stop their production to save lives, allowing people to keep and bear arms does the absolute opposite of this.	0	1	1	0	0	1	0	0	0	1	1.0
1811	We should subsidize embryonic stem cell research	against	this type of investigations always end up perverting and end up fulfilling dark objectives	0	0	1	0	0	0	0	0	0	0	1.0
3883	We should legalize prostitution	against	Legalizing prostitution won't do away with it, it will just make it more prevalent and will push more people to sell their body.	0	0	1	1	0	1	1	0	0	1	1.0
5432	The vow of celibacy should be abandoned	against	celibacy goes in accordance with their religion so it wouldn't make sense to abandon it	0	1	1	0	0	0	0	0	1	1	1.0
3349	We should ban private military companies	in favor of	Private military companies lack the principles and morality of legislated military and are more prone to commits war crimes.	0	0	1	0	0	1	1	0	0	1	1.0
6012	Social media brings more harm than good	in favor of	Social media sucks people in and causes them to waste time they could be using productively.	0	0	1	0	0	0	1	0	0	0	1.0
4787	There should be a ban on Bandhs	in favor of	Most of the bandhs results in violence. Some political parties and organizations intentionally causes violence by setting public properties on fire, by destroying vehicles and by injuring the common people.	0	0	1	0	0	1	0	0	0	0	1.0
3587	We should prohibit school prayer	against	freedom of religion should be considered first and foremost even for minors.	0	0	1	0	0	0	1	0	1	1	1.0
4912	The European Union should implement a EU wide carbon tax	in favor of	Eventually, the best solution would be a world wide agreement (as within OECD and like minded) such as the global minimum tax rate.	0	0	1	0	0	0	0	0	0	1	1.0
3334	We should ban cosmetic surgery for minors	in favor of	minors do not have the legal right to make that type if decision.	0	1	1	0	0	1	0	0	0	1	1.0
4190	We should ban human cloning	in favor of	we should ban human cloning as humans should not play god and it raises a moral issue.	0	0	1	0	0	0	0	0	1	1	1.0
5713	Payday loans should be banned	against	payday loans offer a last resort to the economically marginalized.	0	1	1	0	0	0	1	0	0	1	1.0
4379	We should ban targeted killing	in favor of	selective murder should be prohibited is something scandalous for society and nobody has the right to order the death of another person	0	0	1	0	0	1	0	0	0	1	1.0
5436	Homeschooling should be banned	in favor of	children have a right to education and ignorant parents that think they are more qualified than they are should not have tyranny over that right	1	0	1	0	0	1	0	0	0	0	1.0
3671	We should adopt a zero-tolerance policy in schools	in favor of	we should adopt a zero-tolerance policy because it will keep kids disciplined and the schools will be safer	0	0	1	0	0	1	0	0	0	0	1.0
2747	We should adopt atheism	in favor of	we should adopt atheism so as not to be tied to doing things by some religions	0	0	1	0	0	1	1	1	0	1	1.0
1746	We should ban missionary work	in favor of	missionary work can be viewed as the exploitation of a disadvantaged culture by a privileged culture.	0	0	1	0	0	0	1	0	1	1	1.0
5736	Homeschooling should be banned	in favor of	homeschooling a child denies them valuable lifeskills, particularly interaction with their own age group and all experiences stemming from this.	1	1	1	0	1	1	0	1	1	0	1.0
6054	The use of public defenders should be mandatory	against	public defenders should not be mandatory because it will affect peoples cases since they can physical tell them your story	0	0	1	0	0	0	0	0	0	1	1.0
3477	We should end the use of economic sanctions	against	economic sanctions are a good way to get things to happen in a target area	1	1	1	0	1	1	0	0	0	0	1.0
5015	The EU should implement a common pension fund	in favor of	The EU has some rules on how social security systems are coordinated (Regulation 883/2004/EC). EU rules ensure that the pension rights accrued in each country are added together and paid out by the pension insurance institution of the Member State of affiliation. But the bureaucratic nightmare is probably just as guaranteed.  A better solution would be a transparent and digital platform that collects pension entitlements from all EU member states. That way, every citizen would have an overview of his or her pension entitlements at all times, not just until when they are due.	0	1	1	0	1	1	1	0	0	1	1.0
2428	We should ban cosmetic surgery	in favor of	cosmetic surgery is a frivolous waste of resources and should be banned. it takes medical time away from those  in need. cosmetic surgery promotes vanity and self absorption.	0	0	1	0	1	0	0	0	0	1	1.0
1983	We should ban cosmetic surgery	in favor of	cosmetic surgery causes unnecessary risks to the patient for a purely narcissistic procedure.	0	1	1	0	0	1	0	0	0	0	1.0
1028	We should abolish the three-strikes laws	against	you can only give someone so many chances. if they have not learnt by the third time it is unlikely they will learn at all.	0	1	1	0	1	1	1	0	1	0	1.0
1040	We should subsidize embryonic stem cell research	against	embryonic stem cell research is immoral.	0	0	1	0	0	0	0	0	1	1	1.0
4678	We should stop using cash	against	A cashless economy will increase the number of cybercrimes.	0	0	1	0	0	1	0	0	0	1	1.0
6200	Payday loans should be banned	in favor of	payday loans are legalized usury and lead families into a debt trap that they can never escape.	0	1	1	0	0	1	0	0	1	0	1.0
3363	We should legalize organ trade	against	The risk of giving an organ or even part of an organ is very high.	0	0	1	0	0	1	0	0	0	0	1.0
754	We should adopt an austerity regime	in favor of	we should adopt an austerity regime so that future generations are not left t0 pay the debts that we rack up.	1	1	1	0	1	1	0	0	0	1	1.0
4449	We should ban telemarketing	in favor of	i agree that we should ban telemarketing as it is a nuisance and is often unable to be differentiated from scammers	0	1	1	0	0	0	0	0	0	0	1.0
2640	We should end the use of economic sanctions	against	economic sanctions keep people from doing bad by costing them precious money	0	0	1	0	1	1	0	0	0	0	1.0
1191	We should abolish the three-strikes laws	in favor of	Recidivism rates are highly unlikely to go down after a third crime; it is therefore just to remove this person from society.	0	0	1	0	0	1	0	0	0	1	1.0
706	We should adopt a zero-tolerance policy in schools	in favor of	Some violent and extreme behaviours in schools deserve a fierce and sharp reaction.	0	0	1	0	1	1	0	0	0	1	1.0
6985	Adultery should be criminalized	in favor of	Fear of law can deter people from committing adultery.	0	0	1	0	0	0	0	0	0	0	1.0
7226	We should remove unauthorized asylum seekers and migrants	against	Everyone has the right to be wrong sometimes. Everyone (immigrants and Europeans) should behave well, but I think it depends a lot on the level of inclusion of these people.  If we manage to be a welcoming continent, the people who come will thank us by being part of society.	0	0	1	0	0	1	0	0	0	0	1.0
2408	We should introduce compulsory voting	against	compulsory voting violates our rights.	0	0	1	0	0	0	1	0	0	0	1.0
2750	We should limit judicial activism	in favor of	judicial activism should be limited because law making is best done by the legislative and executive branches of government	0	0	1	0	1	0	0	0	0	1	1.0
6958	Cattle slaughter should be banned	in favor of	It is our responsibility to stop cruelty against animals. Article 48 of the Indian constitution mentions that the state should take steps in prohibiting the slaughter of cattle. Many slaughterhouses are still not following the rules to not harass the animals while killing. Animals are subjected to intense suffering at most slaughterhouses.	0	1	1	0	0	0	0	0	0	1	1.0
1354	We should abolish capital punishment	against	Capital punishment makes the risk of committing a crime that you permanently lose your life and everything that matters to you, increasing the deterrence of the legal system.	0	0	1	0	1	1	0	0	0	1	1.0
870	We should cancel pride parades	in favor of	they are a waste of public resources.  policing these events costs a lot of money and to what end?	0	1	1	0	0	1	0	0	1	1	1.0
2717	We should ban cosmetic surgery	in favor of	there are so many bogus cosmetic surgery out there that it needs to be banned before we have a bunch of freaks walking the earth.	0	1	1	0	0	1	0	0	0	0	1.0
1376	We should adopt a zero-tolerance policy in schools	in favor of	i think it is a very appropriate method given the physical and psychological violence that exists in schools today.	0	0	1	0	0	1	0	0	0	1	1.0
5770	Homeschooling should be banned	in favor of	all children should receive the same education to ensure a standard of learning is established.	1	0	1	0	1	0	1	0	0	1	1.0
283	We should adopt libertarianism	in favor of	we should adopt libertarianism because it cause less outside interference in your personal life	0	1	1	0	0	0	1	1	0	0	1.0
5216	Humanitarian organizations should be financially responsible in relation to illegal immigration.	in favor of	A humanitarian association that helps a migrant to enter the EU illegally, should be required to provide financial support in dignified conditions. 	0	1	1	0	0	1	0	0	0	0	1.0
7314	We should restrict minors from playing online games.	against	Children's addiction to games may not be a problem of games in essence, but a comprehensive problem of family education, children's habits, hobby training and so on.	1	1	1	0	0	0	0	0	0	0	1.0
4829	Cohesion funds should be provided directly to cities and regions	in favor of	The cohesion funds have become a mechanism for local oligarchs and political elites to maintain their power and influence within national contexts, thus resulting in utilizing EU funds for their own personal or political gains and withholding the benefits from the people in cities and regions.	0	0	1	0	1	0	0	0	0	1	1.0
7160	We should remove illegal immigrants.	in favor of	EU must take action. Help those in need, but only those who respect legal boundaries. Mutual respect is a cornerstone in this subject where we must set limits to protect Europe. 	0	1	1	0	0	1	0	0	0	0	1.0
5376	Food whose production has been subsidized with EU funds should not be allowed to be exported to developing countries.	in favor of	The subsidies were originally intended to ensure the security of supply for the European population. But when you export subsidized food, it's at the expense of European taxpayers. Export yes, but then no more subsidies for these products.	0	1	1	0	0	1	0	0	0	1	1.0
3244	We should abandon the use of school uniform	against	this practice insures students are all equal in dress and ensures students will not come to school in inappropriate clothing.	0	0	1	0	0	1	0	0	0	1	1.0
4582	We should strengthen laws to fight against terrorism	against	This bill gave exclusive powers to the ‘National Investigation Agency’ (NIA). NIA can take any person into their custody under UAPA without taking prior permission from the state government. This is against the federalism, which is guaranteed by the constitution of India.	0	0	1	0	0	0	1	0	1	1	1.0
5293	Immigrants should learn the language of their host country.	in favor of	Helping migrants learn the language and culture of the country they are living in are critical to successful integration. Language and norms of the job market and workplace should also be built in.	1	0	1	0	0	1	0	0	1	0	1.0
2588	We should limit judicial activism	in favor of	judicial activism should be limited as judges should stick to their job and not try to grandstand on issues to gain popularity.	0	1	1	0	0	0	0	0	0	1	1.0
2164	We should adopt gender-neutral language	in favor of	we should adopt gender-neutral language so nobody will get offended	0	0	1	0	0	1	0	0	0	1	1.0
6475	Surrogacy should be banned	in favor of	Surrogacy can cause legal problems on the paternal rights for the child.	0	1	1	0	0	0	0	0	1	0	1.0
2124	We should abolish the three-strikes laws	against	the three strikes law teaches criminals you will no longer be able to keep committing crimes and getting away with it.	0	0	1	0	1	1	0	0	0	0	1.0
3122	We should legalize cannabis	in favor of	cannabis should be legalized with the same limitations as alcohol	0	0	1	1	0	0	1	0	0	0	1.0
994	We should legalize sex selection	against	sex is determined at birth and not something a person should be allowed to change or decide for themselves.	0	0	1	0	0	0	0	0	1	1	1.0
4378	We should abolish the three-strikes laws	against	the three-strikes laws helps deter people from committing further crimes	0	0	1	0	1	1	0	0	0	0	1.0
1280	We should ban the Church of Scientology	in favor of	the veracity of scientology has been sufficiently questioned as to not accept churches of scientology	0	1	1	0	1	0	1	0	0	1	1.0
6136	Assisted suicide should be a criminal offence	in favor of	assisted suicide should be a criminal offence because it would be very easy  to murder a vulnerable relative in order to get an inheritance.	0	1	1	0	0	1	0	0	0	1	1.0
6275	Blockade of the Gaza Strip should be ended	against	the blockade of the gaza strip is a reasonable response to the crimes committed by hamas members.	0	0	1	0	1	1	0	0	0	1	1.0
5719	Entrapment should be legalized	in favor of	valuable information can often be gained through entrapment	1	1	1	0	0	1	0	0	0	0	1.0
3103	We should stop the development of autonomous cars	against	autonomous cars eliminate the hazards of driving distracted and drunk driving.  removing these hazards from our roadways will make us all safer.	0	0	1	0	0	1	0	0	0	0	1.0
1578	We should adopt gender-neutral language	in favor of	some people classify themselves as gender neutral and we should respect them with our language	0	0	1	0	0	0	0	0	0	1	1.0
6959	Cattle slaughter should be banned	against	Taking action against illegal slaughterhouses is the right step, but banning entire cattle slaughter may not be the right decision by the central government. There are food security and livelihood security issues. It is the responsibility of the government to respect everyone’s choices equally.	0	0	1	1	0	1	1	0	0	1	1.0
4101	We should limit judicial activism	in favor of	judicial activism can skew the law and make it unfair so we should limit judicial activism.	0	0	1	0	0	0	0	0	0	1	1.0
5110	The EU should enforce the obligation to respect the Rule of Law within its borders	in favor of	It is absolutely necessary that we have a system of accountability, both for member states and other countries. Human rights and liberties always come first!	0	0	1	0	0	0	1	0	0	1	1.0
2659	We should ban telemarketing	in favor of	telemarketers  try to force a product or service without caring if you even need it	0	1	1	0	0	0	0	0	0	0	1.0
2064	We should ban human cloning	in favor of	this is an unnatural process that should be against the law.	0	0	1	0	0	0	0	0	1	1	1.0
6018	Holocaust denial should be a criminal offence	in favor of	Holocaust denial should be a criminal offence so that it is possible for liberal democratic societies to crack down on fascism early, rather than let it grow like a weed.	0	0	1	0	1	1	0	0	0	1	1.0
2726	We should legalize prostitution	in favor of	legalizing prostitution would allow the government to regulate prostitution and make it safer.	0	0	1	0	1	1	0	0	0	1	1.0
5867	The vow of celibacy should be abandoned	against	the vow of celibacy should not be abandoned because that is part of some religions	0	0	1	0	0	0	0	0	1	0	1.0
3474	We should abolish safe spaces	against	We should not abolish safe spaces because sometimes limits on certain types of speech are necessary to preserve other types of speech.	0	0	1	0	0	1	1	0	0	1	1.0
5098	The EU government should encourage people to eat less meat	against	No, this is a horrible idea to force people to go vegan. While I agree that we, as a society, are eating too much meat, which is bad for both the environment and our health, this will only create tension and anger towards the EU. 	0	0	1	0	0	1	1	0	0	1	1.0
4680	All countries should take responsibility for accepting refugees	in favor of	Refugees are forcibly displaced. They flee their country for several reasons such as violence, human rights violations, war, persecution of minorities, etc. Often they face threats to life in their home countries. They leave their homes and everything else in search of a safer place to live.	0	1	1	0	0	1	0	0	0	1	1.0
2686	We should legalize cannabis	against	cannabis should be not be legalized because it is a mind-altering drug that has many negative side effects.	0	1	1	0	0	1	0	0	0	0	1.0
3004	We should ban telemarketing	in favor of	telemarketing is an invasion of privacy, especially when they call at late hours, during meals and/or repetitively even after asking for the call to stop.	0	0	1	0	0	0	1	0	0	0	1.0
6390	We should abandon television	in favor of	"television is a medium that no longer provides anything but mind-numbing ""entertainment"""	1	0	1	0	0	0	0	0	0	0	1.0
6405	Holocaust denial should be a criminal offence	in favor of	to deny the holocaust allows for the increase of hate crimes and disregards the lives of so many who have been brutally murdered.	0	0	1	0	0	1	0	0	0	1	1.0
5870	Entrapment should be legalized	against	entrapment could lead to people being charged with crimes that they wouldn't have committed if the opportunity wasn't presented to them and should therefore not be legalized	0	1	1	0	0	0	1	0	0	1	1.0
3608	We should legalize prostitution	in favor of	legalizing prostitution will allow it to be carried out in a safe environment	0	1	1	0	0	1	1	1	0	0	1.0
6045	Homeschooling should be banned	in favor of	many parents aren't educated well enough to teach their children.	1	1	1	0	0	1	0	0	0	0	1.0
1296	We should legalize organ trade	against	we shouldn't legalize organ trade because is horror for familiys	0	1	1	0	0	0	0	0	0	0	1.0
2449	We should abolish capital punishment	against	Capital punishment incentivizes criminals to work with and confess to police as a means of potentially reducing their sentence and avoiding death, even if ti means life without parole.	1	1	1	0	1	1	0	0	0	1	1.0
5671	Payday loans should be banned	in favor of	payday loans only serve to get people into more money troubles.	1	1	1	0	1	1	0	0	0	0	1.0
3495	We should ban cosmetic surgery for minors	in favor of	the drive around cosmetic surgery and body modification of minor should be nipped in the bud. a minor should be concerned about academics not cosmetics.	1	0	1	0	0	0	0	0	0	0	1.0
6740	The vow of celibacy should be abandoned	in favor of	the vow of celibacy has been shown to be more of a distraction than actually allowing marriage.  this vow should be removed to improve the clergy.	0	0	1	0	0	1	0	0	1	1	1.0
5286	The EU should be a permanent member of the UN Security Council.	in favor of	It is a good idea that France should coordinate its positions on the UN Security Council with the EU or leave its seat to the EU entirely. This way foreign policy decision-making within the EU can be made more straightforward.	1	0	1	0	1	0	1	0	0	0	1.0
4380	We should ban cosmetic surgery for minors	in favor of	minors should not get plastic surgery because they are not old enough to make the decision nor have their bodies fully developed.	1	1	1	0	0	1	0	0	0	0	1.0
3270	We should limit judicial activism	in favor of	sometimes the laws of the lands contradict a justified action.	0	0	1	0	1	0	0	0	0	1	1.0
2087	We should cancel pride parades	in favor of	some pride parades can get overtly sexual, blurring the line of public decency.	0	0	1	0	0	0	1	0	1	0	1.0
6764	Payday loans should be banned	in favor of	this type of loans is not allowed by state law or because the lenders decided not to do business on the interest rate and the allowable installments in those states.	0	0	1	0	0	0	0	0	0	0	1.0
1240	We should adopt an austerity regime	against	an austerity regime will be a disaster.   people will lose jobs as programs are cut and this could lead to riots and unrest as it did in greece in 2011.	0	0	1	0	1	1	0	0	0	1	1.0
6645	Foster care brings more harm than good	in favor of	Foster care children may have many adverse outcomes that persist throughout childhood, such as poor peer relationships, behavioral problems, or other mental health difficulties	1	1	1	0	0	1	0	0	0	0	1.0
1572	We should adopt an austerity regime	in favor of	an austerity regime would save money for the country.	0	0	1	0	1	1	0	0	0	0	1.0
4045	We should ban telemarketing	in favor of	Telemarketing is a waste of time for all parties involved and  rarely results in a sale for the company doing the telemarketing and provides a disturbance in the lives of those who are called	1	0	1	1	0	0	1	0	0	0	1.0
1059	We should introduce compulsory voting	against	we live in a democratic society and people should not be forced to vote if they dont want to	0	0	1	0	0	1	1	0	0	0	1.0
931	We should subsidize Wikipedia	against	wikipedia is a private entity and is responsible for its own operating costs	1	1	1	0	1	1	1	0	0	0	1.0
5182	The EU should recognize Taiwan as an independent sovereign state	in favor of	China is acting against European values and violating intellectual property rights.	0	0	1	0	0	0	0	0	1	0	1.0
5938	The use of public defenders should be mandatory	in favor of	"using public defenders would level the playing field in the court of law; people would be less likely to be able to ""buy their way out"" of legal troubles."	0	0	1	0	0	0	0	0	0	1	1.0
256	We should end mandatory retirement	in favor of	mandatory retirement should be ended as it is unfair on older people.	0	0	1	0	1	0	1	0	0	1	1.0
5850	Social media brings more harm than good	in favor of	social media is addictive. people are spending more time in virtual worlds and less time experiencing  personal human interactions.	0	0	1	0	0	0	0	1	0	0	1.0
5966	Social media brings more harm than good	in favor of	social media fosters unaccountable hate speech and animosity towards others.	0	0	1	0	0	0	0	0	0	1	1.0
1581	We should abolish the right to keep and bear arms	in favor of	there have been too many terrible shootings where the perpetrator has found it easy to amass weapons. making th is harder may limit these shootings.	0	1	1	0	0	1	0	0	0	0	1.0
6225	Surrogacy should be banned	in favor of	surrogacy  creates complicated mental situations for the mother and adoptive mother, using a child as a bargaining tool.	0	1	1	0	0	0	0	0	0	0	1.0
5324	Permanent non-EU nationals who are living in the European Union should have more rights.	against	Paying taxes is not enough need, if you want to become a citizen with full rights you need t fully embrace the country you live in.	0	0	1	0	0	1	0	0	1	1	1.0
6196	The use of public defenders should be mandatory	in favor of	the use of public defenders ensures that everybody, irrespective of status, has access to legal representation: this is a basic human right.	0	0	1	0	0	1	0	0	0	1	1.0
6126	We should abandon television	in favor of	we should abandon television because it is a waste of time. people could get so much more done without it.	1	1	1	0	0	0	1	1	0	0	1.0
4621	IT recruiters should consider skills instead of a degree in programming	in favor of	In many of India’s engineering colleges, we can easily pass the subjects even if do not have much knowledge in those subjects. That is the reason many companies are not able to find suitable talent even if there are so many eligible graduates. So, the willingness to become an expert in the field is more important than a degree. 	1	1	1	0	0	0	1	0	0	0	1.0
3218	We should abolish capital punishment	in favor of	capital punishment should absolutely be abolished because it is inhumane to kill a person no matter how badly they behave. an eye for an eye makes the whole world blind.	0	1	1	0	0	1	0	0	0	1	1.0
3208	We should abolish the three-strikes laws	against	if a person has been arrested for three crimes they have not learned from their mistakes but see being a criminal as a lifestyle.   let's put those people behind bars and prevent more crimes.	0	1	1	0	0	1	0	0	0	1	1.0
5054	We need to ensure improvements to the European Union's decision-making processes with increased transparency and accountability	in favor of	 It is also very important that the EU does not destroy national progressive labor laws and social protection provisions in third-party countries via Agreements as it tried with Switzerland and the Institutional Framework Agreement. 	0	0	1	0	0	1	0	0	0	1	1.0
538	We should adopt a multi-party system	against	a multiparty system blurs the citizenship of a vision and model of country. we should not adopt a multiparty system because it would waste valuable time to agree	1	0	1	0	0	1	0	0	0	0	1.0
4732	Women are better managers than men	in favor of	They are good time managers. As most of the women today manage work and home, they can prioritize their time well.	1	1	1	0	0	0	0	0	0	1	1.0
3967	We should legalize sex selection	against	most people believe that sex selection is immoral and unethical and leads to serious societal issues.	0	0	1	0	0	1	0	0	0	0	1.0
2180	We should limit executive compensation	in favor of	executives that award their own salaries have shown they can not show restraint	0	1	1	0	0	0	0	0	0	1	1.0
2148	We should abolish the three-strikes laws	in favor of	three strikes is too many in some cases.  if people know they have three chances, they will not be deterred from using that to their advantage.	0	0	1	0	1	1	0	0	0	1	1.0
386	We should fight for the abolition of nuclear weapons	against	nuclear weapons help keep peace. it's an assurance policy. everyone knows that everyone loses if nuclear war breaks out. this keeps countries in line so as not to provoke a nuclear attack.	0	0	1	0	1	1	0	0	0	1	1.0
3442	We should adopt a multi-party system	against	Multiple-party systems often have candidates with radical views whereas two-party systems tend to be more moderate.	0	1	1	0	1	1	0	0	1	0	1.0
1645	We should stop the development of autonomous cars	against	we should not because it will cause much less accidents on the road.	1	1	1	0	0	1	0	0	0	0	1.0
6168	Entrapment should be legalized	against	entrapment is wrong since a person is almost coerced into committing a crime. it's cruel and wrong to trick a person into committing a crime.	0	1	1	0	0	1	0	0	0	1	1.0
399	We should ban the Church of Scientology	in favor of	we should ban the church of scientology because they brainwash their members into giving them huge sums of money.	0	1	1	0	0	1	1	0	0	0	1.0
6130	The vow of celibacy should be abandoned	against	the vow of celibacy shouldn't be abandoned for the divinity and holy spirit	0	0	1	0	0	0	0	0	1	0	1.0
4157	We should ban targeted killing	against	some people are evil and do no deserve to live	0	0	1	0	0	1	0	0	0	1	1.0
3651	We should limit judicial activism	against	we have to respect the view of judges so they need to have the freedom to express judicial activism.	0	0	1	0	1	0	1	0	1	0	1.0
2499	We should abolish safe spaces	against	we adhere to these principles and these spaces to guarantee behaviors that make us feel safe, therefore safe spaces should not be abolished	0	0	1	0	0	1	1	0	0	0	1.0
2537	We should legalize sex selection	against	sex selection should not be legalized as it is counter to biblical teachings	0	0	1	0	0	0	0	0	1	0	1.0
4450	We should ban the use of child actors	in favor of	child actors grow up to struggle with drugs, alcohol and low self esteem problems	0	1	1	0	0	1	0	0	0	1	1.0
5834	Social media brings more harm than good	in favor of	social media provides an easy and anonymous way for bullies to do their worst	0	1	1	0	0	0	1	0	0	0	1.0
1929	We should adopt atheism	against	the most basic right we have is freedom of religion, and it is very strong personal belief.  atheism strips that away and should not be encouraged.	1	0	1	0	0	0	1	0	1	1	1.0
2082	We should legalize organ trade	in favor of	adapting such a practice will abolish the black market where such a trade takes place.	0	1	1	0	0	1	0	0	0	0	1.0
5534	Assisted suicide should be a criminal offence	in favor of	killing another person is wrong and should be banned	0	1	1	0	0	1	0	0	0	0	1.0
1282	We should abolish the right to keep and bear arms	in favor of	the right to keep and bear arms is a totally outdated constitutional bedrock that underpins horrifically high rates of gun crime.	0	0	1	0	0	1	0	0	0	1	1.0
6485	Assisted suicide should be a criminal offence	in favor of	if you help someone kill themselves that is murder, and should be punished.	0	0	1	0	0	0	0	0	0	1	1.0
7292	We should ban the trading of virtual currencies.	in favor of	Virtual currency-related business activities are illegal financial activities, and the provision of services by overseas virtual currency exchanges to Chinese residents through the Internet is also illegal financial activities.	0	0	1	0	0	0	0	0	0	0	1.0
5143	EU institutions should prioritize the struggle against all forms of racism, also anti-Muslim bigotry, and antisemitism	against	Judeo-Christian values are the cornerstone of European civilization - they deserve special protection because they made us who we are today.  Mass migration from people with cultures totally alien to Europe is the phenomenon that most threatens EU security and cohesion. Everyone's human rights must be respected, but illegal migrants are criminals and should be treated as such, not pampered. Mass migration must end.	0	0	1	0	0	1	0	0	1	1	1.0
3352	We should abolish the three-strikes laws	against	three-strikes laws can act as a deterrent for serial criminal behavior.	0	1	1	0	1	1	0	0	0	0	1.0
2894	We should ban the Church of Scientology	in favor of	evidence shows the Church of Scientology is a money laundering, corrupt organisation that hides behind its religious status whilst abusing its members.	0	1	1	0	0	1	1	0	0	1	1.0
6392	Assisted suicide should be a criminal offence	in favor of	assisted suicide is murder of another and should be considered a criminal offence.	0	0	1	0	0	1	0	0	0	1	1.0
3053	We should legalize organ trade	in favor of	if we legalize the organ trade will will be able to save more lives and keep these organs out of the hands of the crime network.	0	0	1	0	0	1	0	0	0	0	1.0
3851	We should ban targeted killing	in favor of	targeted killing is an immoral act, a government procured murder, that should not continue.	0	0	1	0	0	1	0	0	0	1	1.0
7304	We should protect our privacy in the Internet age.	in favor of	The leaked personal information will be defrauded by fraud gangs to gain trust and carry out fraudulent activities.	0	0	1	0	0	1	1	0	0	0	1.0
1468	We should adopt a zero-tolerance policy in schools	against	people make mistakes and should be given a second chance.  a zero-tolerance policy in school would not teach the student a lesson, it would just rid the school of the problem.	0	1	1	0	0	0	0	0	0	1	1.0
5655	We should abandon television	in favor of	television is just another distraction in a long line of things keeping people down.	1	1	1	0	1	1	0	0	0	1	1.0
4068	We should oppose collectivism	in favor of	collectvism is unfair to the world and is irrational	0	0	1	0	0	0	0	0	0	1	1.0
6642	Homeschooling should be banned	in favor of	there is no regulation of homeschooling, so there are many children who do not receive adequate professional tutoring	1	0	1	0	0	0	0	0	0	0	1.0
3054	We should subsidize embryonic stem cell research	against	subsidizing embryonic stem cell research can lead to forced gathering of the stem cells and may even cause worse reactions.	0	0	1	0	0	1	0	0	0	0	1.0
2890	We should subsidize space exploration	against	we should not subsidize space exploration since that is a waste of money.	0	0	1	0	1	1	0	0	0	0	1.0
820	We should adopt a zero-tolerance policy in schools	in favor of	it makes a school a safe place for children to learn	0	1	1	0	0	1	0	0	0	0	1.0
5452	Surrogacy should be banned	in favor of	Surrogacy for money is effectively the sale of children.	0	1	1	0	0	1	0	0	0	0	1.0
6554	Foster care brings more harm than good	in favor of	foster kids frequently suffer from depression and turn to drugs later on in life	1	0	1	0	0	1	0	0	0	0	1.0
409	We should abolish the three-strikes laws	against	a criminal will think twice about committing a crime knowing that the next crime he commits might mean life imprisonment.	0	0	1	0	0	1	0	0	0	0	1.0
5222	We don't need immigration from non-European or non-first-world countries. 	in favor of	Our Europe continent is in debt and doesn't have the resources to care for people who have never paid taxes and continue to disregard our laws! We have enough poor people in Europe already and we need to take care of them!	0	0	1	0	0	1	0	0	0	1	1.0
6899	The vow of celibacy should be abandoned	in favor of	there is no good reason why priests would not be able to balance family and their duties effectively and there is every possibility it would lessen the chance of reducing child abuse in the church	1	1	1	0	0	1	0	0	1	1	1.0
1957	We should legalize cannabis	against	Growing marijuana harms the environment. Marijuana farming results in deforestation, soil erosion, habitat destruction and landslides.	0	0	1	0	0	0	0	0	0	1	1.0
236	We should abolish safe spaces	in favor of	safe spaces only shield people from the realities of the world and thus leave them unprepared.	0	0	1	0	0	1	0	0	0	1	1.0
5619	Payday loans should be banned	in favor of	they prey on the poor and charge astronomic interest.	0	1	1	0	1	1	0	0	0	1	1.0
1000	We should prohibit school prayer	in favor of	it is in the constitution that there is a separation between church and state and since schools are funded by the state where they are located there is to be no prayer in schools	0	0	1	0	0	0	1	0	1	1	1.0
518	We should abolish safe spaces	in favor of	safe spaces equal non-free speech spaces and that is against the law.	0	0	1	0	0	0	1	0	0	0	1.0
3207	We should legalize prostitution	against	prostitution preys on vulnerable workers, many of which are provided through human trafficking.	0	0	1	0	0	1	0	0	0	1	1.0
4675	We should stop using cash	in favor of	Cashless transactions leave digital footprints of financial transactions. They can be used to trace illegal activities. 	0	0	1	0	0	1	0	0	0	1	1.0
3255	We should cancel pride parades	in favor of	pride parades send the wrong message to children.	0	1	1	0	0	0	0	0	1	0	1.0
802	We should abolish the three-strikes laws	against	the three-strikes laws offer clarity, and their mandatory nature makes punishment certain, these laws prevent inconsistency in the criminal justice system	0	1	1	0	0	1	0	0	0	1	1.0
5956	Surrogacy should be banned	in favor of	surrogacy should be banned because it can lead to explotation of women by criminal gangs to make money out of them.	0	1	1	0	0	1	0	0	0	1	1.0
6356	Entrapment should be legalized	against	i do not think people deserve to be induced to commit a crime they do not want to do	0	1	1	0	0	1	0	0	0	1	1.0
120	We should abolish the three-strikes laws	against	we need the three strikes as a deterrent	0	0	1	0	1	1	0	0	0	0	1.0
1805	We should ban targeted killing	in favor of	it is unfair to assassinate others as a surprise and out of battlefield.	0	0	1	0	0	1	0	0	0	1	1.0
5735	Holocaust denial should be a criminal offence	in favor of	the holocaust was a real thing that happened where many people died because of a man who wanted to rule the world. to deny that this happened is to say the lives of these innocent people do not matter.	0	1	1	0	0	1	0	0	0	1	1.0
1279	We should stop the development of autonomous cars	against	autonomous cars would help the elderly.	0	1	1	0	0	1	0	0	0	0	1.0
5845	Social media brings more harm than good	in favor of	social networks push people to isolate themselves socially	0	0	1	0	0	1	1	0	0	0	1.0
1824	We should legalize prostitution	in favor of	Legalizing prostitution will allow prostitutes to actually report and press charges against problematic pimps and johns, something they can't do right now.	0	0	1	0	0	1	0	0	0	1	1.0
5638	Holocaust denial should be a criminal offence	in favor of	the holocaust was a serious event that affected many, and denying that it happened is an insult to those who died during it, those who lived through it, and those still living with it.	0	1	1	0	0	0	0	0	0	1	1.0
2510	We should ban targeted killing	against	targeted killing will prevent further havoc by the perpetrator	0	0	1	0	0	1	0	0	0	1	1.0
163	We should ban the Church of Scientology	in favor of	the church of scientology is a cult that is harming society.	0	0	1	0	0	1	0	0	0	0	1.0
5284	 Foreign Policy at the EU level should be based on an absolute majority, not unanimity.	against	Changing the EU foreign policy voting procedure will cause serious problems.	1	0	1	0	0	1	0	0	1	0	1.0
3245	We should adopt an austerity regime	in favor of	adopting now an austerity regime will help future generations to cope with the limited  resources  we have.	0	1	1	0	1	1	0	0	0	1	1.0
980	We should cancel pride parades	in favor of	pride parades are disruptive and cause chaos in towns where they are held.	0	0	1	0	0	1	0	0	0	0	1.0
7204	We should legalize non-violent drug offenses	in favor of	It's also important to remember that many people use these psychedelic medicines in the context of their own religious/spiritual practice, and therefore our draconic laws directly violate freedom of religion (and sovereignty over our own bodies). There's no way the EU should tolerate this if they really care about human rights.	0	0	1	0	0	1	1	0	1	1	1.0
1458	We should ban the Church of Scientology	in favor of	the church of scientology is known for trying to completely control the thoughts and actions of others	0	0	1	0	1	0	1	0	0	0	1.0
2314	We should ban factory farming	in favor of	Factory farming is unethical and produces meat that is not healthy for anyone to eat.	0	1	1	0	0	1	0	0	0	1	1.0
4055	We should end mandatory retirement	in favor of	ending mandatory retirement is the right thing to help older people.	0	1	1	0	0	0	1	0	0	0	1.0
2953	We should legalize cannabis	in favor of	people buy cannabis regardless of whether it is legal or not, so we might as well tax it to make extra money	0	0	1	0	1	0	0	0	0	0	1.0
6283	Blockade of the Gaza Strip should be ended	against	palestine has endangered the nation of israel and they should be punished.	0	0	1	0	1	1	0	0	0	1	1.0
1522	We should ban human cloning	in favor of	human cloning will end up with individuals who only exist as a means to an end, which is deeply unethical.	0	0	1	0	0	1	0	0	0	1	1.0
704	We should abandon the use of school uniform	against	school uniform helps all children attend on a level playing field, free from worry about trying to keep up with expensive fashion trends.	0	1	1	0	0	0	0	0	1	1	1.0
1577	We should oppose collectivism	against	collectivism can achieve more that individuals alone	1	0	1	0	0	0	0	0	0	1	1.0
395	We should abolish capital punishment	against	some people can not be rehabilitated and will only continue their violent acts unless they are put to death.	0	0	1	0	0	1	0	0	0	1	1.0
224	We should adopt gender-neutral language	against	language changes cannot be legislated, they evolve spontaneously over time. if people want to use gender-neutral language, it will slowly become part of their vocabulary	0	0	1	0	0	0	1	1	0	1	1.0
2003	We should abolish the Olympic Games	in favor of	The Olympic games exploit people from abuse of the competitors to sex trafficking among the fans.	0	0	1	0	0	1	0	0	0	1	1.0
729	We should legalize cannabis	against	legalizing marijuana leads to more marijuana-related medical emergencies cases and unintentional cannabis overdose injuries among children	0	1	1	0	0	1	0	0	0	0	1.0
7221	We should stop admitting minorities that we are unable to manage	against	This attitude seems to be widespread in Eastern Europe. It is striking that it occurs most where contact with migration is least common. Of course, any immigration of people from other cultural backgrounds is a challenge. Of course, there must also be rules for immigrants. But the challenge must be accepted. On the one hand, no border can be so tight that migration can be prevented, and on the other hand, we need immigration to be able to survive economically.	1	1	1	0	0	1	0	0	0	1	1.0
5212	We do not need immigration from non-European or non-first-world countries. 	in favor of	There's nothing wrong with not wanting your continent to become chaos and putting your people first, every civilization in this world takes that idea as self-evident. We need to negotiate Remigration deals with the 3rd countries to send their nationals back and we need to use Frontex to push back any migrants coming to our borders.	0	1	1	0	1	1	0	0	0	0	1.0
4559	We should adopt a zero-tolerance policy in schools	in favor of	adopting a zero-tolerance policy helps to combat violence and drug abuse in schools	0	0	1	0	1	1	0	0	0	1	1.0
5974	Holocaust denial should be a criminal offence	in favor of	holocaust denial  is offensive to jewish people.	0	0	1	0	0	0	0	0	0	1	1.0
2113	We should prohibit school prayer	in favor of	school prayer violates the seperation of church and state.	0	0	1	0	0	0	1	0	1	1	1.0
825	We should limit judicial activism	in favor of	judges who rule based on their own personal and political beliefs usurp the power of our elected officials and are violating our constitutional rights,	0	0	1	0	1	0	0	0	0	1	1.0
6385	Foster care brings more harm than good	in favor of	foster care families don't really take care of the children and instead use them to earn extra income	0	0	1	0	0	1	0	0	0	0	1.0
6598	The vow of celibacy should be abandoned	in favor of	vowing to be celibate doesn't ensure that someone will keep that vow because he or she are the only ones who will know that it has been kept	0	1	1	0	0	0	1	0	0	1	1.0
6839	Holocaust denial should be a criminal offence	in favor of	it should be a criminal offence as it was a factual genocide of epic proportions  and to deny it is to trivialize the extermination of jews and other groups and communities	0	0	1	0	0	0	0	0	0	1	1.0
2194	We should adopt a multi-party system	against	consensus can become difficult in multi party systems	1	0	1	0	1	1	0	0	0	0	1.0
1536	We should ban factory farming	in favor of	it's unethical on the animals and just down right cruel	0	1	1	0	0	0	0	0	0	1	1.0
5193	We need a combined education and migration policy for Africa and the Middle East.	against	The demographic problems for the EU, which are real, must be solved by encouraging child-bearing and a generous family policy, not through migration. We must celebrate motherhood and Moms. We must realize that raising a child involves serious costs in today's Europe.	0	1	1	0	0	1	0	0	1	1	1.0
7222	We should remove unauthorized asylum seekers and migrants	in favor of	Refugees are here to seek protection and rapid repatriation when it is no longer necessary is a matter of course. When it comes to crimes, people are simply no longer worthy of protection and cannot be expelled because their actions show us that they neither accept nor respect our rules.	0	1	1	0	0	1	0	0	0	0	1.0
2924	We should limit judicial activism	in favor of	judges should stick to the law and be unbiased in every ruling.	1	0	1	0	0	0	0	0	1	1	1.0
3687	We should legalize organ trade	against	body parts are not something for profit.  selling of a kidney should not go to the highest bidder.  there is a system in medicine to make sure they are donated and to the ones most able to use them	0	0	1	0	0	1	0	0	0	1	1.0
5994	The vow of celibacy should be abandoned	against	the vow of celibacy is a unique part of the catholic church and ensures a priest is not splitting themselves between their parishioners and their family, thus giving better spiritual service.	1	0	1	0	0	0	0	0	1	0	1.0
2455	We should ban cosmetic surgery	in favor of	cosmetic surgery is dangerous to start with, why should people make such risky moves for vanitys sake?	0	0	1	0	0	1	0	0	0	0	1.0
5461	Entrapment should be legalized	against	entrapment convinces people to commit a crime when they normally wouldn't and should not be legal.	0	1	1	0	0	1	0	0	0	1	1.0
1093	We should abandon the use of school uniform	against	uniforms create equality and create a sense of belonging in the group	0	0	1	0	0	1	0	0	0	1	1.0
4994	We do not need immigration from non-European or non-first-world countries. 	against	I have no trouble with, non-western, immigrants.  I have trouble with 'mass immigration'.  What happens is when they come in large numbers they do not integrate anymore.  They stick to themselves and become a new tribe that tries to change their host country.'	0	0	1	0	0	1	0	0	1	0	1.0
6120	The vow of celibacy should be abandoned	against	When someone becomes a nun or priest they should wholly devote themselves to God only.	0	0	1	0	0	0	0	0	1	0	1.0
1383	We should ban human cloning	in favor of	human cloning should be banned because the ethical problems it creates are too difficult to overcome	0	0	1	0	0	0	0	0	1	1	1.0
1852	We should abolish the right to keep and bear arms	against	in a dangerous society, surely a person has the right to protect themselves and their family - this was the initial reasoning behind enshrining 'the right to keep and bear arms', and nothing has changed.	0	1	1	0	0	1	0	0	1	0	1.0
6896	Assisted suicide should be a criminal offence	in favor of	Assisted suicide should be a crime to prevent greedy individuals from killing their family member to get their money and property	0	1	1	0	0	1	0	0	0	1	1.0
4290	We should abolish capital punishment	in favor of	using capital punishment on prisoners is either the same or worse than any crime that they committed to end up there in the first place.	0	1	1	0	0	0	0	0	0	1	1.0
1374	We should abolish the three-strikes laws	against	three-strikes laws act as a very effective deterrent to crime, and this zero tolerance approach has been been responsible for making cities far safer.	0	0	1	0	0	1	0	0	0	1	1.0
1830	We should abolish the right to keep and bear arms	in favor of	there is no rational purpose for arming the populace; it causes more problems than it solves.	0	0	1	0	0	1	0	0	0	0	1.0
1602	We should ban the use of child actors	in favor of	there is a risk of children exploitation by forcing them to act things they wouldn't normally do in life	0	1	1	0	0	0	0	0	0	0	1.0
2346	We should ban the Church of Scientology	against	freedom of association is protected by the first amendment	0	0	1	0	0	1	1	0	0	0	1.0
6438	Social media brings more harm than good	in favor of	social media promotes bullying because it provides anonymity and releases the person bullying from blame.	0	1	1	0	0	1	0	0	0	1	1.0
835	We should adopt a zero-tolerance policy in schools	in favor of	Zero-tolerance policies may seem unfair to the individual but bad and risky behavior at schools spreads faster than wildfire. Sometimes we must make an example of an individual for the greater good.	0	0	1	0	1	0	0	0	0	0	1.0
3364	We should legalize cannabis	against	it is a gateway drug, and we don't want to encourage people to go down this dangerous path.	1	1	1	0	0	1	0	0	0	0	1.0
2541	We should abolish safe spaces	in favor of	safe spaces must be abolished because they contribute to the insecurity of minorities. they do not attack the problem of violence and discrimination	0	0	1	0	0	1	0	0	0	1	1.0
4007	We should end mandatory retirement	against	Mandatory retirement should be in place for careers that require good physical health, younger ages and good flexibility such as law enforcement or any first responder career.	1	0	1	0	0	0	0	0	0	0	1.0
6603	Holocaust denial should be a criminal offence	in favor of	the people who went through the holocaust have been hurt enough and people need to remember so it does not happen again.	0	0	1	0	0	0	0	0	0	1	1.0
3471	We should legalize prostitution	in favor of	women are going to sell their bodies, so why not make it legal so they can do it properly, pay taxes on their income and hopefully stay clean.	0	1	1	0	1	1	0	0	0	1	1.0
6628	Assisted suicide should be a criminal offence	against	people have a basic right to bodily autonomy, deciding whether or not to die with minimal suffering and dignity is integral to that right.	0	0	1	0	0	0	1	0	0	0	1.0
1306	We should abolish the right to keep and bear arms	in favor of	we need to stop all the shootings that are happening and abolishing the right to keep and bear arms is a good start	0	1	1	0	0	1	0	0	0	1	1.0
4151	We should adopt gender-neutral language	in favor of	gender neutral language is a way to be more sensitive and politically correct in a modern society with a plurality of genders	0	0	1	0	0	0	0	0	0	1	1.0
1971	We should limit judicial activism	against	our laws need to evolve with the times we are living in	0	1	1	0	0	1	1	0	0	1	1.0
5035	We need to strengthen the participation of citizens in the design and processes of the EU	against	First, we should empower people more: put an emphasis on education and build a control mechanism for internet propaganda, e.g. force transparency on which content is truly human and which is sponsored or created by organizations and companies. Second, we should criminalize deliberate misinformation properly. Third, we should restructure the representation of people in the European Union. After all the above-mentioned, we can think about establishing a more binding role of petitions to the European Parliament.	1	1	1	0	0	1	1	0	0	1	1.0
5196	There should be a stronger EU on the world scene	in favor of	We have already done great damage to EU credibility by pointless posturing.	0	0	1	0	0	0	0	0	0	1	1.0
1638	We should introduce compulsory voting	in favor of	it is everyone's national duty to at least vote in elections	0	1	1	0	0	0	0	0	0	0	1.0
3971	We should prohibit school prayer	against	school prayer puts the students in the correct mindset and helps them to be more respectful and cooperative throughout the day.	0	0	1	0	0	0	1	0	1	0	1.0
4204	We should ban private military companies	in favor of	we would not be able to oversee their operations and prevent them from unethical activities.	0	1	1	0	1	1	0	0	0	1	1.0
590	We should introduce compulsory voting	in favor of	more voters would boost voter turnout.	0	0	1	0	1	1	0	0	0	0	1.0
6941	We should link Aadhaar card with the Voter ID	against	This can be a threat to privacy because this linking can lead to the profiling of voters. Several states collected caste, religion, and other sensitive information as part of aadhaar data collection. So, this can be misused by some politicians to selectively eliminate some voters based on their caste or any other identity.	0	1	1	0	0	0	1	0	0	1	1.0
7189	We should reduce subsidies for livestock and fisheries	in favor of	Subsidies for meat production and fishery not only have a negative impact on our environment - but they also destroy the economy in poorer countries in Africa! We really should find a way to stop these and get out of this vicious circle!	1	0	1	0	0	1	0	0	0	1	1.0
1558	We should oppose collectivism	against	Collectivism forces people to form stronger ties with their community, and ultimately to better themselves by empathizing with the needs of others over themselves.	0	1	1	0	0	1	0	0	0	1	1.0
6990	Reservations in India should be based on economic status	in favor of	Caste divisions are hatred among communities is increasing due to reservations. Many communities in several states of India are fighting to give them reservations. And the consequence is people are increasingly associating with their caste. The interesting fact is that before the first caste census by British government (1881) in India, many people do not even know what their caste is. From then, the idea of caste is deeply ingrained in the Indian society. Now the reservations are making the situation even worse.	0	0	1	0	0	1	0	0	0	1	1.0
4967	There should be no immigration from non-European or non-first-world countries 	in favor of	Migration from countries with incompatible cultural values and ideologies should be limited or stopped to ensure social cohesion in Europe. Regressive outdated ideologies and values should have no place in Europe. 	0	0	1	0	0	1	1	0	1	0	1.0
3890	We should ban private military companies	in favor of	we should ban private military companies because they may not have the same ideas as our country does	0	1	1	0	0	1	0	0	0	0	1.0
937	We should abolish the right to keep and bear arms	against	the right to keep and bear arms is an constitutional right that needs to be upheld.	0	0	1	0	0	0	1	0	1	1	1.0
5205	There should be no illegal migration	in favor of	We must stop all loopholes - for example automatically rejecting asylum claims of anyone who enters Europe illegally.	0	0	1	0	0	1	0	0	0	1	1.0
673	We should limit judicial activism	in favor of	judges should be limited to upholding law rather than making it. that job is politicians.	0	1	1	0	1	0	0	0	1	1	1.0
5353	We need legal ways of migration.	against	Migrants sell drugs.	0	1	1	0	0	1	0	0	0	0	1.0
5855	Surrogacy should be banned	in favor of	women are selling their bodies, and oftentimes, surrogates have a hard time giving up their child.	0	1	1	0	0	0	0	0	1	1	1.0
3632	We should adopt gender-neutral language	against	this is just taking things too far. people should not be offended by pronouns.	0	0	1	0	0	0	0	0	1	1	1.0
5823	Assisted suicide should be a criminal offence	in favor of	providing someone the means to kill themselves is equivalent to pulling the trigger yourself	0	1	1	0	0	0	0	0	0	1	1.0
5941	Blockade of the Gaza Strip should be ended	against	blockade of the gaza strip should not be ended for safety and security reasons.	0	0	1	0	0	1	0	0	0	1	1.0
2944	We should subsidize embryonic stem cell research	against	using cells from a life embryo is immoral and unacceptable and it has to be stopped.	0	0	1	0	0	0	0	0	1	1	1.0
4786	There should be a ban on Bandhs	in favor of	Though right to protest is a fundamental right, people do not have right to take away the fundamental rights of others such as going to their work, doing their personal works etc. Not everyone is against to the changes by government. Some people may support it and may not support the ban. Forcing them to stay at home is undemocratic.	0	0	1	0	0	1	1	0	0	1	1.0
2854	We should limit judicial activism	in favor of	judicial activism could lead to a decision being made based on the false beliefs of one person.	0	0	1	0	0	1	0	0	1	1	1.0
6936	We should abolish the National Register of Citizens (NRC)	in favor of	People are tired of showing their documents, and proving their identities but the Foreign Tribunals are never satisfied. Minor clerical mistakes have resulted in the listing of Indian citizens as Foreigners. At times FT has gone beyond scope of its power and ordered arrest, detention, revoked ration cards, etc. thus, troubling a poor Indian.	0	0	1	0	0	1	1	0	0	1	1.0
49	We should cancel pride parades	in favor of	why should homosexuals have a pride parade?heterosexuals don't have them!	0	0	1	0	0	0	0	0	1	0	1.0
6714	Entrapment should be legalized	in favor of	entrapment should be legal since the person was willing to do the illegal deed. they didn't know they were being entrapped, they thought they were really committing a crime.	0	1	1	0	0	1	0	0	0	1	1.0
4142	We should ban telemarketing	in favor of	we should ban telemarketing since most would agree it is unwanted solicitation. if i am in the market for an item or service, i will contact the company. they should not be contacting me.	0	0	1	0	0	0	1	0	0	0	1.0
1251	We should ban targeted killing	in favor of	we should ban targeted killing because it condones violence.	0	1	1	0	0	1	0	0	0	1	1.0
1295	We should ban cosmetic surgery for minors	in favor of	cosmetic surgery for beautification is unnecessary for minors because their body hasn't finished developing yet.	0	1	1	0	0	1	0	0	0	1	1.0
2552	We should legalize cannabis	against	to legalize cannabis would be to tell people that it is safe to use, which is untrue, which would result in many more using it and an epidemic in psychological problems	0	1	1	0	0	1	0	0	0	0	1.0
4347	We should abolish capital punishment	in favor of	Murder is immoral, even when done by a legal system, and capital punishment is just murder.	0	0	1	0	0	0	0	0	0	1	1.0
2850	We should introduce compulsory voting	in favor of	all citizens should be compelled to vote to voice their opinion on who should be our elected leaders. apathy in selecting our political leaders is detrimental to our society.	1	1	1	0	1	1	0	0	0	0	1.0
607	We should ban the Church of Scientology	in favor of	scientology is just a business that is trying to scam people out of money.	0	1	1	0	1	0	0	0	0	1	1.0
4423	We should abolish the right to keep and bear arms	in favor of	by eliminating the circulation of arms we will reduce violence and prevent crimes	0	0	1	0	0	1	0	0	0	1	1.0
1448	We should end the use of economic sanctions	against	we should not end the use of economic sanctions because  penalties should be applied once a self governing state is proved to be needed to be penaliozed	0	0	1	0	0	1	0	0	0	1	1.0
3862	We should abandon the use of school uniform	against	School uniforms can alleviate peer pressure due to clothing choices.	0	0	1	0	0	1	0	0	0	0	1.0
3425	We should abolish capital punishment	against	people need to learn how to follow rules so capital punishment should be allowed	0	0	1	0	0	1	0	0	0	0	1.0
4155	We should legalize prostitution	in favor of	if prostitution was legalized then the women in the profession would have legal recourse if they are treated badly by clients or those who employ them.	0	1	1	0	0	0	0	0	0	1	1.0
6736	Holocaust denial should be a criminal offence	in favor of	holocaust denial is a hate filled way of trying to erase the past and does tremendous amounts of harm.	0	1	1	0	0	0	0	0	1	1	1.0
6631	Assisted suicide should be a criminal offence	in favor of	assisted suicide should be a criminal offence because no one has a right to take another persons life or to help them	0	0	1	0	0	0	0	0	0	1	1.0
2877	We should end the use of economic sanctions	against	economic sanctions are an effective way to limit the ability of corrupt governments	0	1	1	0	1	1	0	0	0	1	1.0
3696	We should stop the development of autonomous cars	in favor of	these cars are prone to hacking like any other tech and can put millions of lives at risk	0	0	1	0	0	1	0	0	0	0	1.0
6567	Foster care brings more harm than good	in favor of	it does because people just do it for the money and can harm the children.	0	1	1	0	0	0	0	0	0	1	1.0
744	We should adopt an austerity regime	in favor of	austerity regimes needs to be adopted to reduce budget deficits and debt crises	1	1	1	0	0	1	0	0	0	0	1.0
3804	We should ban telemarketing	in favor of	telemarketing is an unwarranted and intrusive breach of a person's privacy, selling useless goods and services not requested by the consumer.	0	0	1	0	0	0	1	0	0	0	1.0
2579	We should cancel pride parades	in favor of	pride parades sometimes bring out hate and crazy people.	0	0	1	0	0	1	0	0	1	1	1.0
2157	We should ban the Church of Scientology	against	people should be free to worship and pray in any way that they choose, it is a fundamental right.	0	0	1	0	0	0	1	0	1	0	1.0
5318	There should be a reform of EU trade and investment policy and a relaunch of global multilateralism	in favor of	The EU should be able to contribute to a relaunch of global multilateralism, through a profound reform based on democracy and peace, solidarity, and respect for human, social, and environmental rights.	1	0	1	0	0	0	0	0	0	1	1.0
2448	We should fight for the abolition of nuclear weapons	against	nuclear weapons are effective in creating a stand-off between counties that have them. this can result in less people dying.	0	0	1	0	1	1	0	0	0	1	1.0
878	We should abandon the use of school uniform	against	school uniforms keep all kids equal while at school learning and that is a great thing so school uniforms should remain.	0	0	1	0	0	1	0	0	1	1	1.0
6029	Payday loans should be banned	in favor of	payday loans are just a crooked way of putting people further into debt in a way that's nearly impossible to recover from.	0	1	1	0	0	1	0	0	0	1	1.0
2873	We should abolish capital punishment	against	capital punishment provides a firm sense of closure for victim's families and the lack thereof may harm them.	0	0	1	0	0	1	0	0	0	1	1.0
1768	We should adopt gender-neutral language	in favor of	adopting gender neutral language would make it easier to be inclusive.	0	0	1	0	0	1	0	0	0	1	1.0
442	We should ban whaling	in favor of	we should ban whaling because there is very little profit in the business and does nothing but kill fairly rare animals.	0	0	1	0	1	0	0	0	0	1	1.0
4769	Experimenting on Animals is fair	against	We have no right to suffer animals, even though there are benefits for us.	0	1	1	0	0	0	0	0	0	1	1.0
5609	The vow of celibacy should be abandoned	against	the holy scriptures say many things that are not accepted by the traditions of the church, so that the man who wants to remain holy must be celibate.	0	1	1	0	0	0	0	0	1	0	1.0
733	We should legalize cannabis	against	allowing people to use a gateway drug like cannabis is steering them towards a life of addiction.	0	0	1	0	0	1	0	0	0	0	1.0
1791	We should introduce compulsory voting	in favor of	compulsory voting would ensure that voting is fair and equal	0	1	1	0	0	0	0	0	0	1	1.0
3567	We should abolish the Olympic Games	in favor of	the olympic games has become less about the sports and more about commercialism	0	0	1	0	0	0	1	0	1	1	1.0
2024	We should subsidize student loans	against	if we subsidize student loans we could create parasites that never get a degree just to maintain the state subsidy	1	0	1	0	0	1	0	0	0	0	1.0
3394	We should limit executive compensation	in favor of	executive compensation should be limited so that those in power, influential positions in companies do not abuse their power in pursuit of obscene amounts of money.	0	1	1	0	0	0	0	0	0	1	1.0
2707	We should ban private military companies	against	private military companies are a business like any other and are subject to national and international regulations	0	0	1	0	0	0	0	0	0	0	1.0
5790	Holocaust denial should be a criminal offence	in favor of	denial of this is wrong, it happened and many people died	0	1	1	0	0	1	0	0	0	1	1.0
5243	There should be a better post-Brexit European Alliance	against	The EU and its member states have already various partnership or neighborhood programs for Non-EU states.	0	0	1	0	1	1	0	0	0	1	1.0
4930	We need better ways of migration.	in favor of	The EU needs a humane, civilized, and legal way to manage migration, whether it is for economic reasons or to seek international protection. 	0	1	1	0	0	0	0	0	0	1	1.0
1897	We should ban telemarketing	in favor of	telemarketing is annoying to most people and takes away time from people's busy days.	0	1	1	0	0	0	0	0	0	0	1.0
3439	We should ban telemarketing	in favor of	telemarketing is annoying and leads to people falling for potential scams.	0	1	1	0	0	0	0	0	0	1	1.0
821	We should ban private military companies	in favor of	private military companies are a risk to the general public as they are not regulated and therefore should be banned	0	0	1	0	0	1	0	0	0	1	1.0
1682	We should ban missionary work	in favor of	we need these people but not if they are a nuisance and try to criticize our personal beliefs.	0	0	1	0	0	0	1	0	1	1	1.0
2392	We should ban private military companies	in favor of	private military companies only exist to continue and profit from warfare. their operations are immoral and unlawful.	0	0	1	0	0	1	0	0	0	1	1.0
3269	We should ban missionary work	in favor of	missionary work is funded by multibillionaires and serves to only enrich the lives of those that are already rich.	0	0	1	0	0	1	0	0	0	1	1.0
6341	Payday loans should be banned	in favor of	payday loans take advantage of people in desperate financial situations, who aren't educated on finances, and often end up in a worse position because of the loan	1	1	1	0	1	1	0	0	0	0	1.0
3574	We should subsidize embryonic stem cell research	against	we don't know what the source of embryonic stem cells is; for all we know, they could be paid for, or harvested from unsuspecting individuals.	0	1	1	0	0	1	1	0	0	1	1.0
6037	Entrapment should be legalized	against	entrap should remain illegal, as it wrongly places innocent citizens in situations where they have no choice but to incriminate themselves	0	0	1	0	0	0	1	0	0	1	1.0
7060	We should limit the use of fireworks	in favor of	I have also seen ex-soldiers shaking after someone sets off loud fireworks. Yes they should be banned.  Abhorrent things.	0	0	1	0	0	0	0	0	0	1	1.0
3360	We should adopt a zero-tolerance policy in schools	in favor of	we should adopt a zero tolerance policy in schools because it will scare kids into behaving	0	0	1	0	0	0	0	0	0	0	1.0
6264	Entrapment should be legalized	against	entrapment is wrong because we don't know if they would have committed a crime if it wasn't for the officers making it easier to do the crime	0	1	1	0	0	0	0	0	0	1	1.0
3532	We should introduce compulsory voting	against	why should anyone be forced to vote?it is their right to vote or not to vote as they see fit.it is not a democratic system to force people to do this.	0	0	1	0	0	0	1	0	0	0	1.0
2697	We should adopt a zero-tolerance policy in schools	in favor of	adopting a zero tolerance in schools will help reduce the amount of bullying that happens.	1	0	1	0	0	0	0	0	0	1	1.0
688	We should ban private military companies	in favor of	Private military companies have their bottom line as a priority rather than the safety of the country.	0	1	1	0	1	1	0	0	0	1	1.0
5651	Holocaust denial should be a criminal offence	in favor of	Holocaust denial is a criminal offence in seventeen countries and in recent years	0	1	1	0	0	1	0	0	0	1	1.0
5313	Asylum seekers should only be able to file asylum applications from their home or neighboring country.	in favor of	If asylum applications are filed from abroad the costs for EU taxpayers to handle asylum seekers are reduced. 	0	1	1	0	0	1	0	0	0	0	1.0
1796	We should legalize prostitution	in favor of	Prostitution doesn't pose any larger physical threat to the individual than other manual labor jobs. Dancers destroy their bones and construction workers their backs, if those are legal prostitution needs to be as well.	0	0	1	0	0	1	1	0	0	1	1.0
2587	We should legalize prostitution	against	prostitution will cause a more dangerous environment for those trying to escape and will make sex trafficking more common	0	0	1	0	0	1	0	0	0	1	1.0
6065	Payday loans should be banned	in favor of	they should not be used as sometimes the money is never repaid	0	1	1	0	1	1	0	0	0	0	1.0
4061	We should ban telemarketing	in favor of	we should ban telemarketing there are a lot of telemarketers that are running scams just to steal peoples money	0	1	1	0	0	1	0	0	0	0	1.0
2518	We should subsidize embryonic stem cell research	against	the cells used in stem cell research come from the murdering, harvesting, and selling of babies, all of which are highly immoral.	0	0	1	0	0	1	0	0	0	1	1.0
1299	We should abolish safe spaces	against	some people fear of retribution  from those that oppose their thoughts and ideas.  this is a place they can feel safe.	0	1	1	0	0	1	1	0	0	1	1.0
3058	We should prohibit school prayer	in favor of	we should prohibit school prayer, the us courts have consistently ruled that it is unconstitutional	0	0	1	0	0	0	1	0	0	0	1.0
6932	We should abolish the National Register of Citizens (NRC)	against	Curbing their voting rights can be beneficial to us. As it will avoid illegal immigrants from swinging elections in favor of those who promise them legitimacy.	0	0	1	0	0	1	1	0	0	1	1.0
419	We should abolish intellectual property rights	against	having intellectual property rights is a deterrent for those that would steal another persons ideas and creations so we must not abolish that.	1	0	1	0	0	0	1	0	0	0	1.0
201	We should ban telemarketing	in favor of	yes ban it, if i wanted to buy something i would know where to look for it without being bothered with constant calls	0	0	1	0	0	0	1	0	0	0	1.0
7090	We should return to the free market capitalist ideals in Europe and stop the advance of socialism and leftist ideology	against	Capitalism and the free market indeed created western wealth. However, the interesting question then is: who benefited from this wealth? Without some sort of regulation and control from the State, companies will continue what they do best, increase profit without any concern for environmental and social matters. 	0	0	1	0	1	1	0	0	0	1	1.0
617	We should abolish the right to keep and bear arms	in favor of	the right to keep and bear arms should be abolished because countries with strict gun control are far safer because they have far fewer incidents of violent gun crime	0	0	1	0	0	1	0	0	0	0	1.0
6492	Blockade of the Gaza Strip should be ended	against	the blockade should not be ended, it is punishing bad behavior	0	0	1	0	0	1	0	0	0	0	1.0
6621	Assisted suicide should be a criminal offence	in favor of	suicide is a criminal offense, thus assisting in suicide would be acting as an accomplice to murder.	0	0	1	0	0	1	0	0	0	1	1.0
3705	We should abolish the three-strikes laws	against	if we got rid of three-strikes laws, there would be little deterrent for career criminals.	0	0	1	0	0	1	0	0	0	1	1.0
6673	Social media brings more harm than good	in favor of	social media contributes to the fomo culture.	0	0	1	0	0	1	1	0	0	0	1.0
3982	We should adopt gender-neutral language	in favor of	as there are many genders out there today, not using  gender-neutral language excludes far more people than in the past.	0	0	1	0	0	0	0	0	0	1	1.0
757	We should ban telemarketing	in favor of	telemarketing should be banned because it is disruptive to the course of the day for many people.	0	0	1	1	0	0	1	0	0	0	1.0
2907	We should end mandatory retirement	against	mandatory retirement makes sure that fresh ideas and fresh bodies keep flowing through business which is a good thing.	1	0	1	0	0	0	1	0	0	0	1.0
1293	We should adopt gender-neutral language	in favor of	gender-neutral language takes gender out of the equation, so that people can focus on content, not gender.	0	1	1	0	0	0	0	0	0	1	1.0
6882	Holocaust denial should be a criminal offence	in favor of	Allowing Holocaust denial is an affront to victims of the Holocaust, who suffered unimaginable horrors,  and to their families.	0	1	1	0	0	1	0	0	1	1	1.0
3965	We should prohibit school prayer	in favor of	we should prohibit school prayer because religion has no business in school it should be at home and church only	1	0	1	0	0	0	1	0	0	0	1.0
1540	We should legalize cannabis	against	legalization of marijuana will create a huge industry that utilizes people for profit and targets children	0	1	1	0	1	1	0	0	0	1	1.0
2364	We should abandon the use of school uniform	against	School uniforms keep the distraction of clothing choice comparison from affecting the education of the children negatively.	1	0	1	0	0	1	0	0	0	1	1.0
3168	We should abolish the three-strikes laws	against	three-strike offenders are habitual criminals and should be treated as such	0	0	1	0	0	1	0	0	0	0	1.0
7270	We should shift the EU policy toward the Russian Federation	in favor of	Pushing Russia to the wall will have adverse effects by creating a Russian-Chinese axe, detrimental to the EU. Closer economic ties allow job prospects on both sides and improve scientific research and discoveries that remain within the European continent. A partnership where both sides share and benefit from technological domains (aerospace, AI, energy, fusion, bio-chemicals, etc.).	1	0	1	0	0	1	1	0	0	1	1.0
4673	Companies should fight moonlighting	in favor of	In general, companies provide several benefits to employees such as provident fund, health insurance, etc. So, they feel it is unfair when their employees focus their energy and time on a second job, which doesn’t provide any of those benefits.	1	1	1	0	0	0	0	0	0	1	1.0
5876	Assisted suicide should be a criminal offence	in favor of	it is possible that this could be used as a murder in some cases.	0	0	1	0	0	1	0	0	0	1	1.0
4985	We don't need immigration from non-European or non-first-world countries. 	in favor of	Our Europe continent is in debt and doesn't have the resources to care for people who have never paid taxes and continue to disregard our laws! We have enough poor people in Europe already and we need to take care of them!	0	1	1	0	1	1	0	0	0	1	1.0
6421	Assisted suicide should be a criminal offence	in favor of	there is no difference between assisted suicide and being an accessory to murder.  suicide is immoral and those that help should be punished.	0	0	1	0	0	0	0	0	0	1	1.0
1963	We should ban targeted killing	in favor of	targeting killing is essentially government endorsement of murder which is unethical.	0	0	1	0	0	0	0	0	0	1	1.0
1633	We should adopt gender-neutral language	in favor of	de-emphasizing gender in every day conversation will have long term benefits for humanity.	0	0	1	0	0	1	0	0	0	1	1.0
1493	We should abolish safe spaces	against	everyone needs a place where they feel safe	0	1	1	1	0	1	0	0	0	1	1.0
4340	We should ban private military companies	against	it should not be prohibited, i think that the military also has the right to set up their businesses and companies	0	0	1	0	0	0	1	0	0	0	1.0
6372	The vow of celibacy should be abandoned	in favor of	the vow of celibacy is unfair because it doesn't help people dealing with physical  needs, sometimes driving them crazy, so no need to give up sex	0	0	1	1	0	0	0	0	0	0	1.0
5433	Blockade of the Gaza Strip should be ended	in favor of	blockading the gaza strip is no longer necessary as both sides have come to an agreement	0	0	1	0	1	1	1	0	0	1	1.0
4070	We should legalize prostitution	against	prostitution is a crime against women and by legalizing it you are only reaffirming that women are just objects to be used by men.	0	1	1	0	0	1	0	0	0	1	1.0
3262	We should ban telemarketing	in favor of	we should ban telemarketing since it is a nuisance to the people who they berate with phone calls.  very few of the people called are interested.  wasting peoples time needs to be stopped.	0	1	1	0	0	0	1	0	0	0	1.0
6687	Assisted suicide should be a criminal offence	in favor of	suicide is illegal and so is killing, so how is assisted suicide going to be legal?	0	0	1	0	0	1	0	0	0	0	1.0
6465	Social media brings more harm than good	in favor of	you dont know whats real or fake on social media	1	1	1	0	0	1	0	0	0	1	1.0
1474	We should abolish capital punishment	against	serious crimes deserve serious punishment. at it's simplest level, 'an eye for an eye' is still a compelling argument for criminal justice.	0	0	1	0	0	1	0	0	0	1	1.0
3431	We should legalize prostitution	in favor of	it would provide better protection for the workers	0	1	1	0	0	1	0	0	0	1	1.0
1409	We should adopt libertarianism	against	we should not adopt libertarianism because total individuality would create chaos.	0	0	1	0	0	1	0	0	0	0	1.0
6414	Holocaust denial should be a criminal offence	against	a person's opinions are the beliefs of that individual and the freedom of one's thoughts should not be infringed upon.	0	0	1	0	0	0	1	0	0	0	1.0
5139	People with disabilities should be more represented 	in favor of	People with trisomy 21 in Europe have much higher rates of unemployment, social exclusion, poverty, and discrimination. The European Union must make it a priority to change this situation.	0	0	1	0	0	1	0	0	0	1	1.0
6314	Homeschooling should be banned	in favor of	just the practice of home schooling alone shapes the child in a negative fashion	1	1	1	0	0	1	0	0	1	1	1.0
771	We should ban private military companies	in favor of	private military companies should be banned they often act as mercenaries and cant be regulated	1	1	1	0	0	1	0	0	0	0	1.0
76	We should ban the use of child actors	in favor of	the world of show has proven to be full of vices that in the case of children is very harmful	0	1	1	0	0	1	0	0	0	0	1.0
788	We should adopt a zero-tolerance policy in schools	in favor of	zero-tolerance must be mandatory in school and is only way to stop negative stuff which happens so often in schools.	1	1	1	0	1	1	0	0	0	0	1.0
2638	We should ban the use of child actors	in favor of	we should ban the use of child actors as they should be concentrating on getting an education first	1	0	1	0	0	0	1	1	0	0	1.0
1169	We should legalize cannabis	against	it impairs your mind so it should be illegal	0	0	1	0	0	1	0	0	0	1	1.0
4919	Serious crimes should lead to rapid expulsion from the EU	in favor of	I agree, no one should migrate to a country if they're going to commit a crime.	0	0	1	0	0	1	0	0	0	1	1.0
5224	We need an immediate cessation of all immigration.	in favor of	The EU needs to establish a legal means of preventing illegal migration that is encouraged by the Turkish government and by privately funded NGOs, which are acting against the interest of the EU. 	0	0	1	0	0	1	0	0	0	0	1.0
2723	We should legalize prostitution	against	We should not legalize prostitution because prostitution is coercive and given a free choice and maximum information, almost no rational person would become a prostitute.	0	1	1	0	0	1	1	0	0	1	1.0
1159	We should abolish the three-strikes laws	against	if a person commits the same offence three times then they must be subject to the three-strikes law as they are obviously not being rehabilitated and therefore should face a long jail term.	0	0	1	0	0	1	0	0	0	1	1.0
5630	The vow of celibacy should be abandoned	against	celibacy holds many virtues, offers protection from disease as well as prevents unwanted pregnancies.	0	0	1	0	0	1	1	0	0	0	1.0
664	We should adopt a zero-tolerance policy in schools	against	schools already have systems and hierarchies, there is no need to employ further policies.	0	1	1	0	1	1	0	0	1	0	1.0
2263	We should subsidize Wikipedia	against	If Wikipedia were subsidized it would be less objective by being accountable to a single funding source.	1	1	1	0	0	1	1	0	0	1	1.0
3420	We should ban telemarketing	in favor of	we should ban telemarketing because it has gotten way out of hand. the phone was once a convience now its a hassle.	0	1	1	0	0	0	1	0	0	0	1.0
5687	Social media brings more harm than good	in favor of	social media provides an easy way for people to bully others without having to face the person they are bullying.	0	1	1	0	1	1	1	0	0	1	1.0
4710	India should accept Rohingya refugees	against	Allowing refugees is a potential security threat to any country. Refugees can be an easy prey to terrorists. They may take advantage of the situation and may carry out illegal activities using refugees.	0	0	1	0	0	1	0	0	0	0	1.0
4427	We should prohibit school prayer	against	school prayer adds structure to a students life and enables them to display their beliefs.	0	0	1	0	0	1	0	0	1	0	1.0
2302	We should prohibit school prayer	in favor of	prayer should be not done in school, children are in school to learn	1	0	1	0	0	0	1	0	0	0	1.0
665	We should cancel pride parades	against	thepride parades are part of the empowerment of the lgbt community	1	0	1	0	1	1	1	0	0	1	1.0
6319	The vow of celibacy should be abandoned	against	if someone wants to prove themselves by taking such a serious vow, then they should be free to do so.	0	0	1	0	0	0	1	0	1	0	1.0
2203	We should adopt a multi-party system	against	this would result in inaccurate representation in government. if there where numerous parties, votes would be split all over and the party people least wanted would win resulting in inaccurate representation.	1	1	1	0	0	1	0	0	1	1	1.0
1012	We should ban factory farming	in favor of	factory farming is a cruel and unnatural practice.  we should treat animals better, even if their 'just' going to be used for food.	0	1	1	0	0	0	0	0	0	1	1.0
2905	We should prohibit school prayer	against	Prayer can be a good way to unite a school and help children to focus on the day ahead.	1	0	1	0	0	1	0	0	1	0	1.0
3135	We should ban the Church of Scientology	against	like other churches, the church of scientology needs to be protected via the separation of church and state.	0	0	1	0	0	0	0	0	1	0	1.0
3264	We should abolish safe spaces	in favor of	We should abolish safe spaces because they have not been implemented in a way that helps people who need it, but rather to make university administrators look good.	1	0	1	0	0	0	0	0	0	1	1.0
1759	We should abolish capital punishment	against	capital punishment is the only acceptable punishment for some heinous crimes because they are so evil, life in prison is not enough.	0	0	1	0	1	1	0	0	0	1	1.0
1454	We should adopt an austerity regime	in favor of	adopting an austerity regime is necessary when our country is struggling, it is the only was to ensure a flourishing economy in the future. ending the debt ensures our country does not collapse.	0	1	1	0	1	1	0	0	0	0	1.0
5378	Food whose production has been subsidized with EU funds should not be allowed to be exported to developing countries.	in favor of	Subsidies often make farmers in recipient countries uncompetitive, hampering local production and increasing migratory pressure. 	0	1	1	0	0	1	0	0	0	1	1.0
1316	We should ban private military companies	in favor of	private military companies do not all follow the rules of the country	0	0	1	0	1	1	0	0	0	1	1.0
4771	Rapists should be tortured	in favor of	Criminal will feel the pain of the victim, if he is subjected to the same kind of harassment. Thereby, he may not commit the crime again in his life.	0	0	1	0	0	1	0	0	0	1	1.0
4575	Technology is making us feel less human	in favor of	Some companies are building strategies to use their apps for a longer time, to keep us addicted to their apps and devices so that they can show advertisements to us. And also they can use our data to manipulate our decisions for their profits. These strategies are turning humans into just targets.	0	0	1	0	0	0	1	0	0	1	1.0
3814	We should abandon the use of school uniform	against	school uniforms prevent students from wearing disturbing clothing, like neo-nazi propaganda pieces, thus allowing students to concentrate on their studies.	1	0	1	0	0	0	0	0	0	1	1.0
6704	The vow of celibacy should be abandoned	against	a vow of celibacy is necessary to the clergy so they can focus every bit of their lives to the church and to god without human distractions.	1	1	1	0	0	0	0	0	1	0	1.0
2875	We should subsidize student loans	against	people choose to go to college.  those that do should pay the bills for that schooling.  we should not be taxed to give money to those that choose to borrow it.	0	1	1	0	0	0	1	0	0	1	1.0
874	We should ban cosmetic surgery	in favor of	banning cosmetic surgery would take the pressure off people to look a certain way that media and society dictates.	0	1	1	0	0	1	1	0	0	1	1.0
1876	We should abolish safe spaces	in favor of	safe spaces foster isolation and retreat from the rest of society and they do nothing to address underlying safety issues.	0	0	1	0	0	1	0	1	0	1	1.0
2375	We should legalize organ trade	against	by allowing the organ trade the poorest of society will resort to selling body parts just to survive which will harm them in the end.	0	1	1	0	0	1	0	0	0	1	1.0
2118	We should adopt gender-neutral language	in favor of	it will prevent misgendering an individual	0	0	1	0	0	1	0	0	0	1	1.0
2479	We should limit judicial activism	in favor of	judges are to base decisions on the laws of the country not on their personal beliefs.  when a judge puts his bias to a case it can change laws and not support the rights of the individual.	0	0	1	0	0	0	0	0	0	1	1.0
4357	We should end the use of economic sanctions	against	economic sanctions provide a necessary alternative to military action when dealing with foreign countries who maybe abusing their power.	0	0	1	0	1	1	0	0	0	1	1.0
6440	Entrapment should be legalized	against	entrapment can be used unethically to cause innocent people to look guilty	0	1	1	0	0	0	0	0	0	1	1.0
22	We should ban telemarketing	in favor of	telemarketing doesn't differentiate between people who are interested in being called and those who aren't	0	0	1	0	0	0	1	0	0	0	1.0
4293	We should adopt a zero-tolerance policy in schools	in favor of	Zero tolerance policies provide a consistent framework for discipline, to ensure that issues are treated with the gravity they deserve.	0	0	1	0	1	0	0	0	0	1	1.0
4660	Social media is making us less social	in favor of	In the book “iGen”, it was mentioned that in the next decade we may see more young people who know just the right emoji for a situation — but not the right facial expression. This can become true if we prefer virtual life over real life.	1	0	1	0	0	1	0	0	0	0	1.0
1998	We should abolish capital punishment	against	i think capital punishment is useful for some people because it turns them into better people	0	1	1	0	1	0	0	0	0	0	1.0
1433	We should abolish the Olympic Games	in favor of	the olympics are an expensive operation and the city selection process is corrupt.	0	1	1	0	0	0	0	0	0	1	1.0
30	We should legalize prostitution	against	legalizing prostitution will further demean a woman or man and result in unnecessary violence.	0	0	1	0	0	0	0	0	0	0	1.0
1002	We should legalize organ trade	in favor of	legalising organ trade would put an end to the black market trading.	0	1	1	0	0	1	0	0	0	0	1.0
2259	We should legalize prostitution	against	"someone could be swayed into the profession and eventually end up under the control of a manager or ""pimp""."	0	0	1	0	1	1	0	0	0	1	1.0
1031	We should introduce compulsory voting	against	compulsory voting should not be necessary because people will vote for anyone without researching which could skew outcomes.	1	0	1	0	0	1	1	0	0	0	1.0
197	We should prohibit school prayer	in favor of	we have seperation of church and state for a reason.  schools are a government entity that is not suppose to be involved with, or support, any particular religion and the two need to stay seperate.	0	0	1	0	0	0	1	0	0	0	1.0
2252	We should abolish safe spaces	against	safe spaces allow for those who are triggered to go somewhere to seek a space free of triggers	0	1	1	0	0	1	1	0	0	0	1.0
1090	We should cancel pride parades	against	"it would be a huge step backwards, essentially telling the lgbt community not to have ""pride"" in who they are anymore"	1	0	1	0	0	1	0	0	0	1	1.0
5158	We need a Europe that respects life from conception is a humane Europe	in favor of	Every human has the right to live. The developing child in the womb, the children, the adults, and those who are of old age and need nursing.	0	0	1	0	0	0	0	0	0	1	1.0
658	We should ban telemarketing	against	telemarketing is very economical and it provides an easy way for companies to offer their products and services to people.  telemarketers are merely asking whether someone wants something or not.	0	0	1	0	0	0	0	0	0	0	1.0
4494	We should ban human cloning	in favor of	human cloning lets people play god.	0	0	1	0	0	0	0	0	1	0	1.0
6357	Assisted suicide should be a criminal offence	in favor of	prosecuting people who have committed murders would become more complicated if they could claim they were assisting in a suicide.	0	0	1	0	0	1	0	0	0	1	1.0
6337	Entrapment should be legalized	in favor of	it can help to get certain information out of people. it can be easy to twist their words and catch them in a lie.	1	1	1	0	0	1	0	0	0	0	1.0
7143	We should remove unauthorized asylum seekers or migrants.	in favor of	Unauthorized asylum seekers or migrants have no right to be in the country where they are unauthorized.	0	0	1	0	0	1	0	0	0	0	1.0
3313	We should cancel pride parades	in favor of	they lead to an inconvenience to road users	0	0	1	0	0	1	1	0	0	0	1.0
1893	We should abolish the Olympic Games	in favor of	they are a waste of money, building hype for a short event. money will be better spent elsewhere	0	1	1	0	1	1	0	0	0	1	1.0
3844	We should ban the use of child actors	in favor of	we should ban the use of child actors because they belong in school	1	0	1	0	0	0	0	0	0	0	1.0
5279	Europe should change the world for the better for everyone.	against	The EU should not get involved in trying to ”spread democracy” with threats and punishments, leave that to the US. 	0	0	1	0	0	0	1	0	0	1	1.0
5121	The EU should enforce the obligation to respect the Rule of Law within its borders	in favor of	Current concerns about rule of law infringements are simply being brushed off as 'national matters'. If this continues, how can the EU assume authority to promote democracy abroad? More strict and enforceable minimum standards must be introduced, under clearly increasing penalties for non-compliance. If shared values and democracy are indeed a requisite to be a part of the EU, then continued adherence should be a precondition to remain a part of it.	1	1	1	0	1	1	0	0	0	0	1.0
6586	Assisted suicide should be a criminal offence	in favor of	helping a human being to commit suicide devalues human life and can lead to deaths of unstable people who are not mentally competent to make the decision. it should be criminalized.	0	1	1	0	0	0	0	0	0	0	1.0
2401	We should ban telemarketing	in favor of	telemarketing is harassment. people who did not consent to contact are bombarded by calls from strangers. it's long past time to do away with telemarketing.	0	1	1	0	0	0	1	0	0	0	1.0
6388	Payday loans should be banned	in favor of	Payday loans should be banned because they are used to launder money	0	0	1	0	0	0	0	0	0	1	1.0
7240	We should protect the European border	in favor of	Frontex deserves much more political support, especially from the European Commission. It is already playing an important role to manage the border and is called to play a crucial one in the coming years. 	0	1	1	0	1	1	0	0	0	1	1.0
2687	We should limit executive compensation	in favor of	executive compensation is a joke. it's executives rewarding themselves on the backs of shareholders regardless of how well a company performs.	0	1	1	0	0	0	0	0	0	1	1.0
1856	We should prohibit school prayer	against	school prayer should be allowed in schools, as long as students get the choice of whether or not they want to participate.	0	0	1	0	0	0	1	0	1	0	1.0
6678	Surrogacy should be banned	in favor of	surrogacy is a fancy term that allows people to purchase children.	0	0	1	0	0	0	0	0	0	1	1.0
1636	We should abolish the Olympic Games	in favor of	the olympic games should be abolished as they have become a massive corporate sponsorship opportunity that is subject to bribery, cheating and politics	0	1	1	0	0	0	0	0	1	0	1.0
5516	The vow of celibacy should be abandoned	against	abandoning the vow goes against many people's religious beliefs	0	0	1	0	0	0	0	0	1	0	1.0
1388	We should abolish safe spaces	against	safe spaces are essential to enable minorities to have freedom of speech and expression without the danger of oppression.	0	0	1	0	0	1	1	0	0	1	1.0
1881	We should stop the development of autonomous cars	in favor of	autonomous cars can be dangerous and promote reckless behavior, so they should discontinue making them.	0	1	1	0	0	1	0	0	0	0	1.0
4286	We should oppose collectivism	against	we accept collectivism because it leads to less conflict due to people thinking as a team instead of one person thinking about themselves and causing trouble	1	0	1	0	1	1	0	1	0	1	1.0
1410	We should abolish the Olympic Games	in favor of	we should abolish the olympic games because there have too many scandals involving cheating and doping on illegal steroids and substances.	0	1	1	0	0	1	0	0	0	1	1.0
1246	We should legalize prostitution	against	legalizing prostitution sends the message that prostitution is okay, but it is not. prostitution is just the tip of the iceberg of human trafficking and abuse. it should not be condoned.	0	0	1	0	0	1	0	0	0	0	1.0
3761	We should adopt a zero-tolerance policy in schools	in favor of	teachers and children should feel safe in schools and a zero-tolerance policy will be beneficial for all.	0	0	1	0	0	1	0	0	0	0	1.0
4485	We should ban the use of child actors	in favor of	the use of child actors should be banned because child actors end up having more money than they know what to do with and thus misuse it.	1	1	1	0	0	0	0	0	0	0	1.0
5626	Homeopathy brings more harm than good	in favor of	homeopathy isn't fda approved and can cause all sorts of problems and side effects.	0	0	1	0	0	1	0	0	0	0	1.0
1808	We should ban private military companies	in favor of	we should ban private military companies because it relies too much on government funding	1	1	1	0	0	1	0	0	0	1	1.0
2290	We should subsidize student loans	against	Student loans are fundamentally a commercial transaction and have no place being subsidized.	0	0	1	0	0	0	0	0	0	1	1.0
2434	We should abolish the three-strikes laws	against	repeat offenders need to be punished severely.	0	0	1	0	0	1	0	0	0	1	1.0
7227	We should remove illegal immigrants.	in favor of	EU must take action. Help those in need, but only those who respect legal boundaries. Mutual respect is a cornerstone in this subject where we must set limits to protect Europe. 	0	1	1	0	1	0	0	0	1	0	1.0
1599	We should abolish safe spaces	in favor of	we should abolish safe spaces because they take up too much room that could be used for more pressing matters.	0	1	1	0	0	0	0	0	0	1	1.0
5200	There should be no immigration from non-European or non-first-world countries 	in favor of	The migrants that are already (legally) here should be taught western values so they and their families can integrate/assimilate, as the age-old saying goes 'when in Rome, do as the Romans do'.	0	0	1	0	0	1	0	0	1	0	1.0
3644	We should ban missionary work	against	missionaries help the less fortunate in third world countries, such as setting up schools and clinics.	1	1	1	0	0	1	1	0	0	1	1.0
5949	Homeschooling should be banned	against	families should have the continued option of homeschooling because bullying in schools and such exists.	1	1	1	0	0	1	1	0	0	1	1.0
5940	Entrapment should be legalized	in favor of	we need as many tools as possible to catch illegal activity.	1	0	1	0	0	1	0	0	0	0	1.0
6142	Holocaust denial should be a criminal offence	in favor of	as more time passes, it becomes increasingly important to acknowledge the holocaust's ugly truth, lest we never repeat it.	0	1	1	0	0	1	0	0	0	1	1.0
1029	We should adopt a zero-tolerance policy in schools	in favor of	i agree that a zero-tolerance policy in schools is a good idea since it would mean that our children are safer when they go to school.	1	0	1	0	0	1	0	0	1	0	1.0
4087	We should abolish intellectual property rights	against	intellectual property rights should be protected, as intellectual property is the same as physical property.	1	0	1	0	1	0	1	0	1	1	1.0
6721	The vow of celibacy should be abandoned	against	the vow of celibacy is too important to do away with.  it shows that there is nothing more important than the church and is a true goal worth striving for.	1	0	1	0	0	0	0	0	1	0	1.0
5025	We need to ensure improvements to the European Union's decision-making processes with increased transparency and accountability	against	The European Parliament in its current form is completely inadequate at representing the interests of all citizens, including the labor force. I cannot agree to give it more power until it is ensured that the MEPs are more responsive to their constituents. Electing them from individual election districts (not lists) and reducing their mandate to 2-3 years would be a good first step. 	1	1	1	0	0	1	0	0	0	1	1.0
6362	Payday loans should be banned	in favor of	The government has an obligation to protect the worst off in society, and payday loans specifically target the poor to make money off financial desperation, meaning the government should intervene and ban these loans.	0	1	1	0	0	1	0	0	0	1	1.0
294	We should limit judicial activism	in favor of	the rulings offer a precedent and will become final, despite it potentially overriding any laws.	0	0	1	0	0	0	0	0	0	1	1.0
1708	We should end the use of economic sanctions	against	economic sanctions can put pressure on the regime in power.  it reduces their ability to buy weapons of oppression and the ability to keep their economy healthy.  it can be effective in the right circumstances.	0	0	1	0	1	1	0	0	0	1	1.0
2394	We should legalize prostitution	against	prostitution is immoral and goes against all the values ​​of a decent society	0	0	1	0	0	1	0	0	1	0	1.0
146	We should prohibit school prayer	in favor of	we need to prohibit school prayer, as not all people agree with it and it should not be forced on anyone	0	0	1	0	0	1	1	0	0	1	1.0
960	We should adopt gender-neutral language	against	gender-neutral language doesn't always help people clearly communicate what they mean	1	1	1	0	0	0	1	0	0	1	1.0
5721	Entrapment should be legalized	in favor of	Even if you are convicted of a crime because of entrapment, your intention existed to commit a crime, and when determining guilt and punishment intention is ultimately the most important factor.	0	1	1	0	1	1	0	0	0	1	1.0
694	We should ban whaling	in favor of	it is harmful and may lead to whale extinction.	0	1	1	0	0	0	0	0	0	1	1.0
2221	We should cancel pride parades	in favor of	pride parades have become dangerous because right-wing opponents have tried to disrupt them with violence	0	0	1	0	0	1	0	0	0	0	1.0
3251	We should limit judicial activism	against	we should not limit judicial activism because it is an important check and balance on the legislative and executive arms of government.	0	1	1	0	0	1	0	0	0	1	1.0
4115	We should abolish the right to keep and bear arms	in favor of	the right to keep and bear arms was a concept born in age-old frontier days, where violence and threats were widespread - it has no relevance now in a modern society, and simply perpetuates crime.	0	0	1	0	0	1	0	0	0	1	1.0
4316	We should abolish the right to keep and bear arms	against	In the Constitution, we have the right to keep and bear arms and we can't have that taken away,.	0	1	1	0	0	1	1	0	1	0	1.0
402	We should ban targeted killing	against	based on the reason for targeted killing, in some cases this does make sense.  if a person is a serial murderer, and he is caught in gun fire, this type of killing of the murderer is warranted.	0	0	1	0	0	1	0	0	0	1	1.0
6487	The vow of celibacy should be abandoned	against	The vow of celibacy is a long standing tradition of many clergy and should be upheld.	0	0	1	0	0	0	0	0	1	0	1.0
1224	We should abolish zoos	in favor of	zoos are cruel to animals, because often if a human does something stupid the animal will get shot or killed.	0	1	1	0	0	0	0	0	0	1	1.0
6716	We should abandon television	in favor of	Television has led to the laziness of people mentally and physically.	1	0	1	0	0	1	0	0	0	0	1.0
6410	Social media brings more harm than good	in favor of	social media can be addicting and take people out of the moment and harm relationships with those that they are around in person. it can keep people from developing relationships in person.	0	1	1	0	0	1	0	1	0	0	1.0
3709	We should cancel pride parades	in favor of	we should cancel pride parades because it is not needed to show off people everything what they wanted.	0	0	1	0	0	0	1	0	1	1	1.0
6505	Surrogacy should be banned	in favor of	surrogacy  is just another name for selling children	0	1	1	0	0	0	0	0	1	1	1.0
2564	We should legalize prostitution	against	legalizing prostitution promotes the sex trafficking industry	0	0	1	0	0	1	0	0	0	0	1.0
5360	Migrants should not be used for political blackmail.	in favor of	Mass migration is hybrid warfare directed against our stability. NGOs organize, finance, and promote migration to get advantages.	0	0	1	0	0	1	0	0	0	1	1.0
6761	Foster care brings more harm than good	in favor of	Overworked social workers make the foster care system harmful by not disclosing child background details to foster parents and often dealing with behavioral issues improperly.	1	1	1	0	0	0	0	0	0	1	1.0
7253	We should strengthen Frontex and control immigration.	in favor of	 Mass migration is a crime against humanity and has to stop!	0	0	1	0	1	1	0	0	0	1	1.0
5148	The EU must ensure continued progress toward gender equality, women’s rights, and reproductive freedom	against	We are all for equal rights and opportunities for women, however, modern feminism has gone so far beyond the pale that it can no longer be supported.  The BBC has recently found out that 'Some lesbians are increasingly being pressured and coerced into accepting trans women as sexual partners' - in effect fourth-wave feminism has reached the point where males are once again telling females who to have sex with. This must stop.	0	0	1	0	0	1	1	0	0	1	1.0
4982	There should be no immigration from non-European or non-first-world countries 	in favor of	We need to agree that people who do not respect our immigration law are detained in centers for repatriation.	0	0	1	0	0	1	0	0	0	0	1.0
2120	We should ban private military companies	in favor of	they may sell weapons to countries that would use them inappropriately	0	0	1	0	0	1	0	0	0	1	1.0
1232	We should cancel pride parades	in favor of	religious individuals may object to pride parades	0	0	1	0	0	0	1	0	1	0	1.0
5145	Every human has the right to receive reliable information about the movement and distribution of public funds	in favor of	We pay taxes and we have the right to see where our money goes. It’s very easy to implement through an online platform same as digital banking, but for the state. This will stamp out corruption and thereby free up a huge amount of money that we can spend on the needs of the population. 	0	1	1	0	1	1	0	0	0	1	1.0
4986	We do not want illegal migration.	against	I do not agree with stripping people of their right to asylum and a right to live in the EU because they came illegally. I would instead suggest making it easier to migrate legally. That way there would be no need to migrate illegally and risk your life while doing so.	0	0	1	0	0	1	1	0	0	1	1.0
1580	We should ban algorithmic trading	against	Algorithmic trading is more likely to be traceable, making illegal data inputs such as insider information more difficult to use.	0	1	1	0	1	0	0	0	0	1	1.0
5935	Holocaust denial should be a criminal offence	against	Holocaust denial should not be a criminal offence since the public should be educated, and punishment is an ineffective way of achieving this goal	1	0	1	0	0	0	1	0	0	1	1.0
2542	We should legalize organ trade	against	if organ trade were legal. more people would do it to make money.	0	1	1	0	0	0	0	0	0	1	1.0
12	We should ban factory farming	in favor of	factory farming cuts too many health and safety corners as opposed to smaller family farms, this leads to potentially unsafe and unhealthy products.	0	0	1	0	0	1	0	0	0	0	1.0
32	We should abolish the three-strikes laws	against	this law keeps communities safe by not letting criminals run rampant with only slaps on the wrist	0	0	1	0	0	1	0	0	0	0	1.0
4090	We should legalize prostitution	against	we should not legalize prostitution why do we have to do this are there any countries now that  made prostitution legal?	0	0	1	0	0	0	0	0	1	0	1.0
1380	We should legalize prostitution	against	legalising prostitution may promote the spread of sexually transmitted diseases.	0	0	1	0	0	1	0	0	0	0	1.0
5122	The EU needs a free but correct press	in favor of	I totally agree, maybe would be glad if a press company could be sanctioned for misleading information, or even if it repeats, they could have their press licenses voided. It is crazy how much misleading information is out there, many people are sharing it and nobody is taking responsibility for it. In addition, there could be a discussion in which only verified users (real people) could have access to the press's online chat/discussion under the reported topic.	0	1	1	0	0	0	1	0	0	1	1.0
5151	Ideology should be aimed at popularizing the best human qualities and stopping everything that is directed against a human	in favor of	Aggression, division, and violence we see in mass media should be stopped. Only the best human qualities should be promoted, this way we will raise a generation of kind, caring, and responsible people.	0	1	1	0	0	0	0	0	0	0	1.0
2702	We should ban algorithmic trading	in favor of	algorithmic trading gives some people an unfair advantage	0	1	1	0	1	0	0	0	0	1	1.0
1585	We should cancel pride parades	in favor of	pride parades cause violence and hate	0	0	1	0	0	1	0	0	1	0	1.0
7245	We should remove unauthorized asylum seekers or migrants.	in favor of	Unauthorized asylum seekers or migrants have no right to be in the country where they are unauthorized.	0	0	1	0	0	0	0	0	0	0	1.0
983	We should ban telemarketing	in favor of	telemarketing has reached epidemic levels with unregulated frequency that most people would consider a public nuisance.	0	0	1	0	0	1	1	0	0	0	1.0
3918	We should end mandatory retirement	in favor of	We should end mandatory retirement as it is ageist and outdated and people should be given the opportunity to work for as long as they feel able.	0	0	1	0	0	1	1	0	0	1	1.0
155	We should legalize prostitution	in favor of	with so much sexual freedom these days prostitution should now be legal.	0	0	1	1	1	1	1	0	0	1	1.0
5349	There should be a reform of EU trade and investment policy and a relaunch of global multilateralism.	in favor of	Both, a reform of EU trade and investment policy and a relaunch of global multilateralism are overdue.	0	0	1	0	1	0	1	0	0	1	1.0
2185	We should subsidize embryonic stem cell research	against	stem cell research will encourage more abortions	0	0	1	0	0	0	0	0	0	1	1.0
6609	Assisted suicide should be a criminal offence	in favor of	assisted suicide is wrong and we should try to help the person heal rather than kill themselves	0	1	1	0	0	1	0	0	0	0	1.0
3846	We should legalize cannabis	against	it is a gateway drug that can lead to far worse drugs	0	0	1	0	0	1	0	0	0	0	1.0
2610	We should abolish capital punishment	against	Giving a killer the death sentence will stop them  doing it again	0	0	1	0	1	1	0	0	0	1	1.0
1325	We should end the use of economic sanctions	against	economic sanctions must be retained as it is the only way in which dishonest countries can be made to mend their ways.	1	1	1	0	1	1	0	0	0	1	1.0
2887	We should limit judicial activism	against	judges are going to use their beliefs to interpret laws and we shouldn't limit that once they are elected, we should understand their views before electing them.	0	0	1	0	1	1	0	0	0	1	1.0
2799	We should legalize prostitution	against	legalizing prostitution would spread many diseases.	0	1	1	0	0	1	0	0	0	0	1.0
5795	Blockade of the Gaza Strip should be ended	in favor of	Israel's military and economic superiority makes the blockade an imperialistic action.	0	0	1	0	0	1	0	0	1	1	1.0
5134	The EU should enforce the obligation to respect the Rule of Law within its borders	against	The EU has no business 'promoting democracy' anywhere beyond its borders. Have we not seen sufficiently clearly in the past two decades where 'democracy export' leads?! Freedom bombs and human suffering everywhere.  No, the EU must fully respect the sovereignty and national characters of all nations of this world. And that includes its own member states. The EU must immediately return to the letter of the EU treaties, and reaffirm in the strongest term the principles of conferral and subsidiarity. 	0	0	1	0	1	1	1	0	0	1	1.0
2550	We should prohibit school prayer	in favor of	school is for learning and teaching and anything else apart from that is just wrong.	1	0	1	0	0	0	1	0	0	1	1.0
41	We should cancel pride parades	in favor of	pride parades create a huge disturbance	0	0	1	0	0	0	0	0	0	0	1.0
1152	We should cancel pride parades	in favor of	possibly they cause disruption due to city centre's needing to be shut down for regular traffic.	0	0	1	0	0	1	1	0	1	0	1.0
3223	We should cancel pride parades	in favor of	we don't have heterosexual pride day parades, so why should we have pride parades	0	0	1	0	0	0	0	0	0	1	1.0
147	We should end mandatory retirement	against	Setting a mandatory retirement age allows for the younger generations to move up the ladder and to better support their own families.	1	1	1	0	1	1	0	0	0	0	1.0
1501	We should limit judicial activism	against	sometimes a case has extenuating circumstances that would require a judge to make a different ruling.	0	1	1	0	0	1	0	0	0	1	1.0
2373	We should abandon the use of school uniform	against	school uniforms show pride and community and provide fewer distractions from learning.	1	0	1	0	0	1	0	0	0	0	1.0
218	We should ban fast food	in favor of	is leading to increased obesity and many health problems.	1	0	1	0	0	1	0	0	0	0	1.0
5533	Assisted suicide should be a criminal offence	in favor of	Allowing assisted suicide would enable greedy relatives to take advantage of ill relatives for their own financial gain	0	1	1	0	0	0	0	0	0	1	1.0
496	We should ban whaling	against	most whaling is done under controlled situations, and is done for research purposes.	1	1	1	0	0	0	0	0	0	0	1.0
1541	We should adopt gender-neutral language	in favor of	gender-neutral language would show we respect peoples choices.	0	0	1	0	0	0	0	0	0	1	1.0
237	We should ban the use of child actors	in favor of	the world of acting is a high pressure, extremely stressful place and children should be protected from it.	0	1	1	0	0	0	0	0	0	0	1.0
1075	We should legalize prostitution	in favor of	we should legalize prostitution so that women as a whole are taught that their place in society is simply as a commodity to be used by someone with more money	0	1	1	0	1	0	0	0	0	0	1.0
975	We should abolish capital punishment	against	capital punishment is fair if the person had killed someone as they are only getting what they have dealt.	0	0	1	0	0	1	0	0	0	1	1.0
553	We should subsidize journalism	against	it could become partial to whoever pays	0	0	1	0	1	0	1	0	0	0	1.0
5739	Entrapment should be legalized	in favor of	when it is known that someone has committed a crime but it cannot be proven then entrapment provides an effective way of proving what they are capable of.	1	0	1	0	1	1	0	0	0	0	1.0
4221	We should ban whaling	in favor of	Whaling should be banned because it is barbaric and over-killing is causing whales to become an endangered species.	0	0	1	0	0	0	0	0	0	1	1.0
3179	We should abolish safe spaces	in favor of	we should change how people treat others rather than make safe spaces	0	0	1	0	0	0	0	0	0	1	1.0
308	We should ban the Church of Scientology	in favor of	the church of scientology is a dangerous cult that has caused psychological harm to some of its members and has held some members against their will	0	0	1	0	0	1	1	0	0	0	1.0
3739	We should ban private military companies	in favor of	private military companies are largely unregulated, and providing muscle for financial gain fosters corruption and undemocratic process - it is the survival of the powerful over the poor, oppressed.	0	0	1	0	0	1	0	0	0	1	1.0
3254	We should abolish the right to keep and bear arms	in favor of	we should abolish the right to keep and bear arms to prevent unnecessary killings	0	1	1	0	0	1	0	0	0	1	1.0
6277	Foster care brings more harm than good	in favor of	foster homes are often environments of bullying and abuse the lack of stability, unlike adoptions, is harmful evidence shows that foster children are more likely to get in trouble with the law	0	1	1	0	0	1	0	0	1	1	1.0
328	We should ban the use of child actors	in favor of	we are exploiting the youth purely for entertainment	0	0	1	0	1	1	0	0	0	1	1.0
3863	We should adopt a zero-tolerance policy in schools	against	kids in schools are not always mature enough to understand the consequences of their actions.  a zero-tolerance policy would just be punishing students that need the most guidance.	0	1	1	0	0	0	1	1	0	1	1.0
4135	We should ban cosmetic surgery	in favor of	banning cosmetic surgery and obligatory because is harming our health and is not supportive from main western doctors. cosmetic surgery is all about money and nothing else.	0	0	1	0	1	1	0	0	0	1	1.0
211	We should ban human cloning	in favor of	humans don't have the right to play god with genetics	0	0	1	0	0	0	0	0	0	0	1.0
6114	The vow of celibacy should be abandoned	against	they hold a very high title to which they agreed to be held by all rules.	0	0	1	0	0	0	0	0	1	0	1.0
2181	We should ban private military companies	in favor of	we should ban private military companies as they are difficult to legislate and it is difficult to monitor the operations and ensure they are legal and ethical.	1	1	1	0	1	1	0	0	0	1	1.0
1042	We should ban fast food	against	fast food is no more unhealthy than  some gourmet food its just  cheaper and made with less costly ingredients. fast food is not the issue, lack of control in eating it is the reason people are fat.	0	1	1	0	1	1	1	0	0	1	1.0
2624	We should abolish zoos	in favor of	zoos are cruel to the animals taking them out of their natural environment	0	1	1	0	0	0	0	0	0	1	1.0
5487	Assisted suicide should be a criminal offence	in favor of	assisted suicide should be a criminal offence because it could force some doctors to perform this act without their consent	0	1	1	0	0	0	1	0	0	0	1.0
5631	The vow of celibacy should be abandoned	against	the vow of celibacy should be promoted as it brings the sense of self control and purity to a person's soul.	0	1	1	0	0	0	0	0	1	0	1.0
4498	We should adopt gender-neutral language	in favor of	we should adopt gender-neutral language because it will stop people from being offended from misidentifying them	1	0	1	0	0	0	0	0	0	1	1.0
2209	We should ban private military companies	in favor of	we should ban private military companies because they have an unfair monopoly on money and weapons.	0	0	1	0	0	1	1	0	0	1	1.0
6201	The vow of celibacy should be abandoned	in favor of	the psychological consequences of celibacy are evident after several cases of pedophilia, i do not think the church should persist in this	0	1	1	0	0	1	0	0	0	0	1.0
5635	We should abandon television	against	television is still an important medium for many people such as the elderly to receive their news or to keep them company, especially if they have no access to internet shows	0	1	1	0	0	1	1	0	0	1	1.0
2473	We should adopt a zero-tolerance policy in schools	in favor of	Zero-tolerance policy works- Think of schools three decades ago, when the policy was prevalent. As a result children were obedient and disciplined, as opposed to students' behaviour  today, using moderd soft approaches in schools.	0	0	1	0	1	1	0	0	1	0	1.0
1992	We should end the use of economic sanctions	in favor of	economic sanctions cause death and suffering for civilain populations, and are wildly unfocused as a tool of diplomacy.	0	0	1	0	0	1	0	0	0	1	1.0
5604	Homeopathy brings more harm than good	in favor of	Homeopathy is not legally regulated and there is no requirement of formal training of homeopathic expert or physician	1	0	1	0	1	1	0	0	0	0	1.0
3142	We should adopt gender-neutral language	in favor of	new times, new ways of communicating, inclusion and adaptation are the key.	0	1	1	0	0	1	0	0	0	1	1.0
6173	Entrapment should be legalized	against	entrapment should not be legalized because if you have to trap a person to catch them doing wrong, then the enforcement team is not doing a very good job as people are breaking the law constantly.	1	0	1	0	0	1	0	0	0	1	1.0
5027	The president of the European Commission should be elected by the people of the EU	in favor of	The undemocratic nature and perception of the presidency and the commission were used very effectively during the Brexit referendum campaign to change the minds of even the most reasonable pro-EU and anti-Brexit voters as EU political representatives were already remote and inaccessible to many people, with unrecognized names, faces, and campaign points.	1	1	1	0	1	1	0	0	0	1	1.0
4950	We need Integrated migration and border policy.	against	 Refugees can obtain a visa at an Embassy in one of the 54 African countries. All other immigrants must be returned within a week of arrival.	0	0	1	0	1	0	0	0	0	0	1.0
264	We should abandon the use of school uniform	against	researchers found that in schools across the world with uniform policies students are more disciplined and concentrated	0	0	1	0	0	0	0	0	0	0	1.0
4957	We need an inclusive and pluralistic European society.	in favor of	There need to be some rules for integration:Integration does not mean completely open borders.	0	1	1	0	0	1	0	0	0	0	1.0
4772	Rapists should be tortured	against	We are living in a civilized society. World is preferring humane ways to deal with everyone including criminals. We should not stoop to the criminal's level by torturing him/her in inhumane ways.	0	1	1	0	0	1	0	0	0	1	1.0
434	We should ban targeted killing	against	We should not ban targeted killing as it is the only way to deal with particular criminals who are otherwise not able to be captured or killed.	0	0	1	0	0	1	0	0	0	0	1.0
2705	We should abolish capital punishment	against	the punishment should be equal to the crime. it also might deter others from murder if they know they will lose their own life.	0	0	1	0	1	1	0	0	0	1	1.0
4035	We should ban the use of child actors	in favor of	child actors can easily get exploited and abused.	0	1	1	0	0	1	0	0	0	1	1.0
7254	We should rethink the legal state of Family Reunification.	in favor of	Illegal loopholes in the legislation are enabling illegal migration. Family Reunification has been and remains the biggest channel of migration into the EU.	1	1	1	0	0	0	0	0	0	1	1.0
876	We should legalize cannabis	against	legalising cannabis could normalise it and encourage more children to partake	0	1	1	0	0	1	0	0	0	0	1.0
1245	We should abolish the three-strikes laws	against	The three-strikes law is a deterrent against crime.	0	0	1	0	1	1	0	0	0	1	1.0
2812	We should subsidize embryonic stem cell research	against	embryonic stem cell research is against god's will and should be stopped.	0	0	1	0	0	0	0	0	1	0	1.0
4147	We should legalize prostitution	against	prostitution is an inhuman, immoral and dangerous act	0	0	1	0	0	1	0	0	1	1	1.0
1574	We should adopt a zero-tolerance policy in schools	in favor of	by adopting a zero-tolerance policy in schools we can cut bullying out since those who do it will be removed from the school.	0	0	1	0	1	1	0	0	0	1	1.0
6068	Payday loans should be banned	against	payday loans should not be banned because sometimes people need the money ahead of time for emergencies	0	1	1	0	0	1	0	0	0	0	1.0
2167	We should adopt a multi-party system	against	currently 2 parties can't agree enough to accomplish anything, it would only get worse to get multiple parties to all agree on anything.	0	0	1	0	0	1	0	0	1	1	1.0
5359	Migrants should not be used for political blackmail.	in favor of	Mass migration is hybrid warfare directed against our stability. State actors, such as Morocco, Belarus and Turkey have already taken advantage of mass migration. 	0	1	1	0	0	1	0	0	0	1	1.0
4572	We should encourage people to take part in Fit India Movement	in favor of	Some people are already focusing on fitness. We can observe this with the increasing number of fitness startups. But that is a small proportion of people. Generally, many people want to maintain an active lifestyle, but all they need is some encouragement. So, this movement constantly reminds people to focus on fitness goals just like Swachh Bharat reminds us of the importance of keeping our surroundings clean.	0	0	1	0	0	1	0	0	0	1	1.0
6890	Entrapment should be legalized	in favor of	criminals should be caught and not allowed to continue to harm society.  entrapment is an effective means of catching them.	1	0	1	0	0	1	0	0	0	1	1.0
4382	We should abandon the use of school uniform	against	the use of school uniforms can eliminate many social issues among students.	0	1	1	0	0	1	0	0	0	0	1.0
3367	We should abolish the three-strikes laws	against	three strikes allows someone to make a genuine mistake and not be punished as harshly right away.	0	1	1	0	0	1	0	0	0	1	1.0
838	We should subsidize space exploration	against	humans shouldn't colonize space until we learn to care for earth	0	1	1	0	0	0	0	0	0	1	1.0
5140	The EU should enforce minority protection	in favor of	It seems that the EU is much more concerned with the rights of sexual minorities than with ethnic minorities. This is a universal problem for all ethnic minorities in the EU.  Outside the EU, there are even more severe problems. Ukraine, for instance, forces kids to study in Ukrainian, refusing them and their parents the right to receive an education in the language they choose. Seems utterly barbaric in the 21st century, but the EU does nothing about this, despite the influence it holds over Kyiv. 	0	1	1	0	0	1	1	0	0	1	1.0
5157	The EU should adopt legislative measures aimed at increasing the percentage of women in the political sector	against	Every harpy screams 'more (black) women in power' until Candace Owens appears. Clever, charming black woman, but she is too clever, pro-freedom, and conservative, and that is the problem. So it isn't about women, it's mere greed and desire for power and influence.	0	1	1	0	0	0	1	0	0	1	1.0
508	We should cancel pride parades	in favor of	parades bring in homophobic people that bully the members of the parade.	0	0	1	0	0	1	0	0	0	1	1.0
4980	Humanitarian organizations should be financially responsible in relation to illegal immigration.	in favor of	A humanitarian association that helps a migrant to enter the EU illegally should also be dragged in front of the court for not taking the illegals to the closest safe port. In 90% of the cases, the closest port lies in Africa. 	0	1	1	0	0	0	0	0	0	1	1.0
4731	News channels are breaking rules to give Breaking news	in favor of	Reporters often try to make victims speak on the incident. Even in the cases of death, reporters rush to the incident and ask questions the victim's family, when they really need some space and time to grieve.	0	0	1	0	0	0	1	0	0	0	1.0
4659	Social media is making us less social	in favor of	Trolling on social media is a big menace. It is affecting the self-esteem of many people and is also making them avoid forming social connections.	0	1	1	0	0	1	0	0	0	0	1.0
202	We should ban whaling	against	whaling is an important part of the diet, tradition and economies of many countries, and it is not our place to dictate terms as outsiders to their culture.	0	0	1	0	1	1	1	0	1	1	1.0
3017	We should ban algorithmic trading	against	this trading system keeps buying and selling clean	0	1	1	0	0	0	0	0	0	0	1.0
588	We should ban telemarketing	in favor of	The true purposes of telemarketing are to pressure feeble-minded people into buying things they don't really want, and to make it easier to get away with fraud	0	0	1	0	0	1	0	0	0	1	1.0
916	We should abolish the three-strikes laws	against	this law is good for young people who would learn their lesson and become good adults	0	1	1	0	0	1	0	0	0	1	1.0
4609	Political parties should be brought under RTI (Right to Information) Act	in favor of	Political parties are central to the functioning of Democracy. Political Parties go on to form the government. The government policies are then governed by the party’s ideology. Thereby, it becomes essential for political parties to come under the ambit of RTI.	1	1	1	0	0	0	0	0	0	0	1.0
232	We should adopt libertarianism	against	libertarianism doesn't account for obvious public needs that are better served through collective action rather than each individual competing for resources.	0	0	1	0	0	1	1	1	0	1	1.0
5584	Foster care brings more harm than good	against	foster carers are by default caring people who do a lot of valuable work	0	0	1	0	0	1	0	1	0	0	1.0
2257	We should stop the development of autonomous cars	in favor of	autonomous cars are dangerous because they are operated by a computer which can malfunction or be hacked.	0	1	1	0	0	1	0	0	0	0	1.0
299	We should limit judicial activism	in favor of	judicial activism should be limited or altogether removed based on the fact that it is done from a feeling or thought rather than from the law	0	0	1	0	0	0	0	0	0	1	1.0
4836	Frontex should regularly publish transparency reports	against	Frontex interfering with the national border guards doing their sacred duty to protect the border, and then sending anonymous reports to criticize these brave men and women is quite abhorrent. 	0	0	1	0	0	0	0	0	0	0	1.0
5468	The use of public defenders should be mandatory	in favor of	public defenders should be available to everyone and mandatory to use. they conform more to the laws in place and are impartial in the criminal procedures	0	0	1	0	0	0	0	0	0	1	1.0
2126	We should abolish capital punishment	against	Without capital punishment we would have more problems with over-crowding in prisons.	0	0	1	0	0	1	0	0	0	0	1.0
5744	We should abandon television	in favor of	television makes people lazy and they get fat	1	0	1	0	0	1	1	0	0	0	1.0
1476	We should adopt a multi-party system	against	a multi-party system weakens speed of decision making and ensures no progress is made so we should not adopt it.	0	0	1	0	0	1	1	0	1	0	1.0
4334	We should ban targeted killing	in favor of	We should ban targeted killing as it just legalized murder and should not be allowed.	0	0	1	0	0	1	0	0	0	1	1.0
840	We should end mandatory retirement	in favor of	mandatory retirement is harsh.  it pushes workers who might still be viable out of the workforce for no other reason than their age, often leaving them to struggle.	1	0	1	0	0	1	1	0	0	1	1.0
660	We should subsidize Wikipedia	in favor of	wikipedia is a valuable source of information in all things and would be missed if it were not able to continue due to lack of support	1	0	1	0	0	0	0	0	0	0	1.0
3611	We should legalize prostitution	against	we should not legalize prostitution. it is not right for women or men to make a living by having sex. it will lead to a society in which marriages fall apart and children are harmed in the process.	0	1	1	0	0	1	0	0	0	0	1.0
3201	We should adopt libertarianism	against	libertarianism is wrong and will deploy mess and confuse to our society.	0	0	1	0	0	1	0	0	0	0	1.0
620	We should ban missionary work	in favor of	missionaries try to force their religion or ideas on people that are already happy the way they are.	0	0	1	0	0	0	1	0	0	1	1.0
379	We should ban cosmetic surgery for minors	against	every one has the right to choose what they want to do with their bodies, it isn't in our place to decide if cosmetic surgery is bad for minors.	0	0	1	0	0	0	1	0	0	1	1.0
5925	Holocaust denial should be a criminal offence	against	if holocaust denial is illegal,  it will only go underground and behind closed doors which is just as, if not more, harmful than if it is out in the open.	0	1	1	0	0	1	0	0	0	1	1.0
490	We should limit judicial activism	in favor of	we should limit judicial activism as it goes outside the set laws and eventually could go to far to one person creating their own agendas.	0	0	1	0	0	0	0	0	1	1	1.0
5725	Entrapment should be legalized	in favor of	sometimes entrapment is the only way to ensure that criminals are captured and charged, therefore we should legalise it.	1	0	1	0	1	1	0	0	0	1	1.0
2251	We should adopt a zero-tolerance policy in schools	in favor of	adopting a zero tolerance rule in schools is good for safety.	0	0	1	0	0	1	0	0	0	0	1.0
5882	Social media brings more harm than good	in favor of	social media allows children to gang up on other children and can lead to mental problems.	1	0	1	0	0	1	0	0	0	0	1.0
1497	We should abolish safe spaces	in favor of	safe spaces don't really serve a beneficial purpose. they don't solve any issues and instead attract a target on to those others may feel are weak or inferior. they cause more harm than good.	1	0	1	0	0	0	0	0	0	1	1.0
4058	We should abandon the use of school uniform	against	it is a good way to instill discipline	0	1	1	0	0	0	0	0	0	0	1.0
765	We should cancel pride parades	in favor of	pride parades cause more trouble by singling out those who are different.	0	1	1	0	0	1	0	0	1	1	1.0
1111	We should cancel pride parades	against	in democracy, everybody has the option to choose what they want and how they want and canceling pride parades will be wrong and opposite of democracy.	0	1	1	0	0	1	1	0	0	1	1.0
1895	We should stop the development of autonomous cars	in favor of	we should stop the development of autonomous cars because autonomous cars are bad idea, very dangerous	0	0	1	0	0	1	0	0	0	0	1.0
4292	We should abolish the three-strikes laws	against	the three-strikes law serves as an effective deterrent and should not be abolished.	1	0	1	0	1	1	0	0	0	0	1.0
3426	We should abandon the use of school uniform	in favor of	school uniforms are often used as a money making exercise by schools, where they inflate the price and parents have no choice but to pay.	0	0	1	0	1	1	1	0	0	0	1.0
4601	Political parties should be brought under RTI (Right to Information) Act	in favor of	The law is very clear that RTI is not just concerned with government bodies alone. It is also for Non-Government Organisations which are substantially financed and controlled by the Government. There are numerous subsidies (including Tax exemptions) that the Political parties enjoy, thereby, they are substantially financed by the Government.	0	1	1	0	0	0	0	0	0	1	1.0
454	We should limit judicial activism	against	all avenues should be looked at, not just the supposedly straight forward.	0	0	1	0	0	1	0	0	0	1	1.0
7250	We should stop mass migration.	in favor of	Organizing, promoting, directing and financing mass migration is a crime against humanity.	0	1	1	0	0	1	0	0	0	1	1.0
2966	We should ban targeted killing	in favor of	we should ban targeted killing as it is an unfair advantage to those that do not have the same equipment.	1	0	1	0	1	0	0	0	0	1	1.0
4747	Men are silent sufferers in this modern world	in favor of	These days, every man is considered as a potential rapist. If a woman makes a false molestation complaint against a man out of revenge or any other motive, society is more likely to believe the woman's words. Society and media exposes the accused before the investigation. This kind of attitude of society helps victims in genuine cases. But the scope of false cases is ignored. However the same is not true with the complaints against women. If the complaint is against a woman, people doubt about the genuinity of the case. What if the sexual harassment case against the man is a false case? Some people think like men can take anything. False molestation cases will result in the irreversible loss of reputation and causes mental agony to the accused and his family.	0	0	1	0	0	1	0	0	0	1	1.0
469	We should abolish the right to keep and bear arms	in favor of	we should abolish the right to keep and bear arms as this right has gotten out of hand with too many mass shootings.	0	0	1	0	0	1	0	0	0	1	1.0
1850	We should abolish the three-strikes laws	in favor of	We should abolish the three-strikes laws because a crime is a crime and the criminal need to be punished for what type of crime they are committing and not base on how many times they committed the crime	0	0	1	0	0	0	0	0	0	1	1.0
310	We should fight for the abolition of nuclear weapons	in favor of	no one wins with nuclear weapons. if two or more countries nuked each other parts of, if not all of, the entire world is just gone. it destroys everything and solves nothing.	0	1	1	0	0	0	0	0	0	1	1.0
6449	Payday loans should be banned	in favor of	A ban would send a strong message that better business practices are needed.	0	1	1	0	0	1	0	0	0	1	1.0
4546	We should abolish the three-strikes laws	in favor of	Since prison's radicalize more than they rehabilitate, three strikes laws end up creating more re-offenders by putting people away for longer in an environment that radicalizes them.	1	1	1	0	0	1	0	0	0	1	1.0
3713	We should abolish the three-strikes laws	against	if people do not learn from their mistakes and corrections then they are unfit to live among society.	0	1	1	0	0	0	0	0	0	0	1.0
6242	Assisted suicide should be a criminal offence	in favor of	assisting suicide is the same of assisting murder.  both are crimes.	0	0	1	0	0	1	0	0	0	0	1.0
6105	Entrapment should be legalized	in favor of	entrapment is sometimes the only way to catch someone	0	0	1	0	0	1	1	0	0	1	1.0
5958	Holocaust denial should be a criminal offence	in favor of	holocaust denial is racist propaganda and is used to incite people to violence against jews.	0	0	1	0	0	1	0	0	0	1	1.0
3073	We should cancel pride parades	in favor of	pride parades can be perceived as a way of pushing one's views on other's that do not share the same belifs and accepatances	0	0	1	0	0	0	1	0	0	1	1.0
4079	We should ban targeted killing	in favor of	targeted killing is a moral violation.	0	0	1	0	0	0	0	0	0	1	1.0
1676	We should end mandatory retirement	in favor of	mandatory retirement is a form of discrimination, namely ageism, we cannot allow as a free society discrimination of any kind	0	0	1	0	0	0	1	0	0	1	1.0
1054	We should ban targeted killing	in favor of	the goal should always be to capture alive so banning targeted killing will encourage capture instead of kill.	1	0	1	0	1	1	0	0	0	1	1.0
1200	We should ban the Church of Scientology	against	we shouldn't ban the church of scientology because banning a religion goes against the constitution	0	0	1	0	0	0	1	0	1	1	1.0
5387	Entrapment should be legalized	in favor of	anyone who commits a crime should be prosecuted	0	0	1	0	0	1	0	0	0	0	1.0
537	We should adopt a zero-tolerance policy in schools	in favor of	all schools should adopt a zero-tolerance policy as kids need to know they can not act inappropriately at any given moment when in school.	0	0	1	0	0	0	0	0	1	0	1.0
5924	Assisted suicide should be a criminal offence	in favor of	assisted suicide ought to be a criminal offence because killing someone isn't right no matter what situation	0	0	1	0	0	1	0	0	0	1	1.0
2724	We should legalize sex selection	against	sex selection will invariably lead down a slippery slope of screening for other genetic factors: hair color, handedness, etc. where will it stop?	0	1	1	0	0	0	0	0	0	1	1.0
1116	We should ban cosmetic surgery for minors	in favor of	minors cannot be trusted to make decisions about cosmetic surgery that may affect them adversely as they grow up.	0	1	1	0	0	1	0	0	0	0	1.0
5422	Foster care brings more harm than good	in favor of	most of the time a child put into foster care gets separated from their siblings.	0	1	1	0	0	1	0	0	0	1	1.0
437	We should ban fast food	in favor of	fast food is known to contain unhealthy fats and no necessary nutrients	0	1	1	0	0	1	0	0	0	1	1.0
172	We should abandon the use of school uniform	against	school uniforms are a good way to keep our kids from looking too sexualized from what they wear	0	0	1	0	0	1	0	0	1	0	1.0
5470	Holocaust denial should be a criminal offence	in favor of	holocaust denial should be a criminal offence because it encourages discrimination, abuse and violence against jews.	0	0	1	0	0	1	0	0	0	0	1.0
7212	We should legalize non-violent drug use	in favor of	I fully agree that the recreational drugs that cause the least harm should be legalized. It is an illusion that the smuggling of such drugs can be controlled. Billions of euros have been spent trying to combat smuggling but have not reduced the supply of such drugs. Legalization of the least harmful drugs will allow the quality of the drugs to be controlled (hence reducing harm); reduce exposure to more harmful drugs (because dealers currently introduce users of soft drugs to harder drugs), and cut out a significant source of drug dealer revenues.	0	0	1	0	1	1	0	0	0	1	1.0
1904	We should abolish the right to keep and bear arms	in favor of	there is too much gun violence, and too many innocent people are dying.	0	1	1	0	0	1	0	0	0	1	1.0
2885	We should ban the use of child actors	in favor of	child actors become adults far too quickly and should not be allowed to act until they are adults	0	1	1	0	0	0	0	0	0	0	1.0
6023	The use of public defenders should be mandatory	in favor of	public defenders are important to upholding our individual rights	0	1	1	0	0	0	0	0	0	1	1.0
5654	We should abandon television	against	Television should not be banned as for elderly and isolated people television is a window into the world whether it's just for entertainment or to gain knowledge.	1	0	1	1	0	1	1	1	0	0	1.0
3	We should abolish capital punishment	against	capital punishment is sometimes the only option to keep criminals from committing more crimes.	0	0	1	0	0	1	0	0	0	1	1.0
5152	Ideology should be aimed at popularizing the best human qualities and stopping everything that is directed against a human	in favor of	This will create conditions for the development and education of a Human with a capital “H”, cultivating moral values in each person and society.  We should prohibit propaganda of violence, condemnation, and denunciation of any form of division, aggression, and anti-humane manifestations	1	0	1	0	0	1	0	0	0	1	1.0
388	We should end the use of economic sanctions	against	economic sanctions work as intended and getting rid of them would make it more difficult to punish offending countries.	0	0	1	0	1	1	0	0	0	1	1.0
4997	There should be no illegal migration	in favor of	This is just evidence. Immigration will be one of the most difficult topics in the next decades (or even years) due to the insane demographic rates the world is suffering nowadays, so immigration has to be closely monitored and all illegal immigration has to be blocked.	0	0	1	0	1	1	1	0	0	1	1.0
2731	We should abolish the three-strikes laws	against	the three-strikes law is good at keeping criminals off of the streets	0	0	1	0	0	1	0	0	0	1	1.0
5420	We should abandon television	in favor of	we should abandon television as most of the things that are aired are garbage and as we know, garbage in, garbage out.	1	1	1	0	0	1	1	0	0	0	1.0
4338	We should abolish capital punishment	in favor of	Administering lethal injection violates the Hippocratic oath of doctors.	0	0	1	0	0	0	0	0	1	0	1.0
3100	We should ban private military companies	in favor of	private military companies allow people with money to hire their own armies to force others to do what they want. military forces should only be allowed at national level.	0	1	1	0	0	1	0	0	0	1	1.0
7338	We should prohibit capital monopoly.	in favor of	The greatest harm of monopoly lies in the destruction of competition, so that businesses no longer need to care about the feelings of consumers.	0	0	1	0	0	0	0	0	0	1	1.0
7317	We should restrict minors from playing online games.	in favor of	Students who do not learn well are more likely to indulge in games. They cannot find a sense of accomplishment in real life.	1	0	1	0	0	1	0	0	0	0	1.0
5836	Holocaust denial should be a criminal offence	in favor of	it isn't just about the denial itself but it's part of a conspiracy against jewish people and is used to hurt and kill jewish people today.  so i think that type of rhetoric should be policed.	0	1	1	0	0	1	0	0	0	1	1.0
5553	We should subsidize vocational education	against	we shouldn't subsidize vocational education because it should be up to each individual to support themselves for the career route they want to pursue	1	1	1	0	0	0	1	0	0	0	1.0
1743	We should adopt gender-neutral language	in favor of	the use of gender pronouns tends to single out one gender from the other and can be offensive to some.	0	0	1	0	0	0	0	0	0	1	1.0
6288	The use of public defenders should be mandatory	in favor of	The right to be defended by competent and effective lawyers is a constitutional right.	1	0	1	0	0	1	1	0	0	1	1.0
4924	Immigrants should learn the language of their host country.	in favor of	Helping migrants learn the language and culture of the country they are living in are critical to successful integration. Language and norms of the job market and workplace should also be built in.	1	0	1	0	0	1	0	0	1	1	1.0
489	We should abolish zoos	in favor of	zoos aren't all properly regulated and some animals are kept in appalling conditions they should be left in their natural environment	0	0	1	0	0	0	0	0	0	1	1.0
2774	We should adopt a zero-tolerance policy in schools	in favor of	the security of child and teachers is esential for all	0	0	1	0	0	1	0	0	0	0	1.0
4954	There should be no immigration from non-European or non-first-world countries. 	in favor of	Halt all immigration from non-European or non-first-world countries into the EU.	0	0	1	0	0	1	0	0	0	0	1.0
3302	We should ban missionary work	in favor of	Missionary work isn't suitable to our times, and to be honest it was always patronizing and westernizing.	0	0	1	0	0	0	0	0	0	1	1.0
282	We should end mandatory retirement	in favor of	You do not become unqualified for a job simply because you reach retirement age.	1	0	1	0	0	0	0	1	0	1	1.0
3413	We should end mandatory retirement	in favor of	a person's value should not be based on a number.  just because you reach a certain age does not mean you do not want or need to work.  mandatory retirement hurts elderly workers.	1	0	1	0	1	1	1	0	0	1	1.0
5120	The EU should enforce the obligation to respect the Rule of Law within its borders	in favor of	To have any credibility when addressing foreign countries regarding issues of human rights violations, curbs on the freedom of speech and press, democracy, and more, the EU must ensure that its Member States meet minimum standards on these fronts too.	0	0	1	0	0	0	0	0	0	1	1.0
1009	We should limit judicial activism	in favor of	judicial activism goes against our system  of what is best for the people.	0	1	1	0	1	1	0	0	1	1	1.0
700	We should ban algorithmic trading	in favor of	algorithmic trading gives people an unfair advantage because they can trade so much more quickly and therefore it should be banned.	1	1	1	0	1	0	0	0	0	1	1.0
1618	We should abolish safe spaces	in favor of	we should abolish safe spaces because it can become a toxic place where people only talk bad about each other	0	0	1	0	0	0	0	0	0	1	1.0
5283	The European Union has no other choice than to reject all immigration, except for workers they need.	in favor of	The EU is not responsible for the entire World.	0	1	1	0	0	1	1	0	0	0	1.0
6593	The vow of celibacy should be abandoned	against	celibacy is the only 100% effective way to prevent pregnancy	1	1	1	0	0	0	0	0	0	1	1.0
5573	Surrogacy should be banned	in favor of	surrogacy is like buying babies and it should be banned.	0	0	1	0	0	0	0	0	1	0	1.0
5912	Assisted suicide should be a criminal offence	in favor of	no doctor should take part in killing , it is their job to heal	1	1	1	0	0	1	0	0	1	1	1.0
4817	We need stricter and homogeneous environmental legislation across the EU	in favor of	We should restrict delocalizing factories to third countries where environmental legislation is softer. We need unique legislation to avoid this.	0	0	1	0	0	0	1	0	0	1	1.0
45	We should abolish the right to keep and bear arms	against	we should not abolish the right to bear arms because the law was set forth by our founding fathers, therefore making it an american right.	0	0	1	0	0	0	0	0	0	1	1.0
1921	We should ban the use of child actors	against	as long as it doesn't interfere with their schooling and they are well looked after i don't see a problem.	0	1	1	1	0	0	1	0	0	0	1.0
2860	We should ban the Church of Scientology	in favor of	we should ban the church of scientology as people may not recognise it as a true religion	0	0	1	0	1	1	0	0	0	0	1.0
1144	We should prohibit school prayer	against	people should be allowed to pray wherever they want to.	0	0	1	0	0	0	1	0	1	1	1.0
3535	We should adopt gender-neutral language	against	gender-neutral language is political correctness taken to an absurd degree - there is no need to reinvent words and language for the sake of gender equality in an increasingly open society.	0	0	1	0	0	0	0	0	1	1	1.0
1678	We should ban fast food	in favor of	we should ban fast food because it is essentially just making obesity the most convenient lifestyle	0	0	1	0	0	1	0	0	0	0	1.0
3668	We should legalize cannabis	against	it send the wrong message to society that drug use is acceptable	0	1	1	0	0	1	0	0	0	0	1.0
3756	We should legalize cannabis	against	"we should not legalize cannabis because it can be a ""gateway"" drug."	0	0	1	0	0	1	0	0	0	0	1.0
6216	Social media brings more harm than good	in favor of	social media can be dangerous for children and young people as it places them within the reach of unscrupulous people such as paedophiles and criminals.	0	1	1	0	0	1	0	0	0	1	1.0
4684	All countries should take responsibility for accepting refugees	in favor of	Many developed countries are spending so much money to protect their borders, but are not spending any money for protecting the lives of refugees. More funding is required to protect refugees.	0	1	1	0	0	1	0	0	0	1	1.0
1967	We should ban cosmetic surgery for minors	in favor of	minors are not fully mentally or emotionally developed enough yet to  be able to process the ramifications of cosmetic surgery on their life.	1	0	1	0	0	1	0	0	0	0	1.0
5805	Payday loans should be banned	in favor of	yes, you need to make workers aware of what they can really spend, no borrowing	0	0	1	0	0	1	0	0	0	0	1.0
3952	We should adopt a zero-tolerance policy in schools	in favor of	dangerous items should not be allowed in schools because it is endangers the students and faculty and a strict punishment would help prevent these items from being brought.	0	1	1	0	1	1	0	0	0	0	1.0
2114	We should adopt a zero-tolerance policy in schools	against	there are always exceptions to everything so zero-tolerance policies are not good because it doesn't allow for any exceptions.	0	1	1	0	0	0	0	0	0	1	1.0
2973	We should subsidize Wikipedia	against	wikipedia has always been free to use and should continue to be free without subsidies.	0	0	1	0	0	1	0	0	0	0	1.0
6664	Blockade of the Gaza Strip should be ended	in favor of	as the occupying power, Israel has a duty under international law to ensure the welfare of Gaza residents, including their rights to health, education, food, and housing,  the blockade undermines these responsibilities	0	1	1	0	0	1	0	0	0	1	1.0
3476	We should oppose collectivism	against	we should not oppose this because groups are what make society and should be recognised all together.	1	0	1	0	0	1	0	1	0	1	1.0
2933	We should legalize cannabis	against	cannabis is seen as a gateway to other more harmful drugs and shown to have harmful effects to mental health and should, therefore, be banned.	0	1	1	0	0	1	0	0	0	0	1.0
2237	We should adopt a zero-tolerance policy in schools	in favor of	a zero-tolerance policy within schools will help support a healthy environment where students do not feel threatened due to the differences (or perceived differences).	0	0	1	0	0	1	0	0	0	1	1.0
2824	We should ban telemarketing	in favor of	telemarketers selling scams interrupt precious family time with incessant phone calls.	0	1	1	0	0	1	0	0	0	0	1.0
5203	We need a better distribution of refugees	against	Illegal immigrants have to be returned to UN refugee camps.   	1	1	1	0	0	1	0	0	0	0	1.0
5156	The EU should adopt legislative measures aimed at increasing the percentage of women in the political sector	against	If you want something like 'increasing the percentage of women in all sectors', you need to create more women or reduce the number of men. I will better not ask questions in this direction. 	0	0	1	0	0	0	0	0	0	1	1.0
4283	We should abolish the three-strikes laws	in favor of	criminals should be given a chance to reform, even if they committed the same crime multiple times.	0	1	1	0	0	0	0	0	0	1	1.0
1617	We should limit judicial activism	against	judicial activism can be useful to prevent truly bad people who abuse the letter of the law to skirt punishment.	0	0	1	0	0	0	0	0	0	1	1.0
2706	We should subsidize Wikipedia	against	wikipedia is a private organisation,the government should not get involved.	0	0	1	0	0	0	1	0	0	0	1.0
6741	Blockade of the Gaza Strip should be ended	against	gaza must stop firing rockets into israel so that it can be a free territory	0	0	1	0	0	1	1	0	0	1	1.0
1567	We should ban fast food	in favor of	we should ban fast food as it is very unhealthy and is creating a lazy culture in which people do not cook or eat fresh food.	0	0	1	0	0	1	0	0	0	0	1.0
3983	We should prohibit school prayer	in favor of	school prayer promotes conflict in the classroom and therefore should be prohibited	0	0	1	0	0	1	0	0	0	1	1.0
3128	We should legalize organ trade	against	desperate people will resort to selling their organs not realizing they will need it when they get older	0	1	1	0	0	1	0	0	0	1	1.0
2951	We should legalize prostitution	against	This is a field that is uniquely difficult to regulate and thus prostitutes are left vulnerable and unprotected with their clients.	0	0	1	0	0	1	0	0	0	1	1.0
4291	We should abolish capital punishment	in favor of	nobody has the right to take another person's life no matter how evil that person may be.	0	0	1	0	0	0	0	0	0	1	1.0
3991	We should abolish the Olympic Games	in favor of	The Olympic Games have become too controversial lately with politics, doping and other issues and should be banned.	0	0	1	0	0	1	1	0	0	1	1.0
5675	Social media brings more harm than good	in favor of	social media is dangerous and out of control.	0	0	1	0	0	1	1	0	0	0	1.0
5551	Assisted suicide should be a criminal offence	in favor of	TAKING A LIFE SHOULD BE WRONG REGARDLESS OF THE REASON IT IS BEING DONE	0	0	1	0	0	1	0	0	0	1	1.0
5557	Entrapment should be legalized	in favor of	it is a simplified method of finding people who's criminal bahaviour may otherwise often fly under the radar for a very long time.	1	1	1	0	0	1	0	0	0	0	1.0
6175	Surrogacy should be banned	against	Surrogates are protected by legal contacts ensuring that they are reimbursed for their time and expenses.	0	1	1	0	1	0	1	0	0	1	1.0
6263	Social media brings more harm than good	in favor of	social media helps to enable bullying.	0	1	1	0	0	1	0	0	0	1	1.0
3557	We should adopt a zero-tolerance policy in schools	in favor of	a zero-tolerance policy in school would improve behaviour and thus improve results.	1	1	1	0	0	0	0	0	0	0	1.0
370	We should abandon the use of school uniform	against	pupils having to dress in school uniform means no one is singled out for not being able to afford expensive clothes.	0	0	1	0	0	1	0	0	0	1	1.0
3257	We should stop the development of autonomous cars	in favor of	autonamous cars have already killed one person. we can't leave the roads being used as a test space and have more deaths.	0	1	1	0	0	1	0	0	0	1	1.0
6282	We should abandon television	in favor of	too much time is wasted looking at a screen	1	1	1	0	0	0	0	0	0	0	1.0
2722	We should introduce compulsory voting	in favor of	ensuring everyone has a voice in our elections is critical to a functioning democracy	0	0	1	0	0	1	1	0	0	1	1.0
5707	Holocaust denial should be a criminal offence	in favor of	Holocaust denial should be a criminal offence since it represent an evil idea that all modern societies should fight in every mean necessary	0	1	1	0	0	1	0	0	0	1	1.0
250	We should introduce compulsory voting	in favor of	we should introduce compulsory voting as all citizens need to have their voices heard to make the outcomes of elections more credible and truly representative of the whole population.	0	1	1	0	0	1	0	0	0	1	1.0
623	We should introduce compulsory voting	in favor of	compulsory voting will eliminate voter suppression which is a big problem in this country	0	0	1	0	1	1	1	0	0	1	1.0
3818	We should adopt a zero-tolerance policy in schools	in favor of	there is an increase in anti-social behaviour and lack of respect among schoolchildren these days so a zero-tolerance policy will quickly teach them to respect the rule and people in general	0	0	1	0	0	0	0	0	0	0	1.0
6670	Entrapment should be legalized	against	law enforcement should not create a situation to encourage people to commit crimes that they would not have committed under normal circumstances	0	1	1	0	0	1	0	0	0	1	1.0
3284	We should abolish the right to keep and bear arms	in favor of	The right to keep and bear arms should be abolished because when writing the Second Amendment the founding fathers couldn't have forseen the development of such destructive modern day weaponry.	0	0	1	0	0	1	0	0	0	0	1.0
2119	We should abolish the Olympic Games	in favor of	the olympic games pits countries against each other and can increase levels of discrimination when athletes compete, so therefore it should be banned.	0	1	1	0	0	0	0	0	0	1	1.0
7167	We should punish illegal immigrants and only accept legal immigrants.	in favor of	Countries that send immigrants illegally are not trustable and should get blacklisted for traveling toward Europe or economically.	0	1	1	0	0	0	0	0	0	0	1.0
1538	We should ban telemarketing	in favor of	telemarketing is an annoyance.  allowing people to bother you by calling unsolicited is a nuisance and should be eliminated.	0	0	1	0	0	1	1	0	0	0	1.0
1663	We should abolish the right to keep and bear arms	in favor of	there is no need to carry a fire arm it just leads to more people doing the same	0	0	1	0	0	1	0	0	0	0	1.0
4209	We should abolish the right to keep and bear arms	in favor of	Gun violence is a huge problem and there are too many mass shootings.   If people didn't have guns many lives would be saved.  Less suicides would happen too as guns are just too easy to use.	0	0	1	0	0	1	0	0	0	0	1.0
3591	We should ban fast food	in favor of	we should ban fast food as its unhealthy and can cause sedentary lifestyles and cardiovascular disease	0	0	1	0	0	1	0	0	0	0	1.0
3307	We should end the use of economic sanctions	against	economic sanctions help punish bad behavior	0	0	1	0	0	0	0	0	0	0	1.0
6869	Homeschooling should be banned	in favor of	there is little oversight into how the parents teach their children & it should be banned	0	1	1	0	1	0	0	0	0	1	1.0
2021	We should ban the use of child actors	against	children are humans too and with their consent and their parent's consent, should be allowed to work	1	1	1	0	0	0	1	1	0	1	1.0
5495	Entrapment should be legalized	against	it might lead to innocent people who couldn't resist temptation being prosecuted and sentenced.	0	0	1	0	0	1	0	0	0	1	1.0
5207	We need an inclusive and pluralistic European society.	in favor of	There need to be some rules for integration: Integration does not mean giving up European values and culture.	0	0	1	0	0	1	0	0	1	1	1.0
2651	We should legalize cannabis	in favor of	legalized cannabis can be more closely regulated and taxed. it makes it safer than illegal weed and helps provide tax dollars.	1	1	1	0	1	1	0	0	0	0	1.0
794	We should end mandatory retirement	in favor of	someone should be able to continue working if they want, despite their age.	1	0	1	0	0	1	1	0	0	1	1.0
4867	The European Union should support and integrate immigrant people to ensure that they live with dignity and equality with all European citizens	against	Promoting, organizing, and directing mass migration is a crime against humanity. Lukashenko is currently committing exactly this heinous crime. But so are George Soros and his NGOs who are engaged in the very same hybrid warfare against Europe when they bring those migrants to our shores. 	0	0	1	0	0	1	0	0	0	1	1.0
192	We should adopt libertarianism	against	we should not adopt libertarianism because it will allow people to take advantage of the freedoms and eventually infringe on other people's freedoms.	0	0	1	0	0	1	0	0	0	1	1.0
2874	We should abolish zoos	against	we cannot close zoos that can help preserve endangered species from extinction	0	1	1	0	0	0	0	0	0	1	1.0
427	We should limit judicial activism	against	judicial activism must be supported by all means because judges  knows law and they acting inside the law by judicial activism.	0	0	1	0	0	1	0	0	0	0	1.0
7139	We should implement a legislation on aquatic animal welfare	in favor of	Fish are sentient and failure to afford them the same legal protections that we provide other animals is a gross moral and legal oversight.	0	0	1	0	0	0	0	0	0	1	1.0
3499	We should abolish the three-strikes laws	against	We should not abolish the three-strikes laws in all cases, but it should be up to judicial discretion, so that the worst criminal are off the streets.	0	0	1	0	1	1	0	0	0	1	1.0
5111	The EPPO’s jurisdiction should be extended to all member states	in favor of	Hungary’s and Poland’s governments have ruthlessly corrupted their judgments to get a free card on abstract EU funds. Enough! If even Romania can be carried out to join the enhanced cooperation, those last two must be forced.	0	0	1	0	0	0	0	0	0	1	1.0
4605	Political parties should be brought under RTI (Right to Information) Act	in favor of	The RTI Act has provisions under section 8 which mention the concept of Competitive Interest. Certain exemptions are provided in cases where it can be proved that divulging information can hurt the Competitive Advantage of the party. This is not just a problem with Political Parties but a lot of Government and Private bodies too.	0	1	1	0	0	0	1	0	0	1	1.0
4894	We need to develop a partnership between the EU and the AU (African Union)	in favor of	Agreed, BUT only on one condition: that every euro be spent under the joint control of local and European officers. There's so much corruption in Africa that otherwise of every 100 euros sent there, at least 80 would end up in the pockets of corrupt officers. And in that case, it's better to not send anything.	0	1	1	0	0	1	0	0	0	1	1.0
5135	The EU should prohibit, and end funding for activities that presuppose the destruction of human embryos, in particular in the areas of research, development aid, and public health	in favor of	We are all here to fight the prohibition of eugenic practices such as abortion which organize and consequently encourage the preventive elimination of individuals who do not comply with the social, medical, and family criteria set by the ideal of man. What a perfect 21st century!	0	1	1	0	0	1	0	0	0	1	1.0
7220	We should revise the Dublin Convention due to ineffectiveness	in favor of	In order to alleviate the inhuman suffering in the initial reception camps on the EU's external border, all newly arrived or rescued emigrants must be forwarded as quickly as possible to the designated receiving countries. Only there should the personal details and necessary data be determined and a possible asylum application process. This will not only relieve the initial reception camps significantly but also curb the already emerging aggressions of the local population living there.	1	1	1	0	1	1	0	0	0	1	1.0
2112	We should ban fast food	in favor of	fast food leads to poor choices, which lead to diseases like diabetes and obesity.	0	1	1	0	0	1	0	0	0	0	1.0
1510	We should adopt a multi-party system	against	a multi party system is too volatile, there's no stability and no consistency	0	0	1	0	0	1	0	0	1	0	1.0
157	We should legalize cannabis	against	cannabis especially the skunk variety can be very harmful to people and can lead on to them using harder drugs so therefore it should be illegal.	0	1	1	1	0	1	1	0	0	0	1.0
6070	We should abandon television	in favor of	we should abandon television because it causes screen addictions	0	1	1	0	0	1	0	0	0	0	1.0
6559	Homeschooling should be banned	in favor of	homeschooling deprives the child of learning social behaviors and norms.	1	0	1	0	0	1	0	0	1	1	1.0
3871	We should stop the development of autonomous cars	in favor of	autonomous cars are too risky on the road, hackers can find a way to take control and cause accidents	0	0	1	0	1	1	1	0	0	0	1.0
780	We should end mandatory retirement	in favor of	just because someone has reached the age of retirement, they are still able to provide a vaulable service with expertise and a vast knowledge of experience.	1	0	1	0	0	0	0	0	0	1	1.0
3679	We should ban whaling	against	some cultures see whaling as a tradition that is important to their history and custom.	0	0	1	0	0	0	0	0	1	1	1.0
2083	We should stop the development of autonomous cars	in favor of	autonomous cars are a step too far in automation.  to rely on automation on the roads with so many unpredictable events that could take place is taking it too far.	0	1	1	0	0	1	0	0	1	0	1.0
3936	We should end mandatory retirement	in favor of	mandatory retirement discriminates based on age, not ability and should be ended	0	0	1	0	0	0	1	0	0	1	1.0
4629	We should adapt the viable pay incentive scheme	against	Variable pay can lead to unhealthy competition between employees. They become less willing to help each other. Team co-operation may get affected negatively. In the long run, relations among colleagues may turn bitter. Whereas, in fixed pay schemes, the employees are able to maintain cordial relationships in the office.	0	1	1	0	0	1	0	0	0	1	1.0
4284	We should abolish the three-strikes laws	in favor of	the three strikes law make it hard for those criminals who are trying to reform.	1	1	1	0	0	0	0	0	0	1	1.0
2414	We should cancel pride parades	in favor of	we should cancel pride parades because they entice people who oppose that ideology to cause riots and disrupt the general peace of citizens.	0	0	1	0	0	1	0	0	0	0	1.0
3028	We should legalize organ trade	in favor of	Organ sales creates an incentive for people to remain healthy so they can sell their organs.	0	0	1	0	1	1	0	0	0	0	1.0
2675	We should ban the use of child actors	against	child actors don't miss out on school as they often have a tutor on the set	1	1	1	0	0	0	0	0	0	0	1.0
1052	We should subsidize embryonic stem cell research	against	like many other advances in science the government should not have to subsidize the research.  if the benefits are there the private sector will find a way to get results.	0	0	1	0	1	1	1	0	1	0	1.0
2935	We should stop the development of autonomous cars	in favor of	we should stop this development until we can be totally certain that the cars are safe.	0	1	1	0	0	1	0	0	0	0	1.0
4907	Serious crimes should lead to rapid expulsion from the EU	in favor of	Agreed. Only if we show that criminals don't have a place in the EU, we can convince our citizens that refugees aren't that much of a threat. Making the checking process that each refugee has to go through public would also help to get rid of the feeling that anyone can just come here and we need to close our borders.	0	0	1	0	0	1	0	0	0	1	1.0
5491	Payday loans should be banned	in favor of	payday loans take advantage of people in desperate situations	0	0	1	0	0	1	0	0	0	1	1.0
5972	We should abandon television	in favor of	television is a waste of time; people spend hours looking at the box when they could be doing something more worthwhile with their time.	1	0	1	0	0	0	0	1	0	0	1.0
3820	We should ban targeted killing	in favor of	targeted killings can easily be abused by government to, for example, silence their critics, or even political opposition.	0	0	1	0	0	1	1	0	0	1	1.0
4440	We should adopt an austerity regime	in favor of	all services have to be paid for, and until the defecit has been reduced, too much money is being wasted on interst payments. once debts have been reduced, that money will be availbale for services.	0	1	1	0	0	1	0	0	0	0	1.0
505	We should ban missionary work	in favor of	missionary work should be banned as it can be abused and vulnerable people can be taken advantage of	0	1	1	0	0	1	0	0	0	1	1.0
6389	Homeschooling should be banned	against	homeschooling may be beneficial in certain situations. such as for children who are being bullied.	1	1	1	0	0	0	1	0	0	0	1.0
2355	We should legalize organ trade	against	We should not legalize the organ trade as this will just monetize the transaction and people may feel they have to do live donations just to get some money.	0	0	1	0	0	1	0	0	0	1	1.0
4949	We need Integrated migration and border policy.	against	Migration has totally gotten out of control. The EU refuses to see the magnitude of it. Hundreds of millions like to migrate. All people without the right language and fitting education. The massive numbers of immigrants threaten the existence of EU societies, through crime, poverty, and housing shortage.	0	1	1	0	1	1	0	0	1	0	1.0
4971	There should be no illegal migration	in favor of	We must stop all loopholes - for example automatically rejecting asylum claims of anyone who enters Europe illegally.	0	0	1	0	1	0	0	0	0	1	1.0
3575	We should limit judicial activism	in favor of	"judicial activism may lead to ""despotic behavior"", therefore  we should avoid it."	0	0	1	0	0	1	1	0	0	1	1.0
3886	We should legalize prostitution	against	the vast majority do not want to legalize prostitution and do not agree with the message that sends and the behavior that encourages, as  democracy we ought keep it illegal therefore	0	0	1	0	1	0	0	0	1	0	1.0
4346	We should abolish capital punishment	against	if someone is guilty of heinous crimes it is only fair that they suffer the consequences	0	1	1	0	0	1	0	0	0	1	1.0
6260	The vow of celibacy should be abandoned	in favor of	the vow of celibacy should be abandoned because it is outdated and usually causes more harm than good because the celibate person looks for release in the wrong places.	0	1	1	1	0	0	0	1	0	0	1.0
5147	The EU should adopt legislative measures aimed at increasing the percentage of women in the political sector	against	Ensure equal opportunities for girls and women, provide them sufficient maternity leave, and institute guarantees that will protect women's careers who choose to have children. Those are the steps we need, and most EU countries already have them (not that they cannot be improved). There's absolutely no need for quotas. 	0	1	1	0	0	0	0	0	0	1	1.0
6871	Blockade of the Gaza Strip should be ended	in favor of	blockade of the gaza strip is morally wrong.	0	0	1	0	0	0	0	0	0	1	1.0
3544	We should limit executive compensation	in favor of	executive compensation can be come out of control.	0	0	1	0	1	1	0	0	0	0	1.0
6117	Surrogacy should be banned	against	Surrogacy is no different than any other contract or profession in terms of selling labor.	0	1	1	0	0	0	1	0	0	1	1.0
3401	We should abolish the right to keep and bear arms	in favor of	thee have been many examples of mass shootings which could potentially have been stopped if it had not been so easy to obtain weapons.	0	0	1	0	0	1	0	0	0	0	1.0
2949	We should abolish the right to keep and bear arms	against	people have a right to protect themselves with weapons, especially nowadays	0	0	1	0	1	1	1	0	0	0	1.0
2886	We should limit judicial activism	against	judicial review is a crucial fallback to monitor political activity	1	1	1	0	0	1	1	0	0	1	1.0
1950	We should ban cosmetic surgery for minors	in favor of	minors are too young to make these choices	0	1	1	0	1	1	0	0	0	0	1.0
1188	We should subsidize student loans	against	we should not subsidize student loans because students should have worked to pay for college instead of going into debt.	1	1	1	0	1	1	1	0	0	0	1.0
321	We should abolish intellectual property rights	against	Intellectual property rights keep people from stealing others' ideas and selling them as their own.	1	1	1	0	0	0	1	0	0	1	1.0
1890	We should introduce compulsory voting	in favor of	voting is what drives our country and not voting means that the most preferred people do not get elected.	0	0	1	0	1	1	0	0	0	0	1.0
1713	We should end mandatory retirement	in favor of	mandatory retirement is age discrimination and shouldn't be allowed to happen.	0	0	1	0	0	0	1	0	0	1	1.0
817	We should limit executive compensation	in favor of	executive compensation could encourage money laundering and corruption	0	1	1	0	1	1	0	0	0	1	1.0
4324	We should adopt gender-neutral language	in favor of	over sensitive people will be offended if we don't.	0	0	1	0	0	0	0	0	0	0	1.0
6323	The vow of celibacy should be abandoned	against	celibacy is a test of faith and an opportunity through denial to express the importance of that faith. if you make a vow its important to keep to it otherwise it becomes worthless	0	0	1	0	0	0	1	0	1	0	1.0
5211	We do not need immigration from non-European or non-first-world countries. 	in favor of	Multiculturalism creates chaos wherever it exists. Sweden's Stockholm has become the Rape Capital of the West, and the number of bombs and shootings has skyrocketed as well in that country. France is bordering on civil war, whole territories are not under state control anymore. Europe needs to stop migration and asylum indefinitely. We need to put our European peoples first, much like the entire world is doing while our civilization is committing suicide based on values imposed by sanctimonious narcissists. 	0	1	1	0	0	1	0	0	0	1	1.0
5165	All workers and unemployed should have access to social protection, including young people	in favor of	A lot of programs nowadays sound really good on paper, but there always is someone bending the rules. There needs to be outside monitoring in every youth program of that sort 	1	1	1	0	0	0	0	0	0	1	1.0
2439	We should adopt an austerity regime	in favor of	an austerity regime can help lower debt throughout the country	0	0	1	0	1	1	0	0	0	0	1.0
277	We should ban telemarketing	in favor of	telemarketing preys on people who are vulnerable and easily conned, such as the elderly.	0	1	1	0	0	1	0	0	0	0	1.0
3487	We should adopt atheism	against	adopting atheism infringes upon people's first amendment right to freedom of religion.	0	0	1	0	0	0	0	0	1	1	1.0
5556	The vow of celibacy should be abandoned	in favor of	celibacy is an unnatural state; when sex drive is repressed, it can manifest in dangerous ways.	0	0	1	1	0	1	1	0	0	1	1.0
6794	Entrapment should be legalized	in favor of	legalize entrapment so we can stop crimes before they happen	0	0	1	0	1	1	0	0	0	0	1.0
1241	We should cancel pride parades	in favor of	people dont want to have gay people thrown in their face if they dont approve of them	0	0	1	0	0	0	1	0	1	0	1.0
188	We should adopt a zero-tolerance policy in schools	in favor of	bullies should not be given second chances. being victim to school bullying is a major risk factor for developing mental health problems like depression, anxiety, and even suicidal thoughts.	0	0	1	0	1	1	0	0	0	1	1.0
5646	Assisted suicide should be a criminal offence	against	people have the right to determine whether they are ready to die	0	1	1	0	0	1	1	0	0	1	1.0
2691	We should abolish capital punishment	in favor of	There have been and always will be cases of executions of innocent people	0	0	1	0	0	1	0	0	0	1	1.0
6506	Entrapment should be legalized	against	entrapment is deliberately temping others and should be banned.	0	1	1	0	0	0	1	0	0	1	1.0
5386	Social media brings more harm than good	in favor of	it gives people a platform to pretend, show off and to bully others. it also makes people believe that everyone else has everything they want and that their lives are perfect, leading to mental health issues.	0	0	1	0	0	0	0	0	0	0	1.0
4027	We should cancel pride parades	in favor of	pride parades are too costly to the cities that hold them in terms of police protection and permitting	0	0	1	0	0	1	0	0	0	0	1.0
6338	Assisted suicide should be a criminal offence	in favor of	Assisted suicide is a criminal offense and is a form of assisted murder	0	0	1	0	0	0	0	0	0	0	1.0
2969	We should legalize organ trade	against	organ trade opens up a new crime opportunity with people killing to obtain organs needed	0	0	1	0	0	1	0	0	0	0	1.0
868	We should adopt gender-neutral language	in favor of	gender-neutral language should be adopted so that society can progress and advance. does it really matter if you are a man or woman anymore? it shouldn't.	1	0	1	0	0	1	0	0	0	1	1.0
3725	We should adopt atheism	against	atheism offends the beliefs of most people. no one should be forced to deny their belief in god	0	0	1	0	0	0	1	0	1	1	1.0
1956	We should ban whaling	in favor of	whaling should be banned as a matter of urgency. cruelty to such majestic, large animals is inhumane and unnecessary.	0	0	1	0	0	0	0	0	0	1	1.0
2730	We should adopt libertarianism	against	Libertarianism would cause chaos in a large country as there would be no set rules and regulations.	0	1	1	0	0	1	0	0	0	1	1.0
3063	We should ban private military companies	in favor of	private militaries are a threat to security if they decide to overthrow the government	0	0	1	0	0	1	0	0	0	1	1.0
6507	Blockade of the Gaza Strip should be ended	in favor of	The blockade of the Gaza Strip should be ended because it is collective punishment, which is illegal under international law.	0	0	1	0	0	1	0	0	0	1	1.0
2920	We should adopt a zero-tolerance policy in schools	in favor of	zero tolerance in schools to avoid further shootings and also to avoid cases of bullying	0	0	1	0	0	1	0	0	0	0	1.0
1771	We should ban private military companies	against	the operating personnel of these companies has been working for the army of the nation. this type of company keeps them active and always ready to defend if necessary.	0	0	1	0	0	1	0	0	0	1	1.0
4630	We should adapt the viable pay incentive scheme	against	Mostly, sales jobs have a variable component. This might negatively impact the employee’s attitude towards customers. They may force the customers irrationally just to make profits for themselves. They might overstate the price to the customers just to make more profit. Whereas, an employee with a fixed salary would maintain healthy and positive relations with the customers, striking the right balance in their approach.	0	1	1	0	1	0	0	0	0	1	1.0
3297	We should legalize prostitution	against	prostitution perpetuates the abuse of the vulnerable and funds should be redirected to help them	0	1	1	0	0	1	0	0	0	1	1.0
5593	We should abandon television	in favor of	we should abandon television it projects dangerous norms of beauty and success, and time can be better spent not looking at a screen	0	1	1	0	0	1	1	1	0	0	1.0
2528	We should adopt a multi-party system	against	multi-party systems lead to more corruption and wasted campaign dollars.	1	1	1	0	1	1	0	0	1	0	1.0
524	We should fight for the abolition of nuclear weapons	in favor of	The possession of nuclear weapons is illegal under international humanitarian law.	0	0	1	0	0	1	0	0	0	1	1.0
1788	We should adopt gender-neutral language	in favor of	we should because times are changing and people are not sure of their gender anymore so it stops people being offended.	0	0	1	0	0	0	0	0	0	1	1.0
6956	Cattle slaughter should be banned	in favor of	The cow is a sacred animal for Hindus. Killing cows hurts their sentiments.	0	0	1	0	0	0	0	0	1	1	1.0
3987	We should ban the Church of Scientology	in favor of	the church of scientology is a cult and can lead to abuse as it is not regulated or observed in the same way that traditional, longstanding religions are.	0	0	1	0	0	1	0	0	0	1	1.0
2478	We should limit judicial activism	in favor of	judicial activism is dangerous in that it allows for personal opinion to possibly get in the way of true justice.  personal opinion clouding what is law should not be allowed.	0	0	1	0	0	0	0	0	0	1	1.0
6981	The Internet should be censored	in favor of	Rapidly increasing piracy need to be curtailed through censorship.	0	0	1	0	0	0	1	0	0	0	1.0
424	We should ban private military companies	in favor of	private military companies should be banned as they are not subject to military laws	0	0	1	0	0	1	0	0	0	1	1.0
3388	We should ban cosmetic surgery for minors	in favor of	minors have not yet fully developed and changes to their bodies that they make now may not be what they would have chosen when they are fully developed.	0	1	1	0	0	1	0	0	0	1	1.0
5656	The vow of celibacy should be abandoned	in favor of	celibacy is responsible for the child abuse cover up by the catholic church	0	0	1	0	1	0	1	0	0	1	1.0
6978	Temples in India can have Gender-Specific rules	in favor of	Some temples have their own reasons. For example, if we take Sabarimala, Lord Ayyappan is a celibate. So, the temple management opines that allowing women to this temple is against God's will.	0	0	1	0	0	0	1	0	1	0	1.0
3043	We should abandon the use of school uniform	against	when all students are required to dress the same instances of bullying of wardrobe are decreased.	0	0	1	0	0	1	0	0	0	1	1.0
2104	We should ban algorithmic trading	against	algorithmic trading is legal, and all traders have access to some sort of computer-aided tools.	1	0	1	0	0	0	0	0	0	1	1.0
73	We should adopt gender-neutral language	in favor of	we should adopt gender-neutral language because it avoids offending people with gender stereo-types	0	0	1	0	0	0	0	0	0	1	1.0
1715	We should ban telemarketing	against	if telemarketing is done appropriately and at reasonable hours, then it should not be banned	0	1	1	0	0	0	1	0	0	1	1.0
1276	We should abandon the use of school uniform	against	school uniforms should still be used because they can increase student focus	1	0	1	0	0	1	0	0	1	0	1.0
4448	We should limit judicial activism	in favor of	everybody is entitled to an opinion and everybody has different ones. it isn't fair to punish someone based on something other than the law.	0	0	1	0	0	0	0	0	0	1	1.0
5047	The European Union needs to equip itself with the institutional and legal tools to resolve democratic conflicts on sovereignty within its own borders.	in favor of	We live in the XXI century. We do not want any repression of peripheries by their state center. Within the European Union, we should welcome the blessing of decentralism and localism, including the self-determination of stateless peoples and stronger autonomies within confederal agreements. If not in Europe, where? If not now, when?	1	0	1	0	0	0	1	0	0	1	1.0
2798	We should legalize cannabis	in favor of	it will stop people from buying the drug from the streets, it will also mean that regulations are put in place to ensure the quality of the drug is safe to use, it will also increase tax revenue.	0	1	1	0	1	1	0	0	0	1	1.0
5978	Entrapment should be legalized	in favor of	Entrapment causes more criminals to be caught and taken off the streets.	0	0	1	0	0	1	0	0	0	1	1.0
6773	Holocaust denial should be a criminal offence	in favor of	it is an unacceptable denial of human atrocities we should never forget to ensure it doesn't happen again	0	1	1	0	1	1	0	0	0	1	1.0
2786	We should adopt a zero-tolerance policy in schools	in favor of	this is the only way to maintain order	0	1	1	0	0	1	0	0	0	0	1.0
3412	We should legalize prostitution	in favor of	It has been shown that easily accessible prostitution decreases violence against women more broadly by allowing men safe and consensual outlets.	0	0	1	0	0	1	1	0	0	0	1.0
745	We should end mandatory retirement	against	for people who work in skilled manual jobs it comes to a point where it is no longer safe for them work, the retirement age is used to protect people of a certain age as a safety precaution	1	1	1	0	0	1	0	0	0	0	1.0
3603	We should legalize sex selection	against	it is immoral & unnatural & should not be legalized	0	0	1	0	0	0	0	0	1	1	1.0
7218	We should reduce disinformation about the migrant crisis through bans and fines	against	Typical pro-migration attempt to censor negative opinions.  Lukashenka launched a hybrid attack on the EU when he organized and directed mass migration to Europe's borders. George Soros and his NGOs did the exact same thing. When it is they who organize and direct mass migration they are also engaged in a hybrid assault on Europe.  The organization of migration is a crime against humanity. Gangsters like Lukashenka and Soros should be held accountable! 	0	1	1	0	0	1	0	0	0	1	1.0
1153	We should subsidize embryonic stem cell research	against	stem cell research is the beginning of wanting to do more and more things we shouldn't be messing with and it should be stopped now before it goes any further	0	1	1	0	0	0	0	0	1	1	1.0
1499	We should ban fast food	in favor of	fast food is bad for children and is extremely poor quality	0	1	1	0	0	1	0	0	0	0	1.0
6798	Blockade of the Gaza Strip should be ended	against	the blockade of the gaza strip is needed to keep the peace	0	0	1	0	0	1	0	0	0	1	1.0
4310	We should subsidize student loans	against	student loans should not be subsidized just because people chose to go to colleges that we beyond their means.	0	1	1	0	0	0	1	0	0	0	1.0
2153	We should ban missionary work	against	missionary work brings aid to those in dire circumstances while introducing faith into the lives of those that will benefit from the introductory by missionaries.	0	1	1	0	1	1	0	0	1	0	1.0
4169	We should adopt a zero-tolerance policy in schools	in favor of	zero tolerance policies lead to better outcomes in schools	1	1	1	0	0	0	0	0	0	0	1.0
3097	We should ban cosmetic surgery for minors	against	as long as they have parental permission, children should be allowed to improve their physical appearance	0	1	1	0	0	1	1	0	0	1	1.0
6348	Intelligence tests bring more harm than good	in favor of	Cheating is rampant among wealthy students taking standardized tests for college.	0	1	1	0	0	0	0	0	0	1	1.0
3064	We should adopt libertarianism	against	libertarianism sounds brilliant as a theory, but government and societies require rules and frameworks to function, and abolishing these would only lead to chaos.	0	0	1	0	0	1	0	0	0	0	1.0
5204	There should be no illegal migration	in favor of	Entering the EU without a permit automatically excludes a person from any right to receive asylum. 	0	0	1	0	0	1	0	0	0	0	1.0
5108	The EU should prohibit, and end funding for activities that presuppose the destruction of human embryos, in particular in the areas of research, development aid, and public health	in favor of	Nothing illustrates to me more the fall of European ethics than pro-abortion arguments. Nobody can dispute that a baby in the womb is alive and human, and yet people call their killing a 'human right'. How could we fall so low?	0	1	1	0	0	0	0	0	0	1	1.0
5485	Entrapment should be legalized	against	using entrapment to catch people in the act of committing a crime shouldn't be legal because it forces people into a situation.	0	1	1	0	0	1	1	0	0	1	1.0
7272	We should stop buying Russian gas	in favor of	The cost of gas will be higher. But I prefer to pay a little more for the gas bill than to finance Putin’s malicious activities.	0	1	1	0	0	0	1	0	0	1	1.0
2179	We should abandon the use of school uniform	against	School uniforms do not limit self-expression. Students still have weekends and holidays to pick their own outfits.	0	0	1	0	0	1	1	0	1	0	1.0
141	We should legalize prostitution	against	it sets a bad example for younger generation and takes them away from the ethics of the society	0	1	1	0	0	1	0	0	1	0	1.0
1561	We should abandon the use of school uniform	against	School uniforms reduce bullying. Poor kids aren't a target to be laughed at because their clothes aren't fashionable or expensive.	0	0	1	0	0	0	0	0	0	1	1.0
5312	The Commission should take care of the administration of camps where migrants and asylum seekers are kept.	against	All refugee camps should be closed. And illegals moved back to the last country they left. 	0	1	1	0	1	1	0	0	0	0	1.0
6144	Social media brings more harm than good	in favor of	Social media brings more harm than good because social media distracts everyone from their daily lives	0	0	1	0	0	0	0	0	0	0	1.0
1519	We should abolish the right to keep and bear arms	in favor of	america far and away has the highest gun related homicides of any developed nation, to say nothing of the multiple mass shootings per year.	0	0	1	0	0	1	0	0	0	0	1.0
1831	We should ban targeted killing	in favor of	we should ban targeted killing as it is a reprehensible way to kill animals by not even giving them a chance.	0	1	1	0	0	0	0	0	0	1	1.0
2015	We should ban human cloning	in favor of	human cloning is unethical. what would happen to the clones once they were created? harvest their organs and then what? euthanize them like garbage?	0	0	1	0	0	0	0	0	1	1	1.0
993	We should end the use of economic sanctions	against	economic sanctions are very effective in dealing with countries who have many human rights abuses on their record.	1	0	1	0	0	1	0	0	0	1	1.0
3678	We should adopt gender-neutral language	against	gender neutral language causes confusion and is taking political correctness too far, by all means allow people to be referred to by their preferred gender but people are not 'neutral.'	1	0	1	0	0	0	0	0	0	0	1.0
5149	The EU needs more effective policies to combat online hate speech	in favor of	Yes, the European Union needs effective policies to combat online hate speech and these need to be regularly updated as technology evolves and to take into account worldwide learning on how to effectively combat online hate speech.	1	1	1	0	0	1	0	0	0	1	1.0
5884	Entrapment should be legalized	in favor of	Entrapment can be a useful tool in bringing down crime syndicates, for example it can be used to bring charges when otherwise there would be no evidence in order to get information.	0	1	1	0	0	1	1	0	0	0	1.0
4158	We should end the use of economic sanctions	against	economic sanctions should remain as it gives us a leverage against countries who don't obey the rules like  iran and north korea.	0	0	1	0	1	1	0	0	0	0	1.0
7183	We should increase the role of national parliaments in EU decision-making	in favor of	The European Parliament is in dire need of reform. It has become a circus, where the MEPs engage in wild ideological posturing without substance. The EP's function is to address the pressing needs of EU citizens, but it hasn't done that for ages. One possible solution could be to replace it with a legislative body that is made up of delegates from member state parliaments.	1	1	1	0	1	0	0	0	0	0	1.0
436	We should abolish safe spaces	in favor of	safe spaces should be abolished as this it just makes our society weak.	1	0	1	0	0	1	0	0	1	0	1.0
4153	We should ban cosmetic surgery	in favor of	some people who overindulge with plastic surgery may have a mental illness and are on a pathway to self destructive behavior where they are never happy with their new changes	0	0	1	0	0	1	0	0	0	0	1.0
4461	We should ban missionary work	in favor of	it is not right that christians should  force their message on poorer, more vulnerable people.	0	0	1	0	0	0	1	0	0	1	1.0
4603	Political parties should be brought under RTI (Right to Information) Act	in favor of	The RTI Act states that wherever there is Public Interest, those organizations need to be transparent and come under the ambit of the law. There are numbers of Private organizations today, whether partially funded or fully; schools, hospitals, etc. that are under the RTI Act and not just Government organizations.	0	1	1	0	0	0	0	0	0	1	1.0
5853	Entrapment should be legalized	in favor of	sometimes the only way to catch a criminal is by entrapment.  in these cases entrapment should be legal.	1	0	1	0	0	1	0	0	0	0	1.0
2823	We should ban whaling	against	whaling is an important part of several cultures.  it is wrong to impose our rulings on their ancient beliefs	0	0	1	0	0	0	0	0	1	1	1.0
6460	Social media brings more harm than good	in favor of	cyber bullying continues to be an unresolved issue as well as vulnerability to lack of privacy.	0	0	1	0	0	1	1	0	0	0	1.0
4094	We should ban the Church of Scientology	in favor of	scientology should not be recognized as a form of religion.	0	0	1	0	0	0	0	0	1	1	1.0
725	We should legalize cannabis	against	legal marijuana could actually improve opportunities for the black market because cartels can easily undermine licensed sellers prices and the black market will thrive	0	0	1	0	0	1	0	0	0	1	1.0
4635	Artificial intelligence brings more harm than good	in favor of	We have started losing our basic human habits and instincts, and are actually governed by devices and apps.	1	0	1	0	1	0	0	0	0	0	1.0
6269	Social media brings more harm than good	in favor of	social media often shows people at their best and looking their best, this can lead to feelings of inadequacy for those viewing.	0	0	1	0	0	1	0	0	0	1	1.0
7346	We should crack down on unreasonably high incomes.	in favor of	Rich people take advantage of the assets in their hands to harvest the wealth of the general public. Transfer the gold to themselves and leave the bubble to others.	0	0	1	0	0	1	0	0	0	1	1.0
3143	We should abolish safe spaces	against	everyone deserves to be safe and has the right to safety.	0	1	1	0	0	1	0	0	0	0	1.0
2399	We should abandon the use of school uniform	against	School uniforms can prevent bullying due to economic background and appearance.	0	1	1	0	0	1	0	0	0	1	1.0
2844	We should ban missionary work	in favor of	we should ban missionary work because pushing personal views on unwanted audiences is wrong.	0	0	1	0	0	0	1	0	0	1	1.0
5126	The EU should ensure a free, independent, and functioning judiciary in its Member States	against	The administration of justice is a member state competence. Shadowy attempts by federalist institutions to enhance their influence at the expense of the sovereign member states are contrary to the letter of the EU Treaties, counter-productive, and have contributed greatly to the crisis of the EU by alienating national institutions. This is especially the case for courts. Several member states' high courts have declared the ECJ ultra vires (acting beyond its powers). This lawlessness on the part of federalist institutions must stop with immediate effect, and we must reaffirm the principles of subsidiarity and conferral. 	1	0	1	0	0	1	0	0	1	0	1.0
5411	Homeschooling should be banned	in favor of	homeschooling means that the children involved are deprived of regular social contact with others of their own age	0	0	1	1	0	1	0	0	0	0	1.0
6091	Holocaust denial should be a criminal offence	in favor of	holocaust denial should be a criminal offence when a group or a person cause chaos where it cant lead up to murder so what better way is to make it as a criminal offence so no one dare to promote it	0	0	1	0	0	1	0	0	0	0	1.0
5227	We need an inclusive and pluralistic European society	against	Europe is full and cannot accept more illegal migrants. Those persons must be sent back and have to ask for approval from their state of origin.	0	0	1	0	0	1	0	0	0	0	1.0
2072	We should introduce compulsory voting	in favor of	voter turnout these days are dropping steadily so we need to make everyone vote to show the true representation of the people	0	1	1	0	1	0	0	0	0	1	1.0
2308	We should ban telemarketing	in favor of	telemarketing is annoying at best and an invasion of privacy at its worst.	0	1	1	0	0	1	1	0	0	0	1.0
4827	British people who are residents in an EU country should have EU-wide rights	against	British people are not better than anyone else and do not deserve special treatment from the EU. The British people will face the consequences of their decision to leave the EU and it is not the EU's responsibility to make Brexit painless. The benefits of membership cannot be bestowed upon citizens of countries outside the EU/EEA, like the UK. 	0	1	1	0	0	1	0	0	0	1	1.0
4722	Triple Talaq should be abolished	against	It is part of their faith and personal laws can’t be challenged. Article 25 (i) of Indian constitution provides freedom of religion.	0	0	1	0	0	0	0	0	1	0	1.0
3216	We should adopt gender-neutral language	in favor of	If it helps us understand and support them why not?	0	0	1	0	0	1	0	0	0	1	1.0
2143	We should ban cosmetic surgery for minors	in favor of	it is a decision that only parents can make until they are old enough to decide	0	1	1	0	1	0	0	0	0	0	1.0
2575	We should ban the Church of Scientology	in favor of	it is basically a cult that steals money from naive people.	0	0	1	0	1	1	0	0	0	1	1.0
5521	The vow of celibacy should be abandoned	against	the marriage would be a big distraction to priests and they should devote their life and time to god and preaching	0	1	1	0	1	1	0	0	1	0	1.0
6441	Assisted suicide should be a criminal offence	in favor of	since suicide is illegal then anyone who assists it is also committing an illegal act	0	1	1	0	0	0	0	0	0	0	1.0
4879	We need a common migration and asylum policy, based on respect for rights and equal treatment	in favor of	The shameful policy (and practice) of Europe these days towards migrants is contradictory to the respect we need to show to fellow world citizens. And it is not in line with the fundamental rights the EU is supposed to put into practice. 	0	1	1	0	0	0	0	0	0	0	1.0
3157	We should limit judicial activism	in favor of	judicial activism should be limited because it doesn't apply any laws at all.	0	0	1	0	0	1	0	0	0	1	1.0
531	We should abolish safe spaces	against	safe spaces are necessary so that traditionally marginalised groups can interact freely without fear of harm and oppression.	0	0	1	0	0	1	1	0	0	1	1.0
2974	We should adopt libertarianism	against	libertarianism would lessen government control and lead to anarchy.	0	0	1	0	0	1	0	0	0	0	1.0
4539	We should ban telemarketing	in favor of	telemarketing is an invasive nuisance, and is a platform for many types of fraud.	0	1	1	0	0	0	1	0	0	1	1.0
3317	We should legalize cannabis	against	cannabis is a drug.  drugs are meant to be illegal.  there's no reason to take this slippery step to make it legal.	0	1	1	0	0	1	0	0	0	1	1.0
551	We should adopt a zero-tolerance policy in schools	in favor of	zero tolerance sets a clear and specific guideline for all to adhere to	0	0	1	0	0	1	0	0	0	1	1.0
2673	We should cancel pride parades	against	we should not cancel pride parades because it would be an infingement of freedom of expression and of the right to free speech.	0	0	1	0	0	0	1	0	0	1	1.0
6944	We should link Aadhaar card with the Voter ID	in favor of	This can be used to eliminate fake voter cards. Moreover, some people have voter cards in 2 or more areas. These duplicate voter cards can be eliminated by linking Aadhaar cards with Voter IDs.	1	1	1	0	0	1	0	0	0	1	1.0
2581	We should adopt a zero-tolerance policy in schools	in favor of	zero-tolerance policies ensures pupils know exactly where they are in terms of rules and regulations leaving no room for ambiguity, thus ensuring better behaviour.	0	1	1	0	0	0	0	0	0	0	1.0
1601	We should adopt gender-neutral language	in favor of	this will prevent offending people or creating divisions amongst people	0	0	1	0	0	1	0	0	0	1	1.0
1218	We should stop the development of autonomous cars	against	autonomous cars allow those with disabilities that hinder driving to be able to travel to appointments, shopping and social events, and not to live isolated from others.	1	1	1	0	0	1	1	0	0	1	1.0
2660	We should prohibit school prayer	in favor of	schools are part of the state system. since we have a legal obligation to keep the separation of church and state we can't allow prayer in schools as this would violate that.	0	0	1	0	0	0	1	0	0	0	1.0
3824	We should ban cosmetic surgery for minors	against	we should not bother banning cosmetic surgeries for minors, since this ban will not work- it's just the government current easy fix, creating a hysteric unreasonable rule instead of imposing proper regulation.	1	1	1	0	0	0	1	0	0	0	1.0
3283	We should adopt a zero-tolerance policy in schools	in favor of	We should adopt a zero-tolerance policy in schools since the current system clearly isn't working and needs a drastic, non tolerant change.	0	0	1	0	1	0	0	0	0	0	1.0
3472	We should ban the use of child actors	in favor of	child actors are put through too much at too young.  we should do away with them and just use cgi or something like that.  if a big company can call a cgi movie live action and get away with it, it will work.	1	1	1	0	0	0	0	0	0	1	1.0
213	We should end mandatory retirement	against	Without a mandatory retirement age available to the employer, dismissal procedures would be likely to begin earlier	0	0	1	0	0	0	0	0	0	1	1.0
6230	Entrapment should be legalized	against	entrapment encourages people to commit crime. this is not what law enforcement should be doing.  a person is tempted to do something they would normally not do and the police are creating crime not solving it.	0	1	1	0	0	1	0	0	0	1	1.0
4085	We should adopt libertarianism	against	people need rules to maintain a civil society	0	0	1	0	0	1	0	0	1	0	1.0
3501	We should ban the Church of Scientology	in favor of	scientology is a cult, we need to end cults	0	1	1	0	0	1	0	0	0	1	1.0
3107	We should ban factory farming	in favor of	this is a horrible way to treat animals. they should not be caged in tiny areas, unable to move. this is cruel.	0	0	1	0	0	0	0	0	0	1	1.0
5138	The European Union, as a Union of values, should limit its support to countries that do not want to adhere to European values and violate the rights of their citizens	against	This is an attempt to combine the 'Multi-speed Europe' concept with the idea that European principles and values can be used as ideological clubs to beat those who engage in wrongthinking over the head with. If you insist on a set of shared EU principles and values that go beyond a mere symbolic declaration, these principles and values must include our real heritage: the Judeo-Christian values that have made Europe great. Traditional family values are first and foremost. All these values must be clearly defined in a legal sense.	0	0	1	0	0	0	0	0	1	0	1.0
7370	Carbon emissions trading should be limited.	in favor of	To reduce carbon emissions, first of all, the country will close many heavy polluting enterprises.	0	0	1	0	0	0	0	0	0	1	1.0
24	We should abolish the right to keep and bear arms	against	we should not abolish the right to keep and bear arms as everyone has a right to keep guns as a mean of protection as stated in the constitution.	0	1	1	0	0	0	1	0	0	0	1.0
4128	We should end the use of economic sanctions	against	sanctions are good and they can put pressure on a country to make changes	1	1	1	0	1	1	0	0	0	0	1.0
6279	The vow of celibacy should be abandoned	against	the vow of celibacy symbolizes a priest or nun's commitment to their calling, and is an important show of faith.	0	0	1	0	0	0	1	0	1	0	1.0
1187	We should end the use of economic sanctions	in favor of	economic sanctions cause a weight on country governments that have violated human rights, dangerous acts, et al and the only thing that governments can relate to are monetary hardships.	0	0	1	0	1	1	0	0	0	1	1.0
5808	Holocaust denial should be a criminal offence	against	it's just freedom of speech, you can't arrest someone for not believing something	1	0	1	0	0	0	1	0	0	0	1.0
6600	Social media brings more harm than good	in favor of	children lack social skills when face to face with their peers because they haven't developed skills away from social media.	1	0	1	0	0	1	0	0	0	0	1.0
1884	We should adopt a zero-tolerance policy in schools	in favor of	a zero-tolerance policy in schools provides a structured and safe environment for children to learn.	1	1	1	0	0	1	0	0	0	0	1.0
4119	We should abolish the Olympic Games	in favor of	the olympic games are no longer a fair contest because many athletes use performance enhancing drugs	0	0	1	0	0	0	0	0	0	1	1.0
4525	We should abolish the Olympic Games	in favor of	there is too much controversy surrouding the olympics such as doping, causing conflict among countries and thus, should be banned	0	0	1	0	0	0	0	0	0	1	1.0
3339	We should abolish safe spaces	in favor of	safe spaces are a breeding ground for indoctrinators and dangerous sects	0	1	1	0	0	1	1	0	0	0	1.0
6445	Foster care brings more harm than good	in favor of	foster care is not a stable environment for children. children are bounced around foster homes to foster home often suffering horrible abuses from people who do not care about their well being.	0	1	1	0	0	1	0	0	0	1	1.0
1337	We should ban factory farming	in favor of	factory farming is cruel to the animals that are forced into a much smaller space than they would have in nature. therefore it should be banned.	0	0	1	0	0	0	1	0	0	1	1.0
5772	We should subsidize vocational education	against	if subsidies were put into place for vocational education then other areas of education would also want subsidies and this would cost the government far too much to implement.	1	1	1	0	1	1	0	0	0	0	1.0
1385	We should ban private military companies	in favor of	we should ban private military companies because they own weapons and make their own rules and could go rouge.	0	0	1	0	0	1	0	0	0	1	1.0
711	We should adopt gender-neutral language	in favor of	we should adopt gender-neutral language because equal rights should include equal language	0	0	1	0	0	0	0	0	0	1	1.0
4859	The EU needs s common migration and asylum policy, based on respect for rights and equal treatment	in favor of	We need to ensure fair redistribution of refugees across Europe and ensure better integration of refugees and applicants for international protection into the workplace. More concrete and fairer European policy on economic migration, to establish legal channels for entry and to foster an integration policy based on respect for rights and equal treatment of both local and migrant workers, as a key tool to address the social impact of migration flows.	0	1	1	0	1	1	0	0	0	1	1.0
5127	The EPPO’s jurisdiction should be extended to all member states	against	It is unacceptable. Every nation has the right to organize its own prosecution system and no foreign prosecutor should be allowed to operate in independent states, it is a threat to the sovereignty of the member states.	0	0	1	0	1	0	1	0	0	1	1.0
2376	We should abolish the three-strikes laws	against	criminals are bound to repeat themselves, and with increasing risk. the three strikes law would punish those criminals accordingly.	0	0	1	0	0	0	0	0	0	1	1.0
227	We should limit judicial activism	in favor of	judges should follow the letter of the law when making rulings and not make up things based on how they feel.	0	1	1	0	0	0	0	0	1	1	1.0
7025	We should tax heavily or refuse to import products not manufactured in the European Union that do not comply with our climate standards	in favor of	Heavy taxation of imported goods will encourage the relaunch of European production, which has better social values	1	0	1	0	0	0	0	0	0	1	1.0
2917	We should ban algorithmic trading	in favor of	algorithimic trading, which to all intents and purposes is nothing more than ai-enabled gambling, makes a volatile, destructive and unethical trade even more so.	0	0	1	0	1	1	0	0	0	0	1.0
3327	We should oppose collectivism	against	A collectivist culture cultivates desirable values such as being kind, generous, and attentive to the needs of others.	0	1	1	0	0	1	0	0	0	1	1.0
4713	Marital rape should be criminalized in India	in favor of	Sexual violence violates human rights, irrespective of the relationship between the criminal and the victim. IPC 375, which criminalizes rape, discriminates against married women for using the section on their husbands. Though one can file a case under the domestic violence act for marital rape, not terming marital rape as a crime will deter the victims from filing cases. Every law on the planet is prone to be misused. That doesn’t mean that we should not have laws in order to avoid false cases.	0	0	1	0	1	1	0	0	0	1	1.0
4939	We need legal ways of migration.	against	Migrants sell drugs.	0	0	1	0	0	1	0	0	0	0	1.0
2009	We should adopt a zero-tolerance policy in schools	in favor of	We should adopt a zero-tolerance policy in schools as children of school age are in a formative state and will learn good lessons for life including what is and isn't allowed in a good society.	0	0	1	0	0	0	0	0	0	0	1.0
3993	We should end mandatory retirement	in favor of	Mandatory retirement is age-based discrimination. It is discriminatory to assume that everyone who reaches the age of 65 or 70 is incompetent.	0	0	1	0	0	0	0	0	0	1	1.0
2653	We should cancel pride parades	against	pride prides are an expression of free speech and therefore, constitutionally protected.	0	0	1	0	0	1	1	0	0	0	1.0
1730	We should abolish capital punishment	in favor of	There cannot be justification for taking a human life. The only way to properly deliver this message is to abolish death penalty.	1	1	1	0	0	1	0	0	0	1	1.0
2142	We should abolish the three-strikes laws	against	three-strike laws give a clear message to offenders who may be in danger of re-offending, that doing so would be met with more severity than their first offense. that way it works as a clear deterent.	0	1	1	0	1	1	0	0	0	1	1.0
1412	We should ban the use of child actors	in favor of	we should ban the use of child actors because they should be in school and learning	1	0	1	0	0	0	1	1	0	0	1.0
122	We should adopt a zero-tolerance policy in schools	in favor of	children need to learn boundaries and consequences for their actions. they learn faster if there is immediate repercussions than if you let them do it over and over again.	0	1	1	0	0	1	0	0	0	0	1.0
2764	We should abolish capital punishment	against	capital punishment is a deterrent for others to commit the same crimes.	0	0	1	0	0	1	0	0	0	1	1.0
183	We should subsidize embryonic stem cell research	against	it is against certain religious beliefs and can be seen as immoral	0	0	1	0	0	1	0	0	1	0	1.0
3625	We should ban targeted killing	in favor of	targeted killing is inhumane and should be banned.	0	0	1	0	0	1	0	0	0	1	1.0
3304	We should limit judicial activism	in favor of	we should limit  judicial activism because people making rulings on personal opinions instead of the law could set a bad president and other people may try to do the same crime if it is gotten away with	0	1	1	0	0	1	1	0	0	1	1.0
6470	Assisted suicide should be a criminal offence	in favor of	helping someone commit suicide is like killing them yourself.	0	1	1	0	0	1	0	0	0	1	1.0
1750	We should ban fast food	in favor of	banning fats food should be obligatory for all governments as hurting people health.	0	0	1	0	0	1	0	0	0	0	1.0
3730	We should limit executive compensation	in favor of	with executive compensation a person is more likely to risk the viability of the company for short term gains, thereby hurting people at the bottom	0	1	1	0	0	0	0	0	0	1	1.0
2224	We should prohibit school prayer	in favor of	in a society full of freedoms should not impose a unique way of manifesting religious beliefs, therefore praying should be something that is done at home, not at school.	0	0	1	0	0	0	1	0	0	1	1.0
3056	We should ban targeted killing	in favor of	targeted killing is the same thing as murder and should be banned	0	0	1	0	0	1	0	0	0	0	1.0
4424	We should abolish the three-strikes laws	against	we should not abolish the three-strikes laws because the criminal deserves what they did and justice must be done unto them	0	1	1	0	0	0	0	0	0	1	1.0
5088	The EU needs a more rational Green Policy	in favor of	Raising prices in the energy sector cannot be the solution in the fight against climate change. The European Commission allows international firms to increase their prices, and as a result, household costs are rising at an incredible rate. The EU should definitely revoke these decisions, and instead of placing the burden on its own citizens, it should instead support them to lead a more sustainable way of life. The green transition should not be a heavy burden borne on the average citizen’s shoulders 	0	0	1	0	1	1	0	0	0	1	1.0
1100	We should ban targeted killing	in favor of	We need to ban targeted killing because it is murder and murder is illegal everywhere.	0	1	1	0	0	1	0	0	0	1	1.0
4744	Marital Rape should be criminalized in India	against	Article 15 of Indian constitution prohibits discrimination on the basis of gender. But the proposed law on marital rape in the petitions recognizes only female victims. Hence it is discriminatory to male victims.	0	0	1	0	0	0	0	0	0	1	1.0
3129	We should abandon the use of school uniform	against	school uniforms makes sure bullying and kids getting picked on is kept at a minimum.	0	0	1	0	0	1	0	0	0	0	1.0
2075	We should abandon the use of school uniform	against	uniforms remove some types of peer pressure surrounding students' appearance.	0	0	1	0	0	1	1	0	0	1	1.0
726	We should abolish zoos	in favor of	we should abolish zoos because it is cruel to cage up animals like that in one area and is not their natural habitat and essentially treat them like pets.	0	0	1	0	0	0	0	0	0	1	1.0
3964	We should adopt gender-neutral language	in favor of	inclusive language is the first step to creating a society where the lgbt community is not abused	0	0	1	0	0	1	0	0	0	1	1.0
3416	We should abandon the use of school uniform	against	uniforms reduce peer pressure and bullying at school	0	1	1	0	0	1	0	0	0	1	1.0
5475	Assisted suicide should be a criminal offence	in favor of	Murder is murder no matter the circumstances	0	0	1	0	0	1	0	0	0	1	1.0
2551	We should adopt atheism	against	people should have the freedom to believe in a way of their choice. atheism forces people to  believe in one way and this is not the principle of freedom  the usa was founded upon.	0	0	1	0	0	0	1	0	1	0	1.0
2768	We should subsidize Wikipedia	against	wikipedia often provides biased, inaccurate information due to lax editing policies and procedures.	0	1	1	0	0	0	1	0	0	1	1.0
5778	We should subsidize vocational education	against	Vocational education is already pretty inexpensive and a graduate of a vocational school should be able to pay off the fees very quickly.	1	1	1	0	1	1	1	0	0	0	1.0
2359	We should abolish the right to keep and bear arms	in favor of	we should abolish the right to keep and bear arms. that law was established before guns became deadly machines.	0	0	1	0	0	1	0	0	0	1	1.0
6949	Indian government should increase the minimum legal age of marriage for girls from 18 to 21 years	in favor of	Early marriages result in several mental health issues in many girls. So, this move can eliminate this problem.	0	1	1	0	0	1	0	0	0	1	1.0
113	We should ban telemarketing	in favor of	telemarketing is intrusive, annoying and violates privacy	0	0	1	0	0	1	1	0	0	0	1.0
592	We should introduce compulsory voting	in favor of	being a citizen of your country requires you to have at least some duty to the nation.	0	1	1	0	0	0	0	0	0	0	1.0
5622	Social media brings more harm than good	in favor of	when teenagers are on social media they sometimes bully their peers which is a reason for not having an account	0	0	1	0	0	0	1	0	0	1	1.0
5316	Europe is getting older and should be open to more migration from Asia, and southeast Asia.  	in favor of	We need to accept more immigrants to combat the aging of the European population. Immigrants do also grow old but before then they generally have children.   .	0	1	1	0	0	1	0	0	0	1	1.0
7239	We should punish illegal immigrants and only accept legal immigrants.	in favor of	Countries that send immigrants illegally are not trustable and should get blacklisted for traveling toward Europe or economically.	0	1	1	0	0	1	0	0	0	0	1.0
3786	We should legalize prostitution	against	prostitution is extremely dangerous and keeping it illegal is in the best interest of society.	0	0	1	0	0	1	0	0	0	0	1.0
4048	We should ban missionary work	in favor of	missionary work tries to inflict other's beliefs onto people in more vulnerable circumstances.	0	0	1	0	0	0	1	1	0	1	1.0
7233	We should support Frontex.	in favor of	Frontex is a key agency and is called to play a crucial role in the coming years. Yet, it lacks the necessary political support it deserves to carry out its mission. 	1	1	1	0	1	1	0	0	0	1	1.0
862	We should oppose collectivism	in favor of	collectivism and the impingement of the the government results in people blaming others for their problems rather than looking for solutions themselves	1	1	1	0	1	0	1	0	0	0	1.0
4816	Europe should put a GreenTax on top of all imports from highly polluting countries	in favor of	taxation seems to be the only real way to incentivize other countries less worried about climate change to work on it	1	0	1	0	1	0	0	0	0	1	1.0
4086	We should legalize cannabis	against	cannabis has many dangerous side effects, including hallucinations and respiratory issues.	0	0	1	0	0	1	0	0	0	0	1.0
7206	We should prevent the surveillance state	in favor of	Excessive surveillance preemptively assumes everyone is a potential criminal and definitely undermines the basic human right of autonomy and self-determination. 	0	0	1	0	0	0	1	0	0	1	1.0
6064	The vow of celibacy should be abandoned	against	Remaining celibate has a long history and a major tenet of some religions	0	0	1	0	0	0	0	0	1	0	1.0
2481	We should abolish capital punishment	against	some crimes are so despicable that death is the only appropriate punishment	0	0	1	0	0	1	0	0	0	1	1.0
831	We should ban whaling	in favor of	so often these creatures are butchered to death for one small part of their anatomy for medicine made up by a scam doctor	0	1	1	0	0	0	0	0	0	1	1.0
1321	We should adopt libertarianism	against	there won't be a government to provide order in society, there are many types of evil in this world & because of this people cannot be trusted to respect other people which will lead to violent attacks	0	0	1	0	0	1	0	0	0	1	1.0
2098	We should ban targeted killing	in favor of	killing is against the law so it should be banned.	0	0	1	0	0	1	0	0	0	1	1.0
6183	Blockade of the Gaza Strip should be ended	in favor of	The blockade increases the likelihood of terror in Israel, harming citizens who may not have had a part in the blockade.	0	0	1	0	0	1	0	0	0	1	1.0
6233	Surrogacy should be banned	in favor of	surrogate mothers can become too attached to the babies and suffer emotionally	0	1	1	0	0	1	0	0	0	0	1.0
6075	The vow of celibacy should be abandoned	in favor of	the vow of celibacy is outdated and may contribute to the perverse sex crimes priests have been accused of.	0	1	1	0	0	1	0	0	0	1	1.0
6020	Entrapment should be legalized	against	entrapment should not be legalized because you are unfairly goading someone into committing a crime that they otherwise might not commit.	0	1	1	0	0	0	0	1	0	1	1.0
2158	We should end mandatory retirement	in favor of	Many people that are forced into retirement often do not have the means of supporting themselves financially, and so either turn to part time, low-wage work or welfare to sustain themselves.	0	0	1	0	1	1	1	0	0	0	1.0
7288	We should ban the trading of virtual currencies.	in favor of	Virtual currency is a money laundering channel for criminals.	0	0	1	0	0	0	0	0	0	0	1.0
4454	We should subsidize embryonic stem cell research	against	Embryonic stem cell research is unethical because it uses the bodies of unborn babies.	0	0	1	0	0	0	0	0	0	1	1.0
2022	We should end the use of economic sanctions	against	we should support economic sanctions to keep others from violating interests	0	1	1	0	1	1	0	0	0	0	1.0
737	We should abolish zoos	in favor of	it's cruel for the animals to be caged	0	0	1	0	0	0	0	0	0	1	1.0
5199	There should be no immigration from non-European or non-first-world countries 	in favor of	Migration from countries with incompatible cultural values and ideologies should be limited or stopped to ensure social cohesion in Europe. Regressive outdated ideologies and values should have no place in Europe. 	0	0	1	0	0	1	1	0	1	1	1.0
5060	The European Union needs to equip itself with the institutional and legal tools to resolve democratic conflicts on sovereignty within its own borders.	in favor of	Self-determination is a basic collective human right. Catalans practiced this right in 2017.  Since then the Catalan Republic is kidnaped by Spanish lawfare, with the elected president Puigdemont in exile within Europe and more than 3000 Catalan activists suffering political persecution as a consequence.  Ignoring this conflict within the core of Europe by European Institutions can undermine the EU at its very start.  If you sincerely believe in human rights, recognize the Catalan Republic officially. This crucial step will enforce European democracy, the Democracy of Citizens that feel free and respected within European borders.	1	0	1	0	0	0	1	0	1	1	1.0
110	We should abolish capital punishment	against	We should not abolish capital punishment because if the criminal done with their time in jail they may commit far more serious crime again because some criminal cannot be rehabilitated	0	1	1	0	0	1	0	0	0	1	1.0
4483	We should end the use of economic sanctions	against	economic sanctions are useful to stop bad actions.	1	0	1	0	1	1	0	0	0	0	1.0
7243	We should not have any immigration from non-European or non-first-world countries 	against	Halting all immigration from non-European or non-first-world countries is definitely not the way to go! That’s not how human societies should work!  What we need is a proper policy of integration and welcoming of refugees, that is both fair and respectful of human rights	0	0	1	0	0	1	0	0	0	1	1.0
2258	We should abolish the right to keep and bear arms	against	the right to bear arms is enshrined in the second amendment and must not be violated	0	0	1	0	0	0	1	0	1	0	1.0
2676	We should ban the Church of Scientology	against	freedom of religion should allow the church of scientology to keep operating	0	0	1	0	0	0	1	0	1	0	1.0
7355	We should ease the education involution.	in favor of	"The most fundamental thing is to improve the basic educational literacy of parents and advocate the educational concept of ""how to be a good person is more important than success and happiness is more important than success""."	1	1	1	0	0	1	0	0	0	0	1.0
4191	We should adopt gender-neutral language	against	Gender neutral language can be very confusing and simply serves to emphasize the difference between those who consider themselves binary and those who do not	0	1	1	0	0	1	0	0	1	1	1.0
6076	Assisted suicide should be a criminal offence	in favor of	assisted suicide should be a criminal offence because it does not allow a person to die a natural death.	0	0	1	0	0	0	0	0	1	0	1.0
3954	We should legalize cannabis	against	Cannabis use is too often a gateway  to other harder drugs such as cocaine and heroin so should remain illegal.	0	0	1	0	0	1	0	0	0	0	1.0
